# This file uses centimeters as units for non-parametric coordinates.

mtllib dog.mtl
g default
v 0.878040 2.829450 -2.974410
v 0.928100 3.365340 -3.354740
v 1.029290 5.135240 -1.828670
v 1.393550 4.336350 -2.136530
v 1.273820 4.779840 -3.063590
v 0.982040 5.416470 -2.521290
v 0.940070 4.049640 -3.851630
v 0.943610 5.723740 -3.031310
v 0.699700 4.918100 -4.343600
v 1.244690 5.400859 -3.728970
v 1.186600 5.278000 -3.642870
v 0.724880 4.827800 -4.222270
v 0.989770 5.836510 -3.084250
v 1.513480 3.879690 -2.997210
v 0.623280 5.072199 -4.396250
v 0.654140 5.272030 -4.688570
v 1.216550 5.946199 -4.337520
v 1.133990 5.563580 -3.838890
v 1.008520 5.906981 -3.230920
v 1.030910 6.007620 -3.268650
v 0.632720 5.472120 -4.916780
v 1.203900 6.210100 -4.663170
v 0.926270 6.687309 -3.971100
v 0.812460 6.948090 -4.409550
v 0.965970 6.322090 -5.075170
v 1.047430 6.802880 -4.751350
v 0.542210 7.288610 -4.724590
v 0.486440 5.667820 -5.229259
v 0.163840 5.867350 -6.680230
v 0.263120 5.658360 -6.405980
v 0.163870 5.966920 -6.703000
v 0.962920 7.762980 -5.320800
v 0.764580 7.694310 -5.387200
v 0.846190 7.868210 -5.334249
v 0.452840 7.205620 -5.401579
v 0.383170 5.558640 -5.565700
v 0.680280 6.148270 -5.482170
v 0.411480 5.999199 -5.971570
v 0.375720 5.906800 -6.332740
v 0.275830 6.140770 -6.398770
v 0.211610 6.343309 -5.929960
v 0.222640 5.429310 -6.042250
v 0.262510 6.922501 -5.736760
v 0.696140 6.813179 -5.388180
v 0.565600 6.723310 -5.623580
v 0.793880 6.503070 -5.361530
v 0.589630 7.534960 -5.173501
v 0.572970 7.368460 -5.280770
v 0.855630 7.103730 -5.220650
v 1.132120 7.071210 -5.016440
v 0.779380 7.507740 -4.964170
v 0.811790 7.541990 -5.247070
v 0.366240 6.568440 -5.723450
v 0.274510 6.539110 -5.820160
v 0.533010 6.311270 -5.649270
v 0.302400 6.392330 -5.815600
v 0.573060 6.461380 -5.582420
v 0.366780 6.464120 -5.765380
v 0.437720 6.490470 -5.632010
v 0.446300 6.386630 -5.697860
v 0.892280 2.709290 -1.229440
v 0.821870 3.180940 0.451550
v 0.987950 5.038340 -1.028790
v 1.008180 5.102560 0.675270
v 1.295400 4.224920 0.540100
v 1.322850 4.089400 -1.118910
v 0.745620 2.490730 -2.001610
v 1.248010 0.000000 -2.540550
v 1.158440 0.000000 -2.226860
v 0.857930 0.000000 -2.229170
v 0.831150 0.000000 -2.535850
v 1.482620 3.569050 -1.786100
v 1.598530 3.868180 -2.332980
v 1.528770 2.812150 -2.845450
v 0.971500 1.829050 -2.713620
v 0.850740 1.781870 -2.048090
v 1.369200 1.902560 -2.114610
v 1.598640 2.789390 -2.143390
v 1.381120 1.859150 -2.649000
v 0.893990 0.330320 -2.524430
v 0.879670 0.324230 -2.096570
v 1.186820 0.341900 -2.098970
v 1.224830 0.324290 -2.518420
v 1.185340 0.127030 -2.760940
v 1.197210 0.000000 -2.783060
v 0.911880 0.000000 -2.835830
v 0.933650 0.133050 -2.824370
v 0.929370 0.711380 -2.455090
v 0.915060 0.789580 -2.020560
v 1.240230 0.703260 -2.431690
v 0.964660 1.499440 -2.601030
v 0.846940 1.542770 -2.039310
v 1.353410 1.531040 -2.151510
v 1.345120 1.521210 -2.547610
v 1.233100 0.826740 -2.030640
v 1.209960 0.573980 -2.064810
v 1.247000 0.650980 -1.940380
v 0.589530 3.223190 0.996880
v 0.266130 2.932270 1.867990
v 0.829840 4.938800 1.809990
v 0.784030 4.487390 2.645370
v 1.204370 4.044130 2.180840
v 1.266400 4.232390 1.469760
v 0.931060 0.000000 2.195540
v 0.990490 0.000000 2.530610
v 0.564580 0.000000 2.535140
v 0.694220 0.000000 2.186870
v 0.841300 0.000000 2.868890
v 0.648910 0.000000 2.834950
v 0.316420 3.152010 3.124560
v 0.526950 3.795070 3.214870
v 0.597130 2.729490 1.208340
v 0.339070 2.617420 1.848630
v 1.325780 3.005670 2.129680
v 1.301820 2.976540 1.304440
v 0.492730 2.834130 2.930260
v 0.881370 2.973100 3.096360
v 0.698910 0.331000 2.265150
v 0.586600 0.418630 2.619430
v 0.963410 0.419900 2.612430
v 0.935810 0.356520 2.278230
v 0.646560 0.382210 2.893670
v 0.837070 0.405770 2.926880
v 0.680360 1.950430 1.930060
v 0.501610 1.990830 2.271830
v 1.091100 2.152170 2.313620
v 1.030580 2.071550 1.962220
v 0.590450 2.207440 2.881790
v 0.873620 2.232530 2.886110
v 0.880880 1.316280 2.550210
v 0.902970 0.858460 2.592870
v 0.596810 0.849510 2.584920
v 0.606910 1.295530 2.517560
v 0.606010 0.879940 2.915730
v 0.583590 1.386060 2.905210
v 0.807870 0.893760 2.973050
v 0.810540 1.395400 2.940650
v 0.301390 3.343500 3.387180
v 0.254180 5.825580 -6.519350
v 0.228200 6.059290 -6.541339
v 0.000000 6.702431 -5.835400
v 0.000000 3.160130 -3.872420
v 0.000000 2.554920 -3.082740
v 0.000000 5.577391 -2.448660
v 0.000000 5.393000 -1.733850
v 0.000000 5.833050 -2.917140
v 0.000000 3.878350 -4.265630
v 0.000000 5.964140 -2.956620
v 0.000000 4.656080 -4.425320
v 0.000000 4.729031 -4.521230
v 0.000000 6.015210 -3.101250
v 0.000000 6.125220 -3.039380
v 0.000000 5.073780 -4.771670
v 0.000000 4.893510 -4.537610
v 0.000000 6.809380 -3.886280
v 0.000000 7.088550 -4.352410
v 0.000000 5.306670 -4.978310
v 0.000000 7.326670 -4.707690
v 0.000000 5.550250 -5.280790
v 0.000000 5.571529 -6.450661
v 0.000000 5.809230 -6.721300
v 0.000000 5.985120 -6.749630
v 0.000000 7.231840 -5.438560
v 0.000000 5.437430 -5.624219
v 0.000000 6.385611 -5.946400
v 0.000000 6.172200 -6.428690
v 0.000000 5.335810 -6.159781
v 0.000000 6.613850 -5.867400
v 0.000000 6.935280 -5.784081
v 0.000000 2.447780 -1.276630
v 0.000000 3.008720 0.439530
v 0.000000 5.284390 0.748040
v 0.000000 5.265860 -1.003130
v 0.000000 2.356540 -2.096930
v 0.000000 3.075970 1.083120
v 0.000000 3.015880 1.944770
v 0.000000 4.679120 2.734710
v 0.000000 5.094280 1.909540
v 0.000000 3.113620 3.014080
v 0.000000 3.251310 3.108260
v 0.000000 4.095120 3.270790
v 0.000000 6.084520 -6.579110
v 0.000000 5.690380 -6.585980
v 0.250160 5.585119 -6.251820
v 0.194410 5.512110 -6.150860
v 0.223450 5.553720 -6.014639
v 0.319150 5.675410 -5.973520
v 0.000000 5.513960 -6.352910
v 0.000000 5.440711 -6.255690
v 0.295620 5.672230 -5.700521
v 0.357620 5.724770 -5.701560
v 0.524530 5.789190 -5.484000
v 0.669860 2.594260 -2.542850
v 0.756960 1.768630 -2.354130
v 0.756330 1.522630 -2.302610
v 0.000000 2.455730 -2.589830
v 0.798190 1.175500 -2.205010
v 0.954740 -0.000510 2.719360
v 0.564180 0.000510 2.696380
v 0.246830 2.982250 2.539060
v 0.955540 3.850920 2.863580
v 0.320610 2.712550 2.442760
v 1.168650 2.980650 2.722350
v 0.543370 0.381170 2.768550
v 0.978780 0.405100 2.801390
v 0.431520 2.107860 2.589160
v 1.048860 2.182620 2.642930
v 0.526060 0.863920 2.753540
v 0.509680 1.350750 2.711440
v 0.942300 0.877870 2.808810
v 0.946050 1.363010 2.767370
v 0.000000 2.990320 2.544170
v 0.651260 2.303480 1.486940
v 0.383190 2.323670 1.990050
v 1.271580 2.596390 2.202980
v 1.214590 2.508750 1.562090
v 0.530110 2.547890 2.932310
v 0.899580 2.627170 3.026080
v 1.165660 2.608200 2.678140
v 0.360560 2.449540 2.492120
v 1.185840 3.465720 0.482990
v 1.055320 3.536470 1.051950
v 1.304940 3.146480 -1.139090
v 1.261480 3.084610 -1.743460
v 0.902640 2.964750 -0.335170
v 1.003020 5.110930 -0.186150
v 1.319430 4.165380 -0.256660
v 0.000000 2.744010 -0.360060
v 0.000000 5.321260 -0.141850
v 1.267680 3.331670 -0.283890
v 1.171230 2.606820 -1.922620
v 0.799980 2.139390 -2.016320
v 1.094610 1.621360 -1.918550
v 1.096620 1.931780 -1.920670
v 0.916310 2.284870 -2.852690
v 1.493490 2.308280 -2.163040
v 1.463910 2.290990 -2.752720
v 0.701210 2.184460 -2.452170
v 1.134600 2.243510 -1.910690
v -0.878040 2.829450 -2.974410
v -0.928100 3.365340 -3.354740
v -1.029290 5.135240 -1.828670
v -1.393550 4.336350 -2.136530
v -1.273820 4.779840 -3.063590
v -0.982040 5.416470 -2.521290
v -0.940070 4.049640 -3.851630
v -0.943610 5.723740 -3.031310
v -0.699700 4.918100 -4.343600
v -1.244690 5.400859 -3.728970
v -1.186600 5.278000 -3.642870
v -0.724880 4.827800 -4.222270
v -0.989770 5.836510 -3.084250
v -1.513480 3.879690 -2.997210
v -0.623280 5.072199 -4.396250
v -0.654140 5.272030 -4.688570
v -1.216550 5.946199 -4.337520
v -1.133990 5.563580 -3.838890
v -1.008520 5.906981 -3.230920
v -1.030910 6.007620 -3.268650
v -0.632720 5.472120 -4.916780
v -1.203900 6.210100 -4.663170
v -0.926270 6.687309 -3.971100
v -0.812460 6.948090 -4.409550
v -0.965970 6.322090 -5.075170
v -1.047430 6.802880 -4.751350
v -0.542210 7.288610 -4.724590
v -0.486440 5.667820 -5.229259
v -0.163840 5.867350 -6.680230
v -0.263120 5.658360 -6.405980
v -0.163870 5.966920 -6.703000
v -0.962920 7.762970 -5.320800
v -0.764580 7.694310 -5.387200
v -0.846190 7.868210 -5.334249
v -0.452840 7.205620 -5.401579
v -0.383170 5.558640 -5.565700
v -0.680280 6.148270 -5.482170
v -0.411480 5.999199 -5.971570
v -0.375720 5.906800 -6.332740
v -0.275830 6.140770 -6.398770
v -0.211610 6.343309 -5.929960
v -0.222640 5.429310 -6.042250
v -0.262510 6.922501 -5.736760
v -0.696140 6.813179 -5.388180
v -0.565600 6.723310 -5.623580
v -0.793880 6.503070 -5.361530
v -0.589630 7.534960 -5.173501
v -0.572970 7.368460 -5.280770
v -0.855630 7.103730 -5.220650
v -1.132120 7.071210 -5.016440
v -0.779380 7.507740 -4.964170
v -0.811790 7.541990 -5.247070
v -0.366240 6.568440 -5.723450
v -0.274510 6.539110 -5.820160
v -0.533010 6.311270 -5.649270
v -0.302400 6.392330 -5.815600
v -0.573060 6.461380 -5.582420
v -0.366780 6.464120 -5.765380
v -0.437720 6.490470 -5.632010
v -0.446300 6.386630 -5.697860
v -0.892280 2.709290 -1.229440
v -0.821870 3.180940 0.451550
v -0.987950 5.038340 -1.028790
v -1.008180 5.102560 0.675270
v -1.295400 4.224920 0.540100
v -1.322850 4.089400 -1.118910
v -0.745620 2.490730 -2.001610
v -1.248010 0.000000 -2.540550
v -1.158440 0.000000 -2.226860
v -0.857930 0.000000 -2.229170
v -0.831150 0.000000 -2.535850
v -1.482620 3.569050 -1.786100
v -1.598530 3.868180 -2.332980
v -1.528770 2.812150 -2.845450
v -0.971500 1.829050 -2.713620
v -0.850740 1.781870 -2.048090
v -1.369200 1.902560 -2.114610
v -1.598640 2.789390 -2.143390
v -1.381120 1.859150 -2.649000
v -0.893990 0.330320 -2.524430
v -0.879670 0.324230 -2.096570
v -1.186820 0.341900 -2.098970
v -1.224830 0.324290 -2.518420
v -1.185340 0.127030 -2.760940
v -1.197210 0.000000 -2.783060
v -0.911880 0.000000 -2.835830
v -0.933650 0.133050 -2.824370
v -0.929370 0.711380 -2.455090
v -0.915060 0.789580 -2.020560
v -1.240230 0.703260 -2.431690
v -0.964660 1.499440 -2.601030
v -0.846940 1.542770 -2.039310
v -1.353410 1.531040 -2.151510
v -1.345120 1.521210 -2.547610
v -1.233100 0.826740 -2.030640
v -1.209960 0.573980 -2.064810
v -1.247000 0.650980 -1.940380
v -0.589530 3.223190 0.996880
v -0.266130 2.932270 1.867990
v -0.829840 4.938800 1.809990
v -0.784030 4.487390 2.645370
v -1.204370 4.044130 2.180840
v -1.266400 4.232390 1.469760
v -0.931060 0.000000 2.195540
v -0.990490 0.000000 2.530610
v -0.564580 0.000000 2.535140
v -0.694220 0.000000 2.186870
v -0.841300 0.000000 2.868890
v -0.648910 0.000000 2.834950
v -0.316420 3.152010 3.124560
v -0.526950 3.795070 3.214870
v -0.597130 2.729490 1.208340
v -0.339070 2.617420 1.848630
v -1.325780 3.005670 2.129680
v -1.301820 2.976540 1.304440
v -0.492730 2.834130 2.930260
v -0.881370 2.973100 3.096360
v -0.698910 0.331000 2.265150
v -0.586600 0.418630 2.619430
v -0.963410 0.419900 2.612430
v -0.935810 0.356520 2.278230
v -0.646560 0.382210 2.893670
v -0.837070 0.405770 2.926880
v -0.680360 1.950430 1.930060
v -0.501610 1.990830 2.271830
v -1.091100 2.152170 2.313620
v -1.030580 2.071550 1.962220
v -0.590450 2.207440 2.881790
v -0.873610 2.232530 2.886110
v -0.880880 1.316280 2.550210
v -0.902970 0.858460 2.592870
v -0.596810 0.849510 2.584920
v -0.606910 1.295530 2.517560
v -0.606010 0.879940 2.915730
v -0.583590 1.386060 2.905210
v -0.807870 0.893760 2.973050
v -0.810540 1.395400 2.940650
v -0.301390 3.343500 3.387180
v -0.254180 5.825580 -6.519350
v -0.228200 6.059290 -6.541339
v -0.250160 5.585119 -6.251820
v -0.194410 5.512110 -6.150860
v -0.223450 5.553720 -6.014639
v -0.319150 5.675410 -5.973520
v -0.295620 5.672230 -5.700521
v -0.357620 5.724770 -5.701560
v -0.524530 5.789190 -5.484000
v -0.669860 2.594260 -2.542850
v -0.756960 1.768630 -2.354130
v -0.756330 1.522630 -2.302610
v -0.798190 1.175500 -2.205010
v -0.954740 -0.000510 2.719360
v -0.564180 0.000510 2.696380
v -0.246830 2.982250 2.539060
v -0.955540 3.850920 2.863580
v -0.320610 2.712550 2.442760
v -1.168650 2.980650 2.722350
v -0.543370 0.381170 2.768550
v -0.978780 0.405100 2.801390
v -0.431520 2.107860 2.589160
v -1.048860 2.182620 2.642930
v -0.526060 0.863920 2.753540
v -0.509680 1.350750 2.711440
v -0.942300 0.877870 2.808810
v -0.946050 1.363010 2.767370
v -0.651260 2.303480 1.486940
v -0.383190 2.323670 1.990050
v -1.271580 2.596390 2.202980
v -1.214590 2.508750 1.562090
v -0.530110 2.547890 2.932310
v -0.899580 2.627170 3.026080
v -1.165660 2.608200 2.678140
v -0.360560 2.449540 2.492120
v -1.185840 3.465720 0.482990
v -1.055320 3.536470 1.051950
v -1.304940 3.146480 -1.139090
v -1.261480 3.084610 -1.743460
v -0.902640 2.964750 -0.335170
v -1.003020 5.110930 -0.186150
v -1.319430 4.165380 -0.256660
v -1.267680 3.331670 -0.283890
v -1.171230 2.606820 -1.922620
v -0.799980 2.139390 -2.016320
v -1.094610 1.621360 -1.918550
v -1.096620 1.931780 -1.920670
v -0.916310 2.284870 -2.852690
v -1.493490 2.308280 -2.163040
v -1.463910 2.290990 -2.752720
v -0.701210 2.184460 -2.452170
v -1.134600 2.243510 -1.910690
v 0.214470 5.570050 -6.225130
v 0.166660 5.532880 -6.155220
v 0.191560 5.576380 -6.015390
v 0.273610 5.653650 -5.979390
v 0.000000 5.515200 -6.296810
v 0.000000 5.484000 -6.238960
v 0.253440 5.680910 -5.743309
v 0.284620 5.686990 -5.746010
v -0.214470 5.570050 -6.225130
v -0.166660 5.532880 -6.155220
v -0.191560 5.576380 -6.015390
v -0.273610 5.653650 -5.979390
v -0.253440 5.680910 -5.743309
v -0.284620 5.686990 -5.746010
v 0.140800 5.705329 -6.186390
v 0.085870 5.485069 -6.047491
v 0.098700 5.516820 -5.914950
v 0.140970 5.767740 -5.975150
v 0.000000 5.630550 -6.285960
v 0.000000 5.459910 -6.142510
v 0.145330 5.628200 -5.623980
v 0.157970 5.746170 -5.650159
v -0.140800 5.705329 -6.186390
v -0.085870 5.485069 -6.047491
v -0.098700 5.516820 -5.914950
v -0.140970 5.767740 -5.975150
v -0.145330 5.628200 -5.623980
v -0.157970 5.746170 -5.650159
v 0.000000 5.767740 -5.975150
v 0.000000 5.746170 -5.650159
v 0.000000 5.628200 -5.623980
v 0.000000 5.516820 -5.914950
v 0.000000 5.485069 -6.047491
v 0.000000 5.724040 -6.170120
v 0.081340 3.018010 3.267270
v -0.081340 3.018010 3.267270
v 0.206400 2.594930 4.679040
v 0.238540 2.624710 4.338620
v 0.276970 2.809980 3.963340
v 0.000000 2.618920 4.974180
v 0.000000 3.574050 3.546580
v 0.000000 2.833290 4.744860
v 0.000000 2.874370 4.373390
v 0.000000 2.999010 4.068330
v -0.206400 2.594930 4.679040
v -0.238540 2.624710 4.338620
v -0.276970 2.809980 3.963340
v -0.097250 2.465700 4.677610
v 0.097250 2.465700 4.677610
v -0.074450 2.521110 3.836770
v 0.074450 2.521110 3.836770
v 0.088650 2.424280 4.311540
v -0.088650 2.424280 4.311540
v 0.267880 3.049430 3.658320
v 0.000000 3.242310 3.788340
v -0.267880 3.049430 3.658320
v 0.072140 2.748200 3.491760
v -0.072140 2.748200 3.491760
v -0.589150 0.526350 2.610800
v -0.636420 0.506640 2.899190
v -0.829770 0.527770 2.938420
v -0.948300 0.529540 2.607540
v -0.969660 0.523290 2.803240
v -0.539040 0.501860 2.764800
v 0.589150 0.526350 2.610800
v 0.636420 0.506640 2.899190
v 0.829770 0.527770 2.938420
v 0.948300 0.529540 2.607540
v 0.969660 0.523290 2.803240
v 0.539040 0.501860 2.764800
v 0.911680 0.520850 -2.489760
v 0.897370 0.556900 -2.058570
v 1.232530 0.513780 -2.475060
v 1.198390 0.457940 -2.081890
v -0.911680 0.520850 -2.489760
v -0.897370 0.556900 -2.058570
v -1.232530 0.513780 -2.475060
v -1.198390 0.457940 -2.081890
vt 0.860843 0.975901
vt 0.860706 0.975904
vt 0.860703 0.975773
vt 0.860873 0.975857
vt 0.879935 0.668689
vt 0.879948 0.668618
vt 0.880070 0.668583
vt 0.880010 0.668697
vt 0.879939 0.668833
vt 0.880020 0.668832
vt 0.871938 0.770856
vt 0.871872 0.770895
vt 0.871894 0.770797
vt 0.880072 0.668726
vt 0.880063 0.668830
vt 0.859576 0.976472
vt 0.859536 0.976303
vt 0.859642 0.976303
vt 0.859684 0.976470
vt 0.282959 0.558954
vt 0.282091 0.557992
vt 0.282242 0.557863
vt 0.283056 0.558779
vt 0.285093 0.558235
vt 0.285300 0.559634
vt 0.285095 0.559659
vt 0.284939 0.558287
vt 0.284385 0.559773
vt 0.284729 0.558464
vt 0.284903 0.558495
vt 0.284587 0.559773
vt 0.871698 0.770480
vt 0.871693 0.770479
vt 0.871694 0.770475
vt 0.880129 0.668651
vt 0.281273 0.557004
vt 0.281428 0.556947
vt 0.871940 0.770601
vt 0.871957 0.770575
vt 0.872016 0.770604
vt 0.871986 0.770647
vt 0.880989 0.668336
vt 0.880977 0.668336
vt 0.880966 0.668223
vt 0.880981 0.668223
vt 0.860290 0.976082
vt 0.860328 0.976081
vt 0.860317 0.976187
vt 0.860270 0.976183
vt 0.880966 0.668429
vt 0.871974 0.770555
vt 0.872039 0.770575
vt 0.880874 0.668339
vt 0.880819 0.668344
vt 0.880796 0.668262
vt 0.880853 0.668247
vt 0.860046 0.976476
vt 0.860015 0.976476
vt 0.860026 0.976341
vt 0.860064 0.976319
vt 0.880905 0.668437
vt 0.880855 0.668437
vt 0.880803 0.668464
vt 0.880801 0.668390
vt 0.880761 0.668332
vt 0.880747 0.668272
vt 0.859963 0.976478
vt 0.859970 0.976374
vt 0.871991 0.770527
vt 0.872048 0.770539
vt 0.871998 0.770918
vt 0.871975 0.770913
vt 0.871973 0.770903
vt 0.871998 0.770907
vt 0.886890 0.559398
vt 0.886764 0.559401
vt 0.886767 0.559272
vt 0.886837 0.559270
vt 0.881010 0.668796
vt 0.880984 0.668788
vt 0.881003 0.668768
vt 0.880692 0.668399
vt 0.880629 0.668402
vt 0.880627 0.668310
vt 0.859908 0.976479
vt 0.871984 0.770500
vt 0.872006 0.770502
vt 0.859932 0.976918
vt 0.859954 0.976886
vt 0.860043 0.976965
vt 0.859924 0.976982
vt 0.860051 0.977027
vt 0.859929 0.977030
vt 0.871997 0.770459
vt 0.871980 0.770433
vt 0.871986 0.770420
vt 0.872008 0.770426
vt 0.871997 0.770874
vt 0.871997 0.770886
vt 0.871964 0.770881
vt 0.871959 0.770868
vt 0.859912 0.976905
vt 0.859906 0.976853
vt 0.859938 0.976834
vt 0.860075 0.976975
vt 0.860084 0.977027
vt 0.872000 0.770410
vt 0.860156 0.977020
vt 0.860215 0.976970
vt 0.860206 0.977019
vt 0.871507 0.770569
vt 0.871653 0.770609
vt 0.871651 0.770669
vt 0.871585 0.770670
vt 0.871704 0.770667
vt 0.871996 0.770828
vt 0.871949 0.770823
vt 0.871512 0.770657
vt 0.871459 0.770678
vt 0.871433 0.770634
vt 0.880759 0.668466
vt 0.880734 0.668438
vt 0.880903 0.668798
vt 0.880870 0.668815
vt 0.880864 0.668734
vt 0.880903 0.668854
vt 0.880861 0.668861
vt 0.880928 0.668885
vt 0.880900 0.668926
vt 0.880919 0.668669
vt 0.880921 0.668727
vt 0.880868 0.668662
vt 0.880920 0.668770
vt 0.880964 0.668813
vt 0.860165 0.976937
vt 0.860171 0.976957
vt 0.860136 0.977003
vt 0.859860 0.976908
vt 0.860204 0.976950
vt 0.871455 0.770770
vt 0.871470 0.770736
vt 0.871519 0.770726
vt 0.871494 0.770806
vt 0.871584 0.770765
vt 0.886629 0.559548
vt 0.886658 0.559682
vt 0.886552 0.559618
vt 0.886728 0.559599
vt 0.886669 0.559492
vt 0.886581 0.559802
vt 0.886507 0.559723
vt 0.886620 0.559684
vt 0.886556 0.559501
vt 0.872000 0.770484
vt 0.872018 0.770462
vt 0.860187 0.976890
vt 0.860181 0.976921
vt 0.860128 0.976893
vt 0.860085 0.976962
vt 0.860220 0.976895
vt 0.860204 0.976918
vt 0.871385 0.770842
vt 0.282758 0.559006
vt 0.281949 0.558123
vt 0.285531 0.558211
vt 0.285720 0.558186
vt 0.285498 0.559634
vt 0.284163 0.559773
vt 0.283920 0.558534
vt 0.284121 0.558464
vt 0.281234 0.557193
vt 0.860874 0.976366
vt 0.860873 0.976498
vt 0.860719 0.976501
vt 0.860716 0.976365
vt 0.879752 0.668708
vt 0.879664 0.668717
vt 0.879662 0.668601
vt 0.879747 0.668578
vt 0.879752 0.668839
vt 0.879663 0.668842
vt 0.871765 0.770305
vt 0.871776 0.770363
vt 0.871729 0.770363
vt 0.871714 0.770303
vt 0.860844 0.975999
vt 0.860845 0.976096
vt 0.860710 0.976082
vt 0.860708 0.975993
vt 0.879839 0.668700
vt 0.879832 0.668555
vt 0.879841 0.668837
vt 0.860625 0.975423
vt 0.860610 0.975480
vt 0.860556 0.975480
vt 0.860557 0.975425
vt 0.860874 0.976234
vt 0.860713 0.976229
vt 0.871717 0.770188
vt 0.871754 0.770247
vt 0.871699 0.770242
vt 0.871670 0.770179
vt 0.871890 0.770356
vt 0.871925 0.770402
vt 0.871895 0.770447
vt 0.871445 0.770904
vt 0.871484 0.770900
vt 0.871485 0.770930
vt 0.871438 0.770940
vt 0.860239 0.976776
vt 0.860302 0.976795
vt 0.860309 0.976865
vt 0.860233 0.976839
vt 0.871811 0.770355
vt 0.871834 0.770453
vt 0.871789 0.770422
vt 0.871810 0.770317
vt 0.871808 0.770280
vt 0.871860 0.770265
vt 0.871875 0.770310
vt 0.872062 0.770548
vt 0.872071 0.770502
vt 0.872117 0.770499
vt 0.872121 0.770540
vt 0.860386 0.976891
vt 0.860374 0.977029
vt 0.860299 0.976928
vt 0.860689 0.975717
vt 0.860692 0.975765
vt 0.860637 0.975768
vt 0.860612 0.975719
vt 0.860248 0.976435
vt 0.860243 0.976386
vt 0.860385 0.976377
vt 0.860304 0.976437
vt 0.860406 0.976325
vt 0.860328 0.976378
vt 0.860331 0.976330
vt 0.860059 0.976263
vt 0.860085 0.976261
vt 0.860085 0.976312
vt 0.860059 0.976309
vt 0.860682 0.975682
vt 0.860604 0.975678
vt 0.860330 0.976035
vt 0.860329 0.976070
vt 0.860270 0.976070
vt 0.860272 0.976035
vt 0.872054 0.770595
vt 0.872126 0.770581
vt 0.872113 0.770639
vt 0.871868 0.770937
vt 0.871840 0.771035
vt 0.871818 0.770983
vt 0.860743 0.975738
vt 0.860746 0.975763
vt 0.860563 0.975371
vt 0.860615 0.975380
vt 0.860284 0.976379
vt 0.860288 0.976353
vt 0.860176 0.976020
vt 0.860188 0.976066
vt 0.860134 0.976074
vt 0.860132 0.976014
vt 0.871453 0.770868
vt 0.871457 0.770847
vt 0.871483 0.770848
vt 0.871483 0.770870
vt 0.860246 0.976713
vt 0.860245 0.976668
vt 0.860291 0.976678
vt 0.860294 0.976724
vt 0.871806 0.770256
vt 0.871852 0.770243
vt 0.872073 0.770480
vt 0.872116 0.770477
vt 0.871466 0.770815
vt 0.860256 0.976519
vt 0.860314 0.976524
vt 0.871840 0.770166
vt 0.872081 0.770403
vt 0.872108 0.770403
vt 0.860252 0.976477
vt 0.860306 0.976458
vt 0.860409 0.976304
vt 0.860338 0.976296
vt 0.860316 0.976493
vt 0.860309 0.976479
vt 0.860434 0.976269
vt 0.860412 0.976283
vt 0.860345 0.976261
vt 0.860417 0.976238
vt 0.860829 0.976642
vt 0.860789 0.976802
vt 0.860726 0.976842
vt 0.860722 0.976654
vt 0.880083 0.669937
vt 0.880098 0.669841
vt 0.880178 0.669850
vt 0.880178 0.669963
vt 0.879996 0.669915
vt 0.880018 0.669819
vt 0.860858 0.975512
vt 0.860867 0.975572
vt 0.860796 0.975575
vt 0.860815 0.975512
vt 0.879481 0.668741
vt 0.879527 0.668629
vt 0.879473 0.668851
vt 0.871784 0.770456
vt 0.871738 0.770444
vt 0.860855 0.975603
vt 0.860844 0.975634
vt 0.860809 0.975628
vt 0.860803 0.975602
vt 0.860788 0.976911
vt 0.860728 0.976921
vt 0.860723 0.975362
vt 0.860781 0.975418
vt 0.860717 0.975420
vt 0.872081 0.770648
vt 0.872128 0.770683
vt 0.872101 0.770711
vt 0.880148 0.669802
vt 0.880117 0.669753
vt 0.880048 0.669751
vt 0.871411 0.770757
vt 0.871403 0.770687
vt 0.871431 0.770690
vt 0.871458 0.770766
vt 0.871653 0.770666
vt 0.871729 0.770679
vt 0.871738 0.770775
vt 0.871648 0.770741
vt 0.871902 0.770697
vt 0.871946 0.770656
vt 0.871963 0.770702
vt 0.871935 0.770748
vt 0.871412 0.770645
vt 0.871422 0.770602
vt 0.871447 0.770585
vt 0.871439 0.770637
vt 0.872093 0.770738
vt 0.872052 0.770728
vt 0.871618 0.770666
vt 0.871611 0.770743
vt 0.859889 0.977001
vt 0.859904 0.977039
vt 0.859841 0.977039
vt 0.859825 0.976987
vt 0.859362 0.976596
vt 0.859347 0.976651
vt 0.859287 0.976653
vt 0.859301 0.976612
vt 0.859948 0.976272
vt 0.859988 0.976272
vt 0.859991 0.976314
vt 0.859953 0.976314
vt 0.859800 0.976993
vt 0.859814 0.977040
vt 0.859787 0.977042
vt 0.859776 0.977000
vt 0.859625 0.976689
vt 0.859624 0.976648
vt 0.859659 0.976650
vt 0.859659 0.976693
vt 0.859390 0.976602
vt 0.859378 0.976651
vt 0.871381 0.770734
vt 0.871351 0.770710
vt 0.871354 0.770662
vt 0.871379 0.770675
vt 0.871651 0.770633
vt 0.871649 0.770600
vt 0.871690 0.770594
vt 0.871710 0.770636
vt 0.871701 0.770579
vt 0.871726 0.770609
vt 0.871389 0.770641
vt 0.871365 0.770637
vt 0.871376 0.770612
vt 0.871399 0.770607
vt 0.872090 0.770761
vt 0.872087 0.770783
vt 0.872054 0.770785
vt 0.872053 0.770757
vt 0.871622 0.770635
vt 0.871626 0.770604
vt 0.859855 0.976488
vt 0.859865 0.976560
vt 0.859805 0.976567
vt 0.859806 0.976498
vt 0.859799 0.976825
vt 0.859799 0.976909
vt 0.859769 0.976901
vt 0.859763 0.976802
vt 0.859614 0.976888
vt 0.859620 0.976789
vt 0.859656 0.976795
vt 0.859653 0.976898
vt 0.859391 0.976427
vt 0.859391 0.976514
vt 0.859358 0.976524
vt 0.859353 0.976452
vt 0.860404 0.975414
vt 0.860466 0.975420
vt 0.860469 0.975463
vt 0.860406 0.975484
vt 0.859800 0.976972
vt 0.859774 0.976975
vt 0.859624 0.976714
vt 0.859659 0.976718
vt 0.859390 0.976580
vt 0.859361 0.976578
vt 0.859873 0.976614
vt 0.859875 0.976632
vt 0.859805 0.976637
vt 0.859805 0.976620
vt 0.859983 0.976698
vt 0.859834 0.976847
vt 0.859883 0.976690
vt 0.859299 0.976275
vt 0.859214 0.976288
vt 0.859894 0.976320
vt 0.859816 0.976351
vt 0.859831 0.976667
vt 0.859779 0.976644
vt 0.859604 0.977046
vt 0.859674 0.977042
vt 0.859348 0.976267
vt 0.880955 0.669365
vt 0.881019 0.669391
vt 0.881010 0.669326
vt 0.871622 0.770969
vt 0.871631 0.770942
vt 0.871668 0.770987
vt 0.880950 0.669417
vt 0.859470 0.976474
vt 0.859439 0.976333
vt 0.871632 0.770354
vt 0.871755 0.770599
vt 0.871576 0.770764
vt 0.871391 0.770498
vt 0.871942 0.770796
vt 0.860415 0.976074
vt 0.860597 0.975636
vt 0.860589 0.975487
vt 0.860625 0.975555
vt 0.886836 0.559784
vt 0.886815 0.559600
vt 0.886942 0.559630
vt 0.886961 0.559708
vt 0.886791 0.559414
vt 0.886824 0.559598
vt 0.886696 0.559548
vt 0.886657 0.559417
vt 0.886654 0.559435
vt 0.886624 0.559568
vt 0.886499 0.559643
vt 0.886547 0.559438
vt 0.872032 0.770504
vt 0.871970 0.770456
vt 0.871988 0.770458
vt 0.871993 0.770491
vt 0.871968 0.770890
vt 0.871997 0.770895
vt 0.871976 0.770442
vt 0.871422 0.770867
vt 0.871430 0.770845
vt 0.871406 0.770908
vt 0.871391 0.770950
vt 0.871442 0.770770
vt 0.860675 0.975648
vt 0.859397 0.976258
vt 0.859430 0.976402
vt 0.859419 0.976581
vt 0.859417 0.976607
vt 0.859826 0.976969
vt 0.859424 0.976504
vt 0.859829 0.976917
vt 0.871592 0.770637
vt 0.871602 0.770608
vt 0.859408 0.976650
vt 0.871582 0.770666
vt 0.871573 0.770745
vt 0.860788 0.977020
vt 0.860730 0.977001
vt 0.871751 0.770638
vt 0.871682 0.770364
vt 0.871663 0.770300
vt 0.871906 0.770794
vt 0.871693 0.770432
vt 0.871644 0.770237
vt 0.871623 0.770171
vt 0.860364 0.976813
vt 0.860336 0.976687
vt 0.860343 0.976736
vt 0.871677 0.770453
vt 0.871695 0.770473
vt 0.871670 0.770458
vt 0.860843 0.975901
vt 0.860873 0.975857
vt 0.879935 0.668689
vt 0.880010 0.668697
vt 0.880070 0.668583
vt 0.879948 0.668618
vt 0.871938 0.770856
vt 0.871894 0.770797
vt 0.871872 0.770895
vt 0.880072 0.668726
vt 0.859642 0.976303
vt 0.859536 0.976303
vt 0.282959 0.558954
vt 0.283056 0.558779
vt 0.282242 0.557863
vt 0.282091 0.557992
vt 0.285093 0.558235
vt 0.284939 0.558287
vt 0.284903 0.558495
vt 0.284729 0.558464
vt 0.871698 0.770480
vt 0.871694 0.770475
vt 0.871693 0.770479
vt 0.880129 0.668651
vt 0.281428 0.556947
vt 0.281273 0.557004
vt 0.871940 0.770601
vt 0.871986 0.770647
vt 0.872016 0.770604
vt 0.871957 0.770575
vt 0.880989 0.668336
vt 0.880977 0.668336
vt 0.860270 0.976183
vt 0.860317 0.976187
vt 0.880966 0.668429
vt 0.872039 0.770575
vt 0.871974 0.770555
vt 0.880874 0.668339
vt 0.880819 0.668344
vt 0.860064 0.976319
vt 0.860026 0.976341
vt 0.880905 0.668437
vt 0.880855 0.668437
vt 0.880803 0.668464
vt 0.880801 0.668390
vt 0.880761 0.668332
vt 0.859970 0.976374
vt 0.871991 0.770527
vt 0.872048 0.770539
vt 0.871973 0.770903
vt 0.871975 0.770913
vt 0.886837 0.559270
vt 0.886767 0.559272
vt 0.881010 0.668796
vt 0.881003 0.668768
vt 0.880984 0.668788
vt 0.880692 0.668399
vt 0.872006 0.770502
vt 0.871984 0.770500
vt 0.859932 0.976918
vt 0.859924 0.976982
vt 0.860043 0.976965
vt 0.859954 0.976886
vt 0.871997 0.770459
vt 0.872018 0.770462
vt 0.872008 0.770426
vt 0.871959 0.770868
vt 0.871964 0.770881
vt 0.859938 0.976834
vt 0.859906 0.976853
vt 0.859912 0.976905
vt 0.860075 0.976975
vt 0.871986 0.770420
vt 0.872000 0.770410
vt 0.860215 0.976970
vt 0.871507 0.770569
vt 0.871653 0.770609
vt 0.871949 0.770823
vt 0.871512 0.770657
vt 0.871433 0.770634
vt 0.871459 0.770678
vt 0.880734 0.668438
vt 0.880759 0.668466
vt 0.880903 0.668798
vt 0.880864 0.668734
vt 0.880870 0.668815
vt 0.880861 0.668861
vt 0.880903 0.668854
vt 0.880900 0.668926
vt 0.880928 0.668885
vt 0.880919 0.668669
vt 0.880868 0.668662
vt 0.880921 0.668727
vt 0.880920 0.668770
vt 0.880964 0.668813
vt 0.860165 0.976937
vt 0.860171 0.976957
vt 0.859860 0.976908
vt 0.860204 0.976950
vt 0.871455 0.770770
vt 0.871494 0.770806
vt 0.871519 0.770726
vt 0.871470 0.770736
vt 0.871584 0.770765
vt 0.886629 0.559548
vt 0.886552 0.559618
vt 0.886658 0.559682
vt 0.886728 0.559599
vt 0.886669 0.559492
vt 0.886581 0.559802
vt 0.886620 0.559684
vt 0.886507 0.559723
vt 0.886556 0.559501
vt 0.872000 0.770484
vt 0.860187 0.976890
vt 0.860128 0.976893
vt 0.860181 0.976921
vt 0.860085 0.976962
vt 0.860220 0.976895
vt 0.860204 0.976918
vt 0.871385 0.770842
vt 0.281949 0.558123
vt 0.282758 0.559006
vt 0.285531 0.558211
vt 0.285720 0.558186
vt 0.284121 0.558464
vt 0.283920 0.558534
vt 0.281234 0.557193
vt 0.860874 0.976366
vt 0.860873 0.976498
vt 0.879752 0.668708
vt 0.879747 0.668578
vt 0.879662 0.668601
vt 0.879664 0.668717
vt 0.871765 0.770305
vt 0.871714 0.770303
vt 0.871729 0.770363
vt 0.871776 0.770363
vt 0.860844 0.975999
vt 0.860845 0.976096
vt 0.879832 0.668555
vt 0.879839 0.668700
vt 0.860625 0.975423
vt 0.860557 0.975425
vt 0.860556 0.975480
vt 0.860610 0.975480
vt 0.860874 0.976234
vt 0.871717 0.770188
vt 0.871670 0.770179
vt 0.871699 0.770242
vt 0.871754 0.770247
vt 0.871890 0.770356
vt 0.871895 0.770447
vt 0.871925 0.770402
vt 0.871445 0.770904
vt 0.871438 0.770940
vt 0.871485 0.770930
vt 0.871484 0.770900
vt 0.860239 0.976776
vt 0.860233 0.976839
vt 0.860309 0.976865
vt 0.860302 0.976795
vt 0.871811 0.770355
vt 0.871789 0.770422
vt 0.871834 0.770453
vt 0.871810 0.770317
vt 0.871875 0.770310
vt 0.871860 0.770265
vt 0.871808 0.770280
vt 0.872062 0.770548
vt 0.872121 0.770540
vt 0.872117 0.770499
vt 0.872071 0.770502
vt 0.860386 0.976891
vt 0.860299 0.976928
vt 0.860374 0.977029
vt 0.860689 0.975717
vt 0.860612 0.975719
vt 0.860637 0.975768
vt 0.860692 0.975765
vt 0.860248 0.976435
vt 0.860304 0.976437
vt 0.860385 0.976377
vt 0.860243 0.976386
vt 0.860406 0.976325
vt 0.860331 0.976330
vt 0.860328 0.976378
vt 0.860059 0.976263
vt 0.860059 0.976309
vt 0.860085 0.976312
vt 0.860085 0.976261
vt 0.860682 0.975682
vt 0.860604 0.975678
vt 0.860330 0.976035
vt 0.860272 0.976035
vt 0.860270 0.976070
vt 0.860329 0.976070
vt 0.872054 0.770595
vt 0.872113 0.770639
vt 0.872126 0.770581
vt 0.871868 0.770937
vt 0.871818 0.770983
vt 0.871840 0.771035
vt 0.860743 0.975738
vt 0.860746 0.975763
vt 0.860563 0.975371
vt 0.860615 0.975380
vt 0.860284 0.976379
vt 0.860288 0.976353
vt 0.860176 0.976020
vt 0.860132 0.976014
vt 0.860134 0.976074
vt 0.860188 0.976066
vt 0.871453 0.770868
vt 0.871483 0.770870
vt 0.871483 0.770848
vt 0.871457 0.770847
vt 0.860246 0.976713
vt 0.860294 0.976724
vt 0.860291 0.976678
vt 0.860245 0.976668
vt 0.871852 0.770243
vt 0.871806 0.770256
vt 0.872116 0.770477
vt 0.872073 0.770480
vt 0.871466 0.770815
vt 0.860256 0.976519
vt 0.860314 0.976524
vt 0.871840 0.770166
vt 0.872108 0.770403
vt 0.872081 0.770403
vt 0.860252 0.976477
vt 0.860306 0.976458
vt 0.860409 0.976304
vt 0.860338 0.976296
vt 0.860316 0.976493
vt 0.860309 0.976479
vt 0.860434 0.976269
vt 0.860345 0.976261
vt 0.860412 0.976283
vt 0.860417 0.976238
vt 0.860829 0.976642
vt 0.860789 0.976802
vt 0.880083 0.669937
vt 0.880178 0.669963
vt 0.880178 0.669850
vt 0.880098 0.669841
vt 0.860858 0.975512
vt 0.860815 0.975512
vt 0.860796 0.975575
vt 0.860867 0.975572
vt 0.879527 0.668629
vt 0.879481 0.668741
vt 0.871738 0.770444
vt 0.871784 0.770456
vt 0.860855 0.975603
vt 0.860803 0.975602
vt 0.860809 0.975628
vt 0.860844 0.975634
vt 0.860788 0.976911
vt 0.860723 0.975362
vt 0.872081 0.770648
vt 0.872101 0.770711
vt 0.880148 0.669802
vt 0.880117 0.669753
vt 0.871411 0.770757
vt 0.871458 0.770766
vt 0.871431 0.770690
vt 0.871403 0.770687
vt 0.871653 0.770666
vt 0.871648 0.770741
vt 0.871738 0.770775
vt 0.871729 0.770679
vt 0.871902 0.770697
vt 0.871935 0.770748
vt 0.871963 0.770702
vt 0.871946 0.770656
vt 0.871412 0.770645
vt 0.871439 0.770637
vt 0.871447 0.770585
vt 0.871422 0.770602
vt 0.872093 0.770738
vt 0.872052 0.770728
vt 0.871618 0.770666
vt 0.871611 0.770743
vt 0.859889 0.977001
vt 0.859825 0.976987
vt 0.859841 0.977039
vt 0.859904 0.977039
vt 0.859362 0.976596
vt 0.859301 0.976612
vt 0.859287 0.976653
vt 0.859347 0.976651
vt 0.859948 0.976272
vt 0.859953 0.976314
vt 0.859991 0.976314
vt 0.859988 0.976272
vt 0.859800 0.976993
vt 0.859776 0.977000
vt 0.859787 0.977042
vt 0.859814 0.977040
vt 0.859625 0.976689
vt 0.859659 0.976693
vt 0.859659 0.976650
vt 0.859624 0.976648
vt 0.859390 0.976602
vt 0.859378 0.976651
vt 0.871381 0.770734
vt 0.871379 0.770675
vt 0.871354 0.770662
vt 0.871351 0.770710
vt 0.871651 0.770633
vt 0.871710 0.770636
vt 0.871690 0.770594
vt 0.871649 0.770600
vt 0.871726 0.770609
vt 0.871701 0.770579
vt 0.871389 0.770641
vt 0.871399 0.770607
vt 0.871376 0.770612
vt 0.871365 0.770637
vt 0.872090 0.770761
vt 0.872053 0.770757
vt 0.872054 0.770785
vt 0.872087 0.770783
vt 0.871622 0.770635
vt 0.871626 0.770604
vt 0.859855 0.976488
vt 0.859806 0.976498
vt 0.859805 0.976567
vt 0.859865 0.976560
vt 0.859799 0.976825
vt 0.859763 0.976802
vt 0.859769 0.976901
vt 0.859799 0.976909
vt 0.859614 0.976888
vt 0.859653 0.976898
vt 0.859656 0.976795
vt 0.859620 0.976789
vt 0.859391 0.976427
vt 0.859353 0.976452
vt 0.859358 0.976524
vt 0.859391 0.976514
vt 0.860404 0.975414
vt 0.860406 0.975484
vt 0.860469 0.975463
vt 0.860466 0.975420
vt 0.859800 0.976972
vt 0.859774 0.976975
vt 0.859624 0.976714
vt 0.859659 0.976718
vt 0.859390 0.976580
vt 0.859361 0.976578
vt 0.859873 0.976614
vt 0.859805 0.976620
vt 0.859805 0.976637
vt 0.859875 0.976632
vt 0.859983 0.976698
vt 0.859883 0.976690
vt 0.859834 0.976847
vt 0.859299 0.976275
vt 0.859214 0.976288
vt 0.859894 0.976320
vt 0.859816 0.976351
vt 0.859831 0.976667
vt 0.859779 0.976644
vt 0.859604 0.977046
vt 0.859674 0.977042
vt 0.859348 0.976267
vt 0.881019 0.669391
vt 0.871622 0.770969
vt 0.871668 0.770987
vt 0.871822 0.770799
vt 0.871793 0.770782
vt 0.871786 0.770789
vt 0.871822 0.770799
vt 0.871786 0.770789
vt 0.880950 0.669417
vt 0.859439 0.976333
vt 0.871632 0.770354
vt 0.871391 0.770498
vt 0.871576 0.770764
vt 0.871755 0.770599
vt 0.871942 0.770796
vt 0.860415 0.976074
vt 0.860597 0.975636
vt 0.860625 0.975555
vt 0.860589 0.975487
vt 0.886836 0.559784
vt 0.886961 0.559708
vt 0.886942 0.559630
vt 0.886815 0.559600
vt 0.886696 0.559548
vt 0.886824 0.559598
vt 0.886499 0.559643
vt 0.886624 0.559568
vt 0.872032 0.770504
vt 0.871993 0.770491
vt 0.871988 0.770458
vt 0.871970 0.770456
vt 0.871968 0.770890
vt 0.871976 0.770442
vt 0.871422 0.770867
vt 0.871430 0.770845
vt 0.871406 0.770908
vt 0.871391 0.770950
vt 0.871442 0.770770
vt 0.860675 0.975648
vt 0.859397 0.976258
vt 0.859430 0.976402
vt 0.859419 0.976581
vt 0.859417 0.976607
vt 0.859826 0.976969
vt 0.859424 0.976504
vt 0.859829 0.976917
vt 0.871592 0.770637
vt 0.871602 0.770608
vt 0.859408 0.976650
vt 0.871582 0.770666
vt 0.871573 0.770745
vt 0.860788 0.977020
vt 0.871751 0.770638
vt 0.871663 0.770300
vt 0.871682 0.770364
vt 0.871906 0.770794
vt 0.871693 0.770432
vt 0.871623 0.770171
vt 0.871644 0.770237
vt 0.860364 0.976813
vt 0.860343 0.976736
vt 0.860336 0.976687
vt 0.871677 0.770453
vt 0.871695 0.770473
vt 0.871670 0.770458
vt 0.886661 0.559688
vt 0.886665 0.559684
vt 0.886665 0.559684
vt 0.886661 0.559688
vt 0.886661 0.559688
vt 0.886662 0.559701
vt 0.886662 0.559701
vt 0.886661 0.559688
vt 0.886662 0.559469
vt 0.886680 0.559472
vt 0.886680 0.559472
vt 0.886662 0.559469
vt 0.886667 0.559702
vt 0.886667 0.559702
vt 0.886678 0.559467
vt 0.886662 0.559464
vt 0.886662 0.559464
vt 0.886678 0.559467
vt 0.886662 0.559701
vt 0.886662 0.559701
vt 0.886674 0.559711
vt 0.886667 0.559702
vt 0.886667 0.559702
vt 0.886674 0.559711
vt 0.886680 0.559472
vt 0.886680 0.559472
vt 0.886672 0.559715
vt 0.886672 0.559715
vt 0.886665 0.559684
vt 0.886665 0.559684
vt 0.886678 0.559467
vt 0.886678 0.559467
vt 0.886674 0.559711
vt 0.886674 0.559711
vt 0.886672 0.559715
vt 0.886672 0.559715
vt 0.036359 0.805189
vt 0.036374 0.805336
vt 0.036374 0.805336
vt 0.036359 0.805189
vt 0.036159 0.807748
vt 0.036159 0.807748
vt 0.036359 0.807779
vt 0.036159 0.807748
vt 0.036359 0.807779
vt 0.036180 0.807801
vt 0.036361 0.807829
vt 0.036361 0.807829
vt 0.036180 0.807801
vt 0.036180 0.807801
vt 0.036231 0.805084
vt 0.036303 0.805181
vt 0.036303 0.805181
vt 0.036231 0.805084
vt 0.036303 0.805181
vt 0.036231 0.805084
vt 0.036231 0.805084
vt 0.036303 0.805181
vt 0.036359 0.805189
vt 0.036255 0.805030
vt 0.036255 0.805030
vt 0.036359 0.805189
vt 0.036255 0.805030
vt 0.036255 0.805030
vt 0.036331 0.805379
vt 0.036368 0.805338
vt 0.036374 0.805336
vt 0.036331 0.805379
vt 0.036331 0.805379
vt 0.036331 0.805379
vt 0.036331 0.805379
vt 0.036374 0.805336
vt 0.036359 0.805189
vt 0.036360 0.806845
vt 0.036180 0.807801
vt 0.036159 0.807748
vt 0.036303 0.805181
vt 0.036159 0.807748
vt 0.871980 0.770433
vt 0.871758 0.770869
vt 0.871735 0.770867
vt 0.871747 0.770914
vt 0.871759 0.770910
vt 0.880758 0.669385
vt 0.880766 0.669345
vt 0.880719 0.669358
vt 0.880882 0.669379
vt 0.880826 0.669374
vt 0.880809 0.669419
vt 0.880873 0.669428
vt 0.871801 0.770814
vt 0.871766 0.770804
vt 0.871745 0.770819
vt 0.871781 0.770830
vt 0.871759 0.770910
vt 0.871761 0.770936
vt 0.871747 0.770914
vt 0.880919 0.669372
vt 0.880912 0.669423
vt 0.871781 0.770830
vt 0.871758 0.770869
vt 0.871735 0.770867
vt 0.871745 0.770819
vt 0.880758 0.669385
vt 0.880873 0.669428
vt 0.880809 0.669419
vt 0.871801 0.770814
vt 0.871766 0.770804
vt 0.880912 0.669423
vt 0.860330 0.976001
vt 0.860274 0.976001
vt 0.860330 0.976001
vt 0.860274 0.976001
vn 0.121205 -0.616926 -0.777632
vn 0.000000 -0.870199 -0.492700
vn 0.000000 -0.627897 -0.778296
vn 0.540068 -0.406476 -0.736956
vn 0.680296 0.711095 0.177599
vn 0.944598 0.314600 0.093600
vn 0.971760 0.175093 -0.158193
vn 0.653621 0.705322 0.274409
vn 0.000000 0.973542 0.228510
vn 0.680296 0.711095 0.177599
vn 0.653621 0.705322 0.274409
vn 0.000000 0.915417 0.402507
vn 0.739760 -0.284285 -0.609867
vn 0.971760 0.175093 -0.158193
vn 0.540068 -0.406476 -0.736956
vn 0.679676 0.651677 0.336688
vn 0.000000 0.869692 0.493595
vn 0.000000 0.915417 0.402507
vn 0.653621 0.705322 0.274409
vn 0.000000 -0.407993 -0.912985
vn 0.739760 -0.284285 -0.609867
vn 0.540068 -0.406476 -0.736956
vn 0.000000 -0.627897 -0.778296
vn 0.588343 -0.368327 -0.719853
vn 0.988444 -0.030401 -0.148507
vn 0.942712 -0.331104 0.040801
vn 0.654055 -0.597759 -0.463568
vn 0.633992 0.501494 0.588692
vn 0.000000 0.682596 0.730796
vn 0.000000 0.328082 0.944649
vn 0.571777 0.128595 0.810268
vn 0.000000 -0.515613 -0.856822
vn 0.588343 -0.368327 -0.719853
vn 0.654055 -0.597759 -0.463568
vn 0.000000 -0.778698 -0.627399
vn 0.848900 0.102600 -0.518500
vn 0.971760 0.175093 -0.158193
vn 0.944598 0.314600 0.093600
vn 0.976457 0.085805 -0.197912
vn 0.679676 0.651677 0.336688
vn 0.653621 0.705322 0.274409
vn 0.971760 0.175093 -0.158193
vn 0.988444 -0.030401 -0.148507
vn 0.633992 0.501494 0.588692
vn 0.571777 0.128595 0.810268
vn 0.942712 -0.331104 0.040801
vn 0.598912 -0.679914 -0.423109
vn 0.580624 -0.639326 -0.504121
vn 0.985032 -0.117304 -0.126304
vn 0.989950 -0.139207 -0.024901
vn 0.656680 -0.144596 0.740178
vn 0.711928 0.247410 0.657226
vn 0.000000 0.373011 0.927827
vn 0.000000 -0.130703 0.991422
vn 0.000000 -0.820157 -0.572139
vn 0.000000 -0.767795 -0.640696
vn 0.580624 -0.639326 -0.504121
vn 0.598912 -0.679914 -0.423109
vn 0.989950 -0.139207 -0.024901
vn 0.711928 0.247410 0.657226
vn 0.656680 -0.144596 0.740178
vn 0.580624 -0.639326 -0.504121
vn 0.564676 -0.580275 -0.586875
vn 0.967763 -0.006100 -0.251790
vn 0.985032 -0.117304 -0.126304
vn 0.645301 0.642601 0.413100
vn 0.529518 0.710924 0.462815
vn 0.000000 0.827204 0.561902
vn 0.000000 0.816521 0.577315
vn 0.000000 -0.767795 -0.640696
vn 0.000000 -0.741287 -0.671188
vn 0.564676 -0.580275 -0.586875
vn 0.580624 -0.639326 -0.504121
vn 0.985032 -0.117304 -0.126304
vn 0.967763 -0.006100 -0.251790
vn 0.529518 0.710924 0.462815
vn 0.645301 0.642601 0.413100
vn 0.711928 0.247410 0.657226
vn 0.645301 0.642601 0.413100
vn 0.000000 0.816521 0.577315
vn 0.000000 0.373011 0.927827
vn 0.989950 -0.139207 -0.024901
vn 0.985032 -0.117304 -0.126304
vn 0.645301 0.642601 0.413100
vn 0.711928 0.247410 0.657226
vn 0.862280 -0.117597 -0.492589
vn 0.964838 0.262610 0.011100
vn 0.967763 -0.006100 -0.251790
vn 0.116297 0.934874 0.335390
vn 0.000000 0.963137 0.269010
vn 0.000000 0.827204 0.561902
vn 0.529518 0.710924 0.462815
vn 0.000000 -0.987804 -0.155701
vn 0.622999 -0.692999 -0.362800
vn 0.564676 -0.580275 -0.586875
vn 0.000000 -0.741287 -0.671188
vn 0.622999 -0.692999 -0.362800
vn 0.862280 -0.117597 -0.492589
vn 0.967763 -0.006100 -0.251790
vn 0.564676 -0.580275 -0.586875
vn 0.000000 -0.648185 -0.761483
vn 0.763237 -0.257412 -0.592629
vn 0.677617 -0.585415 -0.445111
vn 0.000000 -0.793267 -0.608874
vn 0.000000 -0.553777 -0.832665
vn 0.000000 0.400703 -0.916208
vn 0.558892 0.314495 -0.767289
vn 0.620626 -0.345815 -0.703730
vn 0.285688 -0.228590 -0.930660
vn 0.422000 -0.370800 -0.827299
vn 0.260399 0.167299 -0.950896
vn 0.116297 0.934874 0.335390
vn 0.279808 0.833223 -0.476913
vn 0.000000 0.905043 -0.425320
vn 0.000000 0.963137 0.269010
vn 0.000000 -0.987804 -0.155701
vn 0.000000 -0.974704 0.223501
vn 0.622999 -0.692999 -0.362800
vn 0.622999 -0.692999 -0.362800
vn 0.681720 -0.721621 -0.120504
vn 0.833198 -0.457299 -0.310899
vn 0.955337 0.049102 -0.291411
vn 0.964573 0.003500 -0.263793
vn 0.626304 0.655804 -0.421503
vn 0.515200 0.566900 -0.642801
vn 0.515200 0.566900 -0.642801
vn 0.626304 0.655804 -0.421503
vn 0.000000 0.888696 -0.458498
vn 0.000000 0.664705 -0.747106
vn 0.764987 -0.643389 0.029099
vn 0.640925 -0.759030 -0.114405
vn 0.677617 -0.585415 -0.445111
vn 0.964573 0.003500 -0.263793
vn 0.000000 -0.924168 -0.381987
vn 0.000000 -0.259909 -0.965633
vn 0.752416 0.117002 -0.648214
vn 0.771214 -0.599811 -0.213204
vn 0.964573 0.003500 -0.263793
vn 0.763237 -0.257412 -0.592629
vn 0.585206 0.561206 -0.585306
vn 0.626304 0.655804 -0.421503
vn 0.626304 0.655804 -0.421503
vn 0.585206 0.561206 -0.585306
vn 0.000000 0.854104 -0.520102
vn 0.000000 0.888696 -0.458498
vn 0.677617 -0.585415 -0.445111
vn 0.763237 -0.257412 -0.592629
vn 0.964573 0.003500 -0.263793
vn 0.000000 0.492818 -0.870132
vn 0.515200 0.566900 -0.642801
vn 0.000000 0.664705 -0.747106
vn 0.279808 0.833223 -0.476913
vn 0.335515 0.427519 -0.839438
vn 0.000000 0.496903 -0.867806
vn 0.000000 0.905043 -0.425320
vn 0.335515 0.427519 -0.839438
vn 0.000000 0.332888 -0.942966
vn 0.000000 0.496903 -0.867806
vn 0.000000 -0.974704 0.223501
vn 0.000000 -0.924168 -0.381987
vn 0.771214 -0.599811 -0.213204
vn 0.681720 -0.721621 -0.120504
vn 0.762938 0.256913 -0.593230
vn 0.620605 0.150701 -0.769506
vn 0.335515 0.427519 -0.839438
vn 0.279808 0.833223 -0.476913
vn 0.964838 0.262610 0.011100
vn 0.825567 0.074397 -0.559378
vn 0.762938 0.256913 -0.593230
vn -0.730495 0.535196 -0.424197
vn 0.077698 0.531987 -0.843180
vn 0.178808 0.766035 0.617428
vn -0.730495 0.535196 -0.424197
vn 0.651367 -0.119694 -0.749262
vn 0.621992 -0.045699 -0.781689
vn 0.077698 0.531987 -0.843180
vn 0.651367 -0.119694 -0.749262
vn 0.955161 0.111995 0.274089
vn 0.915691 0.328297 0.231798
vn 0.621992 -0.045699 -0.781689
vn 0.955161 0.111995 0.274089
vn 0.172303 0.691312 0.701712
vn 0.178808 0.766035 0.617428
vn 0.915691 0.328297 0.231798
vn -0.208699 0.833495 0.511597
vn -0.830899 0.414599 -0.371099
vn -0.730495 0.535196 -0.424197
vn -0.841928 0.534518 0.073802
vn 0.323705 -0.361406 -0.874415
vn 0.483319 -0.004400 -0.875433
vn 0.269096 -0.186997 -0.944785
vn 0.323705 -0.361406 -0.874415
vn 0.469413 -0.109803 -0.876125
vn 0.483319 -0.004400 -0.875433
vn 0.518503 0.546304 0.657804
vn 0.172303 0.691312 0.701712
vn 0.955161 0.111995 0.274089
vn 0.172303 0.691312 0.701712
vn -0.841928 0.534518 0.073802
vn 0.178808 0.766035 0.617428
vn -0.208699 0.833495 0.511597
vn -0.841928 0.534518 0.073802
vn 0.172303 0.691312 0.701712
vn 0.518503 0.546304 0.657804
vn -0.208699 0.833495 0.511597
vn 0.172303 0.691312 0.701712
vn 0.323705 -0.361406 -0.874415
vn 0.285688 -0.228590 -0.930660
vn 0.469413 -0.109803 -0.876125
vn 0.285688 -0.228590 -0.930660
vn 0.323705 -0.361406 -0.874415
vn 0.422000 -0.370800 -0.827299
vn 0.553110 0.135502 -0.822015
vn 0.464496 0.379597 -0.800093
vn 0.000000 0.492818 -0.870132
vn 0.000000 0.332888 -0.942966
vn 0.515200 0.566900 -0.642801
vn 0.698799 0.243499 -0.672599
vn 0.955337 0.049102 -0.291411
vn 0.464496 0.379597 -0.800093
vn 0.659675 0.199193 -0.724673
vn 0.515200 0.566900 -0.642801
vn 0.698799 0.243499 -0.672599
vn 0.661702 0.059500 -0.747402
vn 0.825567 0.074397 -0.559378
vn 0.851500 -0.220800 -0.475600
vn 0.464496 0.379597 -0.800093
vn 0.515200 0.566900 -0.642801
vn 0.000000 0.492818 -0.870132
vn 0.661702 0.059500 -0.747402
vn 0.620605 0.150701 -0.769506
vn 0.762938 0.256913 -0.593230
vn 0.825567 0.074397 -0.559378
vn 0.862280 -0.117597 -0.492589
vn 0.851500 -0.220800 -0.475600
vn 0.825567 0.074397 -0.559378
vn 0.695426 0.155706 -0.701526
vn 0.622926 0.089604 -0.777132
vn 0.634902 0.323501 -0.701603
vn 0.695426 0.155706 -0.701526
vn 0.553110 0.135502 -0.822015
vn 0.622926 0.089604 -0.777132
vn 0.695426 0.155706 -0.701526
vn 0.464496 0.379597 -0.800093
vn 0.553110 0.135502 -0.822015
vn 0.695426 0.155706 -0.701526
vn 0.659675 0.199193 -0.724673
vn 0.464496 0.379597 -0.800093
vn 0.695426 0.155706 -0.701526
vn 0.634902 0.323501 -0.701603
vn 0.659675 0.199193 -0.724673
vn 0.780821 -0.511514 -0.358710
vn 0.764987 -0.643389 0.029099
vn 0.955337 0.049102 -0.291411
vn 0.661702 0.059500 -0.747402
vn 0.622926 0.089604 -0.777132
vn 0.553110 0.135502 -0.822015
vn 0.620605 0.150701 -0.769506
vn 0.620605 0.150701 -0.769506
vn 0.553110 0.135502 -0.822015
vn 0.000000 0.332888 -0.942966
vn 0.335515 0.427519 -0.839438
vn 0.698799 0.243499 -0.672599
vn 0.634902 0.323501 -0.701603
vn 0.622926 0.089604 -0.777132
vn 0.661702 0.059500 -0.747402
vn 0.698799 0.243499 -0.672599
vn 0.851500 -0.220800 -0.475600
vn 0.955337 0.049102 -0.291411
vn 0.515200 0.566900 -0.642801
vn 0.659675 0.199193 -0.724673
vn 0.634902 0.323501 -0.701603
vn 0.698799 0.243499 -0.672599
vn 0.588343 -0.368327 -0.719853
vn 0.498912 -0.046201 -0.865420
vn 0.890015 0.243904 -0.385207
vn 0.988444 -0.030401 -0.148507
vn 0.633992 0.501494 0.588692
vn 0.708922 0.678021 0.194206
vn 0.000000 0.919197 0.393799
vn 0.000000 0.682596 0.730796
vn 0.000000 -0.515613 -0.856822
vn 0.000000 -0.147299 -0.989092
vn 0.498912 -0.046201 -0.865420
vn 0.588343 -0.368327 -0.719853
vn 0.988444 -0.030401 -0.148507
vn 0.890015 0.243904 -0.385207
vn 0.708922 0.678021 0.194206
vn 0.633992 0.501494 0.588692
vn 0.465911 -0.847620 0.253906
vn 0.432898 -0.868297 0.242199
vn 0.000000 -0.975023 0.222105
vn 0.000000 -0.955563 0.294788
vn 0.656196 0.754196 -0.024400
vn 0.648366 0.756261 0.087695
vn 0.992821 0.089802 0.079002
vn 0.991740 0.126805 0.019301
vn 0.000000 0.999707 -0.024200
vn 0.000000 0.995097 0.098900
vn 0.648366 0.756261 0.087695
vn 0.656196 0.754196 -0.024400
vn 0.991740 0.126805 0.019301
vn 0.992821 0.089802 0.079002
vn 0.850390 -0.493894 0.181398
vn 0.896705 -0.419603 0.140901
vn -0.430100 -0.822801 -0.371500
vn -0.156407 -0.840637 0.518523
vn 0.000000 -0.999452 -0.033098
vn 0.000000 -0.969397 -0.245499
vn 0.680296 0.711095 0.177599
vn 0.675022 0.736424 0.045001
vn 0.987168 0.144295 0.068398
vn 0.944598 0.314600 0.093600
vn 0.000000 0.973542 0.228510
vn 0.000000 0.999345 0.036202
vn 0.675022 0.736424 0.045001
vn 0.680296 0.711095 0.177599
vn 0.000000 -1.000000 0.000000
vn 0.000000 -1.000000 0.000000
vn 0.000000 -1.000000 0.000000
vn 0.000000 -1.000000 0.000000
vn -0.156407 -0.840637 0.518523
vn 0.507680 -0.845266 0.166693
vn 0.000000 -0.973967 0.226692
vn 0.000000 -0.999452 -0.033098
vn 0.964972 -0.005700 0.262292
vn 0.987168 0.144295 0.068398
vn 0.895563 -0.428082 0.121295
vn 0.774401 -0.429800 0.464301
vn 0.775608 -0.212402 -0.594406
vn 0.540068 -0.406476 -0.736956
vn 0.848900 0.102600 -0.518500
vn -0.970406 -0.171201 -0.170301
vn -0.731684 -0.082898 0.676585
vn -0.156407 -0.840637 0.518523
vn -0.430100 -0.822801 -0.371500
vn -0.731684 -0.082898 0.676585
vn 0.158605 -0.067502 0.985032
vn 0.217807 -0.227407 0.949129
vn -0.156407 -0.840637 0.518523
vn 0.919112 -0.163202 0.358605
vn 0.975721 0.211605 0.056501
vn 0.964972 -0.005700 0.262292
vn 0.886890 -0.174898 0.427595
vn 0.864890 -0.125599 0.485994
vn 0.728069 -0.292487 -0.619973
vn 0.727376 -0.271891 -0.630079
vn 0.727376 -0.271891 -0.630079
vn 0.728069 -0.292487 -0.619973
vn -0.368807 -0.295405 -0.881316
vn -0.399195 -0.258097 -0.879789
vn 0.919112 -0.163202 0.358605
vn 0.964972 -0.005700 0.262292
vn 0.774401 -0.429800 0.464301
vn -0.753015 0.399808 -0.522610
vn -0.980329 0.157005 -0.119604
vn -0.795803 -0.126000 0.592302
vn -0.689136 -0.130207 0.712838
vn -0.689136 -0.130207 0.712838
vn -0.795803 -0.126000 0.592302
vn 0.686989 -0.252496 0.681389
vn 0.640316 -0.215305 0.737319
vn 0.640316 -0.215305 0.737319
vn 0.686989 -0.252496 0.681389
vn 0.999025 0.029001 -0.033301
vn 0.836652 0.291583 -0.463673
vn 0.602781 0.410887 -0.683979
vn 0.684994 0.126999 -0.717394
vn -0.542009 0.209604 -0.813814
vn -0.406716 0.460618 -0.788931
vn -0.666509 0.202703 -0.717410
vn -0.753015 0.399808 -0.522610
vn -0.689136 -0.130207 0.712838
vn -0.715017 -0.050001 0.697317
vn 0.753325 0.086603 -0.651922
vn 0.836652 0.291583 -0.463673
vn -0.753015 0.399808 -0.522610
vn -0.666509 0.202703 -0.717410
vn 0.775608 -0.212402 -0.594406
vn 0.121205 -0.616926 -0.777632
vn 0.540068 -0.406476 -0.736956
vn 0.540068 -0.406476 -0.736956
vn 0.971760 0.175093 -0.158193
vn 0.848900 0.102600 -0.518500
vn -0.406716 0.460618 -0.788931
vn -0.542009 0.209604 -0.813814
vn -0.980329 0.157005 -0.119604
vn -0.753015 0.399808 -0.522610
vn 0.000000 -1.000000 0.000000
vn 0.000000 -1.000000 0.000000
vn 0.000000 -1.000000 0.000000
vn 0.000000 -1.000000 0.000000
vn 0.684994 0.126999 -0.717394
vn 0.602781 0.410887 -0.683979
vn 0.836652 0.291583 -0.463673
vn 0.999025 0.029001 -0.033301
vn 0.602781 0.410887 -0.683979
vn -0.406716 0.460618 -0.788931
vn -0.753015 0.399808 -0.522610
vn 0.836652 0.291583 -0.463673
vn -0.982008 -0.124601 -0.141901
vn -0.992634 -0.059202 -0.105704
vn -0.753706 0.002800 0.657205
vn -0.758003 -0.024200 0.651802
vn -0.758003 -0.024200 0.651802
vn -0.753706 0.002800 0.657205
vn 0.109296 -0.021899 0.993768
vn 0.106301 -0.061801 0.992412
vn 0.864890 -0.125599 0.485994
vn 0.919277 -0.071898 0.386990
vn 0.760513 -0.222504 -0.610010
vn 0.728069 -0.292487 -0.619973
vn 0.728069 -0.292487 -0.619973
vn 0.760513 -0.222504 -0.610010
vn -0.435997 -0.216999 -0.873395
vn -0.368807 -0.295405 -0.881316
vn -0.992634 -0.059202 -0.105704
vn -0.992819 -0.118202 0.018400
vn -0.753706 0.002800 0.657205
vn -0.670431 -0.139006 0.728834
vn 0.749374 0.073297 0.658077
vn 0.109296 -0.021899 0.993768
vn 0.919277 -0.071898 0.386990
vn 0.780464 -0.074297 -0.620771
vn 0.760513 -0.222504 -0.610010
vn 0.760513 -0.222504 -0.610010
vn 0.780464 -0.074297 -0.620771
vn -0.664184 -0.020700 -0.747282
vn -0.435997 -0.216999 -0.873395
vn -0.715017 -0.050001 0.697317
vn -0.689136 -0.130207 0.712838
vn 0.640316 -0.215305 0.737319
vn 0.683205 -0.158101 0.712906
vn 0.683205 -0.158101 0.712906
vn 0.640316 -0.215305 0.737319
vn 0.836652 0.291583 -0.463673
vn 0.753325 0.086603 -0.651922
vn 0.495878 -0.319286 0.807565
vn -0.670431 -0.139006 0.728834
vn 0.670172 -0.456681 0.585075
vn 0.495878 -0.319286 0.807565
vn 0.749374 0.073297 0.658077
vn -0.670431 -0.139006 0.728834
vn 0.495878 -0.319286 0.807565
vn 0.670172 -0.456681 0.585075
vn 0.780464 -0.074297 -0.620771
vn 0.495878 -0.319286 0.807565
vn 0.780464 -0.074297 -0.620771
vn 0.749374 0.073297 0.658077
vn 0.188993 -0.924766 -0.330288
vn -0.632908 -0.748109 -0.199402
vn 0.000000 -0.997390 -0.072199
vn 0.000000 -0.999009 -0.044500
vn 0.574784 0.770179 0.276492
vn 0.567383 0.619681 0.542284
vn 0.935223 0.265706 0.234006
vn 0.974308 0.211502 0.077401
vn 0.000000 0.945270 0.326290
vn 0.000000 0.773320 0.634016
vn 0.567383 0.619681 0.542284
vn 0.574784 0.770179 0.276492
vn 0.000000 -1.000000 0.000000
vn 0.000000 -1.000000 0.000000
vn 0.000000 -1.000000 0.000000
vn 0.000000 -1.000000 0.000000
vn 0.432898 -0.868297 0.242199
vn 0.188993 -0.924766 -0.330288
vn 0.000000 -0.999009 -0.044500
vn 0.000000 -0.975023 0.222105
vn 0.648366 0.756261 0.087695
vn 0.574784 0.770179 0.276492
vn 0.974308 0.211502 0.077401
vn 0.992821 0.089802 0.079002
vn 0.000000 0.995097 0.098900
vn 0.000000 0.945270 0.326290
vn 0.574784 0.770179 0.276492
vn 0.648366 0.756261 0.087695
vn 0.992821 0.089802 0.079002
vn 0.974308 0.211502 0.077401
vn 0.873748 -0.367920 -0.318118
vn 0.850390 -0.493894 0.181398
vn -0.001400 -0.999999 -0.000100
vn -0.001700 -0.999999 -0.000200
vn -0.001700 -0.999999 -0.000200
vn -0.001400 -0.999999 -0.000100
vn -0.554817 -0.806724 0.203406
vn 0.000000 -0.989285 0.145998
vn 0.000000 -0.997390 -0.072199
vn -0.632908 -0.748109 -0.199402
vn -0.193900 -0.477801 0.856802
vn 0.000000 -0.369390 0.929275
vn 0.000000 -0.855315 0.518109
vn 0.484720 0.242310 0.840436
vn 0.000000 -0.369390 0.929275
vn -0.193900 -0.477801 0.856802
vn 0.774076 0.255192 0.579382
vn 0.935223 0.265706 0.234006
vn 0.567383 0.619681 0.542284
vn 0.484720 0.242310 0.840436
vn 0.567383 0.619681 0.542284
vn 0.000000 0.773320 0.634016
vn 0.000000 0.562499 0.826798
vn -0.391800 -0.429400 -0.813700
vn -0.936338 -0.253410 -0.243010
vn -0.632908 -0.748109 -0.199402
vn 0.188993 -0.924766 -0.330288
vn 0.991502 -0.011300 0.129600
vn 0.794767 -0.234990 -0.559576
vn 0.974308 0.211502 0.077401
vn 0.935223 0.265706 0.234006
vn 0.794767 -0.234990 -0.559576
vn -0.391800 -0.429400 -0.813700
vn 0.188993 -0.924766 -0.330288
vn 0.873748 -0.367920 -0.318118
vn -0.960398 -0.235699 0.148600
vn -0.619293 -0.381596 0.686193
vn -0.193900 -0.477801 0.856802
vn -0.554817 -0.806724 0.203406
vn -0.619293 -0.381596 0.686193
vn 0.377517 -0.111705 0.919240
vn -0.193900 -0.477801 0.856802
vn 0.881463 0.028699 0.471380
vn 0.991502 -0.011300 0.129600
vn 0.935223 0.265706 0.234006
vn 0.774076 0.255192 0.579382
vn -0.468400 0.576400 -0.669600
vn -0.516484 0.209893 -0.830174
vn -0.965784 0.072199 -0.249096
vn -0.810514 0.226604 -0.540109
vn 0.867794 0.313198 -0.385798
vn 0.998239 0.028901 -0.051802
vn 0.612181 0.194294 -0.766475
vn 0.550001 0.601301 -0.579601
vn 0.550001 0.601301 -0.579601
vn 0.612181 0.194294 -0.766475
vn -0.516484 0.209893 -0.830174
vn -0.468400 0.576400 -0.669600
vn -0.970065 -0.048798 0.237891
vn -0.979006 -0.043200 0.199201
vn -0.539805 -0.145001 0.829208
vn -0.508606 -0.108701 0.854110
vn -0.508606 -0.108701 0.854110
vn -0.539805 -0.145001 0.829208
vn 0.335780 -0.158291 0.928545
vn 0.304407 -0.095702 0.947722
vn 0.921999 -0.012200 0.387000
vn 0.932082 -0.068599 0.355693
vn 0.998239 0.028901 -0.051802
vn 0.867794 0.313198 -0.385798
vn -0.287895 -0.651189 -0.702189
vn -0.305812 -0.697527 -0.648025
vn -0.914199 -0.313600 -0.256700
vn -0.908842 -0.356916 -0.215910
vn 0.968476 -0.233494 0.086798
vn 0.954438 -0.298112 0.013301
vn 0.688377 -0.595680 -0.413886
vn 0.732514 -0.493410 -0.469009
vn 0.732514 -0.493410 -0.469009
vn 0.688377 -0.595680 -0.413886
vn -0.305812 -0.697527 -0.648025
vn -0.287895 -0.651189 -0.702189
vn -0.966419 -0.172903 0.190104
vn -0.971909 -0.158701 0.173802
vn -0.560494 -0.107199 0.821191
vn -0.614892 -0.175698 0.768790
vn -0.614892 -0.175698 0.768790
vn -0.560494 -0.107199 0.821191
vn 0.418605 -0.156902 0.894512
vn 0.343697 -0.197898 0.917992
vn 0.893693 -0.179299 0.411297
vn 0.915374 -0.203494 0.347390
vn 0.954438 -0.298112 0.013301
vn 0.968476 -0.233494 0.086798
vn 0.377517 -0.111705 0.919240
vn 0.484720 0.242310 0.840436
vn -0.193900 -0.477801 0.856802
vn 0.740286 -0.310894 -0.596089
vn 0.646168 -0.025699 -0.762762
vn -0.543484 -0.079198 -0.835675
vn -0.560827 -0.319415 -0.763837
vn -0.995748 -0.070996 0.058697
vn -0.997927 -0.041601 0.049101
vn -0.611906 -0.031400 0.790307
vn -0.605937 0.020501 0.795249
vn -0.605937 0.020501 0.795249
vn -0.611906 -0.031400 0.790307
vn 0.299617 0.003100 0.954054
vn 0.366187 0.032699 0.929967
vn 0.959476 -0.046699 0.277893
vn 0.962058 0.041398 0.269688
vn 0.646168 -0.025699 -0.762762
vn 0.740286 -0.310894 -0.596089
vn 0.867794 0.313198 -0.385798
vn 0.550001 0.601301 -0.579601
vn -0.468400 0.576400 -0.669600
vn -0.810514 0.226604 -0.540109
vn -0.989939 -0.043302 0.134705
vn -0.970065 -0.048798 0.237891
vn -0.508606 -0.108701 0.854110
vn -0.553010 -0.072501 0.830014
vn -0.553010 -0.072501 0.830014
vn -0.508606 -0.108701 0.854110
vn 0.304407 -0.095702 0.947722
vn 0.289194 -0.041299 0.956379
vn 0.942887 0.062499 0.327196
vn 0.921999 -0.012200 0.387000
vn 0.867794 0.313198 -0.385798
vn 0.660085 0.027599 -0.750683
vn 0.660085 0.027599 -0.750683
vn 0.867794 0.313198 -0.385798
vn -0.810514 0.226604 -0.540109
vn -0.579914 -0.053501 -0.812919
vn -0.305812 -0.697527 -0.648025
vn -0.560827 -0.319415 -0.763837
vn -0.914199 -0.313600 -0.256700
vn 0.954438 -0.298112 0.013301
vn 0.740286 -0.310894 -0.596089
vn 0.688377 -0.595680 -0.413886
vn 0.688377 -0.595680 -0.413886
vn 0.740286 -0.310894 -0.596089
vn -0.560827 -0.319415 -0.763837
vn -0.305812 -0.697527 -0.648025
vn -0.971909 -0.158701 0.173802
vn -0.995748 -0.070996 0.058697
vn -0.605937 0.020501 0.795249
vn -0.560494 -0.107199 0.821191
vn -0.560494 -0.107199 0.821191
vn -0.605937 0.020501 0.795249
vn 0.366187 0.032699 0.929967
vn 0.418605 -0.156902 0.894512
vn 0.915374 -0.203494 0.347390
vn 0.959476 -0.046699 0.277893
vn 0.740286 -0.310894 -0.596089
vn 0.954438 -0.298112 0.013301
vn 0.000000 0.418506 0.908214
vn 0.484720 0.242310 0.840436
vn 0.000000 0.562499 0.826798
vn 0.983927 -0.153704 0.090902
vn 0.000000 -0.493401 -0.869802
vn 0.484720 0.242310 0.840436
vn 0.000000 0.418506 0.908214
vn 0.983927 -0.153704 0.090902
vn 0.484720 0.242310 0.840436
vn 0.000000 -0.407993 -0.912985
vn 0.000000 -0.270995 -0.962581
vn 0.675077 -0.193293 -0.711975
vn 0.739760 -0.284285 -0.609867
vn 0.739760 -0.284285 -0.609867
vn 0.675077 -0.193293 -0.711975
vn 0.976457 0.085805 -0.197912
vn 0.971760 0.175093 -0.158193
vn 0.775608 -0.212402 -0.594406
vn 0.848900 0.102600 -0.518500
vn 0.975721 0.211605 0.056501
vn 0.919112 -0.163202 0.358605
vn 0.775608 -0.212402 -0.594406
vn 0.975721 0.211605 0.056501
vn 0.915691 0.328297 0.231798
vn 0.178808 0.766035 0.617428
vn 0.687411 0.705411 0.172803
vn 0.964838 0.262610 0.011100
vn 0.529518 0.710924 0.462815
vn 0.967763 -0.006100 -0.251790
vn 0.964838 0.262610 0.011100
vn 0.862280 -0.117597 -0.492589
vn 0.825567 0.074397 -0.559378
vn 0.000000 -0.974704 0.223501
vn 0.681720 -0.721621 -0.120504
vn 0.622999 -0.692999 -0.362800
vn 0.919277 -0.071898 0.386990
vn 0.749374 0.073297 0.658077
vn 0.780464 -0.074297 -0.620771
vn -0.670431 -0.139006 0.728834
vn -0.753706 0.002800 0.657205
vn -0.992819 -0.118202 0.018400
vn 0.665300 0.488700 -0.564400
vn 0.771677 -0.356389 -0.526784
vn 0.620626 -0.345815 -0.703730
vn 0.558892 0.314495 -0.767289
vn 0.000000 0.848071 -0.529882
vn 0.665300 0.488700 -0.564400
vn 0.558892 0.314495 -0.767289
vn 0.000000 0.400703 -0.916208
vn 0.000000 -0.553777 -0.832665
vn 0.620626 -0.345815 -0.703730
vn 0.771677 -0.356389 -0.526784
vn 0.000000 -0.803205 -0.595703
vn 0.422000 -0.370800 -0.827299
vn 0.323705 -0.361406 -0.874415
vn 0.269096 -0.186997 -0.944785
vn -0.841928 0.534518 0.073802
vn -0.730495 0.535196 -0.424197
vn 0.178808 0.766035 0.617428
vn 0.851500 -0.220800 -0.475600
vn 0.833198 -0.457299 -0.310899
vn 0.780821 -0.511514 -0.358710
vn 0.955337 0.049102 -0.291411
vn 0.681720 -0.721621 -0.120504
vn 0.771214 -0.599811 -0.213204
vn 0.808605 0.467203 -0.357602
vn 0.836591 -0.229597 -0.497394
vn 0.640925 -0.759030 -0.114405
vn 0.000000 -0.958678 -0.284493
vn 0.000000 -0.793267 -0.608874
vn 0.677617 -0.585415 -0.445111
vn 0.771214 -0.599811 -0.213204
vn 0.752416 0.117002 -0.648214
vn 0.808605 0.467203 -0.357602
vn 0.833198 -0.457299 -0.310899
vn 0.851500 -0.220800 -0.475600
vn 0.862280 -0.117597 -0.492589
vn 0.622999 -0.692999 -0.362800
vn 0.836591 -0.229597 -0.497394
vn 0.780821 -0.511514 -0.358710
vn 0.833198 -0.457299 -0.310899
vn 0.681720 -0.721621 -0.120504
vn -0.368807 -0.295405 -0.881316
vn -0.435997 -0.216999 -0.873395
vn -0.992634 -0.059202 -0.105704
vn -0.982008 -0.124601 -0.141901
vn -0.399195 -0.258097 -0.879789
vn -0.970406 -0.171201 -0.170301
vn -0.430100 -0.822801 -0.371500
vn 0.121205 -0.616926 -0.777632
vn 0.121205 -0.616926 -0.777632
vn -0.430100 -0.822801 -0.371500
vn 0.000000 -0.969397 -0.245499
vn 0.000000 -0.870199 -0.492700
vn -0.435997 -0.216999 -0.873395
vn -0.664184 -0.020700 -0.747282
vn -0.992819 -0.118202 0.018400
vn -0.992634 -0.059202 -0.105704
vn -0.664184 -0.020700 -0.747282
vn -0.670431 -0.139006 0.728834
vn -0.992819 -0.118202 0.018400
vn 0.418605 -0.156902 0.894512
vn 0.366187 0.032699 0.929967
vn 0.959476 -0.046699 0.277893
vn 0.915374 -0.203494 0.347390
vn -0.914199 -0.313600 -0.256700
vn -0.560827 -0.319415 -0.763837
vn -0.995748 -0.070996 0.058697
vn -0.971909 -0.158701 0.173802
vn 0.289194 -0.041299 0.956379
vn 0.304407 -0.095702 0.947722
vn 0.921999 -0.012200 0.387000
vn 0.942887 0.062499 0.327196
vn -0.579914 -0.053501 -0.812919
vn -0.810514 0.226604 -0.540109
vn -0.970065 -0.048798 0.237891
vn -0.989939 -0.043302 0.134705
vn 0.366187 0.032699 0.929967
vn 0.299617 0.003100 0.954054
vn 0.962058 0.041398 0.269688
vn 0.959476 -0.046699 0.277893
vn -0.560827 -0.319415 -0.763837
vn -0.543484 -0.079198 -0.835675
vn -0.997927 -0.041601 0.049101
vn -0.995748 -0.070996 0.058697
vn 0.343697 -0.197898 0.917992
vn 0.418605 -0.156902 0.894512
vn 0.915374 -0.203494 0.347390
vn 0.893693 -0.179299 0.411297
vn -0.908842 -0.356916 -0.215910
vn -0.914199 -0.313600 -0.256700
vn -0.971909 -0.158701 0.173802
vn -0.966419 -0.172903 0.190104
vn 0.304407 -0.095702 0.947722
vn 0.335780 -0.158291 0.928545
vn 0.932082 -0.068599 0.355693
vn 0.921999 -0.012200 0.387000
vn -0.810514 0.226604 -0.540109
vn -0.965784 0.072199 -0.249096
vn -0.979006 -0.043200 0.199201
vn -0.970065 -0.048798 0.237891
vn 0.377517 -0.111705 0.919240
vn 0.881463 0.028699 0.471380
vn 0.774076 0.255192 0.579382
vn 0.484720 0.242310 0.840436
vn -0.936338 -0.253410 -0.243010
vn -0.960398 -0.235699 0.148600
vn -0.554817 -0.806724 0.203406
vn -0.632908 -0.748109 -0.199402
vn -0.193900 -0.477801 0.856802
vn 0.000000 -0.855315 0.518109
vn 0.000000 -0.989285 0.145998
vn -0.554817 -0.806724 0.203406
vn -0.001200 -0.999999 -0.000100
vn -0.001400 -0.999999 -0.000100
vn -0.001400 -0.999999 -0.000100
vn -0.001200 -0.999999 -0.000100
vn 0.484720 0.242310 0.840436
vn 0.774076 0.255192 0.579382
vn 0.567383 0.619681 0.542284
vn -0.936338 -0.253410 -0.243010
vn -0.908842 -0.356916 -0.215910
vn -0.966419 -0.172903 0.190104
vn -0.960398 -0.235699 0.148600
vn 0.377517 -0.111705 0.919240
vn 0.343697 -0.197898 0.917992
vn 0.893693 -0.179299 0.411297
vn 0.881463 0.028699 0.471380
vn 0.881463 0.028699 0.471380
vn 0.893693 -0.179299 0.411297
vn 0.968476 -0.233494 0.086798
vn 0.991502 -0.011300 0.129600
vn -0.619293 -0.381596 0.686193
vn -0.614892 -0.175698 0.768790
vn 0.343697 -0.197898 0.917992
vn 0.377517 -0.111705 0.919240
vn -0.960398 -0.235699 0.148600
vn -0.966419 -0.172903 0.190104
vn -0.614892 -0.175698 0.768790
vn -0.619293 -0.381596 0.686193
vn 0.794767 -0.234990 -0.559576
vn 0.732514 -0.493410 -0.469009
vn -0.287895 -0.651189 -0.702189
vn -0.391800 -0.429400 -0.813700
vn 0.991502 -0.011300 0.129600
vn 0.968476 -0.233494 0.086798
vn 0.732514 -0.493410 -0.469009
vn 0.794767 -0.234990 -0.559576
vn -0.391800 -0.429400 -0.813700
vn -0.287895 -0.651189 -0.702189
vn -0.908842 -0.356916 -0.215910
vn -0.936338 -0.253410 -0.243010
vn -0.156407 -0.840637 0.518523
vn 0.217807 -0.227407 0.949129
vn 0.774401 -0.429800 0.464301
vn 0.896705 -0.419603 0.140901
vn 0.850390 -0.493894 0.181398
vn 0.432898 -0.868297 0.242199
vn 0.465911 -0.847620 0.253906
vn 0.873748 -0.367920 -0.318118
vn 0.974308 0.211502 0.077401
vn 0.794767 -0.234990 -0.559576
vn 0.850390 -0.493894 0.181398
vn 0.873748 -0.367920 -0.318118
vn 0.188993 -0.924766 -0.330288
vn 0.432898 -0.868297 0.242199
vn 0.774401 -0.429800 0.464301
vn 0.895563 -0.428082 0.121295
vn 0.507680 -0.845266 0.166693
vn -0.156407 -0.840637 0.518523
vn 0.895563 -0.428082 0.121295
vn 0.896705 -0.419603 0.140901
vn 0.465911 -0.847620 0.253906
vn 0.507680 -0.845266 0.166693
vn 0.987168 0.144295 0.068398
vn 0.991740 0.126805 0.019301
vn 0.896705 -0.419603 0.140901
vn 0.895563 -0.428082 0.121295
vn 0.000000 0.999345 0.036202
vn 0.000000 0.999707 -0.024200
vn 0.656196 0.754196 -0.024400
vn 0.675022 0.736424 0.045001
vn 0.675022 0.736424 0.045001
vn 0.656196 0.754196 -0.024400
vn 0.991740 0.126805 0.019301
vn 0.987168 0.144295 0.068398
vn 0.507680 -0.845266 0.166693
vn 0.465911 -0.847620 0.253906
vn 0.000000 -0.955563 0.294788
vn 0.000000 -0.973967 0.226692
vn 0.217807 -0.227407 0.949129
vn 0.158605 -0.067502 0.985032
vn 0.886890 -0.174898 0.427595
vn 0.919112 -0.163202 0.358605
vn 0.106301 -0.061801 0.992412
vn 0.109296 -0.021899 0.993768
vn 0.919277 -0.071898 0.386990
vn 0.864890 -0.125599 0.485994
vn 0.109296 -0.021899 0.993768
vn 0.749374 0.073297 0.658077
vn 0.919277 -0.071898 0.386990
vn 0.774401 -0.429800 0.464301
vn 0.217807 -0.227407 0.949129
vn 0.919112 -0.163202 0.358605
vn 0.158605 -0.067502 0.985032
vn 0.106301 -0.061801 0.992412
vn 0.864890 -0.125599 0.485994
vn 0.886890 -0.174898 0.427595
vn -0.368807 -0.295405 -0.881316
vn -0.982008 -0.124601 -0.141901
vn -0.970406 -0.171201 -0.170301
vn -0.399195 -0.258097 -0.879789
vn 0.775608 -0.212402 -0.594406
vn 0.727376 -0.271891 -0.630079
vn -0.399195 -0.258097 -0.879789
vn 0.121205 -0.616926 -0.777632
vn 0.919112 -0.163202 0.358605
vn 0.886890 -0.174898 0.427595
vn 0.727376 -0.271891 -0.630079
vn 0.775608 -0.212402 -0.594406
vn -0.758003 -0.024200 0.651802
vn 0.106301 -0.061801 0.992412
vn 0.158605 -0.067502 0.985032
vn -0.731684 -0.082898 0.676585
vn -0.982008 -0.124601 -0.141901
vn -0.758003 -0.024200 0.651802
vn -0.731684 -0.082898 0.676585
vn -0.970406 -0.171201 -0.170301
vn -0.753706 0.002800 0.657205
vn -0.670431 -0.139006 0.728834
vn 0.109296 -0.021899 0.993768
vn 0.964972 -0.005700 0.262292
vn 0.975721 0.211605 0.056501
vn 0.944598 0.314600 0.093600
vn 0.987168 0.144295 0.068398
vn 0.964972 -0.005700 0.262292
vn 0.944598 0.314600 0.093600
vn 0.975721 0.211605 0.056501
vn 0.848900 0.102600 -0.518500
vn 0.944598 0.314600 0.093600
vn -0.121205 -0.616926 -0.777632
vn -0.540068 -0.406476 -0.736956
vn 0.000000 -0.627897 -0.778296
vn 0.000000 -0.870199 -0.492700
vn -0.680296 0.711095 0.177599
vn -0.653621 0.705322 0.274409
vn -0.971760 0.175093 -0.158193
vn -0.944598 0.314600 0.093600
vn 0.000000 0.973542 0.228510
vn 0.000000 0.915417 0.402507
vn -0.653621 0.705322 0.274409
vn -0.680296 0.711095 0.177599
vn -0.739760 -0.284285 -0.609867
vn -0.540068 -0.406476 -0.736956
vn -0.971760 0.175093 -0.158193
vn -0.679676 0.651677 0.336688
vn -0.653621 0.705322 0.274409
vn 0.000000 0.915417 0.402507
vn 0.000000 0.869692 0.493595
vn 0.000000 -0.407993 -0.912985
vn 0.000000 -0.627897 -0.778296
vn -0.540068 -0.406476 -0.736956
vn -0.739760 -0.284285 -0.609867
vn -0.588343 -0.368327 -0.719853
vn -0.654055 -0.597759 -0.463568
vn -0.942712 -0.331104 0.040801
vn -0.988444 -0.030401 -0.148507
vn -0.633992 0.501494 0.588692
vn -0.571777 0.128595 0.810268
vn 0.000000 0.328082 0.944649
vn 0.000000 0.682596 0.730796
vn 0.000000 -0.515613 -0.856822
vn 0.000000 -0.778698 -0.627399
vn -0.654055 -0.597759 -0.463568
vn -0.588343 -0.368327 -0.719853
vn -0.848900 0.102600 -0.518500
vn -0.944598 0.314600 0.093600
vn -0.971760 0.175093 -0.158193
vn -0.976462 0.085797 -0.197892
vn -0.971760 0.175093 -0.158193
vn -0.653621 0.705322 0.274409
vn -0.679676 0.651677 0.336688
vn -0.988444 -0.030401 -0.148507
vn -0.942712 -0.331104 0.040801
vn -0.571777 0.128595 0.810268
vn -0.633992 0.501494 0.588692
vn -0.598912 -0.679914 -0.423109
vn -0.989950 -0.139207 -0.024901
vn -0.985032 -0.117304 -0.126304
vn -0.580624 -0.639326 -0.504121
vn -0.656680 -0.144596 0.740178
vn 0.000000 -0.130703 0.991422
vn 0.000000 0.373011 0.927827
vn -0.711928 0.247410 0.657226
vn 0.000000 -0.820157 -0.572139
vn -0.598912 -0.679914 -0.423109
vn -0.580624 -0.639326 -0.504121
vn 0.000000 -0.767795 -0.640696
vn -0.989950 -0.139207 -0.024901
vn -0.656680 -0.144596 0.740178
vn -0.711928 0.247410 0.657226
vn -0.580624 -0.639326 -0.504121
vn -0.985032 -0.117304 -0.126304
vn -0.967763 -0.006100 -0.251790
vn -0.564676 -0.580275 -0.586875
vn -0.645301 0.642601 0.413100
vn 0.000000 0.816521 0.577315
vn 0.000000 0.827204 0.561902
vn -0.529518 0.710924 0.462815
vn 0.000000 -0.767795 -0.640696
vn -0.580624 -0.639326 -0.504121
vn -0.564676 -0.580275 -0.586875
vn 0.000000 -0.741287 -0.671188
vn -0.985032 -0.117304 -0.126304
vn -0.645301 0.642601 0.413100
vn -0.529518 0.710924 0.462815
vn -0.967763 -0.006100 -0.251790
vn -0.711928 0.247410 0.657226
vn 0.000000 0.373011 0.927827
vn 0.000000 0.816521 0.577315
vn -0.645301 0.642601 0.413100
vn -0.989950 -0.139207 -0.024901
vn -0.711928 0.247410 0.657226
vn -0.645301 0.642601 0.413100
vn -0.985032 -0.117304 -0.126304
vn -0.862280 -0.117597 -0.492589
vn -0.967763 -0.006100 -0.251790
vn -0.964838 0.262610 0.011100
vn -0.116297 0.934874 0.335390
vn -0.529518 0.710924 0.462815
vn 0.000000 0.827204 0.561902
vn 0.000000 0.963137 0.269010
vn 0.000000 -0.987804 -0.155701
vn 0.000000 -0.741287 -0.671188
vn -0.564676 -0.580275 -0.586875
vn -0.622999 -0.692999 -0.362800
vn -0.622999 -0.692999 -0.362800
vn -0.564676 -0.580275 -0.586875
vn -0.967763 -0.006100 -0.251790
vn -0.862280 -0.117597 -0.492589
vn 0.000000 -0.648185 -0.761483
vn 0.000000 -0.793267 -0.608874
vn -0.677617 -0.585415 -0.445111
vn -0.763237 -0.257412 -0.592629
vn 0.000000 -0.553777 -0.832665
vn -0.620626 -0.345815 -0.703730
vn -0.558892 0.314495 -0.767289
vn 0.000000 0.400703 -0.916208
vn -0.285688 -0.228590 -0.930660
vn -0.260399 0.167299 -0.950896
vn -0.422000 -0.370800 -0.827299
vn -0.116297 0.934874 0.335390
vn 0.000000 0.963137 0.269010
vn 0.000000 0.905043 -0.425320
vn -0.279808 0.833223 -0.476913
vn 0.000000 -0.987804 -0.155701
vn -0.622999 -0.692999 -0.362800
vn 0.000000 -0.974704 0.223501
vn -0.622999 -0.692999 -0.362800
vn -0.833198 -0.457299 -0.310899
vn -0.681720 -0.721621 -0.120504
vn -0.955337 0.049102 -0.291411
vn -0.515200 0.566900 -0.642801
vn -0.626304 0.655804 -0.421503
vn -0.964573 0.003500 -0.263793
vn -0.515200 0.566900 -0.642801
vn 0.000000 0.664705 -0.747106
vn 0.000000 0.888696 -0.458498
vn -0.626304 0.655804 -0.421503
vn -0.764987 -0.643389 0.029099
vn -0.955337 0.049102 -0.291411
vn -0.964573 0.003500 -0.263793
vn 0.000000 -0.924168 -0.381987
vn -0.771214 -0.599811 -0.213204
vn -0.752416 0.117002 -0.648214
vn 0.000000 -0.259909 -0.965633
vn -0.964573 0.003500 -0.263793
vn -0.626304 0.655804 -0.421503
vn -0.585206 0.561206 -0.585306
vn -0.763237 -0.257412 -0.592629
vn -0.626304 0.655804 -0.421503
vn 0.000000 0.888696 -0.458498
vn 0.000000 0.854104 -0.520102
vn -0.585206 0.561206 -0.585306
vn -0.677617 -0.585415 -0.445111
vn -0.964573 0.003500 -0.263793
vn -0.763237 -0.257412 -0.592629
vn 0.000000 0.492818 -0.870132
vn 0.000000 0.664705 -0.747106
vn -0.515200 0.566900 -0.642801
vn -0.279808 0.833223 -0.476913
vn 0.000000 0.905043 -0.425320
vn 0.000000 0.496903 -0.867806
vn -0.335515 0.427519 -0.839438
vn -0.335515 0.427519 -0.839438
vn 0.000000 0.496903 -0.867806
vn 0.000000 0.332888 -0.942966
vn 0.000000 -0.974704 0.223501
vn -0.681720 -0.721621 -0.120504
vn -0.771214 -0.599811 -0.213204
vn 0.000000 -0.924168 -0.381987
vn -0.762938 0.256913 -0.593230
vn -0.279808 0.833223 -0.476913
vn -0.335515 0.427519 -0.839438
vn -0.620605 0.150701 -0.769506
vn -0.964838 0.262610 0.011100
vn -0.762938 0.256913 -0.593230
vn -0.825567 0.074397 -0.559378
vn 0.730495 0.535196 -0.424197
vn -0.178808 0.766035 0.617428
vn -0.077698 0.531987 -0.843180
vn 0.730495 0.535196 -0.424197
vn -0.077698 0.531987 -0.843180
vn -0.621992 -0.045699 -0.781689
vn -0.651367 -0.119694 -0.749262
vn -0.651367 -0.119694 -0.749262
vn -0.621992 -0.045699 -0.781689
vn -0.915691 0.328297 0.231798
vn -0.955161 0.111995 0.274089
vn -0.955161 0.111995 0.274089
vn -0.915691 0.328297 0.231798
vn -0.178808 0.766035 0.617428
vn -0.172303 0.691312 0.701712
vn 0.208699 0.833495 0.511597
vn 0.841928 0.534518 0.073802
vn 0.730495 0.535196 -0.424197
vn 0.830899 0.414599 -0.371099
vn -0.323705 -0.361406 -0.874415
vn -0.269189 -0.186992 -0.944760
vn -0.483319 -0.004400 -0.875433
vn -0.323705 -0.361406 -0.874415
vn -0.483319 -0.004400 -0.875433
vn -0.469413 -0.109803 -0.876125
vn -0.518503 0.546304 0.657804
vn -0.955161 0.111995 0.274089
vn -0.172303 0.691312 0.701712
vn -0.172303 0.691312 0.701712
vn -0.178808 0.766035 0.617428
vn 0.841928 0.534518 0.073802
vn 0.208699 0.833495 0.511597
vn -0.172303 0.691312 0.701712
vn 0.841928 0.534518 0.073802
vn -0.518503 0.546304 0.657804
vn -0.172303 0.691312 0.701712
vn 0.208699 0.833495 0.511597
vn -0.323705 -0.361406 -0.874415
vn -0.469413 -0.109803 -0.876125
vn -0.285688 -0.228590 -0.930660
vn -0.285688 -0.228590 -0.930660
vn -0.422000 -0.370800 -0.827299
vn -0.323705 -0.361406 -0.874415
vn -0.553110 0.135502 -0.822015
vn 0.000000 0.332888 -0.942966
vn 0.000000 0.492818 -0.870132
vn -0.464496 0.379597 -0.800093
vn -0.515200 0.566900 -0.642801
vn -0.955337 0.049102 -0.291411
vn -0.698799 0.243499 -0.672599
vn -0.464496 0.379597 -0.800093
vn -0.515200 0.566900 -0.642801
vn -0.659675 0.199193 -0.724673
vn -0.698799 0.243499 -0.672599
vn -0.851500 -0.220800 -0.475600
vn -0.825567 0.074397 -0.559378
vn -0.661702 0.059500 -0.747402
vn -0.464496 0.379597 -0.800093
vn 0.000000 0.492818 -0.870132
vn -0.515200 0.566900 -0.642801
vn -0.661702 0.059500 -0.747402
vn -0.825567 0.074397 -0.559378
vn -0.762938 0.256913 -0.593230
vn -0.620605 0.150701 -0.769506
vn -0.862280 -0.117597 -0.492589
vn -0.825567 0.074397 -0.559378
vn -0.851500 -0.220800 -0.475600
vn -0.695426 0.155706 -0.701526
vn -0.634902 0.323501 -0.701603
vn -0.622926 0.089604 -0.777132
vn -0.695426 0.155706 -0.701526
vn -0.622926 0.089604 -0.777132
vn -0.553110 0.135502 -0.822015
vn -0.695426 0.155706 -0.701526
vn -0.553110 0.135502 -0.822015
vn -0.464496 0.379597 -0.800093
vn -0.695426 0.155706 -0.701526
vn -0.464496 0.379597 -0.800093
vn -0.659675 0.199193 -0.724673
vn -0.695426 0.155706 -0.701526
vn -0.659675 0.199193 -0.724673
vn -0.634902 0.323501 -0.701603
vn -0.780821 -0.511514 -0.358710
vn -0.955337 0.049102 -0.291411
vn -0.764987 -0.643389 0.029099
vn -0.661702 0.059500 -0.747402
vn -0.620605 0.150701 -0.769506
vn -0.553110 0.135502 -0.822015
vn -0.622926 0.089604 -0.777132
vn -0.620605 0.150701 -0.769506
vn -0.335515 0.427519 -0.839438
vn 0.000000 0.332888 -0.942966
vn -0.553110 0.135502 -0.822015
vn -0.698799 0.243499 -0.672599
vn -0.661702 0.059500 -0.747402
vn -0.622926 0.089604 -0.777132
vn -0.634902 0.323501 -0.701603
vn -0.698799 0.243499 -0.672599
vn -0.955337 0.049102 -0.291411
vn -0.851500 -0.220800 -0.475600
vn -0.515200 0.566900 -0.642801
vn -0.698799 0.243499 -0.672599
vn -0.634902 0.323501 -0.701603
vn -0.659675 0.199193 -0.724673
vn -0.588343 -0.368327 -0.719853
vn -0.988444 -0.030401 -0.148507
vn -0.890015 0.243904 -0.385207
vn -0.498912 -0.046201 -0.865420
vn -0.633992 0.501494 0.588692
vn 0.000000 0.682596 0.730796
vn 0.000000 0.919197 0.393799
vn -0.708922 0.678021 0.194206
vn 0.000000 -0.515613 -0.856822
vn -0.588343 -0.368327 -0.719853
vn -0.498912 -0.046201 -0.865420
vn 0.000000 -0.147299 -0.989092
vn -0.988444 -0.030401 -0.148507
vn -0.633992 0.501494 0.588692
vn -0.708922 0.678021 0.194206
vn -0.890015 0.243904 -0.385207
vn -0.465911 -0.847620 0.253906
vn 0.000000 -0.955563 0.294788
vn 0.000000 -0.975023 0.222105
vn -0.432898 -0.868297 0.242199
vn -0.656196 0.754196 -0.024400
vn -0.991740 0.126805 0.019301
vn -0.992821 0.089802 0.079002
vn -0.648366 0.756261 0.087695
vn 0.000000 0.999707 -0.024200
vn -0.656196 0.754196 -0.024400
vn -0.648366 0.756261 0.087695
vn 0.000000 0.995097 0.098900
vn -0.991740 0.126805 0.019301
vn -0.896705 -0.419603 0.140901
vn -0.850390 -0.493894 0.181398
vn -0.992821 0.089802 0.079002
vn 0.430100 -0.822801 -0.371500
vn 0.000000 -0.969397 -0.245499
vn 0.000000 -0.999452 -0.033098
vn 0.156407 -0.840637 0.518523
vn -0.680296 0.711095 0.177599
vn -0.944598 0.314600 0.093600
vn -0.987168 0.144295 0.068398
vn -0.675022 0.736424 0.045001
vn 0.000000 0.973542 0.228510
vn -0.680296 0.711095 0.177599
vn -0.675022 0.736424 0.045001
vn 0.000000 0.999345 0.036202
vn 0.000000 -1.000000 0.000000
vn 0.000000 -1.000000 0.000000
vn 0.000000 -1.000000 0.000000
vn 0.000000 -1.000000 0.000000
vn 0.156407 -0.840637 0.518523
vn 0.000000 -0.999452 -0.033098
vn 0.000000 -0.973967 0.226692
vn -0.507680 -0.845266 0.166693
vn -0.964972 -0.005700 0.262292
vn -0.774401 -0.429800 0.464301
vn -0.895563 -0.428082 0.121295
vn -0.987168 0.144295 0.068398
vn -0.775608 -0.212402 -0.594406
vn -0.848900 0.102600 -0.518500
vn -0.540068 -0.406476 -0.736956
vn 0.970406 -0.171201 -0.170301
vn 0.430100 -0.822801 -0.371500
vn 0.156407 -0.840637 0.518523
vn 0.731684 -0.082898 0.676585
vn 0.731684 -0.082898 0.676585
vn 0.156407 -0.840637 0.518523
vn -0.217807 -0.227407 0.949129
vn -0.158605 -0.067502 0.985032
vn -0.919112 -0.163202 0.358605
vn -0.964972 -0.005700 0.262292
vn -0.975721 0.211605 0.056501
vn -0.886890 -0.174898 0.427595
vn -0.727376 -0.271891 -0.630079
vn -0.728069 -0.292487 -0.619973
vn -0.864890 -0.125599 0.485994
vn -0.727376 -0.271891 -0.630079
vn 0.399195 -0.258097 -0.879789
vn 0.368807 -0.295405 -0.881316
vn -0.728069 -0.292487 -0.619973
vn -0.919112 -0.163202 0.358605
vn -0.774401 -0.429800 0.464301
vn -0.964972 -0.005700 0.262292
vn 0.753015 0.399808 -0.522610
vn 0.689136 -0.130207 0.712838
vn 0.795803 -0.126000 0.592302
vn 0.980329 0.157005 -0.119604
vn 0.689136 -0.130207 0.712838
vn -0.640316 -0.215305 0.737319
vn -0.686989 -0.252496 0.681389
vn 0.795803 -0.126000 0.592302
vn -0.640316 -0.215305 0.737319
vn -0.836652 0.291583 -0.463673
vn -0.999025 0.029001 -0.033301
vn -0.686989 -0.252496 0.681389
vn -0.602781 0.410887 -0.683979
vn 0.406716 0.460618 -0.788931
vn 0.542009 0.209604 -0.813814
vn -0.684994 0.126999 -0.717394
vn 0.666509 0.202703 -0.717410
vn 0.715017 -0.050001 0.697317
vn 0.689136 -0.130207 0.712838
vn 0.753015 0.399808 -0.522610
vn -0.753325 0.086603 -0.651922
vn 0.666509 0.202703 -0.717410
vn 0.753015 0.399808 -0.522610
vn -0.836652 0.291583 -0.463673
vn -0.775608 -0.212402 -0.594406
vn -0.540068 -0.406476 -0.736956
vn -0.121205 -0.616926 -0.777632
vn -0.540068 -0.406476 -0.736956
vn -0.848900 0.102600 -0.518500
vn -0.971760 0.175093 -0.158193
vn 0.406716 0.460618 -0.788931
vn 0.753015 0.399808 -0.522610
vn 0.980329 0.157005 -0.119604
vn 0.542009 0.209604 -0.813814
vn 0.000000 -1.000000 0.000000
vn 0.000000 -1.000000 0.000000
vn 0.000000 -1.000000 0.000000
vn 0.000000 -1.000000 0.000000
vn -0.684994 0.126999 -0.717394
vn -0.999025 0.029001 -0.033301
vn -0.836652 0.291583 -0.463673
vn -0.602781 0.410887 -0.683979
vn -0.602781 0.410887 -0.683979
vn -0.836652 0.291583 -0.463673
vn 0.753015 0.399808 -0.522610
vn 0.406716 0.460618 -0.788931
vn 0.982008 -0.124601 -0.141901
vn 0.758003 -0.024200 0.651802
vn 0.753706 0.002800 0.657205
vn 0.992634 -0.059202 -0.105704
vn 0.758003 -0.024200 0.651802
vn -0.106301 -0.061801 0.992412
vn -0.109296 -0.021899 0.993768
vn 0.753706 0.002800 0.657205
vn -0.864890 -0.125599 0.485994
vn -0.728069 -0.292487 -0.619973
vn -0.760513 -0.222504 -0.610010
vn -0.919277 -0.071898 0.386990
vn -0.728069 -0.292487 -0.619973
vn 0.368807 -0.295405 -0.881316
vn 0.435997 -0.216999 -0.873395
vn -0.760513 -0.222504 -0.610010
vn 0.992634 -0.059202 -0.105704
vn 0.753706 0.002800 0.657205
vn 0.992819 -0.118202 0.018400
vn 0.670431 -0.139006 0.728834
vn -0.109296 -0.021899 0.993768
vn -0.749374 0.073297 0.658077
vn -0.919277 -0.071898 0.386990
vn -0.760513 -0.222504 -0.610010
vn -0.780464 -0.074297 -0.620771
vn -0.760513 -0.222504 -0.610010
vn 0.435997 -0.216999 -0.873395
vn 0.664184 -0.020700 -0.747282
vn -0.780464 -0.074297 -0.620771
vn 0.715017 -0.050001 0.697317
vn -0.683205 -0.158101 0.712906
vn -0.640316 -0.215305 0.737319
vn 0.689136 -0.130207 0.712838
vn -0.683205 -0.158101 0.712906
vn -0.753325 0.086603 -0.651922
vn -0.836652 0.291583 -0.463673
vn -0.640316 -0.215305 0.737319
vn -0.495878 -0.319286 0.807565
vn -0.670172 -0.456681 0.585075
vn 0.670431 -0.139006 0.728834
vn -0.495878 -0.319286 0.807565
vn 0.670431 -0.139006 0.728834
vn -0.749374 0.073297 0.658077
vn -0.495878 -0.319286 0.807565
vn -0.780464 -0.074297 -0.620771
vn -0.670172 -0.456681 0.585075
vn -0.495878 -0.319286 0.807565
vn -0.749374 0.073297 0.658077
vn -0.780464 -0.074297 -0.620771
vn -0.188993 -0.924766 -0.330288
vn 0.000000 -0.999009 -0.044500
vn 0.000000 -0.997390 -0.072199
vn 0.632908 -0.748109 -0.199402
vn -0.574784 0.770179 0.276492
vn -0.974308 0.211502 0.077401
vn -0.935223 0.265706 0.234006
vn -0.567383 0.619681 0.542284
vn 0.000000 0.945270 0.326290
vn -0.574784 0.770179 0.276492
vn -0.567383 0.619681 0.542284
vn 0.000000 0.773320 0.634016
vn 0.000000 -1.000000 0.000000
vn 0.000000 -1.000000 0.000000
vn 0.000000 -1.000000 0.000000
vn 0.000000 -1.000000 0.000000
vn -0.432898 -0.868297 0.242199
vn 0.000000 -0.975023 0.222105
vn 0.000000 -0.999009 -0.044500
vn -0.188993 -0.924766 -0.330288
vn -0.648366 0.756261 0.087695
vn -0.992821 0.089802 0.079002
vn -0.974308 0.211502 0.077401
vn -0.574784 0.770179 0.276492
vn 0.000000 0.995097 0.098900
vn -0.648366 0.756261 0.087695
vn -0.574784 0.770179 0.276492
vn 0.000000 0.945270 0.326290
vn -0.992821 0.089802 0.079002
vn -0.850390 -0.493894 0.181398
vn -0.873748 -0.367920 -0.318118
vn -0.974308 0.211502 0.077401
vn 0.001400 -0.999999 -0.000100
vn 0.001400 -0.999999 -0.000100
vn 0.001700 -0.999999 -0.000200
vn 0.001700 -0.999999 -0.000200
vn 0.554817 -0.806724 0.203406
vn 0.632908 -0.748109 -0.199402
vn 0.000000 -0.997390 -0.072199
vn 0.000000 -0.989285 0.145998
vn 0.193900 -0.477801 0.856802
vn 0.000000 -0.855315 0.518109
vn 0.000000 -0.369390 0.929275
vn -0.484720 0.242310 0.840436
vn 0.193900 -0.477801 0.856802
vn 0.000000 -0.369390 0.929275
vn -0.774076 0.255192 0.579382
vn -0.567383 0.619681 0.542284
vn -0.935223 0.265706 0.234006
vn -0.484720 0.242310 0.840436
vn 0.000000 0.562499 0.826798
vn 0.000000 0.773320 0.634016
vn -0.567383 0.619681 0.542284
vn 0.391800 -0.429400 -0.813700
vn -0.188993 -0.924766 -0.330288
vn 0.632908 -0.748109 -0.199402
vn 0.936338 -0.253410 -0.243010
vn -0.991502 -0.011300 0.129600
vn -0.935223 0.265706 0.234006
vn -0.974308 0.211502 0.077401
vn -0.794767 -0.234990 -0.559576
vn -0.794767 -0.234990 -0.559576
vn -0.873748 -0.367920 -0.318118
vn -0.188993 -0.924766 -0.330288
vn 0.391800 -0.429400 -0.813700
vn 0.960398 -0.235699 0.148600
vn 0.554817 -0.806724 0.203406
vn 0.193900 -0.477801 0.856802
vn 0.619293 -0.381596 0.686193
vn 0.619293 -0.381596 0.686193
vn 0.193900 -0.477801 0.856802
vn -0.377517 -0.111705 0.919240
vn -0.881463 0.028699 0.471380
vn -0.774076 0.255192 0.579382
vn -0.935223 0.265706 0.234006
vn -0.991502 -0.011300 0.129600
vn 0.468400 0.576400 -0.669600
vn 0.810514 0.226604 -0.540109
vn 0.965784 0.072199 -0.249096
vn 0.516484 0.209893 -0.830174
vn -0.867794 0.313198 -0.385798
vn -0.550001 0.601301 -0.579601
vn -0.612181 0.194294 -0.766475
vn -0.998239 0.028901 -0.051802
vn -0.550001 0.601301 -0.579601
vn 0.468400 0.576400 -0.669600
vn 0.516484 0.209893 -0.830174
vn -0.612181 0.194294 -0.766475
vn 0.970065 -0.048798 0.237891
vn 0.508606 -0.108701 0.854110
vn 0.539805 -0.145001 0.829208
vn 0.979006 -0.043200 0.199201
vn 0.508606 -0.108701 0.854110
vn -0.304407 -0.095702 0.947722
vn -0.335780 -0.158291 0.928545
vn 0.539805 -0.145001 0.829208
vn -0.921999 -0.012200 0.387000
vn -0.867794 0.313198 -0.385798
vn -0.998239 0.028901 -0.051802
vn -0.932082 -0.068599 0.355693
vn 0.287895 -0.651189 -0.702189
vn 0.908842 -0.356916 -0.215910
vn 0.914199 -0.313600 -0.256700
vn 0.305812 -0.697527 -0.648025
vn -0.968476 -0.233494 0.086798
vn -0.732514 -0.493410 -0.469009
vn -0.688377 -0.595680 -0.413886
vn -0.954438 -0.298112 0.013301
vn -0.732514 -0.493410 -0.469009
vn 0.287895 -0.651189 -0.702189
vn 0.305812 -0.697527 -0.648025
vn -0.688377 -0.595680 -0.413886
vn 0.966419 -0.172903 0.190104
vn 0.614892 -0.175698 0.768790
vn 0.560494 -0.107199 0.821191
vn 0.971909 -0.158701 0.173802
vn 0.614892 -0.175698 0.768790
vn -0.343697 -0.197898 0.917992
vn -0.418605 -0.156902 0.894512
vn 0.560494 -0.107199 0.821191
vn -0.893693 -0.179299 0.411297
vn -0.968476 -0.233494 0.086798
vn -0.954438 -0.298112 0.013301
vn -0.915374 -0.203494 0.347390
vn -0.377517 -0.111705 0.919240
vn 0.193900 -0.477801 0.856802
vn -0.484720 0.242310 0.840436
vn -0.740286 -0.310894 -0.596089
vn 0.560827 -0.319415 -0.763837
vn 0.543484 -0.079198 -0.835675
vn -0.646168 -0.025699 -0.762762
vn 0.995748 -0.070996 0.058697
vn 0.605937 0.020501 0.795249
vn 0.611906 -0.031400 0.790307
vn 0.997927 -0.041601 0.049101
vn 0.605937 0.020501 0.795249
vn -0.366187 0.032699 0.929967
vn -0.299617 0.003100 0.954054
vn 0.611906 -0.031400 0.790307
vn -0.959476 -0.046699 0.277893
vn -0.740286 -0.310894 -0.596089
vn -0.646168 -0.025699 -0.762762
vn -0.962058 0.041398 0.269688
vn -0.867794 0.313198 -0.385798
vn 0.810514 0.226604 -0.540109
vn 0.468400 0.576400 -0.669600
vn -0.550001 0.601301 -0.579601
vn 0.989939 -0.043302 0.134705
vn 0.553010 -0.072501 0.830014
vn 0.508606 -0.108701 0.854110
vn 0.970065 -0.048798 0.237891
vn 0.553010 -0.072501 0.830014
vn -0.289194 -0.041299 0.956379
vn -0.304407 -0.095702 0.947722
vn 0.508606 -0.108701 0.854110
vn -0.942887 0.062499 0.327196
vn -0.660085 0.027599 -0.750683
vn -0.867794 0.313198 -0.385798
vn -0.921999 -0.012200 0.387000
vn -0.660085 0.027599 -0.750683
vn 0.579914 -0.053501 -0.812919
vn 0.810514 0.226604 -0.540109
vn -0.867794 0.313198 -0.385798
vn 0.305812 -0.697527 -0.648025
vn 0.914199 -0.313600 -0.256700
vn 0.560827 -0.319415 -0.763837
vn -0.954438 -0.298112 0.013301
vn -0.688377 -0.595680 -0.413886
vn -0.740286 -0.310894 -0.596089
vn -0.688377 -0.595680 -0.413886
vn 0.305812 -0.697527 -0.648025
vn 0.560827 -0.319415 -0.763837
vn -0.740286 -0.310894 -0.596089
vn 0.971909 -0.158701 0.173802
vn 0.560494 -0.107199 0.821191
vn 0.605937 0.020501 0.795249
vn 0.995748 -0.070996 0.058697
vn 0.560494 -0.107199 0.821191
vn -0.418605 -0.156902 0.894512
vn -0.366187 0.032699 0.929967
vn 0.605937 0.020501 0.795249
vn -0.915374 -0.203494 0.347390
vn -0.954438 -0.298112 0.013301
vn -0.740286 -0.310894 -0.596089
vn -0.959476 -0.046699 0.277893
vn 0.000000 0.418506 0.908214
vn 0.000000 0.562499 0.826798
vn -0.484720 0.242310 0.840436
vn -0.983927 -0.153704 0.090902
vn -0.484720 0.242310 0.840436
vn 0.000000 -0.493401 -0.869802
vn -0.983927 -0.153704 0.090902
vn 0.000000 -0.493401 -0.869802
vn -0.476382 -0.514381 -0.713073
vn 0.983927 -0.153704 0.090902
vn 0.476305 -0.514405 -0.713107
vn 0.000000 -0.493401 -0.869802
vn 0.000000 0.418506 0.908214
vn -0.484720 0.242310 0.840436
vn -0.983927 -0.153704 0.090902
vn 0.000000 -0.407993 -0.912985
vn -0.739760 -0.284285 -0.609867
vn -0.675077 -0.193293 -0.711975
vn 0.000000 -0.270995 -0.962581
vn -0.739760 -0.284285 -0.609867
vn -0.971760 0.175093 -0.158193
vn -0.976462 0.085797 -0.197892
vn -0.675077 -0.193293 -0.711975
vn -0.775608 -0.212402 -0.594406
vn -0.975721 0.211605 0.056501
vn -0.848900 0.102600 -0.518500
vn -0.919112 -0.163202 0.358605
vn -0.975721 0.211605 0.056501
vn -0.775608 -0.212402 -0.594406
vn -0.915691 0.328297 0.231798
vn -0.687411 0.705411 0.172803
vn -0.178808 0.766035 0.617428
vn -0.964838 0.262610 0.011100
vn -0.967763 -0.006100 -0.251790
vn -0.529518 0.710924 0.462815
vn -0.964838 0.262610 0.011100
vn -0.825567 0.074397 -0.559378
vn -0.862280 -0.117597 -0.492589
vn 0.000000 -0.974704 0.223501
vn -0.622999 -0.692999 -0.362800
vn -0.681720 -0.721621 -0.120504
vn -0.919277 -0.071898 0.386990
vn -0.780464 -0.074297 -0.620771
vn -0.749374 0.073297 0.658077
vn 0.670431 -0.139006 0.728834
vn 0.992819 -0.118202 0.018400
vn 0.753706 0.002800 0.657205
vn -0.665300 0.488700 -0.564400
vn -0.558892 0.314495 -0.767289
vn -0.620626 -0.345815 -0.703730
vn -0.771677 -0.356389 -0.526784
vn 0.000000 0.848071 -0.529882
vn 0.000000 0.400703 -0.916208
vn -0.558892 0.314495 -0.767289
vn -0.665300 0.488700 -0.564400
vn 0.000000 -0.553777 -0.832665
vn 0.000000 -0.803205 -0.595703
vn -0.771677 -0.356389 -0.526784
vn -0.620626 -0.345815 -0.703730
vn -0.422000 -0.370800 -0.827299
vn -0.269189 -0.186992 -0.944760
vn -0.323705 -0.361406 -0.874415
vn 0.841928 0.534518 0.073802
vn -0.178808 0.766035 0.617428
vn 0.730495 0.535196 -0.424197
vn -0.851500 -0.220800 -0.475600
vn -0.955337 0.049102 -0.291411
vn -0.780821 -0.511514 -0.358710
vn -0.833198 -0.457299 -0.310899
vn -0.681720 -0.721621 -0.120504
vn -0.836591 -0.229597 -0.497394
vn -0.808605 0.467203 -0.357602
vn -0.771214 -0.599811 -0.213204
vn -0.640925 -0.759030 -0.114405
vn -0.677617 -0.585415 -0.445111
vn 0.000000 -0.793267 -0.608874
vn 0.000000 -0.958678 -0.284493
vn -0.771214 -0.599811 -0.213204
vn -0.808605 0.467203 -0.357602
vn -0.752416 0.117002 -0.648214
vn -0.833198 -0.457299 -0.310899
vn -0.622999 -0.692999 -0.362800
vn -0.862280 -0.117597 -0.492589
vn -0.851500 -0.220800 -0.475600
vn -0.836591 -0.229597 -0.497394
vn -0.681720 -0.721621 -0.120504
vn -0.833198 -0.457299 -0.310899
vn -0.780821 -0.511514 -0.358710
vn 0.368807 -0.295405 -0.881316
vn 0.982008 -0.124601 -0.141901
vn 0.992634 -0.059202 -0.105704
vn 0.435997 -0.216999 -0.873395
vn 0.399195 -0.258097 -0.879789
vn -0.121205 -0.616926 -0.777632
vn 0.430100 -0.822801 -0.371500
vn 0.970406 -0.171201 -0.170301
vn -0.121205 -0.616926 -0.777632
vn 0.000000 -0.870199 -0.492700
vn 0.000000 -0.969397 -0.245499
vn 0.430100 -0.822801 -0.371500
vn 0.435997 -0.216999 -0.873395
vn 0.992634 -0.059202 -0.105704
vn 0.992819 -0.118202 0.018400
vn 0.664184 -0.020700 -0.747282
vn 0.664184 -0.020700 -0.747282
vn 0.992819 -0.118202 0.018400
vn 0.670431 -0.139006 0.728834
vn -0.418605 -0.156902 0.894512
vn -0.915374 -0.203494 0.347390
vn -0.959476 -0.046699 0.277893
vn -0.366187 0.032699 0.929967
vn 0.914199 -0.313600 -0.256700
vn 0.971909 -0.158701 0.173802
vn 0.995748 -0.070996 0.058697
vn 0.560827 -0.319415 -0.763837
vn -0.289194 -0.041299 0.956379
vn -0.942887 0.062499 0.327196
vn -0.921999 -0.012200 0.387000
vn -0.304407 -0.095702 0.947722
vn 0.579914 -0.053501 -0.812919
vn 0.989939 -0.043302 0.134705
vn 0.970065 -0.048798 0.237891
vn 0.810514 0.226604 -0.540109
vn -0.366187 0.032699 0.929967
vn -0.959476 -0.046699 0.277893
vn -0.962058 0.041398 0.269688
vn -0.299617 0.003100 0.954054
vn 0.560827 -0.319415 -0.763837
vn 0.995748 -0.070996 0.058697
vn 0.997927 -0.041601 0.049101
vn 0.543484 -0.079198 -0.835675
vn -0.343697 -0.197898 0.917992
vn -0.893693 -0.179299 0.411297
vn -0.915374 -0.203494 0.347390
vn -0.418605 -0.156902 0.894512
vn 0.908842 -0.356916 -0.215910
vn 0.966419 -0.172903 0.190104
vn 0.971909 -0.158701 0.173802
vn 0.914199 -0.313600 -0.256700
vn -0.304407 -0.095702 0.947722
vn -0.921999 -0.012200 0.387000
vn -0.932082 -0.068599 0.355693
vn -0.335780 -0.158291 0.928545
vn 0.810514 0.226604 -0.540109
vn 0.970065 -0.048798 0.237891
vn 0.979006 -0.043200 0.199201
vn 0.965784 0.072199 -0.249096
vn -0.377517 -0.111705 0.919240
vn -0.484720 0.242310 0.840436
vn -0.774076 0.255192 0.579382
vn -0.881463 0.028699 0.471380
vn 0.936338 -0.253410 -0.243010
vn 0.632908 -0.748109 -0.199402
vn 0.554817 -0.806724 0.203406
vn 0.960398 -0.235699 0.148600
vn 0.193900 -0.477801 0.856802
vn 0.554817 -0.806724 0.203406
vn 0.000000 -0.989285 0.145998
vn 0.000000 -0.855315 0.518109
vn 0.001200 -0.999999 -0.000100
vn 0.001200 -0.999999 -0.000100
vn 0.001400 -0.999999 -0.000100
vn 0.001400 -0.999999 -0.000100
vn -0.484720 0.242310 0.840436
vn -0.567383 0.619681 0.542284
vn -0.774076 0.255192 0.579382
vn 0.936338 -0.253410 -0.243010
vn 0.960398 -0.235699 0.148600
vn 0.966419 -0.172903 0.190104
vn 0.908842 -0.356916 -0.215910
vn -0.377517 -0.111705 0.919240
vn -0.881463 0.028699 0.471380
vn -0.893693 -0.179299 0.411297
vn -0.343697 -0.197898 0.917992
vn -0.881463 0.028699 0.471380
vn -0.991502 -0.011300 0.129600
vn -0.968476 -0.233494 0.086798
vn -0.893693 -0.179299 0.411297
vn 0.619293 -0.381596 0.686193
vn -0.377517 -0.111705 0.919240
vn -0.343697 -0.197898 0.917992
vn 0.614892 -0.175698 0.768790
vn 0.960398 -0.235699 0.148600
vn 0.619293 -0.381596 0.686193
vn 0.614892 -0.175698 0.768790
vn 0.966419 -0.172903 0.190104
vn -0.794767 -0.234990 -0.559576
vn 0.391800 -0.429400 -0.813700
vn 0.287895 -0.651189 -0.702189
vn -0.732514 -0.493410 -0.469009
vn -0.991502 -0.011300 0.129600
vn -0.794767 -0.234990 -0.559576
vn -0.732514 -0.493410 -0.469009
vn -0.968476 -0.233494 0.086798
vn 0.391800 -0.429400 -0.813700
vn 0.936338 -0.253410 -0.243010
vn 0.908842 -0.356916 -0.215910
vn 0.287895 -0.651189 -0.702189
vn 0.156407 -0.840637 0.518523
vn -0.774401 -0.429800 0.464301
vn -0.217807 -0.227407 0.949129
vn -0.896705 -0.419603 0.140901
vn -0.465911 -0.847620 0.253906
vn -0.432898 -0.868297 0.242199
vn -0.850390 -0.493894 0.181398
vn -0.873748 -0.367920 -0.318118
vn -0.794767 -0.234990 -0.559576
vn -0.974308 0.211502 0.077401
vn -0.850390 -0.493894 0.181398
vn -0.432898 -0.868297 0.242199
vn -0.188993 -0.924766 -0.330288
vn -0.873748 -0.367920 -0.318118
vn -0.774401 -0.429800 0.464301
vn 0.156407 -0.840637 0.518523
vn -0.507680 -0.845266 0.166693
vn -0.895563 -0.428082 0.121295
vn -0.895563 -0.428082 0.121295
vn -0.507680 -0.845266 0.166693
vn -0.465911 -0.847620 0.253906
vn -0.896705 -0.419603 0.140901
vn -0.987168 0.144295 0.068398
vn -0.895563 -0.428082 0.121295
vn -0.896705 -0.419603 0.140901
vn -0.991740 0.126805 0.019301
vn 0.000000 0.999345 0.036202
vn -0.675022 0.736424 0.045001
vn -0.656196 0.754196 -0.024400
vn 0.000000 0.999707 -0.024200
vn -0.675022 0.736424 0.045001
vn -0.987168 0.144295 0.068398
vn -0.991740 0.126805 0.019301
vn -0.656196 0.754196 -0.024400
vn -0.507680 -0.845266 0.166693
vn 0.000000 -0.973967 0.226692
vn 0.000000 -0.955563 0.294788
vn -0.465911 -0.847620 0.253906
vn -0.217807 -0.227407 0.949129
vn -0.919112 -0.163202 0.358605
vn -0.886890 -0.174898 0.427595
vn -0.158605 -0.067502 0.985032
vn -0.106301 -0.061801 0.992412
vn -0.864890 -0.125599 0.485994
vn -0.919277 -0.071898 0.386990
vn -0.109296 -0.021899 0.993768
vn -0.109296 -0.021899 0.993768
vn -0.919277 -0.071898 0.386990
vn -0.749374 0.073297 0.658077
vn -0.774401 -0.429800 0.464301
vn -0.919112 -0.163202 0.358605
vn -0.217807 -0.227407 0.949129
vn -0.158605 -0.067502 0.985032
vn -0.886890 -0.174898 0.427595
vn -0.864890 -0.125599 0.485994
vn -0.106301 -0.061801 0.992412
vn 0.368807 -0.295405 -0.881316
vn 0.399195 -0.258097 -0.879789
vn 0.970406 -0.171201 -0.170301
vn 0.982008 -0.124601 -0.141901
vn -0.775608 -0.212402 -0.594406
vn -0.121205 -0.616926 -0.777632
vn 0.399195 -0.258097 -0.879789
vn -0.727376 -0.271891 -0.630079
vn -0.919112 -0.163202 0.358605
vn -0.775608 -0.212402 -0.594406
vn -0.727376 -0.271891 -0.630079
vn -0.886890 -0.174898 0.427595
vn 0.758003 -0.024200 0.651802
vn 0.731684 -0.082898 0.676585
vn -0.158605 -0.067502 0.985032
vn -0.106301 -0.061801 0.992412
vn 0.982008 -0.124601 -0.141901
vn 0.970406 -0.171201 -0.170301
vn 0.731684 -0.082898 0.676585
vn 0.758003 -0.024200 0.651802
vn 0.753706 0.002800 0.657205
vn -0.109296 -0.021899 0.993768
vn 0.670431 -0.139006 0.728834
vn -0.964972 -0.005700 0.262292
vn -0.944598 0.314600 0.093600
vn -0.975721 0.211605 0.056501
vn -0.987168 0.144295 0.068398
vn -0.944598 0.314600 0.093600
vn -0.964972 -0.005700 0.262292
vn -0.975721 0.211605 0.056501
vn -0.944598 0.314600 0.093600
vn -0.848900 0.102600 -0.518500
vn 0.780821 -0.511514 -0.358710
vn 0.836591 -0.229597 -0.497394
vn -0.240304 0.598909 -0.763912
vn 0.066103 -0.977439 -0.200608
vn -0.780821 -0.511514 -0.358710
vn -0.764987 -0.643389 0.029099
vn 0.094504 -0.975937 0.196508
vn -0.066103 -0.977439 -0.200608
vn 0.000000 -0.259909 -0.965633
vn -0.752416 0.117002 -0.648214
vn -0.105296 0.845071 -0.524182
vn 0.000000 0.760610 -0.649209
vn 0.836591 -0.229597 -0.497394
vn 0.808605 0.467203 -0.357602
vn -0.048202 0.945235 -0.322812
vn -0.240304 0.598909 -0.763912
vn -0.640925 -0.759030 -0.114405
vn 0.000000 -0.958678 -0.284493
vn 0.000000 -0.856778 0.515686
vn -0.020400 -0.936114 0.351105
vn 0.764987 -0.643389 0.029099
vn 0.780821 -0.511514 -0.358710
vn 0.066103 -0.977439 -0.200608
vn -0.094504 -0.975937 0.196508
vn -0.752416 0.117002 -0.648214
vn -0.808605 0.467203 -0.357602
vn 0.048202 0.945235 -0.322812
vn -0.105296 0.845071 -0.524182
vn 0.752416 0.117002 -0.648214
vn 0.000000 -0.259909 -0.965633
vn 0.000000 0.760610 -0.649209
vn 0.105296 0.845071 -0.524182
vn -0.764987 -0.643389 0.029099
vn -0.640925 -0.759030 -0.114405
vn -0.020400 -0.936114 0.351105
vn 0.094504 -0.975937 0.196508
vn -0.836591 -0.229597 -0.497394
vn -0.780821 -0.511514 -0.358710
vn -0.066103 -0.977439 -0.200608
vn 0.240304 0.598909 -0.763912
vn 0.000000 -0.958678 -0.284493
vn 0.640925 -0.759030 -0.114405
vn 0.020400 -0.936114 0.351105
vn 0.000000 -0.856778 0.515686
vn 0.808605 0.467203 -0.357602
vn 0.752416 0.117002 -0.648214
vn 0.105296 0.845071 -0.524182
vn -0.048202 0.945235 -0.322812
vn -0.808605 0.467203 -0.357602
vn -0.836591 -0.229597 -0.497394
vn 0.240304 0.598909 -0.763912
vn 0.048202 0.945235 -0.322812
vn 0.640925 -0.759030 -0.114405
vn 0.764987 -0.643389 0.029099
vn -0.094504 -0.975937 0.196508
vn 0.020400 -0.936114 0.351105
vn -0.094504 -0.975937 0.196508
vn 0.066103 -0.977439 -0.200608
vn -0.387300 -0.661400 -0.642300
vn -0.330518 -0.934151 0.134607
vn -0.105296 0.845071 -0.524182
vn 0.333915 0.934543 -0.123006
vn 0.000000 0.996533 0.083203
vn 0.105296 0.845071 -0.524182
vn 0.000000 0.760610 -0.649209
vn 0.000000 0.996533 0.083203
vn -0.020400 -0.936114 0.351105
vn 0.000000 -0.856778 0.515686
vn 0.000000 -0.414315 0.910134
vn 0.020400 -0.936114 0.351105
vn -0.393880 -0.759862 0.517174
vn 0.000000 -0.414315 0.910134
vn -0.105296 0.845071 -0.524182
vn 0.048202 0.945235 -0.322812
vn 0.320206 0.915118 -0.245005
vn 0.333915 0.934543 -0.123006
vn -0.048202 0.945235 -0.322812
vn 0.105296 0.845071 -0.524182
vn -0.333915 0.934543 -0.123006
vn -0.320206 0.915118 -0.245005
vn 0.094504 -0.975937 0.196508
vn -0.020400 -0.936114 0.351105
vn 0.393880 -0.759862 0.517174
vn 0.330518 -0.934151 0.134607
vn 0.020400 -0.936114 0.351105
vn -0.094504 -0.975937 0.196508
vn -0.330518 -0.934151 0.134607
vn -0.393880 -0.759862 0.517174
vn 0.240304 0.598909 -0.763912
vn -0.066103 -0.977439 -0.200608
vn 0.387300 -0.661400 -0.642300
vn 0.355200 0.486200 -0.798400
vn 0.066103 -0.977439 -0.200608
vn -0.240304 0.598909 -0.763912
vn -0.355200 0.486200 -0.798400
vn -0.387300 -0.661400 -0.642300
vn 0.048202 0.945235 -0.322812
vn 0.240304 0.598909 -0.763912
vn 0.355200 0.486200 -0.798400
vn 0.320206 0.915118 -0.245005
vn -0.240304 0.598909 -0.763912
vn -0.048202 0.945235 -0.322812
vn -0.320206 0.915118 -0.245005
vn -0.355200 0.486200 -0.798400
vn -0.066103 -0.977439 -0.200608
vn 0.094504 -0.975937 0.196508
vn 0.330518 -0.934151 0.134607
vn 0.387300 -0.661400 -0.642300
vn -0.387300 -0.661400 -0.642300
vn -0.355200 0.486200 -0.798400
vn 0.000000 0.473617 -0.880731
vn 0.000000 -0.758812 -0.651310
vn -0.387300 -0.661400 -0.642300
vn 0.000000 -0.758812 -0.651310
vn 0.000000 -0.995534 0.094403
vn -0.330518 -0.934151 0.134607
vn 0.000000 -0.902246 0.431222
vn 0.000000 -0.995534 0.094403
vn 0.330518 -0.934151 0.134607
vn 0.393880 -0.759862 0.517174
vn 0.000000 0.996533 0.083203
vn 0.333915 0.934543 -0.123006
vn 0.000000 0.969676 -0.244394
vn 0.000000 -0.902246 0.431222
vn 0.000000 -0.414315 0.910134
vn -0.393880 -0.759862 0.517174
vn 0.000000 -0.758812 -0.651310
vn 0.000000 0.473617 -0.880731
vn 0.355200 0.486200 -0.798400
vn 0.387300 -0.661400 -0.642300
vn 0.000000 -0.995534 0.094403
vn 0.000000 -0.758812 -0.651310
vn 0.387300 -0.661400 -0.642300
vn 0.330518 -0.934151 0.134607
vn 0.000000 0.969676 -0.244394
vn 0.333915 0.934543 -0.123006
vn 0.320206 0.915118 -0.245005
vn 0.000000 0.955217 -0.295905
vn 0.000000 0.955217 -0.295905
vn 0.320206 0.915118 -0.245005
vn 0.355200 0.486200 -0.798400
vn 0.000000 0.473617 -0.880731
vn -0.333915 0.934543 -0.123006
vn 0.000000 0.969676 -0.244394
vn 0.000000 0.955217 -0.295905
vn -0.320206 0.915118 -0.245005
vn -0.320206 0.915118 -0.245005
vn 0.000000 0.955217 -0.295905
vn 0.000000 0.473617 -0.880731
vn -0.355200 0.486200 -0.798400
vn -0.333915 0.934543 -0.123006
vn 0.000000 0.996533 0.083203
vn 0.000000 0.969676 -0.244394
vn 0.000000 -0.414315 0.910134
vn 0.000000 -0.902246 0.431222
vn 0.393880 -0.759862 0.517174
vn 0.000000 -0.995534 0.094403
vn 0.000000 -0.902246 0.431222
vn -0.393880 -0.759862 0.517174
vn -0.330518 -0.934151 0.134607
vn 0.000000 -0.856778 0.515686
vn 0.020400 -0.936114 0.351105
vn 0.000000 -0.414315 0.910134
vn 0.393880 -0.759862 0.517174
vn -0.020400 -0.936114 0.351105
vn 0.000000 -0.414315 0.910134
vn 0.000000 0.760610 -0.649209
vn -0.105296 0.845071 -0.524182
vn 0.000000 0.996533 0.083203
vn -0.333915 0.934543 -0.123006
vn 0.105296 0.845071 -0.524182
vn 0.000000 0.996533 0.083203
vn -0.640925 -0.759030 -0.114405
vn -0.764987 -0.643389 0.029099
vn -0.964573 0.003500 -0.263793
vn -0.677617 -0.585415 -0.445111
vn 0.955337 0.049102 -0.291411
vn 0.764987 -0.643389 0.029099
vn 0.964573 0.003500 -0.263793
vn 0.476305 -0.514405 -0.713107
vn -0.476382 -0.514381 -0.713073
vn 0.000000 -0.493401 -0.869802
vn -0.996639 -0.016701 0.080203
vn -0.438101 -0.896901 -0.060300
vn -0.425721 -0.856542 0.291714
vn -0.953213 -0.024500 0.301304
vn 0.953213 -0.024500 0.301304
vn 0.000000 0.910373 0.413788
vn 0.000000 -0.032499 0.999472
vn 0.000000 0.836561 0.547874
vn 0.000000 0.946532 0.322611
vn 0.996639 -0.016701 0.080203
vn 0.993679 0.066699 0.090298
vn -0.991577 0.067398 0.110597
vn -0.463310 -0.666714 -0.583812
vn -0.454803 -0.815906 -0.357003
vn -0.993679 0.066699 0.090298
vn 0.000000 0.946532 0.322611
vn 0.000000 0.910373 0.413788
vn 0.953213 -0.024500 0.301304
vn 0.996639 -0.016701 0.080203
vn 0.953213 -0.024500 0.301304
vn 0.000000 -0.032499 0.999472
vn 0.425721 -0.856542 0.291714
vn 0.000000 0.689543 0.724245
vn 0.000000 0.836561 0.547874
vn 0.993679 0.066699 0.090298
vn 0.991577 0.067398 0.110597
vn 0.993679 0.066699 0.090298
vn 0.996639 -0.016701 0.080203
vn 0.438101 -0.896901 -0.060300
vn 0.454803 -0.815906 -0.357003
vn 0.996639 -0.016701 0.080203
vn 0.953213 -0.024500 0.301304
vn 0.425721 -0.856542 0.291714
vn 0.438101 -0.896901 -0.060300
vn -0.953213 -0.024500 0.301304
vn 0.000000 -0.032499 0.999472
vn 0.000000 0.910373 0.413788
vn 0.000000 0.836561 0.547874
vn -0.993679 0.066699 0.090298
vn -0.996639 -0.016701 0.080203
vn 0.000000 0.946532 0.322611
vn 0.991577 0.067398 0.110597
vn 0.993679 0.066699 0.090298
vn 0.454803 -0.815906 -0.357003
vn 0.463310 -0.666714 -0.583812
vn 0.000000 0.946532 0.322611
vn -0.996639 -0.016701 0.080203
vn -0.953213 -0.024500 0.301304
vn 0.000000 0.910373 0.413788
vn -0.993679 0.066699 0.090298
vn -0.454803 -0.815906 -0.357003
vn -0.438101 -0.896901 -0.060300
vn -0.996639 -0.016701 0.080203
vn 0.000000 0.689543 0.724245
vn -0.991577 0.067398 0.110597
vn -0.993679 0.066699 0.090298
vn 0.000000 0.836561 0.547874
vn -0.425721 -0.856542 0.291714
vn 0.425721 -0.856542 0.291714
vn 0.000000 -0.032499 0.999472
vn 0.454803 -0.815906 -0.357003
vn 0.438101 -0.896901 -0.060300
vn -0.438101 -0.896901 -0.060300
vn -0.454803 -0.815906 -0.357003
vn 0.438101 -0.896901 -0.060300
vn 0.425721 -0.856542 0.291714
vn -0.425721 -0.856542 0.291714
vn -0.438101 -0.896901 -0.060300
vn 0.463310 -0.666714 -0.583812
vn 0.454803 -0.815906 -0.357003
vn -0.454803 -0.815906 -0.357003
vn -0.463310 -0.666714 -0.583812
vn -0.953213 -0.024500 0.301304
vn -0.425721 -0.856542 0.291714
vn 0.000000 -0.032499 0.999472
vn 0.476305 -0.514405 -0.713107
vn 0.463310 -0.666714 -0.583812
vn -0.463310 -0.666714 -0.583812
vn -0.476382 -0.514381 -0.713073
vn 0.000000 0.418506 0.908214
vn -0.983927 -0.153704 0.090902
vn -0.991577 0.067398 0.110597
vn 0.000000 0.689543 0.724245
vn 0.983927 -0.153704 0.090902
vn 0.991577 0.067398 0.110597
vn 0.463310 -0.666714 -0.583812
vn 0.476305 -0.514405 -0.713107
vn 0.000000 0.418506 0.908214
vn 0.000000 0.689543 0.724245
vn 0.991577 0.067398 0.110597
vn 0.983927 -0.153704 0.090902
vn -0.983927 -0.153704 0.090902
vn -0.476382 -0.514381 -0.713073
vn -0.463310 -0.666714 -0.583812
vn -0.991577 0.067398 0.110597
vn -0.299617 0.003100 0.954054
vn -0.962058 0.041398 0.269688
vn -0.942887 0.062499 0.327196
vn -0.289194 -0.041299 0.956379
vn -0.646168 -0.025699 -0.762762
vn 0.543484 -0.079198 -0.835675
vn 0.579914 -0.053501 -0.812919
vn -0.660085 0.027599 -0.750683
vn -0.962058 0.041398 0.269688
vn -0.646168 -0.025699 -0.762762
vn -0.660085 0.027599 -0.750683
vn -0.942887 0.062499 0.327196
vn 0.611906 -0.031400 0.790307
vn -0.299617 0.003100 0.954054
vn -0.289194 -0.041299 0.956379
vn 0.553010 -0.072501 0.830014
vn 0.997927 -0.041601 0.049101
vn 0.611906 -0.031400 0.790307
vn 0.553010 -0.072501 0.830014
vn 0.989939 -0.043302 0.134705
vn -0.543484 -0.079198 -0.835675
vn -0.579914 -0.053501 -0.812919
vn -0.989939 -0.043302 0.134705
vn -0.997927 -0.041601 0.049101
vn 0.299617 0.003100 0.954054
vn 0.289194 -0.041299 0.956379
vn 0.942887 0.062499 0.327196
vn 0.962058 0.041398 0.269688
vn 0.646168 -0.025699 -0.762762
vn 0.660085 0.027599 -0.750683
vn -0.579914 -0.053501 -0.812919
vn -0.543484 -0.079198 -0.835675
vn 0.962058 0.041398 0.269688
vn 0.942887 0.062499 0.327196
vn 0.660085 0.027599 -0.750683
vn 0.646168 -0.025699 -0.762762
vn -0.611906 -0.031400 0.790307
vn -0.553010 -0.072501 0.830014
vn 0.289194 -0.041299 0.956379
vn 0.299617 0.003100 0.954054
vn -0.997927 -0.041601 0.049101
vn -0.989939 -0.043302 0.134705
vn -0.553010 -0.072501 0.830014
vn -0.611906 -0.031400 0.790307
vn 0.543484 -0.079198 -0.835675
vn 0.997927 -0.041601 0.049101
vn 0.989939 -0.043302 0.134705
vn 0.579914 -0.053501 -0.812919
vn 0.670172 -0.456681 0.585075
vn 0.683205 -0.158101 0.712906
vn 0.753325 0.086603 -0.651922
vn 0.780464 -0.074297 -0.620771
vn -0.670431 -0.139006 0.728834
vn -0.715017 -0.050001 0.697317
vn 0.683205 -0.158101 0.712906
vn 0.670172 -0.456681 0.585075
vn 0.780464 -0.074297 -0.620771
vn 0.753325 0.086603 -0.651922
vn -0.666509 0.202703 -0.717410
vn -0.664184 -0.020700 -0.747282
vn -0.664184 -0.020700 -0.747282
vn -0.666509 0.202703 -0.717410
vn -0.715017 -0.050001 0.697317
vn -0.670431 -0.139006 0.728834
vn -0.670172 -0.456681 0.585075
vn -0.780464 -0.074297 -0.620771
vn -0.753325 0.086603 -0.651922
vn -0.683205 -0.158101 0.712906
vn 0.670431 -0.139006 0.728834
vn -0.670172 -0.456681 0.585075
vn -0.683205 -0.158101 0.712906
vn 0.715017 -0.050001 0.697317
vn -0.780464 -0.074297 -0.620771
vn 0.664184 -0.020700 -0.747282
vn 0.666509 0.202703 -0.717410
vn -0.753325 0.086603 -0.651922
vn 0.664184 -0.020700 -0.747282
vn 0.670431 -0.139006 0.728834
vn 0.715017 -0.050001 0.697317
vn 0.666509 0.202703 -0.717410
s off
g polySurface1
usemtl dog_initialShadingGroup
f 1/1/1 143/2/2 142/3/3 2/4/4
f 3/5/5 4/6/6 5/7/7 6/8/8
f 145/9/9 3/5/10 6/8/11 144/10/12
f 7/11/13 5/12/14 2/13/15
f 8/14/16 146/15/17 144/10/18 6/8/19
f 147/16/20 7/17/21 2/18/22 142/19/23
f 9/20/24 10/21/25 11/22/26 12/23/27
f 13/24/28 148/25/29 146/26/30 8/27/31
f 150/28/32 9/29/33 12/30/34 149/31/35
f 14/32/36 5/33/37 4/34/38
f 11/35/39 8/14/40 6/8/41 5/7/42
f 10/21/43 13/36/44 8/37/45 11/22/46
f 15/38/47 16/39/48 17/40/49 18/41/50
f 19/42/51 20/43/52 152/44/53 151/45/54
f 154/46/55 153/47/56 16/48/57 15/49/58
f 18/50/59 20/43/60 19/42/61
f 16/39/62 21/51/63 22/52/64 17/40/65
f 23/53/66 24/54/67 156/55/68 155/56/69
f 153/57/70 157/58/71 21/59/72 16/60/73
f 17/61/74 22/62/75 24/54/76 23/53/77
f 20/43/78 23/53/79 155/56/80 152/44/81
f 18/50/82 17/61/83 23/53/84 20/43/85
f 25/63/86 26/64/87 22/62/88
f 27/65/89 158/66/90 156/55/91 24/54/92
f 159/67/93 28/68/94 21/59/95 157/58/96
f 28/69/97 25/70/98 22/52/99 21/51/100
f 183/71/101 139/72/102 30/73/103 160/74/104
f 161/75/105 162/76/106 31/77/107 29/78/108
f 32/79/109 33/80/110 34/81/111
f 27/65/112 35/82/113 163/83/114 158/84/115
f 159/67/116 164/85/117 28/68/118
f 28/69/119 36/86/120 192/87/121
f 38/88/122 39/89/123 40/90/124 41/91/125
f 41/91/126 40/90/127 166/92/128 165/93/129
f 187/94/130 184/95/131 30/96/132 39/97/133
f 167/98/134 189/99/135 185/100/136 42/101/137
f 39/89/138 139/102/139 140/103/140 40/104/141
f 40/90/142 140/105/143 182/106/144 166/92/145
f 30/96/146 139/107/147 39/97/148
f 168/108/149 41/109/150 165/110/151
f 35/111/152 43/112/153 169/113/154 163/114/155
f 43/112/156 141/115/157 169/113/158
f 164/116/159 167/98/160 42/101/161 36/117/162
f 44/118/163 45/119/164 43/120/165 35/111/166
f 26/64/167 46/121/168 44/122/169
f 48/123/170 35/124/171 27/125/172
f 48/123/173 49/126/174 44/127/175 35/124/176
f 49/126/177 50/128/178 26/129/179 44/127/180
f 50/130/181 51/131/182 27/125/183 26/132/184
f 34/81/185 33/80/186 48/123/187 47/133/188
f 52/134/189 49/126/190 48/123/191
f 52/134/192 50/128/193 49/126/194
f 32/79/195 51/131/196 50/130/197
f 51/131/198 47/133/199 27/125/200
f 34/81/201 47/133/202 51/131/203
f 32/79/204 34/81/205 51/131/206
f 52/134/207 32/79/208 50/128/209
f 32/79/210 52/134/211 33/80/212
f 53/135/213 54/136/214 168/108/215 141/137/216
f 41/91/217 55/138/218 38/88/219
f 54/136/220 56/139/221 41/109/222
f 55/140/223 57/141/224 46/142/225 37/143/226
f 54/136/227 41/109/228 168/108/229
f 57/141/230 45/119/231 44/118/232 46/142/233
f 25/144/234 37/143/235 46/142/236
f 58/145/237 59/146/238 60/147/239
f 58/145/240 53/148/241 59/146/242
f 58/145/243 54/149/244 53/148/245
f 58/150/246 56/151/247 54/152/248
f 58/145/249 60/147/250 56/153/251
f 191/154/252 187/94/253 38/155/254
f 57/156/255 59/157/256 53/135/257 45/158/258
f 45/158/259 53/135/260 141/137/261 43/159/262
f 55/160/263 60/161/264 59/157/265 57/156/266
f 55/140/267 37/143/268 38/162/269
f 41/109/270 56/139/271 60/161/272 55/160/273
f 9/20/274 15/163/275 18/164/276 10/21/277
f 13/165/278 19/166/279 151/167/280 148/25/281
f 150/28/282 154/168/283 15/169/284 9/170/285
f 10/21/286 18/164/287 19/171/288 13/36/289
f 225/172/290 62/173/291 171/174/292 228/175/293
f 226/176/294 64/177/295 65/178/296 227/179/297
f 229/180/298 172/181/299 64/177/300 226/176/301
f 227/182/302 65/183/303 221/184/304 230/185/305
f 193/186/306 67/187/307 174/188/308 196/189/309
f 3/5/310 63/190/311 66/191/312 4/6/313
f 145/9/314 173/192/315 63/190/316 3/5/317
f 68/193/318 69/194/319 70/195/320 71/196/321
f 67/187/322 61/197/323 170/198/324 174/188/325
f 72/199/326 66/200/327 223/201/328 224/202/329
f 74/203/330 2/204/331 14/205/332
f 238/206/333 232/207/334 67/208/335 193/209/336
f 232/210/337 239/211/338 231/212/339 67/213/340
f 78/214/341 73/215/342 72/216/343
f 236/217/344 77/218/345 79/219/346 237/220/347
f 237/221/348 79/222/349 75/223/350 235/224/351
f 78/225/352 72/226/353 224/227/354
f 80/228/355 71/229/356 70/230/357 81/231/358
f 81/232/359 70/233/360 69/234/361 82/235/362
f 82/236/363 69/234/364 68/237/365 83/238/366
f 84/239/367 85/240/368 86/241/369 87/242/370
f 500/243/371 80/228/372 81/231/373 501/244/374
f 502/245/375 83/246/376 80/247/377 500/248/378
f 74/249/379 1/250/380 2/251/381
f 2/252/382 5/253/383 14/254/384
f 87/255/385 86/256/386 71/229/387 80/228/388
f 86/257/389 85/258/390 68/193/391 71/196/392
f 85/259/393 84/260/394 83/238/395 68/237/396
f 84/261/397 87/262/398 80/263/399 83/264/400
f 194/265/401 195/266/402 92/267/403 76/268/404
f 76/269/405 92/270/406 233/271/407 234/272/408
f 77/218/409 93/273/410 94/274/411 79/219/412
f 79/222/413 94/275/414 91/276/415 75/223/416
f 195/266/417 197/277/418 92/267/419
f 89/278/420 95/279/421 233/271/422
f 93/273/423 90/280/424 94/274/425
f 94/275/426 90/281/427 88/282/428 91/276/429
f 501/283/430 81/232/431 82/235/432 503/284/433
f 503/285/434 82/236/435 83/238/436 502/286/437
f 97/287/438 89/278/439 96/288/440
f 97/287/441 95/279/442 89/278/443
f 97/289/444 96/290/445 90/291/446
f 97/289/447 90/291/448 95/292/449
f 98/293/450 99/294/451 176/295/452 175/296/453
f 100/297/454 101/298/455 102/299/456 103/300/457
f 178/301/458 177/302/459 101/298/460 100/297/461
f 104/303/462 105/304/463 106/305/464 107/306/465
f 62/173/466 98/293/467 175/296/468 171/174/469
f 64/177/470 100/307/471 103/308/472 65/178/473
f 172/181/474 178/309/475 100/307/476 64/177/477
f 65/183/478 103/310/479 222/311/480 221/184/481
f 198/312/482 108/313/483 109/314/484 199/315/485
f 200/316/486 212/317/487 176/295/488 99/294/489
f 110/318/490 180/319/491 179/320/492
f 111/321/493 180/322/494 110/323/495
f 201/324/496 102/299/497 101/298/498
f 111/325/499 101/298/500 177/302/501 181/326/502
f 112/327/503 113/328/504 99/329/505 98/330/506
f 114/331/507 115/332/508 103/333/509 102/334/510
f 115/335/511 112/336/512 98/337/513 222/338/514
f 202/339/515 116/340/516 110/341/517 200/342/518
f 116/343/519 117/344/520 110/323/521
f 203/345/522 114/331/523 102/334/524 201/346/525
f 118/347/526 107/348/527 106/349/528 119/350/529
f 120/351/530 105/352/531 104/353/532 121/354/533
f 121/355/534 104/356/535 107/357/536 118/358/537
f 204/359/538 199/360/539 109/361/540 122/362/541
f 122/363/542 109/364/543 108/365/544 123/366/545
f 205/367/546 198/368/547 105/352/548 120/351/549
f 213/369/550 124/370/551 125/371/552 214/372/553
f 215/373/554 126/374/555 127/375/556 216/376/557
f 216/376/558 127/375/559 124/377/560 213/378/561
f 220/379/562 206/380/563 128/381/564 217/382/565
f 217/383/566 128/384/567 129/385/568 218/386/569
f 219/387/570 207/388/571 126/374/572 215/373/573
f 117/344/574 111/321/575 110/323/576
f 130/389/577 131/390/578 132/391/579 133/392/580
f 209/393/581 208/394/582 134/395/583 135/396/584
f 135/397/585 134/398/586 136/399/587 137/400/588
f 211/401/589 210/402/590 131/403/591 130/404/592
f 120/405/593 121/406/594 118/407/595 119/408/596
f 499/409/597 204/359/598 122/362/599 495/410/600
f 495/411/601 122/363/602 123/366/603 496/412/604
f 498/413/605 205/367/606 120/351/607 497/414/608
f 497/415/609 120/416/610 119/417/611 494/418/612
f 124/419/613 133/420/614 125/421/615
f 126/422/616 130/404/617 127/423/618
f 127/424/619 130/389/620 133/392/621 124/425/622
f 206/426/623 209/393/624 135/396/625 128/427/626
f 128/428/627 135/397/628 137/400/629 129/429/630
f 207/430/631 211/401/632 130/404/633 126/422/634
f 470/431/635 111/432/636 181/433/637
f 138/434/638 180/435/639 111/436/640
f 470/431/641 138/437/642 111/432/643
f 147/16/644 149/438/645 12/439/646 7/17/647
f 7/440/648 12/441/649 11/442/650 5/443/651
f 74/203/652 14/205/653 73/215/654
f 78/214/655 74/203/656 73/215/657
f 26/64/658 27/65/659 24/54/660
f 26/64/661 24/54/662 22/62/663
f 26/64/664 25/63/665 46/121/666
f 164/116/667 36/117/668 28/444/669
f 93/445/670 95/292/671 90/291/672
f 89/446/673 92/447/674 197/448/675
f 140/449/676 139/450/677 29/451/678 31/452/679
f 182/453/680 140/454/681 31/455/682 162/456/683
f 161/457/684 29/458/685 139/459/686 183/460/687
f 33/80/688 52/134/689 48/123/690
f 47/133/691 48/123/692 27/125/693
f 37/461/694 192/87/695 191/154/696 38/155/697
f 36/86/698 42/462/699 186/463/700 190/464/701
f 184/465/702 188/466/703 160/74/704 30/73/705
f 42/462/706 185/467/707 186/463/708
f 192/87/709 37/461/710 25/70/711 28/69/712
f 190/464/713 191/154/714 192/87/715 36/86/716
f 75/468/717 91/469/718 195/266/719 194/265/720
f 235/470/721 238/206/722 193/209/723 1/471/724
f 1/1/725 193/186/726 196/189/727 143/2/728
f 91/469/729 88/472/730 197/277/731 195/266/732
f 88/473/733 89/446/734 197/448/735
f 129/474/736 137/475/737 211/401/738 207/430/739
f 125/421/740 133/420/741 209/393/742 206/426/743
f 496/476/744 123/477/745 205/367/746 498/413/747
f 494/478/748 119/350/749 204/359/750 499/409/751
f 137/475/752 136/479/753 210/402/754 211/401/755
f 133/420/756 132/480/757 208/394/758 209/393/759
f 218/481/760 129/482/761 207/388/762 219/387/763
f 214/372/764 125/371/765 206/380/766 220/379/767
f 123/477/768 108/483/769 198/368/770 205/367/771
f 119/350/772 106/349/773 199/360/774 204/359/775
f 117/484/776 203/345/777 201/346/778 111/485/779
f 113/328/780 202/339/781 200/342/782 99/329/783
f 110/486/784 179/487/785 212/317/786 200/316/787
f 105/304/788 198/312/789 199/315/790 106/305/791
f 111/325/792 201/324/793 101/298/794
f 113/328/795 214/372/796 220/379/797 202/339/798
f 117/484/799 218/481/800 219/387/801 203/345/802
f 203/345/803 219/387/804 215/373/805 114/331/806
f 116/343/807 217/383/808 218/386/809 117/344/810
f 202/339/811 220/379/812 217/382/813 116/340/814
f 115/332/815 216/376/816 213/378/817 112/488/818
f 114/331/819 215/373/820 216/376/821 115/332/822
f 112/327/823 213/369/824 214/372/825 113/328/826
f 67/213/827 231/212/828 224/227/829
f 230/185/830 221/184/831 62/489/832 225/490/833
f 222/338/834 103/491/835 115/335/836
f 221/184/837 222/311/838 98/492/839 62/489/840
f 224/202/841 223/201/842 61/493/843 67/494/844
f 223/201/845 230/185/846 225/490/847 61/493/848
f 66/200/849 227/182/850 230/185/851 223/201/852
f 173/192/853 229/180/854 226/176/855 63/190/856
f 63/190/857 226/176/858 227/179/859 66/191/860
f 61/197/861 225/172/862 228/175/863 170/198/864
f 231/212/865 239/211/866 236/495/867 78/225/868
f 234/272/869 233/271/870 93/496/871 77/497/872
f 233/271/873 95/279/874 93/496/875
f 224/227/876 231/212/877 78/225/878
f 239/211/879 234/272/880 77/497/881 236/495/882
f 75/468/883 194/265/884 238/206/885 235/470/886
f 74/249/887 237/221/888 235/224/889 1/250/890
f 78/214/891 236/217/892 237/220/893 74/203/894
f 76/269/895 234/272/896 239/211/897 232/210/898
f 194/265/899 76/268/900 232/207/901 238/206/902
f 92/270/903 89/278/904 233/271/905
f 72/498/906 73/499/907 4/34/908
f 66/500/909 72/498/910 4/34/911
f 73/499/912 14/32/913 4/34/914
f 240/501/915 241/502/916 142/3/917 143/2/918
f 242/503/919 245/504/920 244/505/921 243/506/922
f 145/9/923 144/10/924 245/504/925 242/503/926
f 246/507/927 241/508/928 244/509/929
f 247/510/930 245/504/931 144/10/932 146/15/933
f 147/16/934 142/19/935 241/511/936 246/512/937
f 248/513/938 251/514/939 250/515/940 249/516/941
f 252/517/942 247/518/943 146/26/944 148/25/945
f 150/28/946 149/31/947 251/519/948 248/520/949
f 253/521/950 243/522/951 244/523/952
f 250/524/953 244/505/954 245/504/955 247/510/956
f 249/516/957 250/515/958 247/525/959 252/526/960
f 254/527/961 257/528/962 256/529/963 255/530/964
f 258/531/965 151/45/966 152/44/967 259/532/968
f 154/46/969 254/533/970 255/534/971 153/47/972
f 257/535/973 258/531/974 259/532/975
f 255/530/976 256/529/977 261/536/978 260/537/979
f 262/538/980 155/56/981 156/55/982 263/539/983
f 153/57/984 255/540/985 260/541/986 157/58/987
f 256/542/988 262/538/989 263/539/990 261/543/991
f 259/532/992 152/44/993 155/56/994 262/538/995
f 257/535/996 259/532/997 262/538/998 256/542/999
f 264/544/1000 261/543/1001 265/545/1002
f 266/546/1003 263/539/1004 156/55/1005 158/66/1006
f 159/67/1007 157/58/1008 260/541/1009 267/547/1010
f 267/548/1011 260/537/1012 261/536/1013 264/549/1014
f 183/71/1015 160/74/1016 269/550/1017 378/551/1018
f 161/75/1019 268/552/1020 270/553/1021 162/76/1022
f 271/554/1023 273/555/1024 272/556/1025
f 266/546/1026 158/84/1027 163/83/1028 274/557/1029
f 159/67/1030 267/547/1031 164/85/1032
f 267/548/1033 386/558/1034 275/559/1035
f 277/560/1036 280/561/1037 279/562/1038 278/563/1039
f 280/561/1040 165/93/1041 166/92/1042 279/562/1043
f 383/564/1044 277/565/1045 278/566/1046
f 167/98/1047 281/567/1048 381/568/1049 189/99/1050
f 278/563/1051 279/569/1052 379/570/1053 378/571/1054
f 279/562/1055 166/92/1056 182/106/1057 379/572/1058
f 269/573/1059 278/566/1060 378/574/1061
f 168/108/1062 165/110/1063 280/575/1064
f 274/576/1065 163/114/1066 169/113/1067 282/577/1068
f 282/577/1069 169/113/1070 141/115/1071
f 164/116/1072 275/578/1073 281/567/1074 167/98/1075
f 283/579/1076 274/576/1077 282/580/1078 284/581/1079
f 265/545/1080 283/582/1081 285/583/1082
f 287/584/1083 266/585/1084 274/586/1085
f 287/584/1086 274/586/1087 283/587/1088 288/588/1089
f 288/588/1090 283/587/1091 265/589/1092 289/590/1093
f 289/591/1094 265/592/1095 266/585/1096 290/593/1097
f 273/555/1098 286/594/1099 287/584/1100 272/556/1101
f 291/595/1102 287/584/1103 288/588/1104
f 291/595/1105 288/588/1106 289/590/1107
f 271/554/1108 289/591/1109 290/593/1110
f 290/593/1111 266/585/1112 286/594/1113
f 273/555/1114 290/593/1115 286/594/1116
f 271/554/1117 290/593/1118 273/555/1119
f 291/595/1120 289/590/1121 271/554/1122
f 271/554/1123 272/556/1124 291/595/1125
f 292/596/1126 141/137/1127 168/108/1128 293/597/1129
f 280/561/1130 277/560/1131 294/598/1132
f 293/597/1133 280/575/1134 295/599/1135
f 294/600/1136 276/601/1137 285/602/1138 296/603/1139
f 293/597/1140 168/108/1141 280/575/1142
f 296/603/1143 285/602/1144 283/579/1145 284/581/1146
f 264/604/1147 285/602/1148 276/601/1149
f 297/605/1150 299/606/1151 298/607/1152
f 297/605/1153 298/607/1154 292/608/1155
f 297/605/1156 292/608/1157 293/609/1158
f 297/610/1159 293/611/1160 295/612/1161
f 297/605/1162 295/613/1163 299/606/1164
f 385/614/1165 277/565/1166 383/564/1167
f 296/615/1168 284/616/1169 292/596/1170 298/617/1171
f 284/616/1172 282/618/1173 141/137/1174 292/596/1175
f 294/619/1176 296/615/1177 298/617/1178 299/620/1179
f 294/600/1180 277/621/1181 276/601/1182
f 280/575/1183 294/619/1184 299/620/1185 295/599/1186
f 248/513/1187 249/516/1188 257/622/1189 254/623/1190
f 252/624/1191 148/25/1192 151/167/1193 258/625/1194
f 150/28/1195 248/626/1196 254/627/1197 154/168/1198
f 249/516/1199 252/526/1200 258/628/1201 257/622/1202
f 417/629/1203 228/175/1204 171/174/1205 301/630/1206
f 418/631/1207 419/632/1208 304/633/1209 303/634/1210
f 229/180/1211 418/631/1212 303/634/1213 172/181/1214
f 419/635/1215 420/636/1216 413/637/1217 304/638/1218
f 387/639/1219 196/189/1220 174/188/1221 306/640/1222
f 242/503/1223 243/506/1224 305/641/1225 302/642/1226
f 145/9/1227 242/503/1228 302/642/1229 173/192/1230
f 307/643/1231 310/644/1232 309/645/1233 308/646/1234
f 306/640/1235 174/188/1236 170/198/1237 300/647/1238
f 311/648/1239 416/649/1240 415/650/1241 305/651/1242
f 313/652/1243 253/653/1244 241/654/1245
f 428/655/1246 387/656/1247 306/657/1248 422/658/1249
f 422/659/1250 306/660/1251 421/661/1252 429/662/1253
f 317/663/1254 311/664/1255 312/665/1256
f 426/666/1257 427/667/1258 318/668/1259 316/669/1260
f 427/670/1261 425/671/1262 314/672/1263 318/673/1264
f 317/674/1265 416/675/1266 311/676/1267
f 319/677/1268 320/678/1269 309/679/1270 310/680/1271
f 320/681/1272 321/682/1273 308/683/1274 309/684/1275
f 321/685/1276 322/686/1277 307/687/1278 308/683/1279
f 323/688/1280 326/689/1281 325/690/1282 324/691/1283
f 504/692/1284 505/693/1285 320/678/1286 319/677/1287
f 506/694/1288 504/695/1289 319/696/1290 322/697/1291
f 313/698/1292 241/699/1293 240/700/1294
f 241/701/1295 253/702/1296 244/703/1297
f 326/704/1298 319/677/1299 310/680/1300 325/705/1301
f 325/706/1302 310/644/1303 307/643/1304 324/707/1305
f 324/708/1306 307/687/1307 322/686/1308 323/709/1309
f 323/710/1310 322/711/1311 319/712/1312 326/713/1313
f 388/714/1314 315/715/1315 331/716/1316 389/717/1317
f 315/718/1318 424/719/1319 423/720/1320 331/721/1321
f 316/669/1322 318/668/1323 333/722/1324 332/723/1325
f 318/673/1326 314/672/1327 330/724/1328 333/725/1329
f 389/717/1330 331/716/1331 390/726/1332
f 328/727/1333 423/720/1334 334/728/1335
f 332/723/1336 333/722/1337 329/729/1338
f 333/725/1339 330/724/1340 327/730/1341 329/731/1342
f 505/732/1343 507/733/1344 321/682/1345 320/681/1346
f 507/734/1347 506/735/1348 322/686/1349 321/685/1350
f 336/736/1351 335/737/1352 328/727/1353
f 336/736/1354 328/727/1355 334/728/1356
f 336/738/1357 329/739/1358 335/740/1359
f 336/738/1360 334/741/1361 329/739/1362
f 337/742/1363 175/296/1364 176/295/1365 338/743/1366
f 339/744/1367 342/745/1368 341/746/1369 340/747/1370
f 178/301/1371 339/744/1372 340/747/1373 177/302/1374
f 343/748/1375 346/749/1376 345/750/1377 344/751/1378
f 301/630/1379 171/174/1380 175/296/1381 337/742/1382
f 303/634/1383 304/633/1384 342/752/1385 339/753/1386
f 172/181/1387 303/634/1388 339/753/1389 178/309/1390
f 304/638/1391 413/637/1392 414/754/1393 342/755/1394
f 391/756/1395 392/757/1396 348/758/1397 347/759/1398
f 393/760/1399 338/743/1400 176/295/1401 212/317/1402
f 349/761/1403 179/320/1404 180/319/1405
f 350/762/1406 349/763/1407 180/322/1408
f 394/764/1409 340/747/1410 341/746/1411
f 350/765/1412 181/326/1413 177/302/1414 340/747/1415
f 351/766/1416 337/767/1417 338/768/1418 352/769/1419
f 353/770/1420 341/771/1421 342/772/1422 354/773/1423
f 354/774/1424 414/775/1425 337/776/1426 351/777/1427
f 395/778/1428 393/779/1429 349/780/1430 355/781/1431
f 355/782/1432 349/763/1433 356/783/1434
f 396/784/1435 394/785/1436 341/771/1437 353/770/1438
f 357/786/1439 358/787/1440 345/788/1441 346/789/1442
f 359/790/1443 360/791/1444 343/792/1445 344/793/1446
f 360/794/1447 357/795/1448 346/796/1449 343/797/1450
f 397/798/1451 361/799/1452 348/800/1453 392/801/1454
f 361/802/1455 362/803/1456 347/804/1457 348/805/1458
f 398/806/1459 359/790/1460 344/793/1461 391/807/1462
f 405/808/1463 406/809/1464 364/810/1465 363/811/1466
f 407/812/1467 408/813/1468 366/814/1469 365/815/1470
f 408/813/1471 405/816/1472 363/817/1473 366/814/1474
f 412/818/1475 409/819/1476 367/820/1477 399/821/1478
f 409/822/1479 410/823/1480 368/824/1481 367/825/1482
f 411/826/1483 407/812/1484 365/815/1485 400/827/1486
f 356/783/1487 349/763/1488 350/762/1489
f 369/828/1490 372/829/1491 371/830/1492 370/831/1493
f 402/832/1494 374/833/1495 373/834/1496 401/835/1497
f 374/836/1498 376/837/1499 375/838/1500 373/839/1501
f 404/840/1502 369/841/1503 370/842/1504 403/843/1505
f 359/844/1506 358/845/1507 357/846/1508 360/847/1509
f 493/848/1510 489/849/1511 361/799/1512 397/798/1513
f 489/850/1514 490/851/1515 362/803/1516 361/802/1517
f 492/852/1518 491/853/1519 359/790/1520 398/806/1521
f 491/854/1522 488/855/1523 358/856/1524 359/857/1525
f 363/858/1526 364/859/1527 372/860/1528
f 365/861/1529 366/862/1530 369/841/1531
f 366/863/1532 363/864/1533 372/829/1534 369/828/1535
f 399/865/1536 367/866/1537 374/833/1538 402/832/1539
f 367/867/1540 368/868/1541 376/837/1542 374/836/1543
f 400/869/1544 365/861/1545 369/841/1546 404/840/1547
f 470/431/1548 181/433/1549 350/870/1550
f 377/871/1551 350/872/1552 180/435/1553
f 377/873/1554 180/874/1555 465/875/1556
f 138/876/1557 464/877/1558 180/874/1559
f 470/431/1560 350/870/1561 377/878/1562
f 147/16/1563 246/512/1564 251/879/1565 149/438/1566
f 246/880/1567 244/881/1568 250/882/1569 251/883/1570
f 313/652/1571 312/665/1572 253/653/1573
f 317/663/1574 312/665/1575 313/652/1576
f 265/545/1577 263/539/1578 266/546/1579
f 265/545/1580 261/543/1581 263/539/1582
f 265/545/1583 285/583/1584 264/544/1585
f 164/116/1586 267/884/1587 275/578/1588
f 332/885/1589 329/739/1590 334/741/1591
f 328/886/1592 390/887/1593 331/888/1594
f 379/889/1595 270/890/1596 268/891/1597 378/892/1598
f 182/453/1599 162/456/1600 270/893/1601 379/894/1602
f 161/457/1603 183/460/1604 378/895/1605 268/896/1606
f 272/556/1607 287/584/1608 291/595/1609
f 286/594/1610 266/585/1611 287/584/1612
f 276/897/1613 277/565/1614 385/614/1615 386/558/1616
f 275/559/1617 384/898/1618 382/899/1619 281/900/1620
f 380/901/1621 269/550/1622 160/74/1623 188/466/1624
f 281/900/1625 382/899/1626 381/902/1627
f 386/558/1628 267/548/1629 264/549/1630 276/897/1631
f 384/898/1632 275/559/1633 386/558/1634 385/614/1635
f 314/903/1636 388/714/1637 389/717/1638 330/904/1639
f 425/905/1640 240/906/1641 387/656/1642 428/655/1643
f 240/501/1644 143/2/1645 196/189/1646 387/639/1647
f 330/904/1648 389/717/1649 390/726/1650 327/907/1651
f 327/908/1652 390/887/1653 328/886/1654
f 368/909/1655 400/869/1656 404/840/1657 376/910/1658
f 364/859/1659 399/865/1660 402/832/1661 372/860/1662
f 490/911/1663 492/852/1664 398/806/1665 362/912/1666
f 488/913/1667 493/848/1668 397/798/1669 358/787/1670
f 376/910/1671 404/840/1672 403/843/1673 375/914/1674
f 372/860/1675 402/832/1676 401/835/1677 371/915/1678
f 410/916/1679 411/826/1680 400/827/1681 368/917/1682
f 406/809/1683 412/818/1684 399/821/1685 364/810/1686
f 362/912/1687 398/806/1688 391/807/1689 347/918/1690
f 358/787/1691 397/798/1692 392/801/1693 345/788/1694
f 356/919/1695 350/920/1696 394/785/1697 396/784/1698
f 352/769/1699 338/768/1700 393/779/1701 395/778/1702
f 349/921/1703 393/760/1704 212/317/1705 179/487/1706
f 344/751/1707 345/750/1708 392/757/1709 391/756/1710
f 350/765/1711 340/747/1712 394/764/1713
f 352/769/1714 395/778/1715 412/818/1716 406/809/1717
f 356/919/1718 396/784/1719 411/826/1720 410/916/1721
f 396/784/1722 353/770/1723 407/812/1724 411/826/1725
f 355/782/1726 356/783/1727 410/823/1728 409/822/1729
f 395/778/1730 355/781/1731 409/819/1732 412/818/1733
f 354/773/1734 351/922/1735 405/816/1736 408/813/1737
f 353/770/1738 354/773/1739 408/813/1740 407/812/1741
f 351/766/1742 352/769/1743 406/809/1744 405/808/1745
f 306/660/1746 416/675/1747 421/661/1748
f 420/636/1749 417/923/1750 301/924/1751 413/637/1752
f 414/775/1753 354/774/1754 342/925/1755
f 413/637/1756 301/924/1757 337/926/1758 414/754/1759
f 416/649/1760 306/927/1761 300/928/1762 415/650/1763
f 415/650/1764 300/928/1765 417/923/1766 420/636/1767
f 305/651/1768 415/650/1769 420/636/1770 419/635/1771
f 173/192/1772 302/642/1773 418/631/1774 229/180/1775
f 302/642/1776 305/641/1777 419/632/1778 418/631/1779
f 300/647/1780 170/198/1781 228/175/1782 417/629/1783
f 421/661/1784 317/674/1785 426/929/1786 429/662/1787
f 424/719/1788 316/930/1789 332/931/1790 423/720/1791
f 423/720/1792 332/931/1793 334/728/1794
f 416/675/1795 317/674/1796 421/661/1797
f 429/662/1798 426/929/1799 316/930/1800 424/719/1801
f 314/903/1802 425/905/1803 428/655/1804 388/714/1805
f 313/698/1806 240/700/1807 425/671/1808 427/670/1809
f 317/663/1810 313/652/1811 427/667/1812 426/666/1813
f 315/718/1814 422/659/1815 429/662/1816 424/719/1817
f 388/714/1818 428/655/1819 422/658/1820 315/715/1821
f 331/721/1822 423/720/1823 328/727/1824
f 311/932/1825 243/522/1826 312/933/1827
f 305/934/1828 243/522/1829 311/932/1830
f 312/933/1831 243/522/1832 253/521/1833
f 191/935/1834 190/936/1835 436/937/1836 437/938/1837
f 385/939/1838 383/940/1839 441/941/1840 443/942/1841
f 189/943/1842 381/944/1843 439/945/1844 435/946/1845
f 190/936/1846 186/947/1847 432/948/1848 436/937/1849
f 380/949/1850 188/950/1851 434/951/1852 438/952/1853
f 187/953/1854 191/935/1855 437/938/1856 433/954/1857
f 381/955/1858 382/956/1859 440/957/1860 439/958/1861
f 185/959/1862 189/943/1863 435/946/1864 431/960/1865
f 383/940/1866 380/961/1867 438/962/1868 441/941/1869
f 384/963/1870 385/939/1871 443/942/1872 442/964/1873
f 188/950/1874 184/965/1875 430/966/1876 434/951/1877
f 186/947/1878 185/967/1879 431/968/1880 432/948/1881
f 382/956/1882 384/963/1883 442/964/1884 440/957/1885
f 184/969/1886 187/953/1887 433/954/1888 430/970/1889
f 433/971/1890 437/972/1891 451/973/1892 447/974/1893
f 439/975/1894 453/976/1895 449/977/1896
f 431/978/1897 435/979/1898 449/977/1899
f 438/980/1900 434/981/1901 448/982/1902
f 430/983/1903 444/984/1904 448/982/1905
f 439/985/1906 440/986/1907 454/987/1908 453/988/1909
f 432/989/1910 431/990/1911 445/991/1912 446/992/1913
f 441/993/1914 438/994/1915 452/995/1916 455/996/1917
f 430/997/1918 433/971/1919 447/974/1920 444/998/1921
f 442/999/1922 443/1000/1923 457/1001/1924 456/1002/1925
f 437/972/1926 436/1003/1927 450/1004/1928 451/973/1929
f 440/986/1930 442/999/1931 456/1002/1932 454/987/1933
f 436/1003/1934 432/989/1935 446/992/1936 450/1004/1937
f 443/1000/1938 441/993/1939 455/996/1940 457/1001/1941
f 451/973/1942 450/1004/1943 460/1005/1944 459/1006/1945
f 451/973/1946 459/1006/1947 458/1007/1948 447/974/1949
f 463/1008/1950 458/1007/1951 455/996/1952 452/1009/1953
f 449/977/1954 453/976/1955 462/1010/1956
f 463/1008/1957 448/982/1958 444/998/1959
f 459/1006/1960 460/1005/1961 456/1002/1962 457/1001/1963
f 458/1007/1964 459/1006/1965 457/1001/1966 455/996/1967
f 462/1010/1968 453/976/1969 454/987/1970 461/1011/1971
f 461/1011/1972 454/987/1973 456/1002/1974 460/1005/1975
f 445/1012/1976 462/1010/1977 461/1011/1978 446/992/1979
f 446/992/1980 461/1011/1981 460/1005/1982 450/1004/1983
f 445/1012/1984 449/977/1985 462/1010/1986
f 448/982/1987 463/1008/1988 452/1009/1989
f 458/1007/1990 463/1008/1991 444/998/1992 447/974/1993
f 434/981/1994 430/983/1995 448/982/1996
f 452/1009/1997 438/980/1998 448/982/1999
f 435/979/2000 439/975/2001 449/977/2002
f 445/1012/2003 431/978/2004 449/977/2005
f 380/1013/2006 383/564/2007 278/566/2008 269/573/2009
f 38/155/2010 187/94/2011 39/97/2012
f 464/877/2013 465/875/2014 180/874/2015
f 475/1014/2016 482/1015/2017 477/1016/2018 474/1017/2019
f 466/1018/2020 471/1019/2021 469/1020/2022
f 473/1021/2023 472/1022/2024 467/1023/2025 468/1024/2026
f 485/1025/2027 487/1026/2028 479/1027/2029 476/1028/2030
f 472/1022/2031 471/1019/2032 466/1018/2033 467/1023/2034
f 466/1029/2035 469/1030/2036 478/1031/2037
f 484/1032/2038 473/1021/2039 468/1024/2040 483/1033/2041
f 468/1034/2042 467/1035/2043 481/1036/2044 480/1037/2045
f 467/1035/2046 466/1029/2047 478/1031/2048 481/1036/2049
f 474/1038/2050 469/1020/2051 471/1019/2052
f 473/1021/2053 476/1039/2054 475/1040/2055 472/1022/2056
f 483/1041/2057 468/1034/2058 480/1037/2059 486/1042/2060
f 472/1022/2061 475/1040/2062 474/1038/2063 471/1019/2064
f 476/1028/2065 479/1027/2066 482/1015/2067 475/1014/2068
f 484/1032/2069 485/1043/2070 476/1039/2071 473/1021/2072
f 477/1016/2073 478/1031/2074 469/1030/2075
f 480/1037/2076 481/1036/2077 482/1015/2078 479/1027/2079
f 481/1036/2080 478/1031/2081 477/1016/2082 482/1015/2083
f 486/1042/2084 480/1037/2085 479/1027/2086 487/1026/2087
f 474/1017/2088 477/1016/2089 469/1030/2090
f 464/877/2091 486/1042/2092 487/1026/2093 465/875/2094
f 470/431/2095 377/878/2096 485/1043/2097 484/1032/2098
f 138/876/2099 483/1041/2100 486/1042/2101 464/877/2102
f 470/431/2103 484/1032/2104 483/1033/2105 138/437/2106
f 377/873/2107 465/875/2108 487/1026/2109 485/1025/2110
f 375/914/2111 403/843/2112 492/852/2113 490/911/2114
f 370/831/2115 371/830/2116 488/855/2117 491/854/2118
f 403/843/2119 370/842/2120 491/853/2121 492/852/2122
f 373/839/2123 375/838/2124 490/851/2125 489/850/2126
f 401/835/2127 373/834/2128 489/849/2129 493/848/2130
f 132/480/2131 494/478/2132 499/409/2133 208/394/2134
f 136/479/2135 496/476/2136 498/413/2137 210/402/2138
f 131/390/2139 497/415/2140 494/418/2141 132/391/2142
f 210/402/2143 498/413/2144 497/414/2145 131/403/2146
f 134/398/2147 495/411/2148 496/412/2149 136/399/2150
f 208/394/2151 499/409/2152 495/410/2153 134/395/2154
f 371/915/2155 401/835/2156 493/848/2157 488/913/2158
f 96/290/2159 503/285/2160 502/286/2161 90/291/2162
f 89/278/2163 501/283/2164 503/284/2165 96/288/2166
f 90/1044/2167 502/245/2168 500/248/2169 88/1045/2170
f 88/473/2171 500/243/2172 501/244/2173 89/446/2174
f 335/740/2175 329/739/2176 506/735/2177 507/734/2178
f 328/727/2179 335/737/2180 507/733/2181 505/732/2182
f 329/1046/2183 327/1047/2184 504/695/2185 506/694/2186
f 327/908/2187 328/886/2188 505/693/2189 504/692/2190
