# This file uses centimeters as units for non-parametric coordinates.

mtllib Helix_bend.mtl
g bend1Set tweakSet1
v 1.444975 -8.160144 0.000000
v 0.950000 -8.365170 0.000000
v 0.455025 -8.160144 0.000000
v 0.250000 -7.665169 0.000000
v 0.455025 -7.170195 -0.000000
v 0.950000 -6.965170 -0.000000
v 1.444975 -7.170195 -0.000000
v 1.650000 -7.665169 0.000000
v 1.435398 -8.110811 -0.166081
v 0.943704 -8.315836 -0.109190
v 0.452010 -8.110811 -0.052299
v 0.248343 -7.615836 -0.028734
v 0.452010 -7.120862 -0.052299
v 0.943704 -6.915836 -0.109190
v 1.435398 -7.120862 -0.166081
v 1.639065 -7.615836 -0.189646
v 1.406797 -8.061477 -0.329961
v 0.924900 -8.266502 -0.216933
v 0.443003 -8.061477 -0.103905
v 0.243395 -7.566503 -0.057088
v 0.443003 -7.071528 -0.103905
v 0.924900 -6.866503 -0.216933
v 1.406797 -7.071528 -0.329961
v 1.606405 -7.566503 -0.376779
v 1.359549 -8.012144 -0.489468
v 0.893837 -8.217169 -0.321801
v 0.428125 -8.012144 -0.154134
v 0.235220 -7.517169 -0.084685
v 0.428125 -7.022194 -0.154134
v 0.893837 -6.817169 -0.321801
v 1.359549 -7.022194 -0.489468
v 1.552453 -7.517169 -0.558918
v 1.294281 -7.962810 -0.642487
v 0.850926 -8.167835 -0.422403
v 0.407571 -7.962810 -0.202320
v 0.223928 -7.467836 -0.111159
v 0.407571 -6.972861 -0.202320
v 0.850926 -6.767836 -0.422403
v 1.294281 -6.972861 -0.642487
v 1.477924 -7.467836 -0.733648
v 1.211858 -7.913477 -0.786990
v 0.796737 -8.118502 -0.517407
v 0.381616 -7.913477 -0.247825
v 0.209668 -7.418502 -0.136160
v 0.381616 -6.923527 -0.247825
v 0.796737 -6.718502 -0.517407
v 1.211858 -6.923527 -0.786990
v 1.383806 -7.418502 -0.898654
v 1.113372 -7.864143 -0.921062
v 0.731988 -8.069168 -0.605553
v 0.350603 -7.864143 -0.290044
v 0.192628 -7.369168 -0.159356
v 0.350603 -6.874194 -0.290044
v 0.731988 -6.669169 -0.605553
v 1.113372 -6.874194 -0.921062
v 1.271347 -7.369168 -1.051750
v 1.000129 -7.814809 -1.042925
v 0.657536 -8.019835 -0.685672
v 0.314943 -7.814809 -0.328419
v 0.173036 -7.319835 -0.180440
v 0.314943 -6.824860 -0.328419
v 0.657536 -6.619835 -0.685672
v 1.000129 -6.824860 -1.042925
v 1.142036 -7.319835 -1.190904
v 0.873630 -7.765476 -1.150966
v 0.574369 -7.970501 -0.756703
v 0.275108 -7.765476 -0.362441
v 0.151150 -7.270501 -0.199133
v 0.275108 -6.775527 -0.362441
v 0.574369 -6.570501 -0.756703
v 0.873630 -6.775527 -1.150966
v 0.997588 -7.270501 -1.314275
v 0.735552 -7.716142 -1.243751
v 0.483589 -7.921167 -0.817705
v 0.231627 -7.716142 -0.391659
v 0.127260 -7.221168 -0.215186
v 0.231627 -6.726193 -0.391659
v 0.483589 -6.521168 -0.817705
v 0.735552 -6.726193 -1.243751
v 0.839918 -7.221168 -1.420224
v 0.587724 -7.666809 -1.320050
v 0.386400 -7.871834 -0.867868
v 0.185075 -7.666809 -0.415686
v 0.101684 -7.171834 -0.228386
v 0.185075 -6.676859 -0.415686
v 0.386400 -6.471834 -0.867868
v 0.587724 -6.676859 -1.320050
v 0.671115 -7.171834 -1.507350
v 0.432106 -7.617475 -1.378853
v 0.284089 -7.822500 -0.906528
v 0.136071 -7.617475 -0.434204
v 0.074760 -7.122501 -0.238560
v 0.136071 -6.627526 -0.434204
v 0.284089 -6.422501 -0.906528
v 0.432106 -6.627526 -1.378853
v 0.493417 -7.122501 -1.574497
v 0.270761 -7.568142 -1.419380
v 0.178012 -7.773167 -0.933173
v 0.085263 -7.568142 -0.446966
v 0.046845 -7.073167 -0.245572
v 0.085263 -6.578192 -0.446966
v 0.178012 -6.373167 -0.933173
v 0.270761 -6.578192 -1.419380
v 0.309179 -7.073167 -1.620774
v 0.105827 -7.518808 -1.441094
v 0.069576 -7.723833 -0.947449
v 0.033325 -7.518808 -0.453803
v 0.018310 -7.023833 -0.249329
v 0.033325 -6.528859 -0.453803
v 0.069576 -6.323834 -0.947449
v 0.105827 -6.528859 -1.441094
v 0.120843 -7.023833 -1.645569
v -0.060509 -7.469474 -1.443707
v -0.039782 -7.674500 -0.949167
v -0.019054 -7.469474 -0.454626
v -0.010469 -6.974500 -0.249781
v -0.019055 -6.479525 -0.454626
v -0.039782 -6.274500 -0.949167
v -0.060509 -6.479525 -1.443707
v -0.069095 -6.974500 -1.648553
v -0.226044 -7.420141 -1.427185
v -0.148613 -7.625166 -0.938304
v -0.071182 -7.420141 -0.449423
v -0.039109 -6.925166 -0.246922
v -0.071182 -6.430192 -0.449423
v -0.148613 -6.225166 -0.938304
v -0.226044 -6.430192 -1.427185
v -0.258117 -6.925166 -1.629686
v -0.388582 -7.370807 -1.391746
v -0.255474 -7.575832 -0.915004
v -0.122365 -7.370807 -0.438263
v -0.067230 -6.875833 -0.240791
v -0.122365 -6.380858 -0.438263
v -0.255474 -6.175833 -0.915004
v -0.388582 -6.380858 -1.391746
v -0.443718 -6.875833 -1.589218
v -0.545970 -7.321474 -1.337860
v -0.358949 -7.526499 -0.879577
v -0.171927 -7.321474 -0.421295
v -0.094460 -6.826499 -0.231468
v -0.171927 -6.331524 -0.421295
v -0.358949 -6.126499 -0.879577
v -0.545970 -6.331524 -1.337860
v -0.623437 -6.826499 -1.527686
v -0.696122 -7.272140 -1.266241
v -0.457666 -7.477165 -0.832491
v -0.219210 -7.272140 -0.398742
v -0.120438 -6.777166 -0.219077
v -0.219210 -6.282191 -0.398742
v -0.457666 -6.077166 -0.832491
v -0.696122 -6.282191 -1.266241
v -0.794893 -6.777166 -1.445906
v -0.837046 -7.222807 -1.177839
v -0.550317 -7.427832 -0.774371
v -0.263588 -7.222807 -0.370904
v -0.144820 -6.727832 -0.203782
v -0.263588 -6.232857 -0.370904
v -0.550317 -6.027832 -0.774371
v -0.837047 -6.232857 -1.177839
v -0.955814 -6.727832 -1.344961
v -0.966877 -7.173473 -1.073826
v -0.635674 -7.378498 -0.705988
v -0.304471 -7.173473 -0.338150
v -0.167283 -6.678498 -0.185786
v -0.304471 -6.183524 -0.338150
v -0.635674 -5.978499 -0.705988
v -0.966877 -6.183524 -1.073826
v -1.104065 -6.678498 -1.226189
v -1.083891 -7.124139 -0.955579
v -0.712605 -7.329165 -0.628246
v -0.341319 -7.124139 -0.300914
v -0.187528 -6.629165 -0.165328
v -0.341319 -6.134190 -0.300914
v -0.712605 -5.929165 -0.628246
v -1.083891 -6.134190 -0.955579
v -1.237683 -6.629165 -1.091165
v -1.186540 -7.074806 -0.824667
v -0.780092 -7.279831 -0.542178
v -0.373644 -7.074806 -0.259689
v -0.205287 -6.579831 -0.142678
v -0.373644 -6.084857 -0.259689
v -0.780092 -5.879831 -0.542178
v -1.186540 -6.084857 -0.824667
v -1.354896 -6.579831 -0.941678
v -1.273461 -7.025472 -0.682824
v -0.837238 -7.230497 -0.448923
v -0.401015 -7.025472 -0.215023
v -0.220326 -6.530498 -0.118138
v -0.401015 -6.035523 -0.215023
v -0.837238 -5.830498 -0.448923
v -1.273461 -6.035523 -0.682824
v -1.454150 -6.530498 -0.779709
v -1.343503 -6.976139 -0.531931
v -0.883288 -7.181164 -0.349719
v -0.423072 -6.976139 -0.167506
v -0.232444 -6.481164 -0.092031
v -0.423072 -5.986189 -0.167506
v -0.883288 -5.781164 -0.349719
v -1.343503 -5.986189 -0.531931
v -1.534131 -6.481164 -0.607406
v -1.395738 -6.926805 -0.373987
v -0.917629 -7.131830 -0.245878
v -0.439521 -6.926805 -0.117769
v -0.241482 -6.431830 -0.064705
v -0.439521 -5.936856 -0.117769
v -0.917629 -5.731831 -0.245878
v -1.395738 -5.936856 -0.373987
v -1.593778 -6.431830 -0.427052
v -1.429473 -6.877472 -0.211087
v -0.939809 -7.082497 -0.138779
v -0.450144 -6.877472 -0.066472
v -0.247318 -6.382497 -0.036521
v -0.450144 -5.887522 -0.066472
v -0.939809 -5.682497 -0.138779
v -1.429473 -5.887522 -0.211087
v -1.632299 -6.382497 -0.241038
v -1.444262 -6.828138 -0.045388
v -0.949531 -7.033163 -0.029841
v -0.454801 -6.828138 -0.014293
v -0.249877 -6.333163 -0.007853
v -0.454801 -5.838189 -0.014293
v -0.949531 -5.633164 -0.029841
v -1.444262 -5.838189 -0.045388
v -1.649186 -6.333163 -0.051828
v -1.439907 -6.778804 0.120912
v -0.946668 -6.983830 0.079494
v -0.453429 -6.778804 0.038075
v -0.249123 -6.283830 0.020919
v -0.453429 -5.788855 0.038075
v -0.946668 -5.583830 0.079494
v -1.439907 -5.788855 0.120912
v -1.644213 -6.283830 0.138068
v -1.416467 -6.729471 0.285609
v -0.931258 -6.934496 0.187774
v -0.446048 -6.729471 0.089939
v -0.245068 -6.234496 0.049414
v -0.446048 -5.739522 0.089939
v -0.931258 -5.534496 0.187774
v -1.416467 -5.739522 0.285609
v -1.617448 -6.234496 0.326134
v -1.374253 -6.680137 0.446521
v -0.903504 -6.885162 0.293566
v -0.432755 -6.680137 0.140610
v -0.237764 -6.185163 0.077254
v -0.432755 -5.690188 0.140610
v -0.903504 -5.485163 0.293566
v -1.374253 -5.690188 0.446521
v -1.569244 -6.185163 0.509877
v -1.313823 -6.630804 0.601514
v -0.863774 -6.835829 0.395466
v -0.413725 -6.630804 0.189418
v -0.227309 -6.135829 0.104070
v -0.413725 -5.640854 0.189418
v -0.863774 -5.435829 0.395466
v -1.313823 -5.640854 0.601515
v -1.500240 -6.135829 0.686862
v -1.235980 -6.581470 0.748535
v -0.812596 -6.786495 0.492125
v -0.389213 -6.581470 0.235715
v -0.213841 -6.086495 0.129507
v -0.389212 -5.591521 0.235715
v -0.812596 -5.386496 0.492125
v -1.235980 -5.591521 0.748535
v -1.411351 -6.086495 0.854744
v -1.141755 -6.532137 0.885634
v -0.750648 -6.737162 0.582261
v -0.359541 -6.532137 0.278888
v -0.197539 -6.037162 0.153227
v -0.359541 -5.542187 0.278888
v -0.750648 -5.337162 0.582261
v -1.141755 -5.542187 0.885635
v -1.303756 -6.037162 1.011296
v -1.032396 -6.482803 1.010995
v -0.678749 -6.687828 0.664680
v -0.325103 -6.482803 0.318364
v -0.178618 -5.987828 0.174916
v -0.325103 -5.492854 0.318364
v -0.678749 -5.287829 0.664680
v -1.032396 -5.492854 1.010995
v -1.178881 -5.987828 1.154444
v -0.909353 -6.433469 1.122956
v -0.597855 -6.638495 0.738288
v -0.286357 -6.433469 0.353621
v -0.157330 -5.938495 0.194286
v -0.286357 -5.443520 0.353621
v -0.597855 -5.238495 0.738288
v -0.909353 -5.443520 1.122956
v -1.038379 -5.938495 1.282290
v -0.774256 -6.384136 1.220032
v -0.509036 -6.589161 0.802111
v -0.243815 -6.384136 0.384190
v -0.133957 -5.889161 0.211082
v -0.243815 -5.394187 0.384190
v -0.509036 -5.189161 0.802111
v -0.774256 -5.394187 1.220032
v -0.884115 -5.889161 1.393141
v -0.628898 -6.334802 1.300938
v -0.413470 -6.539827 0.855303
v -0.198041 -6.334802 0.409668
v -0.108808 -5.839828 0.225080
v -0.198041 -5.344853 0.409668
v -0.413470 -5.139828 0.855303
v -0.628898 -5.344853 1.300938
v -0.718131 -5.839828 1.485526
v -0.475204 -6.285469 1.364600
v -0.312423 -6.490494 0.897158
v -0.149643 -6.285469 0.429715
v -0.082217 -5.790494 0.236094
v -0.149643 -5.295519 0.429715
v -0.312423 -5.090494 0.897158
v -0.475204 -5.295519 1.364600
v -0.542630 -5.790494 1.558221
v -0.315211 -6.236135 1.410175
v -0.207236 -6.441160 0.927121
v -0.099261 -6.236135 0.444067
v -0.054536 -5.741160 0.243979
v -0.099260 -5.246186 0.444067
v -0.207236 -5.041161 0.927121
v -0.315211 -5.246186 1.410175
v -0.359936 -5.741160 1.610263
v -0.151040 -6.186802 1.437059
v -0.099301 -6.391827 0.944796
v -0.047563 -6.186802 0.452533
v -0.026132 -5.691827 0.248631
v -0.047563 -5.196852 0.452533
v -0.099301 -4.991827 0.944796
v -0.151040 -5.196852 1.437059
v -0.172471 -5.691827 1.640961
v 0.015133 -6.137468 1.444896
v 0.009949 -6.342493 0.949948
v 0.004765 -6.137468 0.455000
v 0.002618 -5.642493 0.249986
v 0.004765 -5.147519 0.455000
v 0.009949 -4.942494 0.949948
v 0.015133 -5.147519 1.444896
v 0.017280 -5.642493 1.649909
v 0.181105 -6.088134 1.433581
v 0.119068 -6.293160 0.942509
v 0.057030 -6.088134 0.451437
v 0.031334 -5.593160 0.248029
v 0.057030 -5.098185 0.451437
v 0.119068 -4.893160 0.942509
v 0.181105 -5.098185 1.433581
v 0.206802 -5.593160 1.636989
v 0.344676 -6.038801 1.403264
v 0.226608 -6.243826 0.922577
v 0.108539 -6.038801 0.441891
v 0.059634 -5.543826 0.242784
v 0.108539 -5.048852 0.441891
v 0.226608 -4.843826 0.922577
v 0.344677 -5.048852 1.403264
v 0.393582 -5.543826 1.602371
v 0.503680 -5.989467 1.354348
v 0.331145 -6.194492 0.890417
v 0.158610 -5.989467 0.426487
v 0.087143 -5.494493 0.234320
v 0.158610 -4.999518 0.426487
v 0.331145 -4.794493 0.890417
v 0.503680 -4.999518 1.354348
v 0.575146 -5.494493 1.546514
v 0.656007 -5.940134 1.287481
v 0.431292 -6.145159 0.846455
v 0.206578 -5.940134 0.405430
v 0.113498 -5.445159 0.222751
v 0.206578 -4.950184 0.405430
v 0.431292 -4.745159 0.846455
v 0.656007 -4.950184 1.287481
v 0.749087 -5.445159 1.470160
v 0.799639 -5.890800 1.203549
v 0.525723 -6.095825 0.791274
v 0.251808 -5.890800 0.379000
v 0.138348 -5.395825 0.208230
v 0.251808 -4.900851 0.379000
v 0.525723 -4.695826 0.791274
v 0.799639 -4.900851 1.203549
v 0.913099 -5.395825 1.374318
v 0.932672 -5.841467 1.103664
v 0.613186 -6.046492 0.725605
v 0.293700 -5.841467 0.347546
v 0.161365 -5.346492 0.190949
v 0.293700 -4.851517 0.347546
v 0.613186 -4.646492 0.725605
v 0.932672 -4.851517 1.103664
v 1.065008 -5.346492 1.260261
v 1.053343 -5.792133 0.989151
v 0.692522 -5.997158 0.650318
v 0.331700 -5.792133 0.311486
v 0.182243 -5.297158 0.171136
v 0.331700 -4.802184 0.311485
v 0.692522 -4.597159 0.650318
v 1.053343 -4.802184 0.989151
v 1.202801 -5.297158 1.129500
v 1.160053 -5.742799 0.861527
v 0.762678 -5.947825 0.566412
v 0.365303 -5.742799 0.271297
v 0.200705 -5.247825 0.149056
v 0.365303 -4.752850 0.271296
v 0.762678 -4.547825 0.566412
v 1.160053 -4.752850 0.861527
v 1.324651 -5.247825 0.983768
v 1.251387 -5.693466 0.722484
v 0.822725 -5.898491 0.474998
v 0.394064 -5.693466 0.227512
v 0.216507 -5.198491 0.124999
v 0.394064 -4.703517 0.227512
v 0.822725 -4.498491 0.474998
v 1.251387 -4.703517 0.722484
v 1.428944 -5.198491 0.824996
v 1.326134 -5.644132 0.573865
v 0.871868 -5.849157 0.377288
v 0.417602 -5.644132 0.180711
v 0.229439 -5.149158 0.099286
v 0.417602 -4.654183 0.180711
v 0.871868 -4.449158 0.377288
v 1.326134 -4.654183 0.573865
v 1.514297 -5.149158 0.655290
v 1.383304 -5.594799 0.417639
v 0.909454 -5.799824 0.274577
v 0.435605 -5.594799 0.131515
v 0.239330 -5.099824 0.072257
v 0.435605 -4.604849 0.131515
v 0.909454 -4.399824 0.274577
v 1.383304 -4.604849 0.417639
v 1.579579 -5.099824 0.476898
v 1.422139 -5.545465 0.255878
v 0.934986 -5.750490 0.168227
v 0.447834 -5.545465 0.080577
v 0.246049 -5.050490 0.044270
v 0.447834 -4.555516 0.080577
v 0.934986 -4.350491 0.168227
v 1.422139 -4.555516 0.255878
v 1.623924 -5.050490 0.292185
v 1.442124 -5.496132 0.090726
v 0.948126 -5.701157 0.059648
v 0.454128 -5.496132 0.028570
v 0.249507 -5.001157 0.015697
v 0.454128 -4.506182 0.028570
v 0.948126 -4.301157 0.059648
v 1.442124 -4.506182 0.090726
v 1.646744 -5.001157 0.103599
v 1.442994 -5.446798 -0.075629
v 0.948698 -5.651823 -0.049723
v 0.454402 -5.446798 -0.023816
v 0.249657 -4.951823 -0.013085
v 0.454402 -4.456849 -0.023816
v 0.948698 -4.251824 -0.049723
v 1.442994 -4.456849 -0.075629
v 1.647738 -4.951823 -0.086360
v 1.424738 -5.397464 -0.240982
v 0.936696 -5.602490 -0.158434
v 0.448653 -5.397464 -0.075886
v 0.246499 -4.902490 -0.041693
v 0.448653 -4.407515 -0.075886
v 0.936696 -4.202490 -0.158434
v 1.424738 -4.407515 -0.240982
v 1.626892 -4.902490 -0.275175
v 1.387598 -5.348131 -0.403141
v 0.912278 -5.553156 -0.265045
v 0.436957 -5.348131 -0.126950
v 0.240073 -4.853156 -0.069749
v 0.436957 -4.358182 -0.126950
v 0.912278 -4.153156 -0.265045
v 1.387598 -4.358182 -0.403141
v 1.584483 -4.853156 -0.460342
v 1.332067 -5.298797 -0.559956
v 0.875768 -5.503822 -0.368144
v 0.419470 -5.298797 -0.176331
v 0.230465 -4.803823 -0.096880
v 0.419470 -4.308848 -0.176331
v 0.875768 -4.103823 -0.368144
v 1.332067 -4.308848 -0.559956
v 1.521071 -4.803823 -0.639407
v 1.258879 -5.249464 -0.709349
v 0.827651 -5.454489 -0.466362
v 0.396423 -5.249464 -0.223375
v 0.217803 -4.754489 -0.122727
v 0.396423 -4.259514 -0.223375
v 0.827651 -4.054489 -0.466362
v 1.258879 -4.259514 -0.709349
v 1.437499 -4.754489 -0.809998
v 1.169005 -5.200130 -0.849340
v 0.768564 -5.405155 -0.558400
v 0.368122 -5.200130 -0.267459
v 0.202254 -4.705155 -0.146947
v 0.368122 -4.210181 -0.267459
v 0.768564 -4.005156 -0.558400
v 1.169005 -4.210181 -0.849340
v 1.334873 -4.705155 -0.969852
v 1.063637 -5.150797 -0.978074
v 0.699289 -5.355822 -0.643036
v 0.334941 -5.150797 -0.307997
v 0.184024 -4.655822 -0.169220
v 0.334941 -4.160847 -0.307997
v 0.699289 -3.955822 -0.643036
v 1.063637 -4.160847 -0.978074
v 1.214555 -4.655822 -1.116851
v 0.944171 -5.101463 -1.093844
v 0.620746 -5.306488 -0.719149
v 0.297321 -5.101463 -0.344453
v 0.163354 -4.606488 -0.189250
v 0.297321 -4.111514 -0.344453
v 0.620746 -3.906489 -0.719149
v 0.944171 -4.111514 -1.093844
v 1.078138 -4.606488 -1.249047
v 0.812190 -5.052129 -1.195115
v 0.533975 -5.257155 -0.785729
v 0.255760 -5.052129 -0.376344
v 0.140520 -4.557155 -0.206771
v 0.255760 -4.062180 -0.376344
v 0.533975 -3.857155 -0.785729
v 0.812190 -4.062180 -1.195115
v 0.927430 -4.557155 -1.364688
v 0.669444 -5.002796 -1.280545
v 0.440127 -5.207821 -0.841896
v 0.210809 -5.002796 -0.403246
v 0.115823 -4.507821 -0.221552
v 0.210809 -4.012847 -0.403246
v 0.440127 -3.807821 -0.841896
v 0.669444 -4.012847 -1.280545
v 0.764430 -4.507821 -1.462240
v 0.517825 -4.953462 -1.349003
v 0.340444 -5.158487 -0.886903
v 0.163064 -4.953462 -0.424804
v 0.089591 -4.458488 -0.233396
v 0.163064 -3.963513 -0.424804
v 0.340444 -3.758488 -0.886903
v 0.517825 -3.963513 -1.349003
v 0.591298 -4.458488 -1.540411
v 0.359342 -4.904129 -1.399580
v 0.236250 -5.109154 -0.920155
v 0.113158 -4.904129 -0.440731
v 0.062171 -4.409154 -0.242146
v 0.113158 -3.914179 -0.440731
v 0.236250 -3.709154 -0.920155
v 0.359342 -3.914179 -1.399580
v 0.410329 -4.409154 -1.598165
v 0.196097 -4.854795 -1.431607
v 0.128924 -5.059820 -0.941211
v 0.061751 -4.854795 -0.450816
v 0.033927 -4.359820 -0.247687
v 0.061751 -3.864846 -0.450816
v 0.128924 -3.659821 -0.941211
v 0.196097 -3.864846 -1.431607
v 0.223921 -4.359820 -1.634735
v 0.030252 -4.805461 -1.444658
v 0.019889 -5.010487 -0.949792
v 0.009526 -4.805461 -0.454926
v 0.005234 -4.310487 -0.249945
v 0.009526 -3.815512 -0.454926
v 0.019889 -3.610487 -0.949792
v 0.030252 -3.815512 -1.444658
v 0.034544 -4.310487 -1.649638
v -0.135994 -4.756128 -1.438561
v -0.089409 -4.961154 -0.945783
v -0.042825 -4.756128 -0.453006
v -0.023529 -4.261154 -0.248890
v -0.042825 -3.766179 -0.453006
v -0.089409 -3.561154 -0.945783
v -0.135994 -3.766179 -1.438561
v -0.155290 -4.261154 -1.642676
v -0.300437 -4.706795 -1.413396
v -0.197522 -4.911820 -0.929239
v -0.094608 -4.706795 -0.445081
v -0.051980 -4.211820 -0.244537
v -0.094608 -3.716846 -0.445081
v -0.197522 -3.511820 -0.929239
v -0.300437 -3.716846 -1.413396
v -0.343065 -4.211820 -1.613941
v -0.460897 -4.657462 -1.369498
v -0.303017 -4.862487 -0.900378
v -0.145137 -4.657462 -0.431258
v -0.079741 -4.162487 -0.236942
v -0.145137 -3.667512 -0.431258
v -0.303017 -3.462487 -0.900378
v -0.460897 -3.667512 -1.369498
v -0.526293 -4.162487 -1.563814
v -0.615248 -4.608128 -1.307448
v -0.404496 -4.813153 -0.859583
v -0.193743 -4.608128 -0.411718
v -0.106446 -4.113154 -0.226206
v -0.193743 -3.618179 -0.411718
v -0.404496 -3.413154 -0.859583
v -0.615249 -3.618179 -1.307448
v -0.702545 -4.113154 -1.492960
v -0.761445 -4.558795 -1.228069
v -0.500613 -4.763820 -0.807395
v -0.239780 -4.558795 -0.386721
v -0.131740 -4.063820 -0.212472
v -0.239781 -3.568846 -0.386721
v -0.500613 -3.363820 -0.807395
v -0.761445 -3.568846 -1.228069
v -0.869485 -4.063820 -1.402318
v -0.897549 -4.509461 -1.132412
v -0.590095 -4.714487 -0.744505
v -0.282640 -4.509461 -0.356599
v -0.155288 -4.014487 -0.195923
v -0.282640 -3.519512 -0.356599
v -0.590095 -3.314487 -0.744505
v -0.897549 -3.519512 -1.132412
v -1.024901 -4.014487 -1.293088
v -1.021757 -4.460128 -1.021746
v -0.671755 -4.665154 -0.671748
v -0.321753 -4.460128 -0.321750
v -0.176778 -3.965154 -0.176776
v -0.321753 -3.470179 -0.321750
v -0.671755 -3.265154 -0.671748
v -1.021757 -3.470179 -1.021746
v -1.166733 -3.965154 -1.166720
v -1.132422 -4.410795 -0.897537
v -0.744512 -4.615820 -0.590087
v -0.356602 -4.410795 -0.282636
v -0.195924 -3.915820 -0.155286
v -0.356602 -3.420846 -0.282636
v -0.744512 -3.215820 -0.590087
v -1.132422 -3.420846 -0.897537
v -1.293099 -3.915820 -1.024887
v -1.228077 -4.361462 -0.761432
v -0.807400 -4.566487 -0.500604
v -0.386724 -4.361462 -0.239776
v -0.212474 -3.866487 -0.131738
v -0.386724 -3.371512 -0.239776
v -0.807400 -3.166487 -0.500604
v -1.228077 -3.371512 -0.761432
v -1.402327 -3.866487 -0.869470
v -1.307455 -4.312128 -0.615234
v -0.859588 -4.517153 -0.404486
v -0.411720 -4.312128 -0.193738
v -0.226207 -3.817154 -0.106444
v -0.411720 -3.322179 -0.193738
v -0.859588 -3.117154 -0.404486
v -1.307455 -3.322179 -0.615234
v -1.492968 -3.817154 -0.702529
v -1.369503 -4.262795 -0.460882
v -0.900381 -4.467820 -0.303007
v -0.431259 -4.262795 -0.145133
v -0.236943 -3.767820 -0.079739
v -0.431259 -3.272846 -0.145133
v -0.900381 -3.067820 -0.303007
v -1.369503 -3.272846 -0.460882
v -1.563820 -3.767820 -0.526276
v -1.413400 -4.213461 -0.300421
v -0.929241 -4.418487 -0.197512
v -0.445082 -4.213461 -0.094603
v -0.244537 -3.718487 -0.051977
v -0.445082 -3.223512 -0.094603
v -0.929241 -3.018487 -0.197512
v -1.413400 -3.223512 -0.300421
v -1.613945 -3.718487 -0.343048
v -1.438562 -4.164128 -0.135979
v -0.945784 -4.369154 -0.089399
v -0.453006 -4.164128 -0.042820
v -0.248891 -3.669154 -0.023526
v -0.453006 -3.174179 -0.042820
v -0.945784 -2.969154 -0.089399
v -1.438562 -3.174179 -0.135979
v -1.642678 -3.669154 -0.155272
v -1.444658 -4.114795 0.030266
v -0.949792 -4.319820 0.019899
v -0.454925 -4.114795 0.009531
v -0.249945 -3.619820 0.005236
v -0.454925 -3.124846 0.009531
v -0.949792 -2.919820 0.019899
v -1.444658 -3.124846 0.030266
v -1.649638 -3.619820 0.034561
v -1.431605 -4.065461 0.196110
v -0.941210 -4.270487 0.128933
v -0.450815 -4.065461 0.061755
v -0.247687 -3.570487 0.033930
v -0.450815 -3.075512 0.061756
v -0.941210 -2.870487 0.128933
v -1.431605 -3.075512 0.196110
v -1.634733 -3.570487 0.223936
v -1.399577 -4.016128 0.359355
v -0.920153 -4.221153 0.236258
v -0.440729 -4.016128 0.113161
v -0.242146 -3.521154 0.062173
v -0.440729 -3.026179 0.113162
v -0.920153 -2.821154 0.236258
v -1.399577 -3.026179 0.359355
v -1.598161 -3.521154 0.410343
v -1.348999 -3.966795 0.517836
v -0.886900 -4.171820 0.340452
v -0.424802 -3.966795 0.163068
v -0.233395 -3.471820 0.089593
v -0.424802 -2.976846 0.163068
v -0.886900 -2.771820 0.340452
v -1.348999 -2.976846 0.517836
v -1.540406 -3.471820 0.591311
v -1.280540 -3.917461 0.669454
v -0.841892 -4.122487 0.440133
v -0.403245 -3.917461 0.210812
v -0.221551 -3.422487 0.115825
v -0.403244 -2.927512 0.210812
v -0.841892 -2.722487 0.440133
v -1.280540 -2.927512 0.669454
v -1.462234 -3.422487 0.764442
v -1.195109 -3.868128 0.812199
v -0.785725 -4.073153 0.533981
v -0.376342 -3.868128 0.255763
v -0.206770 -3.373154 0.140521
v -0.376342 -2.878179 0.255763
v -0.785725 -2.673154 0.533981
v -1.195109 -2.878179 0.812199
v -1.364681 -3.373154 0.927441
v -1.093837 -3.818795 0.944178
v -0.719144 -4.023820 0.620751
v -0.344451 -3.818795 0.297324
v -0.189248 -3.323820 0.163356
v -0.344451 -2.828846 0.297324
v -0.719144 -2.623820 0.620751
v -1.093837 -2.828846 0.944178
v -1.249040 -3.323820 1.078146
v -0.978067 -3.769461 1.063643
v -0.643031 -3.974487 0.699293
v -0.307995 -3.769461 0.334943
v -0.169219 -3.274487 0.184025
v -0.307995 -2.779512 0.334943
v -0.643031 -2.574487 0.699293
v -0.978067 -2.779512 1.063643
v -1.116843 -3.274487 1.214562
v -0.849333 -3.720128 1.169010
v -0.558395 -3.925153 0.768567
v -0.267457 -3.720128 0.368124
v -0.146946 -3.225154 0.202255
v -0.267457 -2.730179 0.368124
v -0.558395 -2.525154 0.768567
v -0.849333 -2.730179 1.169010
v -0.969844 -3.225154 1.334879
v -0.709342 -3.670795 1.258883
v -0.466358 -3.875820 0.827654
v -0.223373 -3.670795 0.396425
v -0.122726 -3.175820 0.217804
v -0.223373 -2.680846 0.396425
v -0.466358 -2.475820 0.827654
v -0.709342 -2.680846 1.258883
v -0.809990 -3.175820 1.437504
v -0.559949 -3.621461 1.332069
v -0.368139 -3.826487 0.875770
v -0.176329 -3.621461 0.419471
v -0.096879 -3.126487 0.230466
v -0.176329 -2.631512 0.419471
v -0.368139 -2.426487 0.875770
v -0.559949 -2.631512 1.332070
v -0.639399 -3.126487 1.521075
v -0.403134 -3.572128 1.387600
v -0.265041 -3.777153 0.912279
v -0.126948 -3.572128 0.436958
v -0.069748 -3.077154 0.240074
v -0.126948 -2.582179 0.436958
v -0.265041 -2.377154 0.912279
v -0.403134 -2.582179 1.387600
v -0.460334 -3.077154 1.584485
v -0.240976 -3.522795 1.424739
v -0.158430 -3.727820 0.936696
v -0.075884 -3.522795 0.448653
v -0.041692 -3.027820 0.246499
v -0.075884 -2.532846 0.448653
v -0.158430 -2.327820 0.936696
v -0.240976 -2.532846 1.424739
v -0.275168 -3.027820 1.626894
v -0.075624 -3.473461 1.442994
v -0.049719 -3.678487 0.948698
v -0.023814 -3.473461 0.454402
v -0.013084 -2.978487 0.249657
v -0.023814 -2.483512 0.454402
v -0.049719 -2.278487 0.948698
v -0.075624 -2.483512 1.442994
v -0.086354 -2.978487 1.647739
v 0.090730 -3.424128 1.442123
v 0.059651 -3.629153 0.948125
v 0.028571 -3.424128 0.454127
v 0.015698 -2.929154 0.249507
v 0.028571 -2.434179 0.454127
v 0.059651 -2.229154 0.948125
v 0.090730 -2.434179 1.442123
v 0.103604 -2.929154 1.646744
v 0.255882 -3.374795 1.422138
v 0.168230 -3.579820 0.934986
v 0.080578 -3.374795 0.447834
v 0.044271 -2.879820 0.246049
v 0.080578 -2.384846 0.447834
v 0.168230 -2.179820 0.934986
v 0.255882 -2.384846 1.422138
v 0.292189 -2.879820 1.623923
v 0.417643 -3.325461 1.383303
v 0.274579 -3.530487 0.909454
v 0.131516 -3.325461 0.435605
v 0.072258 -2.830487 0.239330
v 0.131516 -2.335512 0.435605
v 0.274579 -2.130487 0.909454
v 0.417643 -2.335512 1.383303
v 0.476901 -2.830487 1.579578
v 0.573867 -3.276128 1.326133
v 0.377290 -3.481153 0.871867
v 0.180712 -3.276128 0.417602
v 0.099287 -2.781154 0.229439
v 0.180712 -2.286179 0.417602
v 0.377290 -2.081154 0.871867
v 0.573867 -2.286179 1.326133
v 0.655292 -2.781154 1.514296
v 0.722486 -3.226795 1.251386
v 0.474999 -3.431820 0.822725
v 0.227512 -3.226795 0.394064
v 0.125000 -2.731820 0.216507
v 0.227512 -2.236845 0.394064
v 0.474999 -2.031820 0.822725
v 0.722486 -2.236845 1.251386
v 0.824998 -2.731820 1.428943
v 0.861528 -3.177461 1.160052
v 0.566412 -3.382487 0.762677
v 0.271297 -3.177461 0.365303
v 0.149056 -2.682487 0.200705
v 0.271297 -2.187512 0.365303
v 0.566412 -1.982487 0.762677
v 0.861528 -2.187512 1.160052
v 0.983769 -2.682487 1.324650
v 0.989151 -3.128128 1.053343
v 0.650318 -3.333153 0.692521
v 0.311486 -3.128128 0.331700
v 0.171136 -2.633154 0.182243
v 0.311486 -2.138179 0.331700
v 0.650318 -1.933154 0.692521
v 0.989151 -2.138179 1.053343
v 1.129500 -2.633154 1.202800
v 1.103664 -3.078795 0.932672
v 0.725605 -3.283820 0.613186
v 0.347546 -3.078795 0.293700
v 0.190949 -2.583820 0.161365
v 0.347546 -2.088845 0.293700
v 0.725605 -1.883820 0.613186
v 1.103664 -2.088845 0.932672
v 1.260261 -2.583820 1.065008
v 1.203548 -3.029461 0.799640
v 0.791274 -3.234487 0.525724
v 0.379000 -3.029461 0.251808
v 0.208230 -2.534487 0.138348
v 0.379000 -2.039512 0.251808
v 0.791274 -1.834487 0.525724
v 1.203548 -2.039512 0.799640
v 1.374318 -2.534487 0.913099
v 1.287480 -2.980128 0.656008
v 0.846455 -3.185153 0.431293
v 0.405430 -2.980128 0.206578
v 0.222751 -2.485154 0.113498
v 0.405430 -1.990179 0.206578
v 0.846455 -1.785154 0.431293
v 1.287480 -1.990179 0.656008
v 1.470159 -2.485154 0.749088
v 1.354347 -2.930795 0.503682
v 0.890417 -3.135820 0.331146
v 0.426487 -2.930795 0.158610
v 0.234320 -2.435820 0.087144
v 0.426487 -1.940845 0.158610
v 0.890417 -1.735820 0.331146
v 1.354347 -1.940845 0.503682
v 1.546514 -2.435820 0.575148
v 1.403263 -2.881461 0.344679
v 0.922577 -3.086487 0.226610
v 0.441890 -2.881461 0.108540
v 0.242783 -2.386487 0.059634
v 0.441890 -1.891512 0.108540
v 0.922577 -1.686487 0.226610
v 1.403263 -1.891512 0.344679
v 1.602370 -2.386487 0.393585
v 1.433580 -2.832128 0.181108
v 0.942509 -3.037153 0.119070
v 0.451437 -2.832128 0.057031
v 0.248029 -2.337154 0.031334
v 0.451437 -1.842179 0.057031
v 0.942509 -1.637154 0.119070
v 1.433580 -1.842179 0.181108
v 1.636989 -2.337154 0.206806
v 1.444895 -2.782795 0.015137
v 0.949948 -2.987820 0.009952
v 0.455000 -2.782795 0.004767
v 0.249986 -2.287820 0.002619
v 0.455000 -1.792845 0.004767
v 0.949948 -1.587820 0.009952
v 1.444895 -1.792845 0.015137
v 1.649909 -2.287820 0.017285
v 1.437060 -2.733461 -0.151035
v 0.944796 -2.938487 -0.099298
v 0.452533 -2.733461 -0.047561
v 0.248631 -2.238487 -0.026131
v 0.452533 -1.743512 -0.047561
v 0.944796 -1.538487 -0.099298
v 1.437060 -1.743512 -0.151035
v 1.640962 -2.238487 -0.172465
v 1.410176 -2.684128 -0.315205
v 0.927122 -2.889153 -0.207232
v 0.444067 -2.684128 -0.099259
v 0.243979 -2.189154 -0.054535
v 0.444067 -1.694179 -0.099259
v 0.927122 -1.489154 -0.207232
v 1.410176 -1.694179 -0.315205
v 1.610264 -2.189154 -0.359929
v 1.364602 -2.634795 -0.475198
v 0.897159 -2.839820 -0.312419
v 0.429716 -2.634795 -0.149641
v 0.236095 -2.139820 -0.082216
v 0.429716 -1.644845 -0.149641
v 0.897159 -1.439820 -0.312419
v 1.364602 -1.644845 -0.475198
v 1.558223 -2.139820 -0.542623
v 1.300941 -2.585461 -0.628892
v 0.855305 -2.790487 -0.413465
v 0.409669 -2.585461 -0.198039
v 0.225080 -2.090487 -0.108807
v 0.409669 -1.595512 -0.198039
v 0.855305 -1.390487 -0.413465
v 1.300941 -1.595512 -0.628892
v 1.485529 -2.090487 -0.718124
v 1.220037 -2.536128 -0.774250
v 0.802114 -2.741153 -0.509031
v 0.384192 -2.536128 -0.243813
v 0.211083 -2.041154 -0.133956
v 0.384192 -1.546179 -0.243813
v 0.802114 -1.341154 -0.509031
v 1.220037 -1.546179 -0.774250
v 1.393146 -2.041154 -0.884107
v 1.122961 -2.486795 -0.909346
v 0.738292 -2.691820 -0.597850
v 0.353623 -2.486795 -0.286355
v 0.194287 -1.991820 -0.157329
v 0.353623 -1.496845 -0.286355
v 0.738292 -1.291820 -0.597850
v 1.122961 -1.496845 -0.909346
v 1.282296 -1.991820 -1.038372
v 1.011002 -2.437461 -1.032389
v 0.664684 -2.642487 -0.678745
v 0.318366 -2.437461 -0.325101
v 0.174917 -1.942487 -0.178617
v 0.318366 -1.447512 -0.325101
v 0.664684 -1.242487 -0.678745
v 1.011002 -1.447512 -1.032389
v 1.154451 -1.942487 -1.178873
v 0.885642 -2.388128 -1.141749
v 0.582266 -2.593153 -0.750644
v 0.278890 -2.388128 -0.359539
v 0.153228 -1.893154 -0.197538
v 0.278890 -1.398179 -0.359539
v 0.582266 -1.193154 -0.750644
v 0.885642 -1.398179 -1.141749
v 1.011304 -1.893154 -1.303750
v 0.748544 -2.338795 -1.235975
v 0.492131 -2.543820 -0.812593
v 0.235718 -2.338795 -0.389211
v 0.129508 -1.843820 -0.213840
v 0.235718 -1.348845 -0.389211
v 0.492131 -1.143820 -0.812593
v 0.748544 -1.348845 -1.235975
v 0.854753 -1.843820 -1.411346
v 0.601524 -2.289461 -1.313819
v 0.395472 -2.494487 -0.863772
v 0.189421 -2.289461 -0.413724
v 0.104072 -1.794487 -0.227308
v 0.189421 -1.299512 -0.413724
v 0.395472 -1.094487 -0.863772
v 0.601524 -1.299512 -1.313819
v 0.686873 -1.794487 -1.500235
v 0.446531 -2.240128 -1.374250
v 0.293572 -2.445153 -0.903502
v 0.140614 -2.240128 -0.432754
v 0.077256 -1.745154 -0.237764
v 0.140613 -1.250179 -0.432754
v 0.293572 -1.045154 -0.903502
v 0.446531 -1.250179 -1.374250
v 0.509889 -1.745154 -1.569240
v 0.285620 -2.190795 -1.416465
v 0.187781 -2.395820 -0.931256
v 0.089942 -2.190795 -0.446048
v 0.049416 -1.695820 -0.245068
v 0.089942 -1.200846 -0.446048
v 0.187781 -0.995820 -0.931256
v 0.285620 -1.200845 -1.416465
v 0.326146 -1.695820 -1.617445
v 0.120923 -2.141462 -1.439906
v 0.079501 -2.346487 -0.946668
v 0.038079 -2.141462 -0.453429
v 0.020921 -1.646487 -0.249123
v 0.038079 -1.151512 -0.453429
v 0.079501 -0.946487 -0.946668
v 0.120923 -1.151512 -1.439906
v 0.138080 -1.646487 -1.644212
v -0.045377 -2.092128 -1.444262
v -0.029833 -2.297153 -0.949531
v -0.014289 -2.092128 -0.454801
v -0.007851 -1.597154 -0.249877
v -0.014289 -1.102179 -0.454801
v -0.029833 -0.897154 -0.949531
v -0.045377 -1.102179 -1.444262
v -0.051815 -1.597154 -1.649186
v -0.211075 -2.042795 -1.429475
v -0.138771 -2.247820 -0.939810
v -0.066468 -2.042795 -0.450144
v -0.036519 -1.547820 -0.247318
v -0.066468 -1.052846 -0.450144
v -0.138772 -0.847820 -0.939810
v -0.211075 -1.052845 -1.429475
v -0.241024 -1.547820 -1.632301
v -0.373976 -1.993462 -1.395741
v -0.245871 -2.198487 -0.917632
v -0.117766 -1.993462 -0.439522
v -0.064703 -1.498487 -0.241482
v -0.117766 -1.003512 -0.439522
v -0.245871 -0.798487 -0.917632
v -0.373976 -1.003512 -1.395741
v -0.427038 -1.498487 -1.593781
v -0.531919 -1.944128 -1.343508
v -0.349711 -2.149153 -0.883291
v -0.167502 -1.944128 -0.423073
v -0.092029 -1.449154 -0.232445
v -0.167502 -0.954179 -0.423073
v -0.349711 -0.749154 -0.883291
v -0.531919 -0.954179 -1.343508
v -0.607393 -1.449154 -1.534136
v -0.682813 -1.894795 -1.273467
v -0.448916 -2.099820 -0.837242
v -0.215019 -1.894795 -0.401017
v -0.118136 -1.399820 -0.220327
v -0.215019 -0.904846 -0.401017
v -0.448916 -0.699820 -0.837242
v -0.682813 -0.904845 -1.273467
v -0.779696 -1.399820 -1.454157
v -0.824656 -1.845462 -1.186547
v -0.542171 -2.050487 -0.780097
v -0.259686 -1.845462 -0.373646
v -0.142677 -1.350487 -0.205289
v -0.259686 -0.855512 -0.373646
v -0.542171 -0.650487 -0.780097
v -0.824656 -0.855512 -1.186547
v -0.941665 -1.350487 -1.354905
v -0.955569 -1.796128 -1.083900
v -0.628240 -2.001153 -0.712611
v -0.300910 -1.796128 -0.341322
v -0.165326 -1.301154 -0.187529
v -0.300910 -0.806179 -0.341322
v -0.628240 -0.601154 -0.712611
v -0.955569 -0.806179 -1.083900
v -1.091153 -1.301154 -1.237693
v -1.073816 -1.746795 -0.966887
v -0.705982 -1.951820 -0.635681
v -0.338147 -1.746795 -0.304475
v -0.185785 -1.251820 -0.167284
v -0.338147 -0.756845 -0.304475
v -0.705982 -0.551820 -0.635681
v -1.073816 -0.756845 -0.966887
v -1.226179 -1.251820 -1.104077
v -1.177831 -1.697462 -0.837058
v -0.774366 -1.902487 -0.550325
v -0.370901 -1.697462 -0.263591
v -0.203781 -1.202487 -0.144822
v -0.370901 -0.707512 -0.263591
v -0.774366 -0.502487 -0.550325
v -1.177831 -0.707512 -0.837058
v -1.344952 -1.202487 -0.955827
v -1.266234 -1.648128 -0.696135
v -0.832487 -1.853153 -0.457674
v -0.398739 -1.648128 -0.219214
v -0.219076 -1.153154 -0.120441
v -0.398740 -0.658179 -0.219214
v -0.832487 -0.453154 -0.457674
v -1.266234 -0.658179 -0.696135
v -1.445898 -1.153154 -0.794908
v -1.337854 -1.598795 -0.545984
v -0.879573 -1.803820 -0.358958
v -0.421293 -1.598795 -0.171931
v -0.231467 -1.103820 -0.094463
v -0.421293 -0.608845 -0.171931
v -0.879573 -0.403820 -0.358958
v -1.337854 -0.608845 -0.545984
v -1.527680 -1.103820 -0.623453
v -1.391741 -1.549462 -0.388597
v -0.915002 -1.754487 -0.255484
v -0.438262 -1.549462 -0.122370
v -0.240790 -1.054487 -0.067233
v -0.438262 -0.559512 -0.122370
v -0.915002 -0.354487 -0.255483
v -1.391742 -0.559512 -0.388597
v -1.589213 -1.054487 -0.443734
v -1.427182 -1.500128 -0.226059
v -0.938302 -1.705153 -0.148623
v -0.449422 -1.500128 -0.071187
v -0.246922 -1.005154 -0.039111
v -0.449422 -0.510179 -0.071186
v -0.938302 -0.305154 -0.148623
v -1.427182 -0.510179 -0.226059
v -1.629683 -1.005154 -0.258135
v -1.443707 -1.450795 -0.060525
v -0.949166 -1.655820 -0.039792
v -0.454626 -1.450795 -0.019060
v -0.249781 -0.955820 -0.010472
v -0.454626 -0.460845 -0.019060
v -0.949166 -0.255820 -0.039792
v -1.443707 -0.460845 -0.060525
v -1.648552 -0.955820 -0.069113
v -1.441095 -1.401462 0.105811
v -0.947450 -1.606487 0.069565
v -0.453804 -1.401462 0.033320
v -0.249329 -0.906487 0.018307
v -0.453804 -0.411512 0.033320
v -0.947450 -0.206487 0.069566
v -1.441095 -0.411512 0.105811
v -1.645570 -0.906487 0.120824
v -1.419383 -1.352128 0.270745
v -0.933175 -1.557153 0.178001
v -0.446967 -1.352128 0.085258
v -0.245572 -0.857154 0.046842
v -0.446967 -0.362179 0.085258
v -0.933175 -0.157154 0.178001
v -1.419383 -0.362179 0.270745
v -1.620778 -0.857154 0.309160
v -1.378858 -1.302795 0.432090
v -0.906532 -1.507820 0.284078
v -0.434205 -1.302795 0.136066
v -0.238561 -0.807820 0.074757
v -0.434205 -0.312845 0.136066
v -0.906532 -0.107820 0.284078
v -1.378858 -0.312845 0.432090
v -1.574502 -0.807820 0.493399
v -1.320057 -1.253462 0.587709
v -0.867873 -1.458487 0.386390
v -0.415688 -1.253462 0.185071
v -0.228388 -0.758487 0.101682
v -0.415688 -0.263512 0.185071
v -0.867873 -0.058487 0.386390
v -1.320057 -0.263512 0.587709
v -1.507358 -0.758487 0.671099
v -1.243758 -1.204128 0.735539
v -0.817710 -1.409153 0.483581
v -0.391662 -1.204128 0.231623
v -0.215187 -0.709154 0.127258
v -0.391662 -0.214179 0.231623
v -0.817710 -0.009154 0.483581
v -1.243758 -0.214179 0.735539
v -1.420233 -0.709154 0.839903
v -1.150974 -1.154795 0.873619
v -0.756709 -1.359820 0.574362
v -0.362444 -1.154795 0.275104
v -0.199134 -0.659820 0.151148
v -0.362444 -0.164845 0.275104
v -0.756459 0.048046 0.574362
v -1.150974 -0.164845 0.873619
v -1.314284 -0.659820 0.997576
v -1.042934 -1.105462 1.000120
v -0.685678 -1.310487 0.657530
v -0.328422 -1.105462 0.314940
v -0.180442 -0.610487 0.173034
v -0.328422 -0.115512 0.314940
v -0.684458 0.105388 0.657530
v -1.042934 -0.115512 1.000120
v -1.190915 -0.610487 1.142025
v -0.921071 -1.056128 1.113364
v -0.605559 -1.261153 0.731982
v -0.290047 -1.056128 0.350601
v -0.159358 -0.561154 0.192627
v -0.290047 -0.066179 0.350601
v -0.602674 0.160572 0.731982
v -0.921071 -0.066179 1.113364
v -1.051760 -0.561154 1.271338
v -0.786999 -1.006795 1.211852
v -0.517413 -1.211820 0.796733
v -0.247828 -1.006795 0.381614
v -0.136161 -0.511820 0.209667
v -0.247828 -0.016845 0.381614
v -0.512218 0.213295 0.796733
v -0.786999 -0.016845 1.211852
v -0.898665 -0.511820 1.383799
v -0.642496 -0.957462 1.294276
v -0.422410 -1.162487 0.850923
v -0.202323 -0.957462 0.407570
v -0.111160 -0.462487 0.223927
v -0.202179 0.034188 0.407570
v -0.414314 0.263313 0.850923
v -0.642337 0.037888 1.294276
v -0.733659 -0.462487 1.477919
v -0.489477 -0.908128 1.359546
v -0.321807 -1.113153 0.893835
v -0.154137 -0.908128 0.428124
v -0.084686 -0.413153 0.235220
v -0.153236 0.085079 0.428124
v -0.310278 0.310452 0.893835
v -0.488501 0.092179 1.359546
v -0.558928 -0.413153 1.552450
v -0.329969 -0.858795 1.406795
v -0.216939 -1.063820 0.924899
v -0.103908 -0.858795 0.443002
v -0.057089 -0.363820 0.243394
v -0.101623 0.134656 0.443002
v -0.201502 0.354607 0.924899
v -0.327554 0.142327 1.406795
v -0.376788 -0.363820 1.606403
v -0.166089 -0.809462 1.435398
v -0.109195 -1.014487 0.943704
v -0.052302 -0.809462 0.452009
v -0.028736 -0.314487 0.248343
v -0.048030 0.182864 0.452009
v -0.089436 0.395751 0.943704
v -0.161693 0.188178 1.435398
v -0.189655 -0.314487 1.639064
v -0.000006 -0.760128 1.444975
v -0.000004 -0.965153 0.950000
v -0.000002 -0.760128 0.455025
v -0.000001 -0.265153 0.250000
v 0.006831 0.229686 0.455025
v 0.024440 0.433929 0.950000
v 0.006826 0.229686 1.444975
v -0.000007 -0.265153 1.650000
v 0.166076 -0.710795 1.435399
v 0.109187 -0.915820 0.943705
v 0.052298 -0.710795 0.452010
v 0.028733 -0.215820 0.248343
v 0.062241 0.275137 0.452010
v 0.138628 0.469267 0.943705
v 0.175722 0.266923 1.435399
v 0.189640 -0.215820 1.639066
v 0.329957 -0.661462 1.406798
v 0.216930 -0.866487 0.924901
v 0.103904 -0.661462 0.443003
v 0.057087 -0.166487 0.243395
v 0.117484 0.319269 0.443003
v 0.251641 0.501960 0.924901
v 0.342720 0.300074 1.406798
v 0.376774 -0.166487 1.606406
v 0.489464 -0.612128 1.359550
v 0.321799 -0.817153 0.893837
v 0.154133 -0.612128 0.428125
v 0.084684 -0.117153 0.235220
v 0.171855 0.362171 0.428125
v 0.362022 0.532278 0.893837
v 0.505584 0.329433 1.359550
v 0.558914 -0.117153 1.552455
v 0.642484 -0.562795 1.294282
v 0.422402 -0.767820 0.850927
v 0.202320 -0.562795 0.407572
v 0.111158 -0.067820 0.223928
v 0.224672 0.403963 0.407572
v 0.468363 0.560557 0.850927
v 0.662150 0.355400 1.294282
v 0.733646 -0.067820 1.477926
v 0.786988 -0.513462 1.211859
v 0.517406 -0.718487 0.796738
v 0.247824 -0.513462 0.381617
v 0.136160 -0.018487 0.209668
v 0.275285 0.444796 0.381617
v 0.569327 0.587193 0.796738
v 0.810355 0.378473 1.211859
v 0.898653 -0.018487 1.383807
v 0.921061 -0.464128 1.113372
v 0.605553 -0.669153 0.731988
v 0.290044 -0.464128 0.350603
v 0.159474 0.029574 0.192628
v 0.323086 0.484849 0.350603
v 0.663667 0.612633 0.731988
v 0.948269 0.399237 1.113372
v 1.051839 0.022452 1.271347
v 1.042926 -0.414795 1.000129
v 0.685672 -0.619820 0.657536
v 0.328419 -0.414795 0.314943
v 0.181233 0.076430 0.173036
v 0.367516 0.524324 0.314942
v 0.750242 0.637373 0.657536
v 1.074121 0.418355 1.000129
v 1.191480 0.055465 1.142036
v 1.150967 -0.365462 0.873629
v 0.756704 -0.570487 0.574368
v 0.362442 -0.365462 0.275108
v 0.201191 0.122816 0.151150
v 0.408075 0.563446 0.275108
v 0.828035 0.661940 0.574368
v 1.186323 0.436551 0.873629
v 1.315707 0.085445 0.997587
v 1.243752 -0.316128 0.735550
v 0.817706 -0.521153 0.483588
v 0.391660 -0.316128 0.231626
v 0.219093 0.168826 0.127260
v 0.444326 0.602452 0.231626
v 0.896164 0.686889 0.483588
v 1.283492 0.454601 0.735550
v 1.422843 0.113068 0.839916
v 1.320052 -0.266795 0.587721
v 0.867869 -0.471820 0.386398
v 0.415687 -0.266795 0.185074
v 0.234724 0.214568 0.101684
v 0.475904 0.641591 0.185074
v 0.953899 0.712788 0.386398
v 1.364474 0.473310 0.587721
v 1.511459 0.139081 0.671112
v 1.378855 -0.217462 0.432102
v 0.906529 -0.422487 0.284086
v 0.434204 -0.217462 0.136070
v 0.247907 0.260155 0.074759
v 0.502520 0.681116 0.136070
v 1.000667 0.740205 0.284086
v 1.428353 0.493503 0.432102
v 1.580400 0.164285 0.493412
v 1.419381 -0.168128 0.270756
v 0.933174 -0.373153 0.178009
v 0.446966 -0.168128 0.085262
v 0.258510 0.305708 0.046844
v 0.523965 0.721282 0.085262
v 1.036060 0.769702 0.178009
v 1.474466 0.516002 0.270756
v 1.628795 0.189514 0.309173
v 1.441095 -0.118795 0.105821
v 0.947449 -0.323820 0.069572
v 0.453803 -0.118795 0.033323
v 0.266446 0.351349 0.018308
v 0.540111 0.762337 0.033323
v 1.059844 0.801817 0.069572
v 1.502413 0.541611 0.105821
v 1.656074 0.215624 0.120836
v 1.443707 -0.069462 -0.060517
v 0.949166 -0.274487 -0.039787
v 0.454626 -0.069462 -0.019057
v 0.271674 0.397201 -0.010470
v 0.550915 0.804516 -0.019057
v 1.071955 0.837058 -0.039787
v 1.512059 0.571099 -0.060517
v 1.661972 0.243465 -0.069103
v 1.427183 -0.020128 -0.226052
v 0.938303 -0.225153 -0.148618
v 0.449423 -0.020128 -0.071184
v 0.274201 0.443382 -0.039110
v 0.556417 0.848041 -0.071184
v 1.072505 0.875888 -0.148618
v 1.503537 0.605183 -0.226052
v 1.646534 0.273870 -0.258126
v 1.391814 0.018688 -0.388591
v 0.915003 -0.175820 -0.255480
v 0.438360 0.025893 -0.122368
v 0.274080 0.490006 -0.067232
v 0.556740 0.893109 -0.122368
v 1.061775 0.918714 -0.255480
v 1.477242 0.644508 -0.388591
v 1.610114 0.307629 -0.443728
v 1.338377 0.051343 -0.545980
v 0.879574 -0.126487 -0.358955
v 0.422004 0.069971 -0.171930
v 0.271408 0.537177 -0.094462
v 0.552089 0.939893 -0.171930
v 1.040213 0.965881 -0.358955
v 1.433825 0.689639 -0.545980
v 1.553369 0.345478 -0.623448
v 1.267658 0.085952 -0.696132
v 0.832488 -0.077153 -0.457673
v 0.400637 0.114655 -0.219213
v 0.266329 0.584989 -0.120440
v 0.542743 0.988533 -0.219213
v 1.008422 1.017661 -0.457673
v 1.374185 0.741040 -0.696132
v 1.477247 0.388075 -0.794905
v 1.180656 0.123144 -0.837057
v 0.774367 -0.027820 -0.550324
v 0.374574 0.160139 -0.263591
v 0.259027 0.633520 -0.144822
v 0.529058 1.039137 -0.263591
v 0.967154 1.074245 -0.550324
v 1.299449 0.799067 -0.837057
v 1.382973 0.435987 -0.955825
v 1.078610 0.163486 -0.966887
v 0.706031 0.017584 -0.635681
v 0.344205 0.206594 -0.304474
v 0.249727 0.682835 -0.167284
v 0.511453 1.091772 -0.304475
v 0.917298 1.135737 -0.635681
v 1.210959 0.863953 -0.966887
v 1.272033 0.489677 -1.104077
v 0.962978 0.207468 -1.083901
v 0.628783 0.059325 -0.712612
v 0.309988 0.254171 -0.341323
v 0.238687 0.732977 -0.187530
v 0.490410 1.146468 -0.341323
v 0.859863 1.202150 -0.712612
v 1.110247 0.935804 -1.083901
v 1.146148 0.549488 -1.237694
v 0.835412 0.255494 -1.186549
v 0.543776 0.103300 -0.780097
v 0.272443 0.302990 -0.373646
v 0.226200 0.783974 -0.205289
v 0.466464 1.203208 -0.373646
v 0.795964 1.273402 -0.780097
v 0.999017 1.014590 -1.186549
v 1.007252 0.615637 -1.354906
v 0.697743 0.307867 -1.273469
v 0.452199 0.149771 -0.837243
v 0.232147 0.353142 -0.401018
v 0.212584 0.835830 -0.220327
v 0.440193 1.261934 -0.401018
v 0.726806 1.349317 -0.837243
v 0.879115 1.100143 -1.273469
v 0.857459 0.688202 -1.454159
v 0.551944 0.364785 -1.343510
v 0.355343 0.198933 -0.883292
v 0.189721 0.404683 -0.423074
v 0.198181 0.888530 -0.232445
v 0.412213 1.322545 -0.423074
v 0.653665 1.429620 -0.883292
v 0.752500 1.192153 -1.343510
v 0.699035 0.767121 -1.534138
v 0.400109 0.426336 -1.395743
v 0.254577 0.250913 -0.917633
v 0.145822 0.457636 -0.439522
v 0.183352 0.942035 -0.241482
v 0.383168 1.384895 -0.439522
v 0.577869 1.513943 -0.917633
v 0.621221 1.290173 -1.395743
v 0.534365 0.852188 -1.593783
v 0.244420 0.492489 -1.429476
v 0.151337 0.305765 -0.939811
v 0.101139 0.511986 -0.450145
v 0.168467 0.996286 -0.247319
v 0.353717 1.448794 -0.450145
v 0.500776 1.601830 -0.939811
v 0.487380 1.393622 -1.429476
v 0.365915 0.943051 -1.632303
v 0.087115 0.563096 -1.444262
v 0.047094 0.363468 -0.949532
v 0.056374 0.567679 -0.454801
v 0.153907 1.051202 -0.249877
v 0.324528 1.514014 -0.454801
v 0.423756 1.692737 -0.949532
v 0.353104 1.501789 -1.444262
v 0.196197 1.039218 -1.649187
v -0.069543 0.637892 -1.439905
v -0.056655 0.423923 -0.946667
v 0.012239 0.624629 -0.453429
v 0.140051 1.106680 -0.249123
v 0.296266 1.580289 -0.453429
v 0.348174 1.786043 -0.946667
v 0.220515 1.613846 -1.439905
v 0.027737 1.140060 -1.644211
v -0.223302 0.716500 -1.416463
v -0.158419 0.486959 -0.931255
v -0.030556 0.682709 -0.446047
v 0.127277 1.162599 -0.245067
v 0.269587 1.647319 -0.446047
v 0.275362 1.881058 -0.931255
v 0.091697 1.728854 -1.416463
v -0.136968 1.244821 -1.617442
v -0.371948 0.798432 -1.374245
v -0.256727 0.552329 -0.903499
v -0.071316 0.741762 -0.432752
v 0.115951 1.218822 -0.237763
v 0.245123 1.714774 -0.432752
v 0.206610 1.977031 -0.903499
v -0.031332 1.845782 -1.374245
v -0.295484 1.352627 -1.569235
v -0.513340 0.883102 -1.313813
v -0.350155 0.619720 -0.863768
v -0.109368 0.801597 -0.413722
v 0.106425 1.275192 -0.227307
v 0.223477 1.782299 -0.413722
v 0.143137 2.073165 -0.863768
v -0.146651 1.963520 -1.313813
v -0.445470 1.462503 -1.500228
v -0.645441 0.969831 -1.235967
v -0.437342 0.688757 -0.812587
v -0.144071 0.861995 -0.389208
v 0.099032 1.331543 -0.213839
v 0.205214 1.849520 -0.389208
v 0.086083 2.168624 -0.812587
v -0.252460 2.080896 -1.235967
v -0.584717 1.573384 -1.411336
v -0.766345 1.057862 -1.141738
v -0.517009 0.759004 -0.750637
v -0.174827 0.922713 -0.359535
v 0.094081 1.387697 -0.197536
v 0.190850 1.916050 -0.359535
v 0.036490 2.262550 -0.750637
v -0.347107 2.196694 -1.141738
v -0.711178 1.684136 -1.303737
v -0.874304 1.146373 -1.032376
v -0.587983 0.829982 -0.678737
v -0.201085 0.983485 -0.325097
v 0.091851 1.443466 -0.178615
v 0.180850 1.981493 -0.325097
v -0.004715 2.354077 -0.678737
v -0.429111 2.309675 -1.032376
v -0.822992 1.793574 -1.178858
v -0.967755 1.234491 -0.909330
v -0.649205 0.901167 -0.597840
v -0.222355 1.044032 -0.286350
v 0.092588 1.498661 -0.157326
v 0.175619 2.045454 -0.286350
v -0.036728 2.442342 -0.597840
v -0.497179 2.418600 -0.909330
v -0.918516 1.900483 -1.038354
v -1.045337 1.321310 -0.774232
v -0.699752 0.972011 -0.509019
v -0.238210 1.104064 -0.243807
v 0.096503 1.553091 -0.133952
v 0.175495 2.107543 -0.243807
v -0.058881 2.526503 -0.509019
v -0.550226 2.522245 -0.774232
v -0.996341 2.003638 -0.884086
v -1.105913 1.405904 -0.628871
v -0.738846 1.041942 -0.413452
v -0.248293 1.163282 -0.198033
v 0.103768 1.606564 -0.108803
v 0.180749 2.167384 -0.198033
v -0.070648 2.605751 -0.413452
v -0.587387 2.619430 -0.628871
v -1.055314 2.101827 -0.718100
v -1.148586 1.487352 -0.475175
v -0.765866 1.110385 -0.312404
v -0.252323 1.221393 -0.149633
v 0.114516 1.658896 -0.082212
v 0.191577 2.224619 -0.149633
v -0.071652 2.679327 -0.312404
v -0.608026 2.709033 -0.475175
v -1.094551 2.193875 -0.542596
v -1.172707 1.564750 -0.315180
v -0.780354 1.176764 -0.207216
v -0.250097 1.278105 -0.099251
v 0.128834 1.709913 -0.054530
v 0.208103 2.278915 -0.099251
v -0.061669 2.746532 -0.207215
v -0.611744 2.790017 -0.315180
v -1.113450 2.278666 -0.359901
v -1.177883 1.637230 -0.151008
v -0.782025 1.240523 -0.099280
v -0.241493 1.333140 -0.047553
v 0.146767 1.759450 -0.026126
v 0.230373 2.329974 -0.047553
v -0.040631 2.806743 -0.099280
v -0.598383 2.861443 -0.151008
v -1.111693 2.355162 -0.172434
v -1.163986 1.703982 0.015166
v -0.770765 1.301131 0.009971
v -0.226473 1.386239 0.004776
v 0.168318 1.807361 0.002624
v 0.258360 2.377532 0.004776
v -0.008618 2.859424 0.009971
v -0.568023 2.922494 0.015166
v -1.089251 2.422426 0.017317
v -1.131147 1.764268 0.181138
v -0.746636 1.358096 0.119089
v -0.205079 1.437162 0.057041
v 0.193444 1.853513 0.031339
v 0.291961 2.421371 0.057041
v 0.034137 2.904137 0.119089
v -0.520978 2.972489 0.181138
v -1.046380 2.479642 0.206840
v -1.079755 1.817436 0.344710
v -0.709871 1.410974 0.226630
v -0.177436 1.485701 0.108550
v 0.222061 1.897800 0.059639
v 0.331003 2.461320 0.108550
v 0.087258 2.940549 0.226630
v -0.457789 3.010898 0.344710
v -0.983616 2.526131 0.393620
v -1.010451 1.862941 0.503712
v -0.660873 1.459381 0.331166
v -0.143747 1.531677 0.158620
v 0.254044 1.940135 0.087149
v 0.375243 2.497258 0.158620
v 0.150234 2.968444 0.331166
v -0.379215 3.037353 0.503713
v -0.901762 2.561370 0.575184
v -0.924113 1.900353 0.656039
v -0.600205 1.503004 0.431313
v -0.104291 1.574951 0.206588
v 0.289231 1.980458 0.113504
v 0.424378 2.529120 0.206588
v 0.222426 2.987729 0.431313
v -0.286215 3.051664 0.656039
v -0.801877 2.585000 0.749123
v -0.821845 1.929370 0.799669
v -0.528580 1.541601 0.525743
v -0.059418 1.615422 0.251817
v 0.327421 2.018736 0.138354
v 0.478043 2.556898 0.251817
v 0.303081 2.998431 0.525743
v -0.179932 3.053816 0.799669
v -0.685254 2.596842 0.913133
v -0.704957 1.949829 0.932701
v -0.446856 1.575018 0.613205
v -0.009541 1.653034 0.293709
v 0.368383 2.054964 0.161370
v 0.535823 2.580641 0.293709
v 0.391344 3.000709 0.613205
v -0.061675 3.043984 0.932701
v -0.553399 2.596903 1.065040
v -0.574946 1.961710 1.053369
v -0.356014 1.603187 0.692539
v 0.044864 1.687776 0.331708
v 0.411856 2.089166 0.182247
v 0.597257 2.600461 0.331708
v 0.486273 2.994848 0.692539
v 0.067103 3.022530 1.053369
v -0.408010 2.585380 1.202830
v -0.433471 1.965144 1.160076
v -0.257149 1.626134 0.762693
v 0.103275 1.719683 0.365310
v 0.457555 2.121395 0.200709
v 0.661847 2.616523 0.365310
v 0.586852 2.981259 0.762693
v 0.204830 2.989998 1.160076
v -0.250947 2.562665 1.324677
v -0.282327 1.960413 1.251406
v -0.151451 1.643978 0.822738
v 0.165122 1.748839 0.394070
v 0.505175 2.151734 0.216510
v 0.729064 2.629054 0.394070
v 0.692012 2.960477 0.822738
v 0.349841 2.947117 1.251406
v -0.084200 2.529339 1.428967
v -0.123422 1.947949 1.326150
v -0.040188 1.656934 0.871878
v 0.229804 1.775376 0.417607
v 0.554395 2.180293 0.229442
v 0.798360 2.638332 0.417607
v 0.800643 2.933152 0.871878
v 0.500400 2.894789 1.326150
v 0.090133 2.486171 1.514315
v 0.041259 1.928332 1.383315
v 0.075315 1.665310 0.909462
v 0.296692 1.799470 0.435609
v 0.604883 2.207211 0.239332
v 0.869170 2.644689 0.435609
v 0.911615 2.900042 0.909462
v 0.654732 2.834077 1.383315
v 0.269888 2.434108 1.579592
v 0.209675 1.902281 1.422146
v 0.193692 1.669507 0.934991
v 0.365142 1.821344 0.447836
v 0.656300 2.232651 0.246050
v 0.940929 2.648502 0.447836
v 1.023793 2.862004 0.934991
v 0.811049 2.766196 1.422146
v 0.452862 2.374265 1.623932
v 0.379767 1.870653 1.442126
v 0.313560 1.670011 0.948127
v 0.434503 1.841263 0.454128
v 0.708310 2.256798 0.249507
v 1.013073 2.650192 0.454128
v 1.136056 2.819985 0.948127
v 0.967572 2.692495 1.442126
v 0.636846 2.307911 1.646747
v 0.549483 1.834422 1.442992
v 0.433537 1.667388 0.948696
v 0.504125 1.859528 0.454401
v 0.760577 2.279861 0.249657
v 1.085051 2.650217 0.454401
v 1.247313 2.775004 0.948696
v 1.122566 2.614436 1.442992
v 0.819661 2.236451 1.647736
v 0.716811 1.794672 1.424731
v 0.552264 1.662277 0.936691
v 0.573373 1.876476 0.448651
v 0.812776 2.302064 0.246498
v 1.156334 2.649062 0.448651
v 1.356518 2.728139 0.936691
v 1.274358 2.533578 1.424731
v 0.999186 2.161407 1.626884
v 0.879806 1.752579 1.387586
v 0.668419 1.655380 0.912270
v 0.641631 1.892472 0.436954
v 0.864596 2.323648 0.240071
v 1.226417 2.647238 0.436954
v 1.462686 2.680516 0.912270
v 1.421364 2.451552 1.387586
v 1.173390 2.084397 1.584469
v 1.036617 1.709395 1.332049
v 0.780745 1.647452 0.875757
v 0.708314 1.907907 0.419465
v 0.915742 2.344862 0.230462
v 1.294835 2.645269 0.419465
v 1.564908 2.633286 0.875757
v 1.562112 2.370037 1.332049
v 1.340361 2.007107 1.521052
v 1.185515 1.666428 1.258856
v 0.888058 1.639288 0.827636
v 0.772874 1.923186 0.396416
v 0.965943 2.365963 0.217799
v 1.361160 2.643688 0.396416
v 1.662358 2.587612 0.827636
v 1.695260 2.290738 1.258856
v 1.498331 1.931272 1.437474
v 1.324914 1.625018 1.168978
v 0.989270 1.631712 0.768546
v 0.834810 1.938727 0.368113
v 1.014952 2.387213 0.202249
v 1.425012 2.643026 0.368113
v 1.754313 2.544651 0.768546
v 1.819614 2.215352 1.168978
v 1.645702 1.858644 1.334843
v 1.453396 1.586522 1.063605
v 1.083400 1.625561 0.699268
v 0.893671 1.954954 0.334931
v 1.062551 2.408869 0.184018
v 1.486064 2.643806 0.334931
v 1.840151 2.505533 0.699268
v 1.934146 2.145552 1.063605
v 1.781067 1.790966 1.214519
v 1.569727 1.552288 0.944135
v 1.169591 1.621676 0.620722
v 0.949067 1.972285 0.297310
v 1.108554 2.431185 0.163348
v 1.544043 2.646533 0.297310
v 1.919367 2.471347 0.620722
v 2.038003 2.082954 0.944135
v 1.903223 1.729945 1.078097
v 1.672872 1.523631 0.812150
v 1.247115 1.620881 0.533949
v 1.000667 1.991131 0.255748
v 1.152809 2.454405 0.140513
v 1.598735 2.651686 0.255748
v 1.991575 2.443124 0.533949
v 2.130518 2.029093 0.812150
v 2.011192 1.677224 0.927385
v 1.762009 1.501812 0.669401
v 1.315387 1.623973 0.440098
v 1.048211 2.011884 0.210796
v 1.195197 2.478759 0.115815
v 1.649986 2.659713 0.210796
v 2.056510 2.421815 0.440098
v 2.211216 1.985397 0.669401
v 2.104228 1.634350 0.764381
v 1.836537 1.488017 0.517779
v 1.373971 1.631709 0.340414
v 1.091505 2.034912 0.163050
v 1.235637 2.504458 0.089583
v 1.697703 2.671018 0.163049
v 2.114032 2.408281 0.340414
v 2.279815 1.953165 0.517779
v 2.181824 1.602757 0.591246
v 1.896084 1.483335 0.359294
v 1.422581 1.644786 0.236218
v 1.130430 2.060555 0.113142
v 1.274086 2.531692 0.062163
v 1.741856 2.685959 0.113142
v 2.164121 2.403278 0.236218
v 2.336231 1.933545 0.359294
v 2.243718 1.583730 0.410273
v 1.940504 1.488735 0.196046
v 1.461088 1.663834 0.128891
v 1.164935 2.089113 0.061735
v 1.310533 2.560627 0.033919
v 1.782472 2.704840 0.061735
v 2.206880 2.407440 0.128891
v 2.380570 1.927511 0.196046
v 2.289888 1.578392 0.223863
v 1.969882 1.505053 0.030201
v 1.489516 1.689402 0.019855
v 1.195046 2.120845 0.009510
v 1.345009 2.591398 0.005225
v 1.819641 2.727904 0.009510
v 2.242526 2.421271 0.019855
v 2.413125 1.935851 0.030201
v 2.320552 1.587675 0.034486
v 1.984525 1.532968 -0.136046
v 1.508041 1.721946 -0.089443
v 1.220853 2.155960 -0.042841
v 1.377576 2.624112 -0.023538
v 1.853506 2.755333 -0.042841
v 2.271384 2.445134 -0.089443
v 2.434363 1.959144 -0.136046
v 2.336157 1.612307 -0.155349
v 1.984952 1.572995 -0.300488
v 1.516985 1.761818 -0.197556
v 1.242519 2.194616 -0.094624
v 1.408329 2.658840 -0.051989
v 1.884261 2.787237 -0.094624
v 2.293881 2.479247 -0.197556
v 2.444921 1.997755 -0.300488
v 2.337368 1.652795 -0.343124
v 1.971889 1.625467 -0.460948
v 1.516812 1.809261 -0.303051
v 1.260268 2.236915 -0.145154
v 1.437396 2.695619 -0.079750
v 1.912150 2.823656 -0.145154
v 2.310536 2.523671 -0.303051
v 2.445582 2.051825 -0.460949
v 2.325056 1.709411 -0.526352
v 1.946250 1.690529 -0.615299
v 1.508113 1.864399 -0.404529
v 1.274384 2.282897 -0.193759
v 1.464932 2.734450 -0.106455
v 1.937458 2.864560 -0.193759
v 2.321947 2.578312 -0.404529
v 2.437268 2.121261 -0.615299
v 2.300278 1.782187 -0.702603
v 1.909120 1.768129 -0.761494
v 1.491602 1.927235 -0.500645
v 1.285204 2.332542 -0.239796
v 1.491117 2.775294 -0.131749
v 1.960507 2.909842 -0.239796
v 2.328782 2.642920 -0.500645
v 2.421016 2.205738 -0.761494
v 2.264257 1.870907 -0.869541
v 1.861738 1.858018 -0.897595
v 1.468100 1.997644 -0.590125
v 1.293117 2.385766 -0.282654
v 1.516153 2.818078 -0.155296
v 1.981649 2.959324 -0.282654
v 2.331764 2.717088 -0.590125
v 2.397961 2.304700 -0.897595
v 2.218360 1.975106 -1.024953
v 1.805474 1.959745 -1.021799
v 1.438520 2.075377 -0.671783
v 1.298549 2.442426 -0.321766
v 1.540259 2.862689 -0.176785
v 2.001263 3.012757 -0.321767
v 2.331659 2.800259 -0.671783
v 2.369315 2.417365 -1.021799
v 2.164073 2.094077 -1.166781
v 1.741808 2.072661 -1.132460
v 1.403853 2.160058 -0.744537
v 1.301962 2.502311 -0.356614
v 1.563671 2.908979 -0.195931
v 2.019742 3.069822 -0.356614
v 2.329260 2.891730 -0.744537
v 2.336343 2.542730 -1.132460
v 2.102979 2.226870 -1.293143
v 1.672301 2.195929 -1.228110
v 1.365153 2.251190 -0.807422
v 1.303845 2.565154 -0.386734
v 1.586633 2.956766 -0.212480
v 2.037489 3.130137 -0.386734
v 2.325377 2.990662 -0.807422
v 2.300345 2.679589 -1.228110
v 2.036725 2.372310 -1.402365
v 1.598574 2.328528 -1.307482
v 1.323517 2.348156 -0.859605
v 1.304704 2.630630 -0.411729
v 1.609395 3.005835 -0.226212
v 2.054914 3.193258 -0.411729
v 2.320817 3.096091 -0.859605
v 2.262629 2.826543 -1.307482
v 1.967000 2.529003 -1.492999
v 1.522283 2.469268 -1.369524
v 1.280073 2.450230 -0.900395
v 1.305057 2.698361 -0.431266
v 1.632209 3.055941 -0.236946
v 2.072419 3.258688 -0.431266
v 2.316376 3.206937 -0.900395
v 2.224496 2.982023 -1.369524
v 1.895504 2.695361 -1.563844
v 1.445088 2.616803 -1.413414
v 1.235954 2.556586 -0.929250
v 1.305421 2.767918 -0.445087
v 1.655325 3.106811 -0.244540
v 2.090400 3.325882 -0.445087
v 2.312823 3.322025 -0.929250
v 2.187211 3.144304 -1.413414
v 1.823922 2.869619 -1.613961
v 1.368633 2.769650 -1.438569
v 1.192291 2.666305 -0.945788
v 1.306311 2.838831 -0.453008
v 1.678988 3.158153 -0.248892
v 2.109232 3.394254 -0.453008
v 2.310887 3.440097 -0.945788
v 2.151987 3.311538 -1.438569
v 1.753901 3.049858 -1.642685
v 1.294515 2.926211 -1.444656
v 1.150185 2.778390 -0.949791
v 1.308227 2.910593 -0.454925
v 1.703430 3.209652 -0.249945
v 2.129272 3.463188 -0.454925
v 2.311247 3.559830 -0.949791
v 2.119965 3.481771 -1.444656
v 1.687019 3.234035 -1.649636
v 1.224268 3.084789 -1.431595
v 1.110701 2.891781 -0.941204
v 1.311646 2.982666 -0.450812
v 1.728872 3.260979 -0.247685
v 2.150844 3.532041 -0.450812
v 2.314522 3.679854 -0.941204
v 2.092200 3.652975 -1.431595
v 1.624765 3.420007 -1.634722
v 1.159334 3.243621 -1.399559
v 1.074846 3.005368 -0.920141
v 1.317019 3.054491 -0.440724
v 1.755517 3.311797 -0.242143
v 2.174244 3.600160 -0.440724
v 2.321258 3.798775 -0.920141
v 2.069638 3.823078 -1.399559
v 1.568517 3.605566 -1.598140
v 1.101048 3.400896 -1.348972
v 1.043555 3.118006 -0.886883
v 1.324761 3.125494 -0.424794
v 1.783547 3.361761 -0.233390
v 2.199728 3.666883 -0.424794
v 2.331926 3.915191 -0.886883
v 2.053112 3.989990 -1.348972
v 1.519521 3.788467 -1.540376
v 1.050612 3.554785 -1.280505
v 1.017682 3.228534 -0.841869
v 1.335248 3.195096 -0.403234
v 1.813124 3.410527 -0.221545
v 2.227511 3.731555 -0.403234
v 2.346913 4.027713 -0.841869
v 2.043323 4.151637 -1.280505
v 1.478876 3.966464 -1.462194
v 1.009089 3.703469 -1.195066
v 0.997984 3.335795 -0.785697
v 1.348809 3.262720 -0.376328
v 1.844384 3.457756 -0.206762
v 2.257768 3.793535 -0.376328
v 2.366515 4.134991 -0.785697
v 2.040835 4.305990 -1.195066
v 1.447519 4.137342 -1.364632
v 0.977381 3.845163 -1.093786
v 0.985115 3.438645 -0.719111
v 1.365725 3.327802 -0.344435
v 1.877436 3.503120 -0.189240
v 2.290624 3.852205 -0.344435
v 2.390939 4.235725 -0.719111
v 2.046072 4.451094 -1.093786
v 1.426214 4.298950 -1.248982
v 0.956225 3.978149 -0.978009
v 0.979614 3.535980 -0.642993
v 1.386222 3.389796 -0.307977
v 1.912363 3.546303 -0.169209
v 2.326164 3.906981 -0.307977
v 2.420299 4.328689 -0.642993
v 2.059309 4.585101 -0.978009
v 1.415543 4.449234 -1.116777
v 0.946178 4.100799 -0.849268
v 0.981905 3.626750 -0.558352
v 1.410472 3.448187 -0.267436
v 1.949220 3.587010 -0.146935
v 2.364420 3.957320 -0.267436
v 2.454616 4.412753 -0.558352
v 2.080673 4.706292 -0.849268
v 1.415904 4.586268 -0.969770
v 0.947620 4.211600 -0.709271
v 0.992286 3.709972 -0.466311
v 1.438590 3.502495 -0.223351
v 1.988031 3.624971 -0.122713
v 2.405384 4.002729 -0.223351
v 2.493823 4.486891 -0.466311
v 2.110148 4.813110 -0.709271
v 1.427505 4.708287 -0.809908
v 0.960747 4.309181 -0.559872
v 1.010931 3.784752 -0.368089
v 1.470634 3.552285 -0.176305
v 2.028794 3.659942 -0.096865
v 2.448999 4.042774 -0.176305
v 2.537765 4.550207 -0.368089
v 2.147576 4.904179 -0.559872
v 1.450371 4.813709 -0.639312
v 0.985575 4.392336 -0.403053
v 1.037891 3.850296 -0.264988
v 1.506603 3.597175 -0.126922
v 2.071480 3.691713 -0.069734
v 2.495170 4.077082 -0.126922
v 2.586208 4.601938 -0.264988
v 2.192667 4.978327 -0.403053
v 1.484343 4.901165 -0.460242
v 1.021940 4.460040 -0.240891
v 1.073092 3.905925 -0.158374
v 1.546442 3.636838 -0.075857
v 2.116031 3.720109 -0.041677
v 2.543761 4.105354 -0.075857
v 2.638843 4.641477 -0.158374
v 2.245003 5.034605 -0.240891
v 1.529089 4.969520 -0.275071
v 1.069512 4.511471 -0.075537
v 1.116344 3.951086 -0.049662
v 1.590042 3.671013 -0.023787
v 2.162367 3.744994 -0.013069
v 2.594598 4.127364 -0.023787
v 2.695294 4.668373 -0.049662
v 2.304056 5.072301 -0.075537
v 1.584114 5.017891 -0.086255
v 1.127798 4.546025 0.090819
v 1.167341 3.985362 0.059709
v 1.637243 3.699506 0.028599
v 2.210385 3.766272 0.015713
v 2.647479 4.142964 0.028599
v 2.755130 4.682347 0.059709
v 2.369196 5.090956 0.090819
v 1.648774 5.045667 0.103705
v 1.196157 4.563323 0.255971
v 1.225674 4.008483 0.168288
v 1.687839 3.722196 0.080606
v 2.259958 3.783889 0.044286
v 2.702173 4.152091 0.080606
v 2.817871 4.683288 0.168288
v 2.439708 5.090365 0.255971
v 1.722289 5.052513 0.292290
v 1.273814 4.563227 0.417730
v 1.290836 4.020327 0.274637
v 1.741580 3.739035 0.131544
v 2.310946 3.797836 0.072273
v 2.758427 4.154761 0.131544
v 2.883001 4.671266 0.274637
v 2.514805 5.070592 0.417730
v 1.803762 5.038384 0.477001
v 1.359876 4.545837 0.573952
v 1.362237 4.020929 0.377346
v 1.798181 3.750053 0.180739
v 2.363191 3.808147 0.099301
v 2.815973 4.151075 0.180739
v 2.949978 4.646519 0.377346
v 2.593651 5.031959 0.573952
v 1.892197 5.003526 0.655390
v 1.453350 4.511498 0.722567
v 1.439208 4.010479 0.475053
v 1.857324 3.755356 0.227538
v 2.416524 3.814902 0.125014
v 2.874529 4.141217 0.227538
v 3.018247 4.609463 0.475053
v 2.675370 4.975052 0.722567
v 1.986521 4.948475 0.825091
v 1.553162 4.460797 0.861605
v 1.521022 3.989324 0.566463
v 1.918667 3.755126 0.271321
v 2.470768 3.818221 0.149069
v 2.933811 4.125448 0.271321
v 3.087249 4.560680 0.566463
v 2.759074 4.900711 0.861605
v 2.085603 4.874052 0.983857
v 1.658175 4.394553 0.989222
v 1.606903 3.957959 0.650365
v 1.981845 3.749618 0.311508
v 2.525739 3.818270 0.171149
v 2.993531 4.104109 0.311508
v 3.156435 4.500909 0.650365
v 2.843872 4.810017 0.989222
v 2.188279 4.781352 1.129581
v 1.767215 4.313815 1.103727
v 1.696039 3.917031 0.725647
v 2.046486 3.739160 0.347566
v 2.581253 3.815250 0.190960
v 3.053411 4.077611 0.347566
v 3.225276 4.431042 0.725647
v 2.928890 4.704280 1.103727
v 2.293370 4.671733 1.260334
v 1.879085 4.219839 1.203603
v 1.787600 3.867322 0.791310
v 2.112206 3.724146 0.379017
v 2.637127 3.809403 0.208240
v 3.113181 4.046432 0.379017
v 3.293271 4.352106 0.791310
v 3.013292 4.585022 1.203603
v 2.399707 4.546795 1.374381
v 1.992592 4.114083 1.287526
v 1.880748 3.809747 0.846485
v 2.178625 3.705032 0.405444
v 2.693180 3.801002 0.222759
v 3.172588 4.011109 0.405444
v 3.359961 4.265250 0.846485
v 3.096292 4.453953 1.287526
v 2.506152 4.408361 1.470211
v 2.106562 3.998179 1.354383
v 1.974654 3.745333 0.890440
v 2.245369 3.682328 0.426498
v 2.749242 3.790352 0.234326
v 3.231400 3.972232 0.426498
v 3.424936 4.171732 0.890440
v 3.177169 4.312949 1.354383
v 2.611615 4.258451 1.546554
v 2.219865 3.873913 1.403288
v 2.068510 3.675214 0.922593
v 2.312077 3.656597 0.441898
v 2.805151 3.777782 0.242788
v 3.289408 3.930435 0.441898
v 3.487843 4.072896 0.922593
v 3.255281 4.164025 1.403288
v 2.715078 4.099255 1.602399
v 2.331429 3.743202 1.433593
v 2.161544 3.600609 0.942517
v 2.378405 3.628439 0.451441
v 2.860760 3.763643 0.248031
v 3.346435 3.886387 0.451441
v 3.548390 3.970158 0.942517
v 3.330076 4.009309 1.433593
v 2.815605 3.933100 1.637004
v 2.440257 3.608067 1.444896
v 2.253028 3.522809 0.949949
v 2.444036 3.598488 0.455001
v 2.915936 3.748301 0.249986
v 3.402333 3.840782 0.455001
v 3.606356 3.864981 0.949949
v 3.401105 3.851005 1.444896
v 2.912366 3.762420 1.649911
v 2.545444 3.470602 1.437048
v 2.342294 3.443156 0.944789
v 2.508678 3.567403 0.452529
v 2.970564 3.732136 0.248629
v 3.456987 3.794329 0.452529
v 3.661590 3.758858 0.944789
v 3.468021 3.691371 1.437048
v 3.004643 3.589718 1.640949
v 2.646193 3.332947 1.410153
v 2.428739 3.363026 0.927106
v 2.572076 3.535853 0.444060
v 3.024546 3.715529 0.243975
v 3.510319 3.747743 0.444060
v 3.714018 3.653288 0.927106
v 3.530595 3.532676 1.410153
v 3.091844 3.417535 1.610237
v 2.741818 3.197253 1.364566
v 2.511837 3.283807 0.897135
v 2.634008 3.504517 0.429704
v 3.077808 3.698864 0.236088
v 3.562288 3.701733 0.429704
v 3.763638 3.549757 0.897135
v 3.588710 3.377178 1.364566
v 3.173509 3.248409 1.558182
v 2.831762 3.065656 1.300892
v 2.591143 3.206880 0.855273
v 2.694294 3.474063 0.409653
v 3.130294 3.682518 0.225072
v 3.612888 3.656995 0.409653
v 3.810526 3.449712 0.855273
v 3.642367 3.227083 1.300892
v 3.249318 3.084839 1.485474
v 2.915595 2.940242 1.219976
v 2.666303 3.133598 0.802074
v 2.752794 3.445146 0.384173
v 3.181969 3.666857 0.211072
v 3.662150 3.614198 0.384173
v 3.854829 3.354547 0.802074
v 3.691680 3.084517 1.219976
v 3.319092 2.929250 1.393076
v 2.993026 2.823017 1.122889
v 2.737050 3.065268 0.738244
v 2.809410 3.418399 0.353600
v 3.232822 3.652230 0.194275
v 3.710139 3.573975 0.353600
v 3.896761 3.265576 0.738244
v 3.736875 2.951497 1.122889
v 3.382793 2.783958 1.282214
v 3.063897 2.715879 1.010919
v 2.803213 3.003128 0.664629
v 2.864087 3.394415 0.318340
v 3.282861 3.638966 0.174903
v 3.756953 3.536917 0.318340
v 3.936601 3.184019 0.664629
v 3.778281 2.829895 1.010919
v 3.440521 2.651134 1.154356
v 3.128186 2.620586 0.885549
v 2.864714 2.948333 0.582205
v 2.916814 3.373747 0.278861
v 3.332115 3.627366 0.153212
v 3.802721 3.503562 0.278861
v 3.974685 3.110981 0.582205
v 3.816322 2.721421 0.885549
v 3.492509 2.532774 1.011198
v 3.186004 2.538734 0.748442
v 2.921567 2.901932 0.492064
v 2.967619 3.356896 0.235686
v 3.380631 3.617700 0.129490
v 3.847598 3.474386 0.235686
v 4.011398 3.047440 0.492064
v 3.851508 2.627588 0.748442
v 3.539116 2.430668 0.854637
v 3.237585 2.471729 0.601414
v 2.973874 2.864856 0.395400
v 3.016572 3.344304 0.189387
v 3.428473 3.610203 0.104053
v 3.891761 3.449798 0.189386
v 4.047166 2.994229 0.395400
v 3.884425 2.549699 0.601414
v 3.580814 2.346376 0.686748
v 3.283282 2.420769 0.446415
v 3.021822 2.837901 0.293496
v 3.063778 3.336346 0.140577
v 3.475724 3.605072 0.077236
v 3.935409 3.430137 0.140577
v 4.082446 2.952029 0.293496
v 3.915715 2.488821 0.446415
v 3.618178 2.281202 0.509756
v 3.323552 2.386820 0.285499
v 3.065676 2.821720 0.187702
v 3.109375 3.333325 0.089904
v 3.522474 3.602462 0.049395
v 3.978752 3.415659 0.089904
v 4.117716 2.921353 0.187702
v 3.946067 2.445775 0.285499
v 3.651868 2.236174 0.326008
v 3.358950 2.370608 0.120799
v 3.105771 2.816805 0.079419
v 3.153534 3.335468 0.038040
v 3.568830 3.602485 0.020900
v 4.022013 3.406541 0.038040
v 4.153466 2.902545 0.079419
v 3.976201 2.421122 0.120799
v 3.682619 2.212034 0.137939
v 3.390109 2.372601 -0.045503
v 3.142505 2.823487 -0.029916
v 3.196448 3.342922 -0.014329
v 3.614903 3.605206 -0.007873
v 4.065414 3.402877 -0.014329
v 4.190183 2.895771 -0.029916
v 4.006848 2.415153 -0.045503
v 3.711219 2.209219 -0.051959
v 3.417731 2.393005 -0.211201
v 3.176327 2.841923 -0.138854
v 3.238332 3.355751 -0.066508
v 3.660812 3.610645 -0.036541
v 4.109182 3.404672 -0.066508
v 4.228344 2.901021 -0.138854
v 4.038738 2.427891 -0.211201
v 3.738492 2.227861 -0.241168
v 3.442563 2.431757 -0.374100
v 3.207730 2.872098 -0.245952
v 3.279417 3.373933 -0.117805
v 3.706677 3.618774 -0.064724
v 4.153533 3.411849 -0.117805
v 4.268404 2.918106 -0.245952
v 4.072581 2.459085 -0.374100
v 3.765278 2.267778 -0.427180
v 3.465390 2.488527 -0.532040
v 3.237236 2.913822 -0.349790
v 3.319943 3.397364 -0.167540
v 3.752619 3.629519 -0.092050
v 4.198676 3.424244 -0.167541
v 4.315503 2.946015 -0.349790
v 4.109050 2.508216 -0.532040
v 3.792417 2.328482 -0.607531
v 3.487011 2.562719 -0.682929
v 3.265387 2.966732 -0.448992
v 3.360159 3.425855 -0.215056
v 3.798755 3.642759 -0.118156
v 4.244798 3.441613 -0.215056
v 4.370982 2.984450 -0.448992
v 4.148767 2.574507 -0.682929
v 3.820729 2.409184 -0.779828
v 3.508222 2.653484 -0.824765
v 3.292733 3.030295 -0.542243
v 3.400308 3.459138 -0.259720
v 3.845196 3.658331 -0.142695
v 4.292071 3.463635 -0.259720
v 4.428066 3.033865 -0.542243
v 4.192287 2.656933 -0.824765
v 3.850993 2.508803 -0.941790
v 3.529802 2.759723 -0.955670
v 3.319824 3.103819 -0.628306
v 3.440630 3.496866 -0.300942
v 3.892046 3.676029 -0.165344
v 4.340639 3.489912 -0.300942
v 4.486646 3.093510 -0.628306
v 4.240088 2.754235 -0.955670
v 3.883933 2.625983 -1.091268
v 3.552497 2.880109 -1.073907
v 3.347189 3.186457 -0.706041
v 3.481355 3.538620 -0.338175
v 3.939395 3.695610 -0.185800
v 4.391644 3.519853 -0.338175
v 4.546593 3.162501 -0.706041
v 4.295807 2.864480 -1.073907
v 3.920199 2.759111 -1.226282
v 3.577000 3.013103 -1.177910
v 3.375336 3.277222 -0.774418
v 3.522696 3.583916 -0.370926
v 3.987322 3.716793 -0.203794
v 4.446375 3.553171 -0.370926
v 4.607759 3.239827 -0.774418
v 4.363409 2.985815 -1.177910
v 3.960354 2.906345 -1.345042
v 3.603940 3.156976 -1.266301
v 3.404737 3.375002 -0.832531
v 3.564846 3.632208 -0.398760
v 4.035892 3.739268 -0.219087
v 4.501611 3.589946 -0.398760
v 4.669981 3.324370 -0.832531
v 4.432615 3.118127 -1.266301
v 4.004860 3.065632 -1.445974
v 3.633872 3.309832 -1.337907
v 3.435816 3.478570 -0.879608
v 3.607973 3.682898 -0.421309
v 4.085148 3.762699 -0.231476
v 4.557267 3.629595 -0.421309
v 4.733079 3.414915 -0.879608
v 4.503157 3.259567 -1.337907
v 4.054069 3.234748 -1.527740
v 3.667257 3.469638 -1.391779
v 3.468947 3.586606 -0.915027
v 3.652217 3.735347 -0.438274
v 4.135120 3.786725 -0.240797
v 4.613253 3.671499 -0.438274
v 4.796866 3.510167 -0.915027
v 4.574745 3.408166 -1.391779
v 4.108207 3.411318 -1.589257
v 3.704461 3.634250 -1.427204
v 3.504442 3.697717 -0.938317
v 3.697689 3.788878 -0.449429
v 4.185817 3.810972 -0.246926
v 4.669474 3.715007 -0.449429
v 4.861144 3.608767 -0.938317
v 4.647078 3.561860 -1.427204
v 4.167379 3.592863 -1.629708
v 3.745746 3.801443 -1.443713
v 3.542546 3.810450 -0.949170
v 3.744464 3.842791 -0.454628
v 4.237227 3.835053 -0.249782
v 4.725831 3.759448 -0.454628
v 4.925705 3.709316 -0.949170
v 4.719845 3.718516 -1.443713
v 4.231555 3.776827 -1.648559
v 3.791260 3.968949 -1.441085
v 3.583434 3.923320 -0.947443
v 3.792584 3.896371 -0.453800
v 4.289320 3.858576 -0.249327
v 4.782224 3.804139 -0.453800
v 4.990343 3.810386 -0.947443
v 4.792727 3.875965 -1.441085
v 4.300577 3.960615 -1.645558
v 3.841042 4.134480 -1.419356
v 3.627208 4.034828 -0.933157
v 3.842056 3.948897 -0.446958
v 4.342043 3.881147 -0.245568
v 4.838553 3.848391 -0.446958
v 5.054848 3.910542 -0.933157
v 4.865407 4.032024 -1.419356
v 4.374152 4.141633 -1.620746
v 3.895012 4.295770 -1.378814
v 3.673892 4.143481 -0.906503
v 3.892849 3.999657 -0.434191
v 4.395329 3.902381 -0.238553
v 4.894719 3.891526 -0.434191
v 5.119010 4.008362 -0.906503
v 4.937566 4.184530 -1.378814
v 4.451863 4.317326 -1.574452
v 3.952982 4.450601 -1.319996
v 3.723438 4.247819 -0.867833
v 3.944899 4.047951 -0.415669
v 4.448790 3.921964 -0.228377
v 4.950624 3.932875 -0.415669
v 5.182628 4.102455 -0.867833
v 5.008897 4.331367 -1.319996
v 4.531200 4.485518 -1.507289
v 4.014655 4.596839 -1.243683
v 3.775721 4.346428 -0.817660
v 3.998106 4.093108 -0.391638
v 4.501305 3.940132 -0.215174
v 5.006174 3.971796 -0.391638
v 5.245505 4.191480 -0.817660
v 5.079100 4.470496 -1.243683
v 4.604438 4.645399 -1.420147
v 4.079631 4.732464 -1.150885
v 3.830548 4.437969 -0.756650
v 4.052340 4.134491 -0.362416
v 4.553576 3.956630 -0.199119
v 5.061279 4.007679 -0.362416
v 5.307454 4.274161 -0.756650
v 5.147892 4.599975 -1.150885
v 4.676065 4.794263 -1.314182
v 4.147419 4.855595 -1.042832
v 3.887658 4.521189 -0.685611
v 4.107439 4.171508 -0.328390
v 4.605556 3.971146 -0.180424
v 5.115857 4.039953 -0.328390
v 5.368301 4.349308 -0.685611
v 5.215009 4.717995 -1.042832
v 4.745779 4.930042 -1.190798
v 4.217443 4.964521 -0.920957
v 3.946729 4.594946 -0.605484
v 4.163217 4.203622 -0.290011
v 4.657206 3.983392 -0.159338
v 5.169831 4.068097 -0.290011
v 5.427887 4.415831 -0.605484
v 5.280208 4.822897 -0.920957
v 4.813302 5.050841 -1.051630
v 4.289056 5.057726 -0.786875
v 4.007389 4.658222 -0.517332
v 4.219464 4.230355 -0.247788
v 4.708485 3.993112 -0.136140
v 5.223132 4.091641 -0.247788
v 5.486069 4.472753 -0.517332
v 5.343271 4.913196 -0.786875
v 4.878386 5.154966 -0.898524
v 4.361555 5.133907 -0.642363
v 4.069217 4.710135 -0.422322
v 4.275955 4.251296 -0.202281
v 4.759363 4.000081 -0.111138
v 5.275702 4.110181 -0.202281
v 5.542723 4.519225 -0.422322
v 5.404009 4.987601 -0.642363
v 4.940817 5.240940 -0.733507
v 4.434193 5.191994 -0.489337
v 4.131759 4.749960 -0.321715
v 4.332448 4.266111 -0.154093
v 4.809811 4.004114 -0.084662
v 5.327489 4.123375 -0.154093
v 5.597745 4.554536 -0.321715
v 5.462265 5.045030 -0.489337
v 5.000413 5.307530 -0.558769
v 4.506198 5.231166 -0.329825
v 4.194531 4.777128 -0.216844
v 4.388694 4.274540 -0.103863
v 4.859807 4.005062 -0.057064
v 5.378456 4.130954 -0.103863
v 5.651052 4.578124 -0.216844
v 5.517914 5.084627 -0.329825
v 5.057031 5.353759 -0.376624
v 4.576786 5.250862 -0.165942
v 4.257038 4.791244 -0.109098
v 4.444441 4.276408 -0.052255
v 4.909338 4.002817 -0.028710
v 5.428573 4.132723 -0.052255
v 5.702587 4.589582 -0.109098
v 5.570865 5.105774 -0.165942
v 5.110569 5.378919 -0.189487
v 4.641531 5.251335 0.000142
v 4.318777 4.792088 0.000093
v 4.498291 4.271803 0.000045
v 4.958391 3.997316 0.000024
v 5.477823 4.128563 0.000045
v 5.752310 4.588663 0.000093
v 5.621063 5.108095 0.000142
v 5.160963 5.382583 0.000162
vt 0.610485 0.045765
vt 0.500000 0.000000
vt 0.389515 0.045765
vt 0.343750 0.156250
vt 0.389515 0.266735
vt 0.500000 0.312500
vt 0.610485 0.266735
vt 0.656250 0.156250
vt 0.375000 0.312500
vt 0.406250 0.312500
vt 0.437500 0.312500
vt 0.468750 0.312500
vt 0.500000 0.312500
vt 0.531250 0.312500
vt 0.562500 0.312500
vt 0.593750 0.312500
vt 0.625000 0.312500
vt 0.375000 0.313753
vt 0.406250 0.313753
vt 0.437500 0.313753
vt 0.468750 0.313753
vt 0.500000 0.313753
vt 0.531250 0.313753
vt 0.562500 0.313753
vt 0.593750 0.313753
vt 0.625000 0.313753
vt 0.375000 0.315006
vt 0.406250 0.315006
vt 0.437500 0.315006
vt 0.468750 0.315006
vt 0.500000 0.315006
vt 0.531250 0.315006
vt 0.562500 0.315006
vt 0.593750 0.315006
vt 0.625000 0.315006
vt 0.375000 0.316259
vt 0.406250 0.316259
vt 0.437500 0.316259
vt 0.468750 0.316259
vt 0.500000 0.316259
vt 0.531250 0.316259
vt 0.562500 0.316259
vt 0.593750 0.316259
vt 0.625000 0.316259
vt 0.375000 0.317513
vt 0.406250 0.317513
vt 0.437500 0.317513
vt 0.468750 0.317513
vt 0.500000 0.317513
vt 0.531250 0.317513
vt 0.562500 0.317513
vt 0.593750 0.317513
vt 0.625000 0.317513
vt 0.375000 0.318766
vt 0.406250 0.318766
vt 0.437500 0.318766
vt 0.468750 0.318766
vt 0.500000 0.318766
vt 0.531250 0.318766
vt 0.562500 0.318766
vt 0.593750 0.318766
vt 0.625000 0.318766
vt 0.375000 0.320019
vt 0.406250 0.320019
vt 0.437500 0.320019
vt 0.468750 0.320019
vt 0.500000 0.320019
vt 0.531250 0.320019
vt 0.562500 0.320019
vt 0.593750 0.320019
vt 0.625000 0.320019
vt 0.375000 0.321272
vt 0.406250 0.321272
vt 0.437500 0.321272
vt 0.468750 0.321272
vt 0.500000 0.321272
vt 0.531250 0.321272
vt 0.562500 0.321272
vt 0.593750 0.321272
vt 0.625000 0.321272
vt 0.375000 0.322525
vt 0.406250 0.322525
vt 0.437500 0.322525
vt 0.468750 0.322525
vt 0.500000 0.322525
vt 0.531250 0.322525
vt 0.562500 0.322525
vt 0.593750 0.322525
vt 0.625000 0.322525
vt 0.375000 0.323778
vt 0.406250 0.323778
vt 0.437500 0.323778
vt 0.468750 0.323778
vt 0.500000 0.323778
vt 0.531250 0.323778
vt 0.562500 0.323778
vt 0.593750 0.323778
vt 0.625000 0.323778
vt 0.375000 0.325031
vt 0.406250 0.325031
vt 0.437500 0.325031
vt 0.468750 0.325031
vt 0.500000 0.325031
vt 0.531250 0.325031
vt 0.562500 0.325031
vt 0.593750 0.325031
vt 0.625000 0.325031
vt 0.375000 0.326284
vt 0.406250 0.326284
vt 0.437500 0.326284
vt 0.468750 0.326284
vt 0.500000 0.326284
vt 0.531250 0.326284
vt 0.562500 0.326284
vt 0.593750 0.326284
vt 0.625000 0.326284
vt 0.375000 0.327538
vt 0.406250 0.327538
vt 0.437500 0.327538
vt 0.468750 0.327538
vt 0.500000 0.327538
vt 0.531250 0.327538
vt 0.562500 0.327538
vt 0.593750 0.327538
vt 0.625000 0.327538
vt 0.375000 0.328791
vt 0.406250 0.328791
vt 0.437500 0.328791
vt 0.468750 0.328791
vt 0.500000 0.328791
vt 0.531250 0.328791
vt 0.562500 0.328791
vt 0.593750 0.328791
vt 0.625000 0.328791
vt 0.375000 0.330044
vt 0.406250 0.330044
vt 0.437500 0.330044
vt 0.468750 0.330044
vt 0.500000 0.330044
vt 0.531250 0.330044
vt 0.562500 0.330044
vt 0.593750 0.330044
vt 0.625000 0.330044
vt 0.375000 0.331297
vt 0.406250 0.331297
vt 0.437500 0.331297
vt 0.468750 0.331297
vt 0.500000 0.331297
vt 0.531250 0.331297
vt 0.562500 0.331297
vt 0.593750 0.331297
vt 0.625000 0.331297
vt 0.375000 0.332550
vt 0.406250 0.332550
vt 0.437500 0.332550
vt 0.468750 0.332550
vt 0.500000 0.332550
vt 0.531250 0.332550
vt 0.562500 0.332550
vt 0.593750 0.332550
vt 0.625000 0.332550
vt 0.375000 0.333803
vt 0.406250 0.333803
vt 0.437500 0.333803
vt 0.468750 0.333803
vt 0.500000 0.333803
vt 0.531250 0.333803
vt 0.562500 0.333803
vt 0.593750 0.333803
vt 0.625000 0.333803
vt 0.375000 0.335056
vt 0.406250 0.335056
vt 0.437500 0.335056
vt 0.468750 0.335056
vt 0.500000 0.335056
vt 0.531250 0.335056
vt 0.562500 0.335056
vt 0.593750 0.335056
vt 0.625000 0.335056
vt 0.375000 0.336309
vt 0.406250 0.336309
vt 0.437500 0.336309
vt 0.468750 0.336309
vt 0.500000 0.336309
vt 0.531250 0.336309
vt 0.562500 0.336309
vt 0.593750 0.336309
vt 0.625000 0.336309
vt 0.375000 0.337563
vt 0.406250 0.337563
vt 0.437500 0.337563
vt 0.468750 0.337563
vt 0.500000 0.337563
vt 0.531250 0.337563
vt 0.562500 0.337563
vt 0.593750 0.337563
vt 0.625000 0.337563
vt 0.375000 0.338816
vt 0.406250 0.338816
vt 0.437500 0.338816
vt 0.468750 0.338816
vt 0.500000 0.338816
vt 0.531250 0.338816
vt 0.562500 0.338816
vt 0.593750 0.338816
vt 0.625000 0.338816
vt 0.375000 0.340069
vt 0.406250 0.340069
vt 0.437500 0.340069
vt 0.468750 0.340069
vt 0.500000 0.340069
vt 0.531250 0.340069
vt 0.562500 0.340069
vt 0.593750 0.340069
vt 0.625000 0.340069
vt 0.375000 0.341322
vt 0.406250 0.341322
vt 0.437500 0.341322
vt 0.468750 0.341322
vt 0.500000 0.341322
vt 0.531250 0.341322
vt 0.562500 0.341322
vt 0.593750 0.341322
vt 0.625000 0.341322
vt 0.375000 0.342575
vt 0.406250 0.342575
vt 0.437500 0.342575
vt 0.468750 0.342575
vt 0.500000 0.342575
vt 0.531250 0.342575
vt 0.562500 0.342575
vt 0.593750 0.342575
vt 0.625000 0.342575
vt 0.375000 0.343828
vt 0.406250 0.343828
vt 0.437500 0.343828
vt 0.468750 0.343828
vt 0.500000 0.343828
vt 0.531250 0.343828
vt 0.562500 0.343828
vt 0.593750 0.343828
vt 0.625000 0.343828
vt 0.375000 0.345081
vt 0.406250 0.345081
vt 0.437500 0.345081
vt 0.468750 0.345081
vt 0.500000 0.345081
vt 0.531250 0.345081
vt 0.562500 0.345081
vt 0.593750 0.345081
vt 0.625000 0.345081
vt 0.375000 0.346334
vt 0.406250 0.346334
vt 0.437500 0.346334
vt 0.468750 0.346334
vt 0.500000 0.346334
vt 0.531250 0.346334
vt 0.562500 0.346334
vt 0.593750 0.346334
vt 0.625000 0.346334
vt 0.375000 0.347588
vt 0.406250 0.347588
vt 0.437500 0.347588
vt 0.468750 0.347588
vt 0.500000 0.347588
vt 0.531250 0.347588
vt 0.562500 0.347588
vt 0.593750 0.347588
vt 0.625000 0.347588
vt 0.375000 0.348841
vt 0.406250 0.348841
vt 0.437500 0.348841
vt 0.468750 0.348841
vt 0.500000 0.348841
vt 0.531250 0.348841
vt 0.562500 0.348841
vt 0.593750 0.348841
vt 0.625000 0.348841
vt 0.375000 0.350094
vt 0.406250 0.350094
vt 0.437500 0.350094
vt 0.468750 0.350094
vt 0.500000 0.350094
vt 0.531250 0.350094
vt 0.562500 0.350094
vt 0.593750 0.350094
vt 0.625000 0.350094
vt 0.375000 0.351347
vt 0.406250 0.351347
vt 0.437500 0.351347
vt 0.468750 0.351347
vt 0.500000 0.351347
vt 0.531250 0.351347
vt 0.562500 0.351347
vt 0.593750 0.351347
vt 0.625000 0.351347
vt 0.375000 0.352600
vt 0.406250 0.352600
vt 0.437500 0.352600
vt 0.468750 0.352600
vt 0.500000 0.352600
vt 0.531250 0.352600
vt 0.562500 0.352600
vt 0.593750 0.352600
vt 0.625000 0.352600
vt 0.375000 0.353853
vt 0.406250 0.353853
vt 0.437500 0.353853
vt 0.468750 0.353853
vt 0.500000 0.353853
vt 0.531250 0.353853
vt 0.562500 0.353853
vt 0.593750 0.353853
vt 0.625000 0.353853
vt 0.375000 0.355106
vt 0.406250 0.355106
vt 0.437500 0.355106
vt 0.468750 0.355106
vt 0.500000 0.355106
vt 0.531250 0.355106
vt 0.562500 0.355106
vt 0.593750 0.355106
vt 0.625000 0.355106
vt 0.375000 0.356359
vt 0.406250 0.356359
vt 0.437500 0.356359
vt 0.468750 0.356359
vt 0.500000 0.356359
vt 0.531250 0.356359
vt 0.562500 0.356359
vt 0.593750 0.356359
vt 0.625000 0.356359
vt 0.375000 0.357613
vt 0.406250 0.357613
vt 0.437500 0.357613
vt 0.468750 0.357613
vt 0.500000 0.357613
vt 0.531250 0.357613
vt 0.562500 0.357613
vt 0.593750 0.357613
vt 0.625000 0.357613
vt 0.375000 0.358866
vt 0.406250 0.358866
vt 0.437500 0.358866
vt 0.468750 0.358866
vt 0.500000 0.358866
vt 0.531250 0.358866
vt 0.562500 0.358866
vt 0.593750 0.358866
vt 0.625000 0.358866
vt 0.375000 0.360119
vt 0.406250 0.360119
vt 0.437500 0.360119
vt 0.468750 0.360119
vt 0.500000 0.360119
vt 0.531250 0.360119
vt 0.562500 0.360119
vt 0.593750 0.360119
vt 0.625000 0.360119
vt 0.375000 0.361372
vt 0.406250 0.361372
vt 0.437500 0.361372
vt 0.468750 0.361372
vt 0.500000 0.361372
vt 0.531250 0.361372
vt 0.562500 0.361372
vt 0.593750 0.361372
vt 0.625000 0.361372
vt 0.375000 0.362625
vt 0.406250 0.362625
vt 0.437500 0.362625
vt 0.468750 0.362625
vt 0.500000 0.362625
vt 0.531250 0.362625
vt 0.562500 0.362625
vt 0.593750 0.362625
vt 0.625000 0.362625
vt 0.375000 0.363878
vt 0.406250 0.363878
vt 0.437500 0.363878
vt 0.468750 0.363878
vt 0.500000 0.363878
vt 0.531250 0.363878
vt 0.562500 0.363878
vt 0.593750 0.363878
vt 0.625000 0.363878
vt 0.375000 0.365131
vt 0.406250 0.365131
vt 0.437500 0.365131
vt 0.468750 0.365131
vt 0.500000 0.365131
vt 0.531250 0.365131
vt 0.562500 0.365131
vt 0.593750 0.365131
vt 0.625000 0.365131
vt 0.375000 0.366385
vt 0.406250 0.366385
vt 0.437500 0.366385
vt 0.468750 0.366385
vt 0.500000 0.366385
vt 0.531250 0.366385
vt 0.562500 0.366385
vt 0.593750 0.366385
vt 0.625000 0.366385
vt 0.375000 0.367638
vt 0.406250 0.367638
vt 0.437500 0.367638
vt 0.468750 0.367638
vt 0.500000 0.367638
vt 0.531250 0.367638
vt 0.562500 0.367638
vt 0.593750 0.367638
vt 0.625000 0.367638
vt 0.375000 0.368891
vt 0.406250 0.368891
vt 0.437500 0.368891
vt 0.468750 0.368891
vt 0.500000 0.368891
vt 0.531250 0.368891
vt 0.562500 0.368891
vt 0.593750 0.368891
vt 0.625000 0.368891
vt 0.375000 0.370144
vt 0.406250 0.370144
vt 0.437500 0.370144
vt 0.468750 0.370144
vt 0.500000 0.370144
vt 0.531250 0.370144
vt 0.562500 0.370144
vt 0.593750 0.370144
vt 0.625000 0.370144
vt 0.375000 0.371397
vt 0.406250 0.371397
vt 0.437500 0.371397
vt 0.468750 0.371397
vt 0.500000 0.371397
vt 0.531250 0.371397
vt 0.562500 0.371397
vt 0.593750 0.371397
vt 0.625000 0.371397
vt 0.375000 0.372650
vt 0.406250 0.372650
vt 0.437500 0.372650
vt 0.468750 0.372650
vt 0.500000 0.372650
vt 0.531250 0.372650
vt 0.562500 0.372650
vt 0.593750 0.372650
vt 0.625000 0.372650
vt 0.375000 0.373903
vt 0.406250 0.373903
vt 0.437500 0.373903
vt 0.468750 0.373903
vt 0.500000 0.373903
vt 0.531250 0.373903
vt 0.562500 0.373903
vt 0.593750 0.373903
vt 0.625000 0.373903
vt 0.375000 0.375156
vt 0.406250 0.375156
vt 0.437500 0.375156
vt 0.468750 0.375156
vt 0.500000 0.375156
vt 0.531250 0.375156
vt 0.562500 0.375156
vt 0.593750 0.375156
vt 0.625000 0.375156
vt 0.375000 0.376410
vt 0.406250 0.376410
vt 0.437500 0.376410
vt 0.468750 0.376410
vt 0.500000 0.376410
vt 0.531250 0.376410
vt 0.562500 0.376410
vt 0.593750 0.376410
vt 0.625000 0.376410
vt 0.375000 0.377663
vt 0.406250 0.377663
vt 0.437500 0.377663
vt 0.468750 0.377663
vt 0.500000 0.377663
vt 0.531250 0.377663
vt 0.562500 0.377663
vt 0.593750 0.377663
vt 0.625000 0.377663
vt 0.375000 0.378916
vt 0.406250 0.378916
vt 0.437500 0.378916
vt 0.468750 0.378916
vt 0.500000 0.378916
vt 0.531250 0.378916
vt 0.562500 0.378916
vt 0.593750 0.378916
vt 0.625000 0.378916
vt 0.375000 0.380169
vt 0.406250 0.380169
vt 0.437500 0.380169
vt 0.468750 0.380169
vt 0.500000 0.380169
vt 0.531250 0.380169
vt 0.562500 0.380169
vt 0.593750 0.380169
vt 0.625000 0.380169
vt 0.375000 0.381422
vt 0.406250 0.381422
vt 0.437500 0.381422
vt 0.468750 0.381422
vt 0.500000 0.381422
vt 0.531250 0.381422
vt 0.562500 0.381422
vt 0.593750 0.381422
vt 0.625000 0.381422
vt 0.375000 0.382675
vt 0.406250 0.382675
vt 0.437500 0.382675
vt 0.468750 0.382675
vt 0.500000 0.382675
vt 0.531250 0.382675
vt 0.562500 0.382675
vt 0.593750 0.382675
vt 0.625000 0.382675
vt 0.375000 0.383928
vt 0.406250 0.383928
vt 0.437500 0.383928
vt 0.468750 0.383928
vt 0.500000 0.383928
vt 0.531250 0.383928
vt 0.562500 0.383928
vt 0.593750 0.383928
vt 0.625000 0.383928
vt 0.375000 0.385181
vt 0.406250 0.385181
vt 0.437500 0.385181
vt 0.468750 0.385181
vt 0.500000 0.385181
vt 0.531250 0.385181
vt 0.562500 0.385181
vt 0.593750 0.385181
vt 0.625000 0.385181
vt 0.375000 0.386435
vt 0.406250 0.386435
vt 0.437500 0.386435
vt 0.468750 0.386435
vt 0.500000 0.386435
vt 0.531250 0.386435
vt 0.562500 0.386435
vt 0.593750 0.386435
vt 0.625000 0.386435
vt 0.375000 0.387688
vt 0.406250 0.387688
vt 0.437500 0.387688
vt 0.468750 0.387688
vt 0.500000 0.387688
vt 0.531250 0.387688
vt 0.562500 0.387688
vt 0.593750 0.387688
vt 0.625000 0.387688
vt 0.375000 0.388941
vt 0.406250 0.388941
vt 0.437500 0.388941
vt 0.468750 0.388941
vt 0.500000 0.388941
vt 0.531250 0.388941
vt 0.562500 0.388941
vt 0.593750 0.388941
vt 0.625000 0.388941
vt 0.375000 0.390194
vt 0.406250 0.390194
vt 0.437500 0.390194
vt 0.468750 0.390194
vt 0.500000 0.390194
vt 0.531250 0.390194
vt 0.562500 0.390194
vt 0.593750 0.390194
vt 0.625000 0.390194
vt 0.375000 0.391447
vt 0.406250 0.391447
vt 0.437500 0.391447
vt 0.468750 0.391447
vt 0.500000 0.391447
vt 0.531250 0.391447
vt 0.562500 0.391447
vt 0.593750 0.391447
vt 0.625000 0.391447
vt 0.375000 0.392700
vt 0.406250 0.392700
vt 0.437500 0.392700
vt 0.468750 0.392700
vt 0.500000 0.392700
vt 0.531250 0.392700
vt 0.562500 0.392700
vt 0.593750 0.392700
vt 0.625000 0.392700
vt 0.375000 0.393953
vt 0.406250 0.393953
vt 0.437500 0.393953
vt 0.468750 0.393953
vt 0.500000 0.393953
vt 0.531250 0.393953
vt 0.562500 0.393953
vt 0.593750 0.393953
vt 0.625000 0.393953
vt 0.375000 0.395206
vt 0.406250 0.395206
vt 0.437500 0.395206
vt 0.468750 0.395206
vt 0.500000 0.395206
vt 0.531250 0.395206
vt 0.562500 0.395206
vt 0.593750 0.395206
vt 0.625000 0.395206
vt 0.375000 0.396460
vt 0.406250 0.396460
vt 0.437500 0.396460
vt 0.468750 0.396460
vt 0.500000 0.396460
vt 0.531250 0.396460
vt 0.562500 0.396460
vt 0.593750 0.396460
vt 0.625000 0.396460
vt 0.375000 0.397713
vt 0.406250 0.397713
vt 0.437500 0.397713
vt 0.468750 0.397713
vt 0.500000 0.397713
vt 0.531250 0.397713
vt 0.562500 0.397713
vt 0.593750 0.397713
vt 0.625000 0.397713
vt 0.375000 0.398966
vt 0.406250 0.398966
vt 0.437500 0.398966
vt 0.468750 0.398966
vt 0.500000 0.398966
vt 0.531250 0.398966
vt 0.562500 0.398966
vt 0.593750 0.398966
vt 0.625000 0.398966
vt 0.375000 0.400219
vt 0.406250 0.400219
vt 0.437500 0.400219
vt 0.468750 0.400219
vt 0.500000 0.400219
vt 0.531250 0.400219
vt 0.562500 0.400219
vt 0.593750 0.400219
vt 0.625000 0.400219
vt 0.375000 0.401472
vt 0.406250 0.401472
vt 0.437500 0.401472
vt 0.468750 0.401472
vt 0.500000 0.401472
vt 0.531250 0.401472
vt 0.562500 0.401472
vt 0.593750 0.401472
vt 0.625000 0.401472
vt 0.375000 0.402725
vt 0.406250 0.402725
vt 0.437500 0.402725
vt 0.468750 0.402725
vt 0.500000 0.402725
vt 0.531250 0.402725
vt 0.562500 0.402725
vt 0.593750 0.402725
vt 0.625000 0.402725
vt 0.375000 0.403978
vt 0.406250 0.403978
vt 0.437500 0.403978
vt 0.468750 0.403978
vt 0.500000 0.403978
vt 0.531250 0.403978
vt 0.562500 0.403978
vt 0.593750 0.403978
vt 0.625000 0.403978
vt 0.375000 0.405231
vt 0.406250 0.405231
vt 0.437500 0.405231
vt 0.468750 0.405231
vt 0.500000 0.405231
vt 0.531250 0.405231
vt 0.562500 0.405231
vt 0.593750 0.405231
vt 0.625000 0.405231
vt 0.375000 0.406485
vt 0.406250 0.406485
vt 0.437500 0.406485
vt 0.468750 0.406485
vt 0.500000 0.406485
vt 0.531250 0.406485
vt 0.562500 0.406485
vt 0.593750 0.406485
vt 0.625000 0.406485
vt 0.375000 0.407738
vt 0.406250 0.407738
vt 0.437500 0.407738
vt 0.468750 0.407738
vt 0.500000 0.407738
vt 0.531250 0.407738
vt 0.562500 0.407738
vt 0.593750 0.407738
vt 0.625000 0.407738
vt 0.375000 0.408991
vt 0.406250 0.408991
vt 0.437500 0.408991
vt 0.468750 0.408991
vt 0.500000 0.408991
vt 0.531250 0.408991
vt 0.562500 0.408991
vt 0.593750 0.408991
vt 0.625000 0.408991
vt 0.375000 0.410244
vt 0.406250 0.410244
vt 0.437500 0.410244
vt 0.468750 0.410244
vt 0.500000 0.410244
vt 0.531250 0.410244
vt 0.562500 0.410244
vt 0.593750 0.410244
vt 0.625000 0.410244
vt 0.375000 0.411497
vt 0.406250 0.411497
vt 0.437500 0.411497
vt 0.468750 0.411497
vt 0.500000 0.411497
vt 0.531250 0.411497
vt 0.562500 0.411497
vt 0.593750 0.411497
vt 0.625000 0.411497
vt 0.375000 0.412750
vt 0.406250 0.412750
vt 0.437500 0.412750
vt 0.468750 0.412750
vt 0.500000 0.412750
vt 0.531250 0.412750
vt 0.562500 0.412750
vt 0.593750 0.412750
vt 0.625000 0.412750
vt 0.375000 0.414003
vt 0.406250 0.414003
vt 0.437500 0.414003
vt 0.468750 0.414003
vt 0.500000 0.414003
vt 0.531250 0.414003
vt 0.562500 0.414003
vt 0.593750 0.414003
vt 0.625000 0.414003
vt 0.375000 0.415257
vt 0.406250 0.415257
vt 0.437500 0.415257
vt 0.468750 0.415257
vt 0.500000 0.415257
vt 0.531250 0.415257
vt 0.562500 0.415257
vt 0.593750 0.415257
vt 0.625000 0.415257
vt 0.375000 0.416510
vt 0.406250 0.416510
vt 0.437500 0.416510
vt 0.468750 0.416510
vt 0.500000 0.416510
vt 0.531250 0.416510
vt 0.562500 0.416510
vt 0.593750 0.416510
vt 0.625000 0.416510
vt 0.375000 0.417763
vt 0.406250 0.417763
vt 0.437500 0.417763
vt 0.468750 0.417763
vt 0.500000 0.417763
vt 0.531250 0.417763
vt 0.562500 0.417763
vt 0.593750 0.417763
vt 0.625000 0.417763
vt 0.375000 0.419016
vt 0.406250 0.419016
vt 0.437500 0.419016
vt 0.468750 0.419016
vt 0.500000 0.419016
vt 0.531250 0.419016
vt 0.562500 0.419016
vt 0.593750 0.419016
vt 0.625000 0.419016
vt 0.375000 0.420269
vt 0.406250 0.420269
vt 0.437500 0.420269
vt 0.468750 0.420269
vt 0.500000 0.420269
vt 0.531250 0.420269
vt 0.562500 0.420269
vt 0.593750 0.420269
vt 0.625000 0.420269
vt 0.375000 0.421522
vt 0.406250 0.421522
vt 0.437500 0.421522
vt 0.468750 0.421522
vt 0.500000 0.421522
vt 0.531250 0.421522
vt 0.562500 0.421522
vt 0.593750 0.421522
vt 0.625000 0.421522
vt 0.375000 0.422775
vt 0.406250 0.422775
vt 0.437500 0.422775
vt 0.468750 0.422775
vt 0.500000 0.422775
vt 0.531250 0.422775
vt 0.562500 0.422775
vt 0.593750 0.422775
vt 0.625000 0.422775
vt 0.375000 0.424028
vt 0.406250 0.424028
vt 0.437500 0.424028
vt 0.468750 0.424028
vt 0.500000 0.424028
vt 0.531250 0.424028
vt 0.562500 0.424028
vt 0.593750 0.424028
vt 0.625000 0.424028
vt 0.375000 0.425282
vt 0.406250 0.425282
vt 0.437500 0.425282
vt 0.468750 0.425282
vt 0.500000 0.425282
vt 0.531250 0.425282
vt 0.562500 0.425282
vt 0.593750 0.425282
vt 0.625000 0.425282
vt 0.375000 0.426535
vt 0.406250 0.426535
vt 0.437500 0.426535
vt 0.468750 0.426535
vt 0.500000 0.426535
vt 0.531250 0.426535
vt 0.562500 0.426535
vt 0.593750 0.426535
vt 0.625000 0.426535
vt 0.375000 0.427788
vt 0.406250 0.427788
vt 0.437500 0.427788
vt 0.468750 0.427788
vt 0.500000 0.427788
vt 0.531250 0.427788
vt 0.562500 0.427788
vt 0.593750 0.427788
vt 0.625000 0.427788
vt 0.375000 0.429041
vt 0.406250 0.429041
vt 0.437500 0.429041
vt 0.468750 0.429041
vt 0.500000 0.429041
vt 0.531250 0.429041
vt 0.562500 0.429041
vt 0.593750 0.429041
vt 0.625000 0.429041
vt 0.375000 0.430294
vt 0.406250 0.430294
vt 0.437500 0.430294
vt 0.468750 0.430294
vt 0.500000 0.430294
vt 0.531250 0.430294
vt 0.562500 0.430294
vt 0.593750 0.430294
vt 0.625000 0.430294
vt 0.375000 0.431547
vt 0.406250 0.431547
vt 0.437500 0.431547
vt 0.468750 0.431547
vt 0.500000 0.431547
vt 0.531250 0.431547
vt 0.562500 0.431547
vt 0.593750 0.431547
vt 0.625000 0.431547
vt 0.375000 0.432800
vt 0.406250 0.432800
vt 0.437500 0.432800
vt 0.468750 0.432800
vt 0.500000 0.432800
vt 0.531250 0.432800
vt 0.562500 0.432800
vt 0.593750 0.432800
vt 0.625000 0.432800
vt 0.375000 0.434053
vt 0.406250 0.434053
vt 0.437500 0.434053
vt 0.468750 0.434053
vt 0.500000 0.434053
vt 0.531250 0.434053
vt 0.562500 0.434053
vt 0.593750 0.434053
vt 0.625000 0.434053
vt 0.375000 0.435307
vt 0.406250 0.435307
vt 0.437500 0.435307
vt 0.468750 0.435307
vt 0.500000 0.435307
vt 0.531250 0.435307
vt 0.562500 0.435307
vt 0.593750 0.435307
vt 0.625000 0.435307
vt 0.375000 0.436560
vt 0.406250 0.436560
vt 0.437500 0.436560
vt 0.468750 0.436560
vt 0.500000 0.436560
vt 0.531250 0.436560
vt 0.562500 0.436560
vt 0.593750 0.436560
vt 0.625000 0.436560
vt 0.375000 0.437813
vt 0.406250 0.437813
vt 0.437500 0.437813
vt 0.468750 0.437813
vt 0.500000 0.437813
vt 0.531250 0.437813
vt 0.562500 0.437813
vt 0.593750 0.437813
vt 0.625000 0.437813
vt 0.375000 0.439066
vt 0.406250 0.439066
vt 0.437500 0.439066
vt 0.468750 0.439066
vt 0.500000 0.439066
vt 0.531250 0.439066
vt 0.562500 0.439066
vt 0.593750 0.439066
vt 0.625000 0.439066
vt 0.375000 0.440319
vt 0.406250 0.440319
vt 0.437500 0.440319
vt 0.468750 0.440319
vt 0.500000 0.440319
vt 0.531250 0.440319
vt 0.562500 0.440319
vt 0.593750 0.440319
vt 0.625000 0.440319
vt 0.375000 0.441572
vt 0.406250 0.441572
vt 0.437500 0.441572
vt 0.468750 0.441572
vt 0.500000 0.441572
vt 0.531250 0.441572
vt 0.562500 0.441572
vt 0.593750 0.441572
vt 0.625000 0.441572
vt 0.375000 0.442825
vt 0.406250 0.442825
vt 0.437500 0.442825
vt 0.468750 0.442825
vt 0.500000 0.442825
vt 0.531250 0.442825
vt 0.562500 0.442825
vt 0.593750 0.442825
vt 0.625000 0.442825
vt 0.375000 0.444078
vt 0.406250 0.444078
vt 0.437500 0.444078
vt 0.468750 0.444078
vt 0.500000 0.444078
vt 0.531250 0.444078
vt 0.562500 0.444078
vt 0.593750 0.444078
vt 0.625000 0.444078
vt 0.375000 0.445332
vt 0.406250 0.445332
vt 0.437500 0.445332
vt 0.468750 0.445332
vt 0.500000 0.445332
vt 0.531250 0.445332
vt 0.562500 0.445332
vt 0.593750 0.445332
vt 0.625000 0.445332
vt 0.375000 0.446585
vt 0.406250 0.446585
vt 0.437500 0.446585
vt 0.468750 0.446585
vt 0.500000 0.446585
vt 0.531250 0.446585
vt 0.562500 0.446585
vt 0.593750 0.446585
vt 0.625000 0.446585
vt 0.375000 0.447838
vt 0.406250 0.447838
vt 0.437500 0.447838
vt 0.468750 0.447838
vt 0.500000 0.447838
vt 0.531250 0.447838
vt 0.562500 0.447838
vt 0.593750 0.447838
vt 0.625000 0.447838
vt 0.375000 0.449091
vt 0.406250 0.449091
vt 0.437500 0.449091
vt 0.468750 0.449091
vt 0.500000 0.449091
vt 0.531250 0.449091
vt 0.562500 0.449091
vt 0.593750 0.449091
vt 0.625000 0.449091
vt 0.375000 0.450344
vt 0.406250 0.450344
vt 0.437500 0.450344
vt 0.468750 0.450344
vt 0.500000 0.450344
vt 0.531250 0.450344
vt 0.562500 0.450344
vt 0.593750 0.450344
vt 0.625000 0.450344
vt 0.375000 0.451597
vt 0.406250 0.451597
vt 0.437500 0.451597
vt 0.468750 0.451597
vt 0.500000 0.451597
vt 0.531250 0.451597
vt 0.562500 0.451597
vt 0.593750 0.451597
vt 0.625000 0.451597
vt 0.375000 0.452850
vt 0.406250 0.452850
vt 0.437500 0.452850
vt 0.468750 0.452850
vt 0.500000 0.452850
vt 0.531250 0.452850
vt 0.562500 0.452850
vt 0.593750 0.452850
vt 0.625000 0.452850
vt 0.375000 0.454103
vt 0.406250 0.454103
vt 0.437500 0.454103
vt 0.468750 0.454103
vt 0.500000 0.454103
vt 0.531250 0.454103
vt 0.562500 0.454103
vt 0.593750 0.454103
vt 0.625000 0.454103
vt 0.375000 0.455357
vt 0.406250 0.455357
vt 0.437500 0.455357
vt 0.468750 0.455357
vt 0.500000 0.455357
vt 0.531250 0.455357
vt 0.562500 0.455357
vt 0.593750 0.455357
vt 0.625000 0.455357
vt 0.375000 0.456610
vt 0.406250 0.456610
vt 0.437500 0.456610
vt 0.468750 0.456610
vt 0.500000 0.456610
vt 0.531250 0.456610
vt 0.562500 0.456610
vt 0.593750 0.456610
vt 0.625000 0.456610
vt 0.375000 0.457863
vt 0.406250 0.457863
vt 0.437500 0.457863
vt 0.468750 0.457863
vt 0.500000 0.457863
vt 0.531250 0.457863
vt 0.562500 0.457863
vt 0.593750 0.457863
vt 0.625000 0.457863
vt 0.375000 0.459116
vt 0.406250 0.459116
vt 0.437500 0.459116
vt 0.468750 0.459116
vt 0.500000 0.459116
vt 0.531250 0.459116
vt 0.562500 0.459116
vt 0.593750 0.459116
vt 0.625000 0.459116
vt 0.375000 0.460369
vt 0.406250 0.460369
vt 0.437500 0.460369
vt 0.468750 0.460369
vt 0.500000 0.460369
vt 0.531250 0.460369
vt 0.562500 0.460369
vt 0.593750 0.460369
vt 0.625000 0.460369
vt 0.375000 0.461622
vt 0.406250 0.461622
vt 0.437500 0.461622
vt 0.468750 0.461622
vt 0.500000 0.461622
vt 0.531250 0.461622
vt 0.562500 0.461622
vt 0.593750 0.461622
vt 0.625000 0.461622
vt 0.375000 0.462875
vt 0.406250 0.462875
vt 0.437500 0.462875
vt 0.468750 0.462875
vt 0.500000 0.462875
vt 0.531250 0.462875
vt 0.562500 0.462875
vt 0.593750 0.462875
vt 0.625000 0.462875
vt 0.375000 0.464128
vt 0.406250 0.464128
vt 0.437500 0.464128
vt 0.468750 0.464128
vt 0.500000 0.464128
vt 0.531250 0.464128
vt 0.562500 0.464128
vt 0.593750 0.464128
vt 0.625000 0.464128
vt 0.375000 0.465382
vt 0.406250 0.465382
vt 0.437500 0.465382
vt 0.468750 0.465382
vt 0.500000 0.465382
vt 0.531250 0.465382
vt 0.562500 0.465382
vt 0.593750 0.465382
vt 0.625000 0.465382
vt 0.375000 0.466635
vt 0.406250 0.466635
vt 0.437500 0.466635
vt 0.468750 0.466635
vt 0.500000 0.466635
vt 0.531250 0.466635
vt 0.562500 0.466635
vt 0.593750 0.466635
vt 0.625000 0.466635
vt 0.375000 0.467888
vt 0.406250 0.467888
vt 0.437500 0.467888
vt 0.468750 0.467888
vt 0.500000 0.467888
vt 0.531250 0.467888
vt 0.562500 0.467888
vt 0.593750 0.467888
vt 0.625000 0.467888
vt 0.375000 0.469141
vt 0.406250 0.469141
vt 0.437500 0.469141
vt 0.468750 0.469141
vt 0.500000 0.469141
vt 0.531250 0.469141
vt 0.562500 0.469141
vt 0.593750 0.469141
vt 0.625000 0.469141
vt 0.375000 0.470394
vt 0.406250 0.470394
vt 0.437500 0.470394
vt 0.468750 0.470394
vt 0.500000 0.470394
vt 0.531250 0.470394
vt 0.562500 0.470394
vt 0.593750 0.470394
vt 0.625000 0.470394
vt 0.375000 0.471647
vt 0.406250 0.471647
vt 0.437500 0.471647
vt 0.468750 0.471647
vt 0.500000 0.471647
vt 0.531250 0.471647
vt 0.562500 0.471647
vt 0.593750 0.471647
vt 0.625000 0.471647
vt 0.375000 0.472900
vt 0.406250 0.472900
vt 0.437500 0.472900
vt 0.468750 0.472900
vt 0.500000 0.472900
vt 0.531250 0.472900
vt 0.562500 0.472900
vt 0.593750 0.472900
vt 0.625000 0.472900
vt 0.375000 0.474154
vt 0.406250 0.474154
vt 0.437500 0.474154
vt 0.468750 0.474154
vt 0.500000 0.474154
vt 0.531250 0.474154
vt 0.562500 0.474154
vt 0.593750 0.474154
vt 0.625000 0.474154
vt 0.375000 0.475407
vt 0.406250 0.475407
vt 0.437500 0.475407
vt 0.468750 0.475407
vt 0.500000 0.475407
vt 0.531250 0.475407
vt 0.562500 0.475407
vt 0.593750 0.475407
vt 0.625000 0.475407
vt 0.375000 0.476660
vt 0.406250 0.476660
vt 0.437500 0.476660
vt 0.468750 0.476660
vt 0.500000 0.476660
vt 0.531250 0.476660
vt 0.562500 0.476660
vt 0.593750 0.476660
vt 0.625000 0.476660
vt 0.375000 0.477913
vt 0.406250 0.477913
vt 0.437500 0.477913
vt 0.468750 0.477913
vt 0.500000 0.477913
vt 0.531250 0.477913
vt 0.562500 0.477913
vt 0.593750 0.477913
vt 0.625000 0.477913
vt 0.375000 0.479166
vt 0.406250 0.479166
vt 0.437500 0.479166
vt 0.468750 0.479166
vt 0.500000 0.479166
vt 0.531250 0.479166
vt 0.562500 0.479166
vt 0.593750 0.479166
vt 0.625000 0.479166
vt 0.375000 0.480419
vt 0.406250 0.480419
vt 0.437500 0.480419
vt 0.468750 0.480419
vt 0.500000 0.480419
vt 0.531250 0.480419
vt 0.562500 0.480419
vt 0.593750 0.480419
vt 0.625000 0.480419
vt 0.375000 0.481672
vt 0.406250 0.481672
vt 0.437500 0.481672
vt 0.468750 0.481672
vt 0.500000 0.481672
vt 0.531250 0.481672
vt 0.562500 0.481672
vt 0.593750 0.481672
vt 0.625000 0.481672
vt 0.375000 0.482925
vt 0.406250 0.482925
vt 0.437500 0.482925
vt 0.468750 0.482925
vt 0.500000 0.482925
vt 0.531250 0.482925
vt 0.562500 0.482925
vt 0.593750 0.482925
vt 0.625000 0.482925
vt 0.375000 0.484179
vt 0.406250 0.484179
vt 0.437500 0.484179
vt 0.468750 0.484179
vt 0.500000 0.484179
vt 0.531250 0.484179
vt 0.562500 0.484179
vt 0.593750 0.484179
vt 0.625000 0.484179
vt 0.375000 0.485432
vt 0.406250 0.485432
vt 0.437500 0.485432
vt 0.468750 0.485432
vt 0.500000 0.485432
vt 0.531250 0.485432
vt 0.562500 0.485432
vt 0.593750 0.485432
vt 0.625000 0.485432
vt 0.375000 0.486685
vt 0.406250 0.486685
vt 0.437500 0.486685
vt 0.468750 0.486685
vt 0.500000 0.486685
vt 0.531250 0.486685
vt 0.562500 0.486685
vt 0.593750 0.486685
vt 0.625000 0.486685
vt 0.375000 0.487938
vt 0.406250 0.487938
vt 0.437500 0.487938
vt 0.468750 0.487938
vt 0.500000 0.487938
vt 0.531250 0.487938
vt 0.562500 0.487938
vt 0.593750 0.487938
vt 0.625000 0.487938
vt 0.375000 0.489191
vt 0.406250 0.489191
vt 0.437500 0.489191
vt 0.468750 0.489191
vt 0.500000 0.489191
vt 0.531250 0.489191
vt 0.562500 0.489191
vt 0.593750 0.489191
vt 0.625000 0.489191
vt 0.375000 0.490444
vt 0.406250 0.490444
vt 0.437500 0.490444
vt 0.468750 0.490444
vt 0.500000 0.490444
vt 0.531250 0.490444
vt 0.562500 0.490444
vt 0.593750 0.490444
vt 0.625000 0.490444
vt 0.375000 0.491697
vt 0.406250 0.491697
vt 0.437500 0.491697
vt 0.468750 0.491697
vt 0.500000 0.491697
vt 0.531250 0.491697
vt 0.562500 0.491697
vt 0.593750 0.491697
vt 0.625000 0.491697
vt 0.375000 0.492950
vt 0.406250 0.492950
vt 0.437500 0.492950
vt 0.468750 0.492950
vt 0.500000 0.492950
vt 0.531250 0.492950
vt 0.562500 0.492950
vt 0.593750 0.492950
vt 0.625000 0.492950
vt 0.375000 0.494204
vt 0.406250 0.494204
vt 0.437500 0.494204
vt 0.468750 0.494204
vt 0.500000 0.494204
vt 0.531250 0.494204
vt 0.562500 0.494204
vt 0.593750 0.494204
vt 0.625000 0.494204
vt 0.375000 0.495457
vt 0.406250 0.495457
vt 0.437500 0.495457
vt 0.468750 0.495457
vt 0.500000 0.495457
vt 0.531250 0.495457
vt 0.562500 0.495457
vt 0.593750 0.495457
vt 0.625000 0.495457
vt 0.375000 0.496710
vt 0.406250 0.496710
vt 0.437500 0.496710
vt 0.468750 0.496710
vt 0.500000 0.496710
vt 0.531250 0.496710
vt 0.562500 0.496710
vt 0.593750 0.496710
vt 0.625000 0.496710
vt 0.375000 0.497963
vt 0.406250 0.497963
vt 0.437500 0.497963
vt 0.468750 0.497963
vt 0.500000 0.497963
vt 0.531250 0.497963
vt 0.562500 0.497963
vt 0.593750 0.497963
vt 0.625000 0.497963
vt 0.375000 0.499216
vt 0.406250 0.499216
vt 0.437500 0.499216
vt 0.468750 0.499216
vt 0.500000 0.499216
vt 0.531250 0.499216
vt 0.562500 0.499216
vt 0.593750 0.499216
vt 0.625000 0.499216
vt 0.375000 0.500469
vt 0.406250 0.500469
vt 0.437500 0.500469
vt 0.468750 0.500469
vt 0.500000 0.500469
vt 0.531250 0.500469
vt 0.562500 0.500469
vt 0.593750 0.500469
vt 0.625000 0.500469
vt 0.375000 0.501722
vt 0.406250 0.501722
vt 0.437500 0.501722
vt 0.468750 0.501722
vt 0.500000 0.501722
vt 0.531250 0.501722
vt 0.562500 0.501722
vt 0.593750 0.501722
vt 0.625000 0.501722
vt 0.375000 0.502975
vt 0.406250 0.502975
vt 0.437500 0.502975
vt 0.468750 0.502975
vt 0.500000 0.502975
vt 0.531250 0.502975
vt 0.562500 0.502975
vt 0.593750 0.502975
vt 0.625000 0.502975
vt 0.375000 0.504229
vt 0.406250 0.504229
vt 0.437500 0.504229
vt 0.468750 0.504229
vt 0.500000 0.504229
vt 0.531250 0.504229
vt 0.562500 0.504229
vt 0.593750 0.504229
vt 0.625000 0.504229
vt 0.375000 0.505482
vt 0.406250 0.505482
vt 0.437500 0.505482
vt 0.468750 0.505482
vt 0.500000 0.505482
vt 0.531250 0.505482
vt 0.562500 0.505482
vt 0.593750 0.505482
vt 0.625000 0.505482
vt 0.375000 0.506735
vt 0.406250 0.506735
vt 0.437500 0.506735
vt 0.468750 0.506735
vt 0.500000 0.506735
vt 0.531250 0.506735
vt 0.562500 0.506735
vt 0.593750 0.506735
vt 0.625000 0.506735
vt 0.375000 0.507988
vt 0.406250 0.507988
vt 0.437500 0.507988
vt 0.468750 0.507988
vt 0.500000 0.507988
vt 0.531250 0.507988
vt 0.562500 0.507988
vt 0.593750 0.507988
vt 0.625000 0.507988
vt 0.375000 0.509241
vt 0.406250 0.509241
vt 0.437500 0.509241
vt 0.468750 0.509241
vt 0.500000 0.509241
vt 0.531250 0.509241
vt 0.562500 0.509241
vt 0.593750 0.509241
vt 0.625000 0.509241
vt 0.375000 0.510494
vt 0.406250 0.510494
vt 0.437500 0.510494
vt 0.468750 0.510494
vt 0.500000 0.510494
vt 0.531250 0.510494
vt 0.562500 0.510494
vt 0.593750 0.510494
vt 0.625000 0.510494
vt 0.375000 0.511747
vt 0.406250 0.511747
vt 0.437500 0.511747
vt 0.468750 0.511747
vt 0.500000 0.511747
vt 0.531250 0.511747
vt 0.562500 0.511747
vt 0.593750 0.511747
vt 0.625000 0.511747
vt 0.375000 0.513000
vt 0.406250 0.513000
vt 0.437500 0.513000
vt 0.468750 0.513000
vt 0.500000 0.513000
vt 0.531250 0.513000
vt 0.562500 0.513000
vt 0.593750 0.513000
vt 0.625000 0.513000
vt 0.375000 0.514254
vt 0.406250 0.514254
vt 0.437500 0.514254
vt 0.468750 0.514254
vt 0.500000 0.514254
vt 0.531250 0.514254
vt 0.562500 0.514254
vt 0.593750 0.514254
vt 0.625000 0.514254
vt 0.375000 0.515507
vt 0.406250 0.515507
vt 0.437500 0.515507
vt 0.468750 0.515507
vt 0.500000 0.515507
vt 0.531250 0.515507
vt 0.562500 0.515507
vt 0.593750 0.515507
vt 0.625000 0.515507
vt 0.375000 0.516760
vt 0.406250 0.516760
vt 0.437500 0.516760
vt 0.468750 0.516760
vt 0.500000 0.516760
vt 0.531250 0.516760
vt 0.562500 0.516760
vt 0.593750 0.516760
vt 0.625000 0.516760
vt 0.375000 0.518013
vt 0.406250 0.518013
vt 0.437500 0.518013
vt 0.468750 0.518013
vt 0.500000 0.518013
vt 0.531250 0.518013
vt 0.562500 0.518013
vt 0.593750 0.518013
vt 0.625000 0.518013
vt 0.375000 0.519266
vt 0.406250 0.519266
vt 0.437500 0.519266
vt 0.468750 0.519266
vt 0.500000 0.519266
vt 0.531250 0.519266
vt 0.562500 0.519266
vt 0.593750 0.519266
vt 0.625000 0.519266
vt 0.375000 0.520519
vt 0.406250 0.520519
vt 0.437500 0.520519
vt 0.468750 0.520519
vt 0.500000 0.520519
vt 0.531250 0.520519
vt 0.562500 0.520519
vt 0.593750 0.520519
vt 0.625000 0.520519
vt 0.375000 0.521772
vt 0.406250 0.521772
vt 0.437500 0.521772
vt 0.468750 0.521772
vt 0.500000 0.521772
vt 0.531250 0.521772
vt 0.562500 0.521772
vt 0.593750 0.521772
vt 0.625000 0.521772
vt 0.375000 0.523026
vt 0.406250 0.523026
vt 0.437500 0.523026
vt 0.468750 0.523026
vt 0.500000 0.523026
vt 0.531250 0.523026
vt 0.562500 0.523026
vt 0.593750 0.523026
vt 0.625000 0.523026
vt 0.375000 0.524279
vt 0.406250 0.524279
vt 0.437500 0.524279
vt 0.468750 0.524279
vt 0.500000 0.524279
vt 0.531250 0.524279
vt 0.562500 0.524279
vt 0.593750 0.524279
vt 0.625000 0.524279
vt 0.375000 0.525532
vt 0.406250 0.525532
vt 0.437500 0.525532
vt 0.468750 0.525532
vt 0.500000 0.525532
vt 0.531250 0.525532
vt 0.562500 0.525532
vt 0.593750 0.525532
vt 0.625000 0.525532
vt 0.375000 0.526785
vt 0.406250 0.526785
vt 0.437500 0.526785
vt 0.468750 0.526785
vt 0.500000 0.526785
vt 0.531250 0.526785
vt 0.562500 0.526785
vt 0.593750 0.526785
vt 0.625000 0.526785
vt 0.375000 0.528038
vt 0.406250 0.528038
vt 0.437500 0.528038
vt 0.468750 0.528038
vt 0.500000 0.528038
vt 0.531250 0.528038
vt 0.562500 0.528038
vt 0.593750 0.528038
vt 0.625000 0.528038
vt 0.375000 0.529291
vt 0.406250 0.529291
vt 0.437500 0.529291
vt 0.468750 0.529291
vt 0.500000 0.529291
vt 0.531250 0.529291
vt 0.562500 0.529291
vt 0.593750 0.529291
vt 0.625000 0.529291
vt 0.375000 0.530544
vt 0.406250 0.530544
vt 0.437500 0.530544
vt 0.468750 0.530544
vt 0.500000 0.530544
vt 0.531250 0.530544
vt 0.562500 0.530544
vt 0.593750 0.530544
vt 0.625000 0.530544
vt 0.375000 0.531797
vt 0.406250 0.531797
vt 0.437500 0.531797
vt 0.468750 0.531797
vt 0.500000 0.531797
vt 0.531250 0.531797
vt 0.562500 0.531797
vt 0.593750 0.531797
vt 0.625000 0.531797
vt 0.375000 0.533051
vt 0.406250 0.533051
vt 0.437500 0.533051
vt 0.468750 0.533051
vt 0.500000 0.533051
vt 0.531250 0.533051
vt 0.562500 0.533051
vt 0.593750 0.533051
vt 0.625000 0.533051
vt 0.375000 0.534304
vt 0.406250 0.534304
vt 0.437500 0.534304
vt 0.468750 0.534304
vt 0.500000 0.534304
vt 0.531250 0.534304
vt 0.562500 0.534304
vt 0.593750 0.534304
vt 0.625000 0.534304
vt 0.375000 0.535557
vt 0.406250 0.535557
vt 0.437500 0.535557
vt 0.468750 0.535557
vt 0.500000 0.535557
vt 0.531250 0.535557
vt 0.562500 0.535557
vt 0.593750 0.535557
vt 0.625000 0.535557
vt 0.375000 0.536810
vt 0.406250 0.536810
vt 0.437500 0.536810
vt 0.468750 0.536810
vt 0.500000 0.536810
vt 0.531250 0.536810
vt 0.562500 0.536810
vt 0.593750 0.536810
vt 0.625000 0.536810
vt 0.375000 0.538063
vt 0.406250 0.538063
vt 0.437500 0.538063
vt 0.468750 0.538063
vt 0.500000 0.538063
vt 0.531250 0.538063
vt 0.562500 0.538063
vt 0.593750 0.538063
vt 0.625000 0.538063
vt 0.375000 0.539316
vt 0.406250 0.539316
vt 0.437500 0.539316
vt 0.468750 0.539316
vt 0.500000 0.539316
vt 0.531250 0.539316
vt 0.562500 0.539316
vt 0.593750 0.539316
vt 0.625000 0.539316
vt 0.375000 0.540569
vt 0.406250 0.540569
vt 0.437500 0.540569
vt 0.468750 0.540569
vt 0.500000 0.540569
vt 0.531250 0.540569
vt 0.562500 0.540569
vt 0.593750 0.540569
vt 0.625000 0.540569
vt 0.375000 0.541822
vt 0.406250 0.541822
vt 0.437500 0.541822
vt 0.468750 0.541822
vt 0.500000 0.541822
vt 0.531250 0.541822
vt 0.562500 0.541822
vt 0.593750 0.541822
vt 0.625000 0.541822
vt 0.375000 0.543076
vt 0.406250 0.543076
vt 0.437500 0.543076
vt 0.468750 0.543076
vt 0.500000 0.543076
vt 0.531250 0.543076
vt 0.562500 0.543076
vt 0.593750 0.543076
vt 0.625000 0.543076
vt 0.375000 0.544329
vt 0.406250 0.544329
vt 0.437500 0.544329
vt 0.468750 0.544329
vt 0.500000 0.544329
vt 0.531250 0.544329
vt 0.562500 0.544329
vt 0.593750 0.544329
vt 0.625000 0.544329
vt 0.375000 0.545582
vt 0.406250 0.545582
vt 0.437500 0.545582
vt 0.468750 0.545582
vt 0.500000 0.545582
vt 0.531250 0.545582
vt 0.562500 0.545582
vt 0.593750 0.545582
vt 0.625000 0.545582
vt 0.375000 0.546835
vt 0.406250 0.546835
vt 0.437500 0.546835
vt 0.468750 0.546835
vt 0.500000 0.546835
vt 0.531250 0.546835
vt 0.562500 0.546835
vt 0.593750 0.546835
vt 0.625000 0.546835
vt 0.375000 0.548088
vt 0.406250 0.548088
vt 0.437500 0.548088
vt 0.468750 0.548088
vt 0.500000 0.548088
vt 0.531250 0.548088
vt 0.562500 0.548088
vt 0.593750 0.548088
vt 0.625000 0.548088
vt 0.375000 0.549341
vt 0.406250 0.549341
vt 0.437500 0.549341
vt 0.468750 0.549341
vt 0.500000 0.549341
vt 0.531250 0.549341
vt 0.562500 0.549341
vt 0.593750 0.549341
vt 0.625000 0.549341
vt 0.375000 0.550594
vt 0.406250 0.550594
vt 0.437500 0.550594
vt 0.468750 0.550594
vt 0.500000 0.550594
vt 0.531250 0.550594
vt 0.562500 0.550594
vt 0.593750 0.550594
vt 0.625000 0.550594
vt 0.375000 0.551847
vt 0.406250 0.551847
vt 0.437500 0.551847
vt 0.468750 0.551847
vt 0.500000 0.551847
vt 0.531250 0.551847
vt 0.562500 0.551847
vt 0.593750 0.551847
vt 0.625000 0.551847
vt 0.375000 0.553101
vt 0.406250 0.553101
vt 0.437500 0.553101
vt 0.468750 0.553101
vt 0.500000 0.553101
vt 0.531250 0.553101
vt 0.562500 0.553101
vt 0.593750 0.553101
vt 0.625000 0.553101
vt 0.375000 0.554354
vt 0.406250 0.554354
vt 0.437500 0.554354
vt 0.468750 0.554354
vt 0.500000 0.554354
vt 0.531250 0.554354
vt 0.562500 0.554354
vt 0.593750 0.554354
vt 0.625000 0.554354
vt 0.375000 0.555607
vt 0.406250 0.555607
vt 0.437500 0.555607
vt 0.468750 0.555607
vt 0.500000 0.555607
vt 0.531250 0.555607
vt 0.562500 0.555607
vt 0.593750 0.555607
vt 0.625000 0.555607
vt 0.375000 0.556860
vt 0.406250 0.556860
vt 0.437500 0.556860
vt 0.468750 0.556860
vt 0.500000 0.556860
vt 0.531250 0.556860
vt 0.562500 0.556860
vt 0.593750 0.556860
vt 0.625000 0.556860
vt 0.375000 0.558113
vt 0.406250 0.558113
vt 0.437500 0.558113
vt 0.468750 0.558113
vt 0.500000 0.558113
vt 0.531250 0.558113
vt 0.562500 0.558113
vt 0.593750 0.558113
vt 0.625000 0.558113
vt 0.375000 0.559366
vt 0.406250 0.559366
vt 0.437500 0.559366
vt 0.468750 0.559366
vt 0.500000 0.559366
vt 0.531250 0.559366
vt 0.562500 0.559366
vt 0.593750 0.559366
vt 0.625000 0.559366
vt 0.375000 0.560619
vt 0.406250 0.560619
vt 0.437500 0.560619
vt 0.468750 0.560619
vt 0.500000 0.560619
vt 0.531250 0.560619
vt 0.562500 0.560619
vt 0.593750 0.560619
vt 0.625000 0.560619
vt 0.375000 0.561872
vt 0.406250 0.561872
vt 0.437500 0.561872
vt 0.468750 0.561872
vt 0.500000 0.561872
vt 0.531250 0.561872
vt 0.562500 0.561872
vt 0.593750 0.561872
vt 0.625000 0.561872
vt 0.375000 0.563126
vt 0.406250 0.563126
vt 0.437500 0.563126
vt 0.468750 0.563126
vt 0.500000 0.563126
vt 0.531250 0.563126
vt 0.562500 0.563126
vt 0.593750 0.563126
vt 0.625000 0.563126
vt 0.375000 0.564379
vt 0.406250 0.564379
vt 0.437500 0.564379
vt 0.468750 0.564379
vt 0.500000 0.564379
vt 0.531250 0.564379
vt 0.562500 0.564379
vt 0.593750 0.564379
vt 0.625000 0.564379
vt 0.375000 0.565632
vt 0.406250 0.565632
vt 0.437500 0.565632
vt 0.468750 0.565632
vt 0.500000 0.565632
vt 0.531250 0.565632
vt 0.562500 0.565632
vt 0.593750 0.565632
vt 0.625000 0.565632
vt 0.375000 0.566885
vt 0.406250 0.566885
vt 0.437500 0.566885
vt 0.468750 0.566885
vt 0.500000 0.566885
vt 0.531250 0.566885
vt 0.562500 0.566885
vt 0.593750 0.566885
vt 0.625000 0.566885
vt 0.375000 0.568138
vt 0.406250 0.568138
vt 0.437500 0.568138
vt 0.468750 0.568138
vt 0.500000 0.568138
vt 0.531250 0.568138
vt 0.562500 0.568138
vt 0.593750 0.568138
vt 0.625000 0.568138
vt 0.375000 0.569391
vt 0.406250 0.569391
vt 0.437500 0.569391
vt 0.468750 0.569391
vt 0.500000 0.569391
vt 0.531250 0.569391
vt 0.562500 0.569391
vt 0.593750 0.569391
vt 0.625000 0.569391
vt 0.375000 0.570644
vt 0.406250 0.570644
vt 0.437500 0.570644
vt 0.468750 0.570644
vt 0.500000 0.570644
vt 0.531250 0.570644
vt 0.562500 0.570644
vt 0.593750 0.570644
vt 0.625000 0.570644
vt 0.375000 0.571898
vt 0.406250 0.571898
vt 0.437500 0.571898
vt 0.468750 0.571898
vt 0.500000 0.571898
vt 0.531250 0.571898
vt 0.562500 0.571898
vt 0.593750 0.571898
vt 0.625000 0.571898
vt 0.375000 0.573151
vt 0.406250 0.573151
vt 0.437500 0.573151
vt 0.468750 0.573151
vt 0.500000 0.573151
vt 0.531250 0.573151
vt 0.562500 0.573151
vt 0.593750 0.573151
vt 0.625000 0.573151
vt 0.375000 0.574404
vt 0.406250 0.574404
vt 0.437500 0.574404
vt 0.468750 0.574404
vt 0.500000 0.574404
vt 0.531250 0.574404
vt 0.562500 0.574404
vt 0.593750 0.574404
vt 0.625000 0.574404
vt 0.375000 0.575657
vt 0.406250 0.575657
vt 0.437500 0.575657
vt 0.468750 0.575657
vt 0.500000 0.575657
vt 0.531250 0.575657
vt 0.562500 0.575657
vt 0.593750 0.575657
vt 0.625000 0.575657
vt 0.375000 0.576910
vt 0.406250 0.576910
vt 0.437500 0.576910
vt 0.468750 0.576910
vt 0.500000 0.576910
vt 0.531250 0.576910
vt 0.562500 0.576910
vt 0.593750 0.576910
vt 0.625000 0.576910
vt 0.375000 0.578163
vt 0.406250 0.578163
vt 0.437500 0.578163
vt 0.468750 0.578163
vt 0.500000 0.578163
vt 0.531250 0.578163
vt 0.562500 0.578163
vt 0.593750 0.578163
vt 0.625000 0.578163
vt 0.375000 0.579416
vt 0.406250 0.579416
vt 0.437500 0.579416
vt 0.468750 0.579416
vt 0.500000 0.579416
vt 0.531250 0.579416
vt 0.562500 0.579416
vt 0.593750 0.579416
vt 0.625000 0.579416
vt 0.375000 0.580669
vt 0.406250 0.580669
vt 0.437500 0.580669
vt 0.468750 0.580669
vt 0.500000 0.580669
vt 0.531250 0.580669
vt 0.562500 0.580669
vt 0.593750 0.580669
vt 0.625000 0.580669
vt 0.375000 0.581923
vt 0.406250 0.581923
vt 0.437500 0.581923
vt 0.468750 0.581923
vt 0.500000 0.581923
vt 0.531250 0.581923
vt 0.562500 0.581923
vt 0.593750 0.581923
vt 0.625000 0.581923
vt 0.375000 0.583176
vt 0.406250 0.583176
vt 0.437500 0.583176
vt 0.468750 0.583176
vt 0.500000 0.583176
vt 0.531250 0.583176
vt 0.562500 0.583176
vt 0.593750 0.583176
vt 0.625000 0.583176
vt 0.375000 0.584429
vt 0.406250 0.584429
vt 0.437500 0.584429
vt 0.468750 0.584429
vt 0.500000 0.584429
vt 0.531250 0.584429
vt 0.562500 0.584429
vt 0.593750 0.584429
vt 0.625000 0.584429
vt 0.375000 0.585682
vt 0.406250 0.585682
vt 0.437500 0.585682
vt 0.468750 0.585682
vt 0.500000 0.585682
vt 0.531250 0.585682
vt 0.562500 0.585682
vt 0.593750 0.585682
vt 0.625000 0.585682
vt 0.375000 0.586935
vt 0.406250 0.586935
vt 0.437500 0.586935
vt 0.468750 0.586935
vt 0.500000 0.586935
vt 0.531250 0.586935
vt 0.562500 0.586935
vt 0.593750 0.586935
vt 0.625000 0.586935
vt 0.375000 0.588188
vt 0.406250 0.588188
vt 0.437500 0.588188
vt 0.468750 0.588188
vt 0.500000 0.588188
vt 0.531250 0.588188
vt 0.562500 0.588188
vt 0.593750 0.588188
vt 0.625000 0.588188
vt 0.375000 0.589441
vt 0.406250 0.589441
vt 0.437500 0.589441
vt 0.468750 0.589441
vt 0.500000 0.589441
vt 0.531250 0.589441
vt 0.562500 0.589441
vt 0.593750 0.589441
vt 0.625000 0.589441
vt 0.375000 0.590694
vt 0.406250 0.590694
vt 0.437500 0.590694
vt 0.468750 0.590694
vt 0.500000 0.590694
vt 0.531250 0.590694
vt 0.562500 0.590694
vt 0.593750 0.590694
vt 0.625000 0.590694
vt 0.375000 0.591948
vt 0.406250 0.591948
vt 0.437500 0.591948
vt 0.468750 0.591948
vt 0.500000 0.591948
vt 0.531250 0.591948
vt 0.562500 0.591948
vt 0.593750 0.591948
vt 0.625000 0.591948
vt 0.375000 0.593201
vt 0.406250 0.593201
vt 0.437500 0.593201
vt 0.468750 0.593201
vt 0.500000 0.593201
vt 0.531250 0.593201
vt 0.562500 0.593201
vt 0.593750 0.593201
vt 0.625000 0.593201
vt 0.375000 0.594454
vt 0.406250 0.594454
vt 0.437500 0.594454
vt 0.468750 0.594454
vt 0.500000 0.594454
vt 0.531250 0.594454
vt 0.562500 0.594454
vt 0.593750 0.594454
vt 0.625000 0.594454
vt 0.375000 0.595707
vt 0.406250 0.595707
vt 0.437500 0.595707
vt 0.468750 0.595707
vt 0.500000 0.595707
vt 0.531250 0.595707
vt 0.562500 0.595707
vt 0.593750 0.595707
vt 0.625000 0.595707
vt 0.375000 0.596960
vt 0.406250 0.596960
vt 0.437500 0.596960
vt 0.468750 0.596960
vt 0.500000 0.596960
vt 0.531250 0.596960
vt 0.562500 0.596960
vt 0.593750 0.596960
vt 0.625000 0.596960
vt 0.375000 0.598213
vt 0.406250 0.598213
vt 0.437500 0.598213
vt 0.468750 0.598213
vt 0.500000 0.598213
vt 0.531250 0.598213
vt 0.562500 0.598213
vt 0.593750 0.598213
vt 0.625000 0.598213
vt 0.375000 0.599466
vt 0.406250 0.599466
vt 0.437500 0.599466
vt 0.468750 0.599466
vt 0.500000 0.599466
vt 0.531250 0.599466
vt 0.562500 0.599466
vt 0.593750 0.599466
vt 0.625000 0.599466
vt 0.375000 0.600719
vt 0.406250 0.600719
vt 0.437500 0.600719
vt 0.468750 0.600719
vt 0.500000 0.600719
vt 0.531250 0.600719
vt 0.562500 0.600719
vt 0.593750 0.600719
vt 0.625000 0.600719
vt 0.375000 0.601973
vt 0.406250 0.601973
vt 0.437500 0.601973
vt 0.468750 0.601973
vt 0.500000 0.601973
vt 0.531250 0.601973
vt 0.562500 0.601973
vt 0.593750 0.601973
vt 0.625000 0.601973
vt 0.375000 0.603226
vt 0.406250 0.603226
vt 0.437500 0.603226
vt 0.468750 0.603226
vt 0.500000 0.603226
vt 0.531250 0.603226
vt 0.562500 0.603226
vt 0.593750 0.603226
vt 0.625000 0.603226
vt 0.375000 0.604479
vt 0.406250 0.604479
vt 0.437500 0.604479
vt 0.468750 0.604479
vt 0.500000 0.604479
vt 0.531250 0.604479
vt 0.562500 0.604479
vt 0.593750 0.604479
vt 0.625000 0.604479
vt 0.375000 0.605732
vt 0.406250 0.605732
vt 0.437500 0.605732
vt 0.468750 0.605732
vt 0.500000 0.605732
vt 0.531250 0.605732
vt 0.562500 0.605732
vt 0.593750 0.605732
vt 0.625000 0.605732
vt 0.375000 0.606985
vt 0.406250 0.606985
vt 0.437500 0.606985
vt 0.468750 0.606985
vt 0.500000 0.606985
vt 0.531250 0.606985
vt 0.562500 0.606985
vt 0.593750 0.606985
vt 0.625000 0.606985
vt 0.375000 0.608238
vt 0.406250 0.608238
vt 0.437500 0.608238
vt 0.468750 0.608238
vt 0.500000 0.608238
vt 0.531250 0.608238
vt 0.562500 0.608238
vt 0.593750 0.608238
vt 0.625000 0.608238
vt 0.375000 0.609491
vt 0.406250 0.609491
vt 0.437500 0.609491
vt 0.468750 0.609491
vt 0.500000 0.609491
vt 0.531250 0.609491
vt 0.562500 0.609491
vt 0.593750 0.609491
vt 0.625000 0.609491
vt 0.375000 0.610744
vt 0.406250 0.610744
vt 0.437500 0.610744
vt 0.468750 0.610744
vt 0.500000 0.610744
vt 0.531250 0.610744
vt 0.562500 0.610744
vt 0.593750 0.610744
vt 0.625000 0.610744
vt 0.375000 0.611998
vt 0.406250 0.611998
vt 0.437500 0.611998
vt 0.468750 0.611998
vt 0.500000 0.611998
vt 0.531250 0.611998
vt 0.562500 0.611998
vt 0.593750 0.611998
vt 0.625000 0.611998
vt 0.375000 0.613251
vt 0.406250 0.613251
vt 0.437500 0.613251
vt 0.468750 0.613251
vt 0.500000 0.613251
vt 0.531250 0.613251
vt 0.562500 0.613251
vt 0.593750 0.613251
vt 0.625000 0.613251
vt 0.375000 0.614504
vt 0.406250 0.614504
vt 0.437500 0.614504
vt 0.468750 0.614504
vt 0.500000 0.614504
vt 0.531250 0.614504
vt 0.562500 0.614504
vt 0.593750 0.614504
vt 0.625000 0.614504
vt 0.375000 0.615757
vt 0.406250 0.615757
vt 0.437500 0.615757
vt 0.468750 0.615757
vt 0.500000 0.615757
vt 0.531250 0.615757
vt 0.562500 0.615757
vt 0.593750 0.615757
vt 0.625000 0.615757
vt 0.375000 0.617010
vt 0.406250 0.617010
vt 0.437500 0.617010
vt 0.468750 0.617010
vt 0.500000 0.617010
vt 0.531250 0.617010
vt 0.562500 0.617010
vt 0.593750 0.617010
vt 0.625000 0.617010
vt 0.375000 0.618263
vt 0.406250 0.618263
vt 0.437500 0.618263
vt 0.468750 0.618263
vt 0.500000 0.618263
vt 0.531250 0.618263
vt 0.562500 0.618263
vt 0.593750 0.618263
vt 0.625000 0.618263
vt 0.375000 0.619516
vt 0.406250 0.619516
vt 0.437500 0.619516
vt 0.468750 0.619516
vt 0.500000 0.619516
vt 0.531250 0.619516
vt 0.562500 0.619516
vt 0.593750 0.619516
vt 0.625000 0.619516
vt 0.375000 0.620770
vt 0.406250 0.620770
vt 0.437500 0.620770
vt 0.468750 0.620770
vt 0.500000 0.620770
vt 0.531250 0.620770
vt 0.562500 0.620770
vt 0.593750 0.620770
vt 0.625000 0.620770
vt 0.375000 0.622023
vt 0.406250 0.622023
vt 0.437500 0.622023
vt 0.468750 0.622023
vt 0.500000 0.622023
vt 0.531250 0.622023
vt 0.562500 0.622023
vt 0.593750 0.622023
vt 0.625000 0.622023
vt 0.375000 0.623276
vt 0.406250 0.623276
vt 0.437500 0.623276
vt 0.468750 0.623276
vt 0.500000 0.623276
vt 0.531250 0.623276
vt 0.562500 0.623276
vt 0.593750 0.623276
vt 0.625000 0.623276
vt 0.375000 0.624529
vt 0.406250 0.624529
vt 0.437500 0.624529
vt 0.468750 0.624529
vt 0.500000 0.624529
vt 0.531250 0.624529
vt 0.562500 0.624529
vt 0.593750 0.624529
vt 0.625000 0.624529
vt 0.375000 0.625782
vt 0.406250 0.625782
vt 0.437500 0.625782
vt 0.468750 0.625782
vt 0.500000 0.625782
vt 0.531250 0.625782
vt 0.562500 0.625782
vt 0.593750 0.625782
vt 0.625000 0.625782
vt 0.375000 0.627035
vt 0.406250 0.627035
vt 0.437500 0.627035
vt 0.468750 0.627035
vt 0.500000 0.627035
vt 0.531250 0.627035
vt 0.562500 0.627035
vt 0.593750 0.627035
vt 0.625000 0.627035
vt 0.375000 0.628288
vt 0.406250 0.628288
vt 0.437500 0.628288
vt 0.468750 0.628288
vt 0.500000 0.628288
vt 0.531250 0.628288
vt 0.562500 0.628288
vt 0.593750 0.628288
vt 0.625000 0.628288
vt 0.375000 0.629541
vt 0.406250 0.629541
vt 0.437500 0.629541
vt 0.468750 0.629541
vt 0.500000 0.629541
vt 0.531250 0.629541
vt 0.562500 0.629541
vt 0.593750 0.629541
vt 0.625000 0.629541
vt 0.375000 0.630795
vt 0.406250 0.630795
vt 0.437500 0.630795
vt 0.468750 0.630795
vt 0.500000 0.630795
vt 0.531250 0.630795
vt 0.562500 0.630795
vt 0.593750 0.630795
vt 0.625000 0.630795
vt 0.375000 0.632048
vt 0.406250 0.632048
vt 0.437500 0.632048
vt 0.468750 0.632048
vt 0.500000 0.632048
vt 0.531250 0.632048
vt 0.562500 0.632048
vt 0.593750 0.632048
vt 0.625000 0.632048
vt 0.375000 0.633301
vt 0.406250 0.633301
vt 0.437500 0.633301
vt 0.468750 0.633301
vt 0.500000 0.633301
vt 0.531250 0.633301
vt 0.562500 0.633301
vt 0.593750 0.633301
vt 0.625000 0.633301
vt 0.375000 0.634554
vt 0.406250 0.634554
vt 0.437500 0.634554
vt 0.468750 0.634554
vt 0.500000 0.634554
vt 0.531250 0.634554
vt 0.562500 0.634554
vt 0.593750 0.634554
vt 0.625000 0.634554
vt 0.375000 0.635807
vt 0.406250 0.635807
vt 0.437500 0.635807
vt 0.468750 0.635807
vt 0.500000 0.635807
vt 0.531250 0.635807
vt 0.562500 0.635807
vt 0.593750 0.635807
vt 0.625000 0.635807
vt 0.375000 0.637060
vt 0.406250 0.637060
vt 0.437500 0.637060
vt 0.468750 0.637060
vt 0.500000 0.637060
vt 0.531250 0.637060
vt 0.562500 0.637060
vt 0.593750 0.637060
vt 0.625000 0.637060
vt 0.375000 0.638313
vt 0.406250 0.638313
vt 0.437500 0.638313
vt 0.468750 0.638313
vt 0.500000 0.638313
vt 0.531250 0.638313
vt 0.562500 0.638313
vt 0.593750 0.638313
vt 0.625000 0.638313
vt 0.375000 0.639566
vt 0.406250 0.639566
vt 0.437500 0.639566
vt 0.468750 0.639566
vt 0.500000 0.639566
vt 0.531250 0.639566
vt 0.562500 0.639566
vt 0.593750 0.639566
vt 0.625000 0.639566
vt 0.375000 0.640820
vt 0.406250 0.640820
vt 0.437500 0.640820
vt 0.468750 0.640820
vt 0.500000 0.640820
vt 0.531250 0.640820
vt 0.562500 0.640820
vt 0.593750 0.640820
vt 0.625000 0.640820
vt 0.375000 0.642073
vt 0.406250 0.642073
vt 0.437500 0.642073
vt 0.468750 0.642073
vt 0.500000 0.642073
vt 0.531250 0.642073
vt 0.562500 0.642073
vt 0.593750 0.642073
vt 0.625000 0.642073
vt 0.375000 0.643326
vt 0.406250 0.643326
vt 0.437500 0.643326
vt 0.468750 0.643326
vt 0.500000 0.643326
vt 0.531250 0.643326
vt 0.562500 0.643326
vt 0.593750 0.643326
vt 0.625000 0.643326
vt 0.375000 0.644579
vt 0.406250 0.644579
vt 0.437500 0.644579
vt 0.468750 0.644579
vt 0.500000 0.644579
vt 0.531250 0.644579
vt 0.562500 0.644579
vt 0.593750 0.644579
vt 0.625000 0.644579
vt 0.375000 0.645832
vt 0.406250 0.645832
vt 0.437500 0.645832
vt 0.468750 0.645832
vt 0.500000 0.645832
vt 0.531250 0.645832
vt 0.562500 0.645832
vt 0.593750 0.645832
vt 0.625000 0.645832
vt 0.375000 0.647085
vt 0.406250 0.647085
vt 0.437500 0.647085
vt 0.468750 0.647085
vt 0.500000 0.647085
vt 0.531250 0.647085
vt 0.562500 0.647085
vt 0.593750 0.647085
vt 0.625000 0.647085
vt 0.375000 0.648338
vt 0.406250 0.648338
vt 0.437500 0.648338
vt 0.468750 0.648338
vt 0.500000 0.648338
vt 0.531250 0.648338
vt 0.562500 0.648338
vt 0.593750 0.648338
vt 0.625000 0.648338
vt 0.375000 0.649591
vt 0.406250 0.649591
vt 0.437500 0.649591
vt 0.468750 0.649591
vt 0.500000 0.649591
vt 0.531250 0.649591
vt 0.562500 0.649591
vt 0.593750 0.649591
vt 0.625000 0.649591
vt 0.375000 0.650845
vt 0.406250 0.650845
vt 0.437500 0.650845
vt 0.468750 0.650845
vt 0.500000 0.650845
vt 0.531250 0.650845
vt 0.562500 0.650845
vt 0.593750 0.650845
vt 0.625000 0.650845
vt 0.375000 0.652098
vt 0.406250 0.652098
vt 0.437500 0.652098
vt 0.468750 0.652098
vt 0.500000 0.652098
vt 0.531250 0.652098
vt 0.562500 0.652098
vt 0.593750 0.652098
vt 0.625000 0.652098
vt 0.375000 0.653351
vt 0.406250 0.653351
vt 0.437500 0.653351
vt 0.468750 0.653351
vt 0.500000 0.653351
vt 0.531250 0.653351
vt 0.562500 0.653351
vt 0.593750 0.653351
vt 0.625000 0.653351
vt 0.375000 0.654604
vt 0.406250 0.654604
vt 0.437500 0.654604
vt 0.468750 0.654604
vt 0.500000 0.654604
vt 0.531250 0.654604
vt 0.562500 0.654604
vt 0.593750 0.654604
vt 0.625000 0.654604
vt 0.375000 0.655857
vt 0.406250 0.655857
vt 0.437500 0.655857
vt 0.468750 0.655857
vt 0.500000 0.655857
vt 0.531250 0.655857
vt 0.562500 0.655857
vt 0.593750 0.655857
vt 0.625000 0.655857
vt 0.375000 0.657110
vt 0.406250 0.657110
vt 0.437500 0.657110
vt 0.468750 0.657110
vt 0.500000 0.657110
vt 0.531250 0.657110
vt 0.562500 0.657110
vt 0.593750 0.657110
vt 0.625000 0.657110
vt 0.375000 0.658363
vt 0.406250 0.658363
vt 0.437500 0.658363
vt 0.468750 0.658363
vt 0.500000 0.658363
vt 0.531250 0.658363
vt 0.562500 0.658363
vt 0.593750 0.658363
vt 0.625000 0.658363
vt 0.375000 0.659616
vt 0.406250 0.659616
vt 0.437500 0.659616
vt 0.468750 0.659616
vt 0.500000 0.659616
vt 0.531250 0.659616
vt 0.562500 0.659616
vt 0.593750 0.659616
vt 0.625000 0.659616
vt 0.375000 0.660870
vt 0.406250 0.660870
vt 0.437500 0.660870
vt 0.468750 0.660870
vt 0.500000 0.660870
vt 0.531250 0.660870
vt 0.562500 0.660870
vt 0.593750 0.660870
vt 0.625000 0.660870
vt 0.375000 0.662123
vt 0.406250 0.662123
vt 0.437500 0.662123
vt 0.468750 0.662123
vt 0.500000 0.662123
vt 0.531250 0.662123
vt 0.562500 0.662123
vt 0.593750 0.662123
vt 0.625000 0.662123
vt 0.375000 0.663376
vt 0.406250 0.663376
vt 0.437500 0.663376
vt 0.468750 0.663376
vt 0.500000 0.663376
vt 0.531250 0.663376
vt 0.562500 0.663376
vt 0.593750 0.663376
vt 0.625000 0.663376
vt 0.375000 0.664629
vt 0.406250 0.664629
vt 0.437500 0.664629
vt 0.468750 0.664629
vt 0.500000 0.664629
vt 0.531250 0.664629
vt 0.562500 0.664629
vt 0.593750 0.664629
vt 0.625000 0.664629
vt 0.375000 0.665882
vt 0.406250 0.665882
vt 0.437500 0.665882
vt 0.468750 0.665882
vt 0.500000 0.665882
vt 0.531250 0.665882
vt 0.562500 0.665882
vt 0.593750 0.665882
vt 0.625000 0.665882
vt 0.375000 0.667135
vt 0.406250 0.667135
vt 0.437500 0.667135
vt 0.468750 0.667135
vt 0.500000 0.667135
vt 0.531250 0.667135
vt 0.562500 0.667135
vt 0.593750 0.667135
vt 0.625000 0.667135
vt 0.375000 0.668388
vt 0.406250 0.668388
vt 0.437500 0.668388
vt 0.468750 0.668388
vt 0.500000 0.668388
vt 0.531250 0.668388
vt 0.562500 0.668388
vt 0.593750 0.668388
vt 0.625000 0.668388
vt 0.375000 0.669641
vt 0.406250 0.669641
vt 0.437500 0.669641
vt 0.468750 0.669641
vt 0.500000 0.669641
vt 0.531250 0.669641
vt 0.562500 0.669641
vt 0.593750 0.669641
vt 0.625000 0.669641
vt 0.375000 0.670895
vt 0.406250 0.670895
vt 0.437500 0.670895
vt 0.468750 0.670895
vt 0.500000 0.670895
vt 0.531250 0.670895
vt 0.562500 0.670895
vt 0.593750 0.670895
vt 0.625000 0.670895
vt 0.375000 0.672148
vt 0.406250 0.672148
vt 0.437500 0.672148
vt 0.468750 0.672148
vt 0.500000 0.672148
vt 0.531250 0.672148
vt 0.562500 0.672148
vt 0.593750 0.672148
vt 0.625000 0.672148
vt 0.375000 0.673401
vt 0.406250 0.673401
vt 0.437500 0.673401
vt 0.468750 0.673401
vt 0.500000 0.673401
vt 0.531250 0.673401
vt 0.562500 0.673401
vt 0.593750 0.673401
vt 0.625000 0.673401
vt 0.375000 0.674654
vt 0.406250 0.674654
vt 0.437500 0.674654
vt 0.468750 0.674654
vt 0.500000 0.674654
vt 0.531250 0.674654
vt 0.562500 0.674654
vt 0.593750 0.674654
vt 0.625000 0.674654
vt 0.375000 0.675907
vt 0.406250 0.675907
vt 0.437500 0.675907
vt 0.468750 0.675907
vt 0.500000 0.675907
vt 0.531250 0.675907
vt 0.562500 0.675907
vt 0.593750 0.675907
vt 0.625000 0.675907
vt 0.375000 0.677160
vt 0.406250 0.677160
vt 0.437500 0.677160
vt 0.468750 0.677160
vt 0.500000 0.677160
vt 0.531250 0.677160
vt 0.562500 0.677160
vt 0.593750 0.677160
vt 0.625000 0.677160
vt 0.375000 0.678413
vt 0.406250 0.678413
vt 0.437500 0.678413
vt 0.468750 0.678413
vt 0.500000 0.678413
vt 0.531250 0.678413
vt 0.562500 0.678413
vt 0.593750 0.678413
vt 0.625000 0.678413
vt 0.375000 0.679667
vt 0.406250 0.679667
vt 0.437500 0.679667
vt 0.468750 0.679667
vt 0.500000 0.679667
vt 0.531250 0.679667
vt 0.562500 0.679667
vt 0.593750 0.679667
vt 0.625000 0.679667
vt 0.375000 0.680920
vt 0.406250 0.680920
vt 0.437500 0.680920
vt 0.468750 0.680920
vt 0.500000 0.680920
vt 0.531250 0.680920
vt 0.562500 0.680920
vt 0.593750 0.680920
vt 0.625000 0.680920
vt 0.375000 0.682173
vt 0.406250 0.682173
vt 0.437500 0.682173
vt 0.468750 0.682173
vt 0.500000 0.682173
vt 0.531250 0.682173
vt 0.562500 0.682173
vt 0.593750 0.682173
vt 0.625000 0.682173
vt 0.375000 0.683426
vt 0.406250 0.683426
vt 0.437500 0.683426
vt 0.468750 0.683426
vt 0.500000 0.683426
vt 0.531250 0.683426
vt 0.562500 0.683426
vt 0.593750 0.683426
vt 0.625000 0.683426
vt 0.375000 0.684679
vt 0.406250 0.684679
vt 0.437500 0.684679
vt 0.468750 0.684679
vt 0.500000 0.684679
vt 0.531250 0.684679
vt 0.562500 0.684679
vt 0.593750 0.684679
vt 0.625000 0.684679
vt 0.375000 0.685932
vt 0.406250 0.685932
vt 0.437500 0.685932
vt 0.468750 0.685932
vt 0.500000 0.685932
vt 0.531250 0.685932
vt 0.562500 0.685932
vt 0.593750 0.685932
vt 0.625000 0.685932
vt 0.375000 0.687185
vt 0.406250 0.687185
vt 0.437500 0.687185
vt 0.468750 0.687185
vt 0.500000 0.687185
vt 0.531250 0.687185
vt 0.562500 0.687185
vt 0.593750 0.687185
vt 0.625000 0.687185
vt 0.375000 0.688438
vt 0.406250 0.688438
vt 0.437500 0.688438
vt 0.468750 0.688438
vt 0.500000 0.688438
vt 0.531250 0.688438
vt 0.562500 0.688438
vt 0.593750 0.688438
vt 0.625000 0.688438
vt 0.610485 0.733265
vt 0.500000 0.687500
vt 0.389515 0.733265
vt 0.343750 0.843750
vt 0.389515 0.954235
vt 0.500000 1.000000
vt 0.610485 0.954235
vt 0.656250 0.843750
vn 0.345198 -0.876993 -0.334249
vn 0.345198 -0.876993 -0.334249
vn 0.326956 -0.877326 -0.351282
vn 0.323506 -0.877327 -0.354458
vn -0.361584 -0.804726 -0.470821
vn -0.361584 -0.804726 -0.470821
vn -0.391931 -0.805183 -0.445050
vn -0.384978 -0.805191 -0.451065
vn -0.860955 -0.346574 -0.372347
vn -0.860955 -0.346574 -0.372347
vn -0.891145 -0.346909 -0.292429
vn -0.872315 -0.346981 -0.344486
vn -0.812456 0.346575 0.468830
vn -0.812456 0.346575 0.468830
vn -0.770605 0.346982 0.534576
vn -0.800827 0.346910 0.488190
vn -0.305073 0.804727 0.509259
vn -0.305073 0.804727 0.509259
vn -0.271804 0.805191 0.527058
vn -0.279948 0.805184 0.522789
vn 0.381327 0.876993 0.292356
vn 0.381327 0.876993 0.292356
vn 0.395899 0.877327 0.271222
vn 0.398533 0.877325 0.267342
vn 0.923507 0.380020 0.052154
vn 0.923507 0.380020 0.052154
vn 0.924735 0.380547 0.006978
vn 0.924709 0.380544 -0.009992
vn 0.911392 -0.380020 -0.157955
vn 0.911392 -0.380020 -0.157955
vn 0.902558 -0.380545 -0.201431
vn 0.898709 -0.380547 -0.217959
vn 0.284414 -0.877326 -0.386532
vn 0.280621 -0.877328 -0.389291
vn -0.440487 -0.805183 -0.397054
vn -0.434270 -0.805191 -0.403828
vn -0.918850 -0.346909 -0.188067
vn -0.906128 -0.346981 -0.241945
vn -0.704054 0.346981 0.619606
vn -0.739406 0.346909 0.577004
vn -0.209424 0.805189 0.554808
vn -0.218004 0.805182 0.551504
vn 0.424449 0.877327 0.223922
vn 0.426620 0.877325 0.219764
vn 0.919409 0.380547 -0.099354
vn 0.917432 0.380545 -0.116208
vn 0.873425 -0.380545 -0.303834
vn 0.867701 -0.380547 -0.319809
vn 0.238102 -0.877326 -0.416662
vn 0.234017 -0.877327 -0.418967
vn -0.483203 -0.805183 -0.343795
vn -0.477807 -0.805191 -0.351239
vn -0.934377 -0.346909 -0.081207
vn -0.927931 -0.346981 -0.136193
vn -0.628171 0.346981 0.696423
vn -0.668186 0.346909 0.658166
vn -0.144268 0.805190 0.575201
vn -0.153171 0.805182 0.572906
vn 0.447373 0.877327 0.173653
vn 0.449051 0.877325 0.169273
vn 0.901896 0.380547 -0.204370
vn 0.897995 0.380545 -0.220885
vn 0.832715 -0.380545 -0.402208
vn 0.825193 -0.380548 -0.417421
vn 0.188634 -0.877325 -0.441269
vn 0.184311 -0.877326 -0.443089
vn -0.519516 -0.805182 -0.285981
vn -0.515011 -0.805190 -0.293995
vn -0.937518 -0.346909 0.026726
vn -0.937435 -0.346981 -0.028633
vn -0.543963 0.346981 0.764008
vn -0.588109 0.346909 0.730604
vn -0.077201 0.805190 0.587970
vn -0.086308 0.805183 0.586713
vn 0.464368 0.877327 0.121082
vn 0.465531 0.877325 0.116538
vn 0.872429 0.380548 -0.306677
vn 0.866656 0.380545 -0.322635
vn 0.780967 -0.380545 -0.495253
vn 0.771747 -0.380548 -0.509501
vn 0.136665 -0.877325 -0.460025
vn 0.132162 -0.877327 -0.461336
vn -0.548943 -0.805183 -0.224372
vn -0.545389 -0.805190 -0.232852
vn -0.928233 -0.346909 0.134302
vn -0.934514 -0.346981 0.079301
vn -0.452545 0.346981 0.821467
vn -0.500238 0.346909 0.793358
vn -0.009109 0.805191 0.592946
vn -0.018301 0.805183 0.592744
vn 0.475207 0.877327 0.066906
vn 0.475841 0.877325 0.062259
vn 0.831399 0.380548 -0.404919
vn 0.823830 0.380545 -0.420107
vn 0.718868 -0.380545 -0.581734
vn 0.708072 -0.380548 -0.594826
vn 0.082886 -0.877326 -0.472683
vn 0.078262 -0.877328 -0.473467
vn -0.571094 -0.805183 -0.159788
vn -0.568538 -0.805191 -0.168620
vn -0.906645 -0.346909 0.240101
vn -0.919206 -0.346981 0.186184
vn -0.355128 0.346980 0.868037
vn -0.405737 0.346909 0.845596
vn 0.059103 0.805192 0.590062
vn 0.049949 0.805184 0.590918
vn 0.479748 0.877327 0.011844
vn 0.479843 0.877325 0.007155
vn 0.779349 0.380548 -0.497793
vn 0.770084 0.380545 -0.512011
vn 0.647242 -0.380545 -0.660502
vn 0.635012 -0.380548 -0.672267
vn 0.028007 -0.877326 -0.479077
vn 0.023324 -0.877327 -0.479326
vn -0.585675 -0.805183 -0.093092
vn -0.584151 -0.805190 -0.102158
vn -0.873040 -0.346909 0.342718
vn -0.891714 -0.346981 0.290603
vn -0.253005 0.346980 0.903102
vn -0.305856 0.346908 0.886627
vn 0.126531 0.805191 0.579359
vn 0.117536 0.805184 0.581261
vn 0.477929 0.877327 -0.043375
vn 0.477485 0.877325 -0.048044
vn 0.716969 0.380548 -0.584071
vn 0.706131 0.380545 -0.597130
vn 0.567036 -0.380545 -0.730518
vn 0.553534 -0.380547 -0.740799
vn -0.027242 -0.877325 -0.479123
vn -0.031923 -0.877326 -0.478831
vn -0.592493 -0.805183 -0.025162
vn -0.592021 -0.805190 -0.034343
vn -0.827863 -0.346909 0.440791
vn -0.852403 -0.346981 0.391168
vn -0.147529 0.346981 0.926196
vn -0.201924 0.346908 0.915905
vn 0.192283 0.805190 0.560978
vn 0.183566 0.805182 0.563901
vn 0.469776 0.877327 -0.098020
vn 0.468799 0.877325 -0.102607
vn 0.645086 0.380548 -0.662607
vn 0.632819 0.380545 -0.674333
vn 0.479314 -0.380544 -0.790851
vn 0.464720 -0.380547 -0.799512
vn -0.082131 -0.877325 -0.472817
vn -0.086747 -0.877326 -0.471989
vn -0.591458 -0.805183 0.043107
vn -0.592045 -0.805190 0.033931
vn -0.771714 -0.346909 0.533021
vn -0.801795 -0.346981 0.486548
vn -0.040097 0.346981 0.937015
vn -0.095314 0.346909 0.933043
vn 0.255486 0.805190 0.535160
vn 0.247163 0.805183 0.539065
vn 0.455397 0.877327 -0.151365
vn 0.453899 0.877325 -0.155809
vn 0.564653 0.380548 -0.732360
vn 0.551120 0.380545 -0.742599
vn 0.385240 -0.380545 -0.840700
vn 0.369748 -0.380548 -0.847626
vn -0.135930 -0.877325 -0.460243
vn -0.140421 -0.877327 -0.458890
vn -0.582584 -0.805183 0.110802
vn -0.584221 -0.805190 0.101756
vn -0.705335 -0.346908 0.618188
vn -0.740560 -0.346981 0.575479
vn 0.067866 0.346981 0.935414
vn 0.012558 0.346908 0.937815
vn 0.315302 0.805190 0.502248
vn 0.307483 0.805183 0.507085
vn 0.434982 0.877327 -0.202703
vn 0.432983 0.877325 -0.206946
vn 0.476736 0.380547 -0.792406
vn 0.462115 0.380544 -0.801021
vn 0.286060 -0.380545 -0.879406
vn 0.269874 -0.380548 -0.884506
vn -0.187929 -0.877325 -0.441569
vn -0.192234 -0.877327 -0.439709
vn -0.565988 -0.805183 0.177029
vn -0.568654 -0.805190 0.168230
vn -0.629609 -0.346909 0.695160
vn -0.669507 -0.346981 0.656783
vn 0.174930 0.346981 0.921414
vn 0.120265 0.346909 0.930156
vn 0.370940 0.805191 0.462679
vn 0.363729 0.805183 0.468382
vn 0.408801 0.877327 -0.251356
vn 0.406327 0.877325 -0.255341
vn 0.382499 0.380547 -0.841949
vn 0.366986 0.380544 -0.848827
vn 0.183087 -0.380545 -0.906457
vn 0.166423 -0.380548 -0.909663
vn -0.237436 -0.877325 -0.417044
vn -0.241499 -0.877326 -0.414701
vn -0.541890 -0.805183 0.240908
vn -0.545550 -0.805190 0.232474
vn -0.545536 -0.346909 0.762919
vn -0.589582 -0.346981 0.729381
vn 0.279677 0.346981 0.895201
vn 0.226377 0.346909 0.910169
vn 0.421660 0.805190 0.416979
vn 0.415153 0.805183 0.423473
vn 0.377201 0.877327 -0.296677
vn 0.374286 0.877325 -0.300351
vn 0.283193 0.380547 -0.880333
vn 0.266991 0.380545 -0.885382
vn 0.077688 -0.380545 -0.921493
vn 0.060765 -0.380548 -0.922763
vn -0.283796 -0.877325 -0.386989
vn -0.287563 -0.877327 -0.384195
vn -0.510610 -0.805183 0.301593
vn -0.515215 -0.805191 0.293636
vn -0.454233 -0.346909 0.820565
vn -0.501841 -0.346981 0.792313
vn 0.380714 0.346981 0.857124
vn 0.329491 0.346908 0.878118
vn 0.466792 0.805190 0.365751
vn 0.461074 0.805183 0.372950
vn 0.340602 0.877327 -0.338065
vn 0.337284 0.877325 -0.341380
vn 0.180133 0.380547 -0.907048
vn 0.163459 0.380545 -0.910202
vn -0.028741 -0.380545 -0.924316
vn -0.045697 -0.380548 -0.923631
vn -0.326395 -0.877325 -0.351806
vn -0.329815 -0.877327 -0.348597
vn -0.472561 -0.805183 0.358283
vn -0.478051 -0.805190 0.350908
vn -0.356910 -0.346909 0.867335
vn -0.407450 -0.346981 0.844742
vn 0.476706 0.346981 0.807685
vn 0.428234 0.346909 0.834428
vn 0.505737 0.805191 0.309674
vn 0.500884 0.805183 0.317483
vn 0.299489 0.877327 -0.374972
vn 0.295812 0.877325 -0.377883
vn 0.074686 0.380547 -0.921741
vn 0.057760 0.380545 -0.922957
vn -0.134788 -0.380545 -0.914887
vn -0.151554 -0.380548 -0.912258
vn -0.364667 -0.877325 -0.311959
vn -0.367697 -0.877327 -0.308378
vn -0.428249 -0.805183 0.410223
vn -0.434550 -0.805190 0.403528
vn -0.254855 -0.346909 0.902609
vn -0.307657 -0.346981 0.885975
vn 0.566381 0.346981 0.747541
vn 0.521303 0.346909 0.779678
vn 0.537979 0.805190 0.249494
vn 0.534056 0.805183 0.257809
vn 0.254406 0.877327 -0.406910
vn 0.250418 0.877325 -0.409379
vn -0.031751 0.380547 -0.924216
vn -0.048706 0.380545 -0.923479
vn -0.239050 -0.380545 -0.893331
vn -0.255402 -0.380547 -0.888793
vn -0.398106 -0.877325 -0.267977
vn -0.400704 -0.877327 -0.264072
vn -0.378261 -0.805183 0.456727
vn -0.385290 -0.805191 0.450799
vn -0.149422 -0.346909 0.925920
vn -0.203786 -0.346981 0.915465
vn 0.648547 0.346981 0.677488
vn 0.607463 0.346909 0.714593
vn 0.563089 0.805190 0.186007
vn 0.560148 0.805183 0.194718
vn 0.205951 0.877327 -0.433454
vn 0.201706 0.877325 -0.435449
vn -0.137767 0.380548 -0.914442
vn -0.154524 0.380545 -0.911761
vn -0.340142 -0.380545 -0.859936
vn -0.355864 -0.380547 -0.853548
vn -0.426268 -0.877325 -0.220445
vn -0.428400 -0.877327 -0.216267
vn -0.323259 -0.805182 0.497177
vn -0.330922 -0.805190 0.492097
vn -0.042010 -0.346909 0.936957
vn -0.097215 -0.346981 0.932820
vn 0.722118 0.346981 0.598457
vn 0.685570 0.346909 0.640038
vn 0.580737 0.805190 0.120055
vn 0.578816 0.805183 0.129046
vn 0.154766 0.877327 -0.454252
vn 0.150320 0.877325 -0.455746
vn -0.241957 0.380548 -0.892547
vn -0.258295 0.380545 -0.887958
vn -0.436726 -0.380545 -0.815142
vn -0.451610 -0.380548 -0.806989
vn -0.448781 -0.877325 -0.169990
vn -0.450418 -0.877327 -0.165595
vn -0.263973 -0.805183 0.531036
vn -0.272169 -0.805190 0.526871
vn 0.065959 -0.346909 0.935577
vn 0.010645 -0.346981 0.937812
vn 0.786117 0.346981 0.511492
vn 0.754590 0.346909 0.556999
vn 0.590687 0.805190 0.052510
vn 0.589812 0.805183 0.061663
vn 0.101530 0.877326 -0.469031
vn 0.096942 0.877325 -0.470003
vn -0.342941 0.380547 -0.858822
vn -0.358643 0.380545 -0.852385
vn -0.527522 -0.380545 -0.759543
vn -0.541371 -0.380547 -0.749734
vn -0.465345 -0.877325 -0.117283
vn -0.466466 -0.877327 -0.112729
vn -0.201188 -0.805183 0.557857
vn -0.209809 -0.805190 0.554661
vn 0.173054 -0.346908 0.921795
vn 0.118363 -0.346981 0.930373
vn 0.839696 0.346981 0.417750
vn 0.813609 0.346909 0.466577
vn 0.592808 0.805191 -0.015729
vn 0.592991 0.805183 -0.006538
vn 0.046948 0.877326 -0.477593
vn 0.042279 0.877325 -0.478031
vn -0.439379 0.380547 -0.813714
vn -0.454237 0.380545 -0.805515
vn -0.611326 -0.380545 -0.693878
vn -0.623955 -0.380547 -0.682543
vn -0.475741 -0.877325 -0.063019
vn -0.476331 -0.877327 -0.058366
vn -0.135737 -0.805183 0.577283
vn -0.144667 -0.805191 0.575099
vn 0.277857 -0.346909 0.895796
vn 0.224513 -0.346981 0.910603
vn 0.882146 0.346981 0.318468
vn 0.861844 0.346909 0.369973
vn 0.587071 0.805190 -0.083760
vn 0.588310 0.805183 -0.074650
vn -0.008256 0.877326 -0.479823
vn -0.012945 0.877325 -0.479722
vn -0.529993 0.380547 -0.757820
vn -0.543810 0.380545 -0.747968
vn -0.687027 -0.380545 -0.619015
vn -0.698270 -0.380547 -0.606303
vn -0.479831 -0.877325 -0.007920
vn -0.479883 -0.877327 -0.003230
vn -0.068485 -0.805184 0.589058
vn -0.077608 -0.805191 0.587915
vn 0.378976 -0.346909 0.857922
vn 0.327689 -0.346981 0.878763
vn 0.912904 0.346981 0.214967
vn 0.898656 0.346909 0.268461
vn 0.573554 0.805190 -0.150681
vn 0.575831 0.805182 -0.141774
vn -0.063351 0.877326 -0.475694
vn -0.067997 0.877325 -0.475055
vn -0.613582 0.380547 -0.691882
vn -0.626175 0.380545 -0.680507
vn -0.753622 -0.380545 -0.535948
vn -0.763329 -0.380547 -0.522028
vn -0.477561 -0.877325 0.047282
vn -0.477074 -0.877327 0.051946
vn -0.000327 -0.805183 0.593027
vn -0.009520 -0.805191 0.592940
vn 0.475070 -0.346908 0.808680
vn 0.426519 -0.346981 0.835276
vn 0.931562 0.346981 0.108611
vn 0.923557 0.346909 0.163393
vn 0.552434 0.805190 -0.215606
vn 0.555720 0.805183 -0.207019
vn -0.117606 0.877326 -0.465261
vn -0.122148 0.877325 -0.464092
vn -0.689038 0.380548 -0.616774
vn -0.700241 0.380545 -0.604027
vn -0.810227 -0.380545 -0.445777
vn -0.818270 -0.380548 -0.430833
vn -0.468962 -0.877325 0.101857
vn -0.467942 -0.877327 0.106434
vn 0.067836 -0.805183 0.589134
vn 0.058694 -0.805191 0.590105
vn 0.564869 -0.346909 0.748717
vn 0.519695 -0.346980 0.780719
vn 0.937872 0.346981 0.000823
vn 0.936216 0.346909 0.056155
vn 0.523992 0.805191 -0.277671
vn 0.528243 0.805183 -0.269520
vn -0.170302 0.877327 -0.448659
vn -0.174680 0.877325 -0.446976
vn -0.755362 0.380548 -0.533490
vn -0.765026 0.380545 -0.519540
vn -0.856094 -0.380545 -0.349697
vn -0.862366 -0.380548 -0.333928
vn -0.454147 -0.877325 0.155085
vn -0.452607 -0.877327 0.159515
vn 0.135100 -0.805183 0.577432
vn 0.126130 -0.805191 0.579447
vn 0.647183 -0.346909 0.678829
vn 0.605986 -0.346981 0.715811
vn 0.931751 0.346981 -0.106976
vn 0.936466 0.346909 -0.051818
vn 0.488604 0.805191 -0.336056
vn 0.493764 0.805183 -0.328446
vn -0.220741 0.877327 -0.426111
vn -0.224896 0.877326 -0.423936
vn -0.811674 0.380548 -0.443136
vn -0.819670 0.380545 -0.428167
vn -0.890614 -0.380545 -0.248983
vn -0.895031 -0.380548 -0.232598
vn -0.433312 -0.877325 0.206256
vn -0.431273 -0.877326 0.210479
vn 0.200573 -0.805183 0.558078
vn 0.191894 -0.805190 0.561111
vn 0.720916 -0.346909 0.599945
vn 0.684244 -0.346982 0.641416
vn 0.913280 0.346981 -0.213365
vn 0.924304 0.346909 -0.159110
vn 0.446741 0.805190 -0.389989
vn 0.452741 0.805183 -0.383023
vn -0.268254 0.877327 -0.397917
vn -0.272132 0.877325 -0.395279
vn -0.857227 0.380548 -0.346907
vn -0.863450 0.380545 -0.331119
vn -0.913329 -0.380545 -0.144969
vn -0.915834 -0.380548 -0.128184
vn -0.406734 -0.877325 0.254690
vn -0.404224 -0.877327 0.258652
vn 0.263388 -0.805182 0.531328
vn 0.255114 -0.805190 0.535337
vn 0.785093 -0.346909 0.513111
vn 0.753431 -0.346981 0.558521
vn 0.882704 0.346980 -0.316921
vn 0.899890 0.346908 -0.264297
vn 0.398955 0.805190 -0.438753
vn 0.405717 0.805182 -0.432523
vn -0.312212 0.877326 -0.364448
vn -0.315760 0.877325 -0.361381
vn -0.891419 0.380548 -0.246081
vn -0.895786 0.380545 -0.229682
vn -0.923938 -0.380545 -0.039032
vn -0.924498 -0.380548 -0.022071
vn -0.374765 -0.877325 0.299752
vn -0.371816 -0.877327 0.303399
vn 0.322711 -0.805182 0.497534
vn 0.314954 -0.805190 0.502468
vn 0.838866 -0.346909 0.419474
vn 0.812632 -0.346981 0.468224
vn 0.840430 0.346981 -0.416271
vn 0.863550 0.346909 -0.365973
vn 0.345883 0.805190 -0.481699
vn 0.353315 0.805182 -0.476288
vn -0.352031 0.877327 -0.326147
vn -0.355204 0.877325 -0.322693
vn -0.913795 0.380548 -0.141993
vn -0.916248 0.380545 -0.125201
vn -0.922301 -0.380545 0.067421
vn -0.920908 -0.380548 0.084334
vn -0.337829 -0.877325 0.340841
vn -0.334480 -0.877326 0.344124
vn 0.377757 -0.805182 0.457145
vn 0.370618 -0.805190 0.462938
vn 0.881520 -0.346909 0.320276
vn 0.861063 -0.346981 0.371718
vn 0.787015 0.346981 -0.510110
vn 0.815765 0.346909 -0.462798
vn 0.288225 0.805190 -0.518261
vn 0.296231 0.805183 -0.513739
vn -0.387185 0.877327 -0.283523
vn -0.389939 0.877326 -0.279727
vn -0.924059 0.380548 -0.036024
vn -0.924566 0.380545 -0.019061
vn -0.908440 -0.380545 0.172981
vn -0.905112 -0.380548 0.189622
vn -0.296415 -0.877325 0.377410
vn -0.292711 -0.877327 0.380287
vn 0.427797 -0.805183 0.410694
vn 0.421371 -0.805191 0.417270
vn 0.912489 -0.346909 0.216835
vn 0.898081 -0.346981 0.270286
vn 0.723168 0.346981 -0.597187
vn 0.757164 0.346909 -0.553495
vn 0.226748 0.805190 -0.547955
vn 0.235220 0.805182 -0.544384
vn -0.417206 0.877327 -0.237143
vn -0.419506 0.877325 -0.233056
vn -0.922076 0.380548 0.070424
vn -0.920629 0.380545 0.087333
vn -0.882537 -0.380545 0.276248
vn -0.877319 -0.380548 0.292396
vn -0.251072 -0.877326 0.408978
vn -0.247062 -0.877327 0.411410
vn 0.472166 -0.805183 0.358803
vn 0.466539 -0.805191 0.366073
vn 0.931365 -0.346909 0.110518
vn 0.923195 -0.346981 0.165272
vn 0.649736 0.346981 -0.676349
vn 0.688529 0.346909 -0.636853
vn 0.162265 0.805191 -0.570383
vn 0.171091 0.805184 -0.567809
vn -0.441698 0.877326 -0.187620
vn -0.443513 0.877325 -0.183295
vn -0.907871 0.380548 0.175938
vn -0.904490 0.380545 0.192569
vn -0.844938 -0.380545 0.375854
vn -0.837897 -0.380548 0.391295
vn -0.202401 -0.877325 0.435125
vn -0.198138 -0.877327 0.437080
vn 0.510277 -0.805183 0.302157
vn 0.505522 -0.805190 0.310026
vn 0.937895 -0.346909 0.002740
vn 0.936073 -0.346981 0.058068
vn 0.567694 0.346981 -0.746544
vn 0.610768 0.346909 -0.711770
vn 0.095631 0.805192 -0.585253
vn 0.104695 0.805184 -0.583710
vn -0.460335 0.877327 -0.135608
vn -0.461641 0.877325 -0.131103
vn -0.881632 0.380547 0.279121
vn -0.876363 0.380545 0.295252
vn -0.796138 -0.380545 0.470478
vn -0.787370 -0.380547 0.485007
vn -0.151048 -0.877325 0.455506
vn -0.146588 -0.877326 0.456958
vn 0.541624 -0.805183 0.241504
vn 0.537805 -0.805190 0.249867
vn 0.931994 -0.346909 -0.105080
vn 0.936544 -0.346981 -0.049905
vn 0.478126 0.346981 -0.806846
vn 0.524913 0.346910 -0.777252
vn 0.027730 0.805190 -0.592368
vn 0.036911 0.805182 -0.591878
vn -0.472871 0.877327 -0.081800
vn -0.473650 0.877325 -0.077175
vn -0.843708 0.380547 0.378603
vn -0.836620 0.380545 0.394022
vn -0.736787 -0.380545 0.558865
vn -0.726407 -0.380547 0.572291
vn -0.097692 -0.877324 0.469849
vn -0.093095 -0.877326 0.470779
vn 0.565793 -0.805183 0.177651
vn 0.562960 -0.805190 0.186398
vn 0.913740 -0.346909 -0.211503
vn 0.924600 -0.346981 -0.157220
vn 0.382219 0.346981 -0.856454
vn 0.432097 0.346909 -0.832434
vn -0.040539 0.805189 -0.591631
vn -0.031362 0.805182 -0.592199
vn -0.479139 0.877327 -0.026909
vn -0.479382 0.877325 -0.022225
vn -0.794601 0.380548 0.473068
vn -0.785787 0.380545 0.487570
vn -0.667670 -0.380545 0.639846
vn -0.655815 -0.380548 0.651989
vn -0.043042 -0.877325 0.477962
vn -0.038369 -0.877327 0.478357
vn 0.582461 -0.805183 0.111445
vn 0.580653 -0.805190 0.120459
vn 0.883375 -0.346909 -0.315123
vn 0.900403 -0.346981 -0.262447
vn 0.281250 0.346981 -0.894708
vn 0.333556 0.346909 -0.876581
vn -0.108270 0.805190 -0.583049
vn -0.099220 0.805182 -0.584668
vn -0.479056 0.877327 0.028341
vn -0.478759 0.877325 0.033022
vn -0.734962 0.380548 0.561262
vn -0.724540 0.380545 0.574655
vn -0.589703 -0.380545 0.712346
vn -0.576531 -0.380548 0.723046
vn 0.012178 -0.877326 0.479741
vn 0.016866 -0.877327 0.479596
vn 0.591410 -0.805183 0.043759
vn 0.590650 -0.805191 0.052922
vn 0.841300 -0.346909 -0.414570
vn 0.864271 -0.346981 -0.364198
vn 0.176550 0.346981 -0.921105
vn 0.230596 0.346909 -0.909109
vn -0.174566 0.805191 -0.566741
vn -0.165762 0.805183 -0.569389
vn -0.472623 0.877327 0.083216
vn -0.471790 0.877325 0.087832
vn -0.665581 0.380548 0.642017
vn -0.653689 0.380545 0.654123
vn -0.503920 -0.380545 0.775404
vn -0.489605 -0.380548 0.784519
vn 0.067238 -0.877326 0.475162
vn 0.071878 -0.877327 0.474480
vn 0.592520 -0.805183 -0.024508
vn 0.592818 -0.805191 -0.015319
vn 0.788075 -0.346909 -0.508520
vn 0.816682 -0.346981 -0.461124
vn 0.069511 0.346981 -0.935293
vn 0.124576 0.346909 -0.929589
vn -0.238549 0.805191 -0.542921
vn -0.230107 0.805183 -0.546563
vn -0.459927 0.877327 0.136986
vn -0.458568 0.877325 0.141475
vn -0.587378 0.380548 0.714262
vn -0.574174 0.380545 0.724921
vn -0.411457 -0.380545 0.828184
vn -0.396190 -0.380548 0.835594
vn 0.121407 -0.877325 0.464285
vn 0.125938 -0.877327 0.463074
vn 0.585776 -0.805183 -0.092448
vn 0.587129 -0.805191 -0.083355
vn 0.724404 -0.346909 -0.595729
vn 0.758269 -0.346981 -0.551935
vn -0.038450 0.346981 -0.937084
vn 0.016906 0.346909 -0.937746
vn -0.299370 0.805190 -0.511904
vn -0.291403 0.805183 -0.516493
vn -0.441134 0.877327 0.188941
vn -0.439269 0.877325 0.193244
vn -0.501391 0.380548 0.777040
vn -0.487048 0.380545 0.786111
vn -0.313542 -0.380545 0.869987
vn -0.297524 -0.380548 0.875593
vn 0.173965 -0.877325 0.447255
vn 0.178327 -0.877327 0.445530
vn 0.571268 -0.805183 -0.159163
vn 0.573657 -0.805191 -0.150285
vn 0.651133 -0.346909 -0.675041
vn 0.689806 -0.346981 -0.635430
vn -0.145901 0.346981 -0.926454
vn -0.090988 0.346909 -0.933475
vn -0.356223 0.805191 -0.474103
vn -0.348836 0.805183 -0.479577
vn -0.416494 0.877327 0.238392
vn -0.414146 0.877325 0.242452
vn -0.408756 0.380548 0.829519
vn -0.393466 0.380545 0.836881
vn -0.211469 -0.380545 0.900259
vn -0.194913 -0.380548 0.903987
vn 0.224219 -0.877325 0.424295
vn 0.228353 -0.877327 0.422081
vn 0.549189 -0.805183 -0.223767
vn 0.552582 -0.805191 -0.215223
vn 0.569230 -0.346909 -0.745407
vn 0.612201 -0.346981 -0.710503
vn -0.251419 0.346981 -0.903545
vn -0.197676 0.346909 -0.916831
vn -0.408354 0.805191 -0.430017
vn -0.401645 0.805183 -0.436304
vn -0.386333 0.877327 0.284683
vn -0.383535 0.877325 0.288447
vn -0.310705 0.380548 0.871003
vn -0.294670 0.380545 0.876559
vn -0.106594 -0.380545 0.918599
vn -0.089720 -0.380548 0.920399
vn 0.271500 -0.877325 0.395713
vn 0.275353 -0.877327 0.393038
vn 0.519830 -0.805183 -0.285407
vn 0.524183 -0.805191 -0.277308
vn 0.479782 -0.346909 -0.805893
vn 0.526479 -0.346981 -0.776160
vn -0.353603 0.346981 -0.868659
vn -0.301745 0.346909 -0.888034
vn -0.455073 0.805191 -0.380232
vn -0.449131 0.805183 -0.387248
vn -0.351052 0.877327 0.327200
vn -0.347840 0.877325 0.330617
vn -0.208535 0.380547 0.900942
vn -0.191968 0.380544 0.904618
vn -0.000307 -0.380545 0.924762
vn 0.016662 -0.380548 0.924611
vn 0.315183 -0.877325 0.361885
vn 0.318703 -0.877326 0.358785
vn 0.483581 -0.805183 -0.343264
vn 0.488836 -0.805191 -0.335720
vn 0.383976 -0.346909 -0.855697
vn 0.433781 -0.346981 -0.831528
vn -0.451101 0.346981 -0.822261
vn -0.401813 0.346909 -0.847467
vn -0.495760 0.805191 -0.325407
vn -0.490664 0.805183 -0.333060
vn -0.311119 0.877327 0.365380
vn -0.307535 0.877326 0.368405
vn -0.103601 0.380547 0.918940
vn -0.086721 0.380544 0.920687
vn 0.105985 -0.380545 0.918669
vn 0.122824 -0.380548 0.916568
vn 0.354688 -0.877325 0.323260
vn 0.357828 -0.877326 0.319777
vn 0.440922 -0.805183 -0.396570
vn 0.447009 -0.805191 -0.389680
vn 0.283080 -0.346909 -0.894159
vn 0.335333 -0.346981 -0.875874
vn -0.542620 0.346981 -0.764963
vn -0.496555 0.346909 -0.795668
vn -0.529876 0.805191 -0.266269
vn -0.525693 0.805183 -0.274457
vn -0.267061 0.877326 0.398719
vn -0.263153 0.877325 0.401312
vn 0.002706 0.380547 0.924757
vn 0.019675 0.380545 0.924553
vn 0.210872 -0.380545 0.900399
vn 0.227358 -0.380548 0.896377
vn 0.389492 -0.877325 0.280350
vn 0.392211 -0.877327 0.276528
vn 0.392420 -0.805183 -0.444620
vn 0.399258 -0.805191 -0.438475
vn 0.178430 -0.346909 -0.920770
vn 0.232439 -0.346981 -0.908612
vn -0.626947 0.346981 -0.697525
vn -0.584717 0.346909 -0.733322
vn -0.556969 0.805191 -0.203602
vn -0.553755 0.805183 -0.212216
vn -0.219463 0.877326 0.426772
vn -0.215283 0.877325 0.428899
vn 0.108977 0.380548 0.918318
vn 0.125810 0.380545 0.916164
vn 0.312964 -0.380545 0.870195
vn 0.328879 -0.380547 0.864304
vn 0.419134 -0.877325 0.233725
vn 0.421395 -0.877327 0.229616
vn 0.338715 -0.805183 -0.486777
vn 0.346215 -0.805191 -0.481459
vn 0.071417 -0.346909 -0.935176
vn 0.126464 -0.346981 -0.929307
vn -0.702964 0.346981 -0.620843
vn -0.665128 0.346909 -0.661255
vn -0.576679 0.805191 -0.138238
vn -0.574477 0.805183 -0.147163
vn -0.168957 0.877327 0.449167
vn -0.164560 0.877325 0.450800
vn 0.213804 0.380548 0.899706
vn 0.230278 0.380545 0.895633
vn 0.410908 -0.380545 0.828457
vn 0.426041 -0.380548 0.820776
vn 0.443220 -0.877325 0.184002
vn 0.444994 -0.877327 0.179661
vn 0.280522 -0.805183 -0.522482
vn 0.288583 -0.805191 -0.518061
vn -0.036542 -0.346909 -0.937187
vn 0.018815 -0.346981 -0.937684
vn -0.769663 0.346981 -0.535933
vn -0.736723 0.346909 -0.580425
vn -0.588746 0.805191 -0.071038
vn -0.587584 0.805183 -0.080159
vn -0.116211 0.877327 0.465610
vn -0.111656 0.877326 0.466726
vn 0.315797 0.380548 0.869170
vn 0.331694 0.380545 0.863229
vn 0.503405 -0.380545 0.775738
vn 0.517555 -0.380547 0.766369
vn 0.461431 -0.877325 0.131839
vn 0.462695 -0.877327 0.127323
vn 0.218610 -0.805183 -0.551263
vn 0.227126 -0.805191 -0.547798
vn -0.144018 -0.346909 -0.926776
vn -0.089084 -0.346981 -0.933632
vn -0.826160 0.346981 -0.443918
vn -0.798552 0.346909 -0.491903
vn -0.593009 0.805191 -0.002898
vn -0.592903 0.805183 -0.012091
vn -0.061925 0.877327 0.475881
vn -0.057271 0.877325 0.476466
vn 0.413604 0.380548 0.827113
vn 0.428712 0.380545 0.819385
vn 0.589230 -0.380545 0.712737
vn 0.602209 -0.380548 0.701803
vn 0.473526 -0.877325 0.077931
vn 0.474263 -0.877327 0.073299
vn 0.153800 -0.805183 -0.572736
vn 0.162658 -0.805190 -0.570273
vn -0.249584 -0.346909 -0.904081
vn -0.195803 -0.346981 -0.917205
vn -0.871708 0.346981 -0.346020
vn -0.849798 0.346909 -0.396859
vn -0.589412 0.805191 0.065280
vn -0.590364 0.805183 0.056135
vn -0.006818 0.877327 0.479845
vn -0.002128 0.877325 0.479891
vn 0.505929 0.380548 0.774093
vn 0.520049 0.380545 0.764679
vn 0.667245 -0.380545 0.640289
vn 0.678882 -0.380547 0.627936
vn 0.479345 -0.877325 0.022989
vn 0.479544 -0.877327 0.018303
vn 0.086952 -0.805184 -0.586615
vn 0.096035 -0.805192 -0.585187
vn -0.351844 -0.346909 -0.869402
vn -0.299926 -0.346981 -0.888622
vn -0.905702 0.346981 -0.243534
vn -0.889780 0.346909 -0.296556
vn -0.578003 0.805191 0.132593
vn -0.579999 0.805183 0.123619
vn 0.048379 0.877327 0.477449
vn 0.053043 0.877325 0.476956
vn 0.591548 0.380548 0.710812
vn 0.604493 0.380545 0.699839
vn 0.736416 -0.380545 0.559354
vn 0.746556 -0.380547 0.545746
vn 0.478811 -0.877325 -0.032259
vn 0.478470 -0.877327 -0.036937
vn 0.018952 -0.805183 -0.592724
vn 0.028138 -0.805191 -0.592348
vn -0.449438 -0.346909 -0.823201
vn -0.400075 -0.346981 -0.848260
vn -0.927690 0.346981 -0.137822
vn -0.917969 0.346909 -0.192321
vn -0.558932 0.805191 0.198147
vn -0.561947 0.805183 0.189462
vn 0.102935 0.877327 0.468724
vn 0.107512 0.877325 0.467698
vn 0.669326 0.380547 0.638111
vn 0.680924 0.380545 0.625722
vn 0.795826 -0.380545 0.471005
vn 0.804335 -0.380547 0.456322
vn 0.471929 -0.877325 -0.087078
vn 0.471053 -0.877327 -0.091686
vn -0.049300 -0.805182 -0.590975
vn -0.040131 -0.805190 -0.591658
vn -0.541077 -0.346909 -0.766088
vn -0.494919 -0.346981 -0.796655
vn -0.937383 0.346981 -0.030281
vn -0.933990 0.346909 -0.085538
vn -0.532454 0.805191 0.261076
vn -0.536447 0.805183 0.252795
vn 0.156127 0.877327 0.453786
vn 0.160555 0.877325 0.452242
vn 0.738234 0.380547 0.556951
vn 0.748330 0.380545 0.543311
vn 0.844688 -0.380545 0.376414
vn 0.851452 -0.380547 0.360850
vn 0.458794 -0.877326 -0.140742
vn 0.457394 -0.877327 -0.145219
vn -0.116898 -0.805184 -0.581390
vn -0.107869 -0.805191 -0.583122
vn -0.625543 -0.346909 -0.698820
vn -0.583206 -0.346981 -0.734490
vn -0.934651 0.346981 0.077661
vn -0.937632 0.346909 0.022381
vn -0.498918 0.805191 0.320543
vn -0.503836 0.805183 0.312776
vn 0.207249 0.877327 0.432835
vn 0.211471 0.877325 0.430791
vn 0.797356 0.380548 0.468409
vn 0.805818 0.380545 0.453699
vn 0.882354 -0.380545 0.276833
vn 0.887285 -0.380548 0.260594
vn 0.439576 -0.877325 -0.192543
vn 0.437671 -0.877327 -0.196829
vn -0.182947 -0.805184 -0.564101
vn -0.174177 -0.805192 -0.566859
vn -0.701718 -0.346909 -0.622291
vn -0.663761 -0.346981 -0.662590
vn -0.919531 0.346981 0.184572
vn -0.928845 0.346909 0.130002
vn -0.458768 0.805191 0.375766
vn -0.464547 0.805183 0.368614
vn 0.255625 0.877327 0.406146
vn 0.259583 0.877325 0.403630
vn 0.845909 0.380548 0.373659
vn 0.852625 0.380545 0.358074
vn 0.908325 -0.380545 0.173582
vn 0.911357 -0.380548 0.156884
vn 0.414533 -0.877325 -0.241791
vn 0.412148 -0.877327 -0.245830
vn -0.246571 -0.805184 -0.539334
vn -0.238176 -0.805192 -0.543083
vn -0.768590 -0.346908 -0.537516
vn -0.735518 -0.346981 -0.581909
vn -0.892223 0.346981 0.289036
vn -0.907748 0.346909 0.235899
vn -0.412538 0.805190 0.426006
vn -0.419100 0.805182 0.419567
vn 0.300612 0.877327 0.374073
vn 0.304255 0.877325 0.371119
vn 0.883251 0.380547 0.273956
vn 0.888130 0.380545 0.257702
vn 0.922257 -0.380545 0.068031
vn 0.923349 -0.380547 0.051097
vn 0.383995 -0.877326 -0.287833
vn 0.381161 -0.877327 -0.291570
vn -0.306926 -0.805183 -0.507422
vn -0.299018 -0.805191 -0.512110
vn -0.825278 -0.346909 -0.445613
vn -0.797525 -0.346981 -0.493516
vn -0.853088 0.346981 0.389672
vn -0.874619 0.346909 0.338669
vn -0.360841 0.805191 0.470597
vn -0.368100 0.805183 0.464955
vn 0.341614 0.877327 0.337041
vn 0.344894 0.877326 0.333688
vn 0.908885 0.380547 0.170622
vn 0.911864 0.380545 0.153915
vn 0.923964 -0.380545 -0.038421
vn 0.923102 -0.380547 -0.055370
vn 0.348367 -0.877326 -0.330061
vn 0.345123 -0.877327 -0.333448
vn -0.363214 -0.805183 -0.468782
vn -0.355896 -0.805190 -0.474349
vn -0.871027 -0.346909 -0.347801
vn -0.848965 -0.346981 -0.398577
vn -0.802647 0.346981 0.485141
vn -0.829896 0.346909 0.436952
vn -0.304361 0.805191 0.508952
vn -0.312220 0.805183 0.504181
vn 0.378089 0.877327 0.295543
vn 0.380962 0.877326 0.291836
vn 0.922472 0.380547 0.065026
vn 0.923511 0.380545 0.048088
vn 0.913425 -0.380545 -0.144365
vn 0.910621 -0.380547 -0.161102
vn 0.308122 -0.877325 -0.367914
vn 0.304510 -0.877327 -0.370906
vn -0.414688 -0.805183 -0.423927
vn -0.408058 -0.805191 -0.430297
vn -0.905230 -0.346909 -0.245385
vn -0.889150 -0.346981 -0.298356
vn -0.741567 0.346981 0.574180
vn -0.774174 0.346909 0.529441
vn -0.243846 0.805191 0.540561
vn -0.252201 0.805184 0.536725
vn 0.409553 0.877327 0.250129
vn 0.411980 0.877325 0.246115
vn 0.923833 0.380547 -0.041431
vn 0.922918 0.380545 -0.058377
vn 0.890778 -0.380545 -0.248394
vn 0.886069 -0.380548 -0.264698
vn 0.263793 -0.877325 -0.400892
vn 0.259861 -0.877327 -0.403448
vn -0.460664 -0.805183 -0.373455
vn -0.454811 -0.805191 -0.380545
vn -0.927434 -0.346909 -0.139714
vn -0.917549 -0.346981 -0.194184
vn -0.670658 0.346981 0.655608
vn -0.708191 0.346909 0.614914
vn -0.180099 0.805191 0.565006
vn -0.188840 0.805183 0.562156
vn 0.435587 0.877327 0.201398
vn 0.437537 0.877325 0.197133
vn 0.912948 0.380547 -0.147339
vn 0.910092 0.380545 -0.164067
vn 0.856325 -0.380545 -0.349132
vn 0.849773 -0.380548 -0.364786
vn 0.215967 -0.877325 -0.428555
vn 0.211767 -0.877326 -0.430643
vn -0.500535 -0.805182 -0.318034
vn -0.495536 -0.805190 -0.325750
vn -0.937346 -0.346909 -0.032191
vn -0.933788 -0.346981 -0.087436
vn -0.590860 0.346981 0.728346
vn -0.632822 0.346909 0.692236
vn -0.113965 0.805191 0.581962
vn -0.122976 0.805183 0.580136
vn 0.455849 0.877327 0.149999
vn 0.457296 0.877325 0.145537
vn 0.889963 0.380548 -0.251295
vn 0.885203 0.380545 -0.267584
vn 0.810522 -0.380545 -0.445242
vn 0.802214 -0.380547 -0.460040
vn 0.165279 -0.877325 -0.450537
vn 0.160867 -0.877327 -0.452128
vn -0.533772 -0.805183 -0.258396
vn -0.529692 -0.805190 -0.266636
vn -0.934834 -0.346909 0.075759
vn -0.937649 -0.346981 0.020470
vn -0.503229 0.346981 0.791432
vn -0.549064 0.346909 0.760384
vn -0.046321 0.805191 0.591203
vn -0.055481 0.805184 0.590425
vn 0.470068 0.877327 0.096610
vn 0.470993 0.877325 0.092012
vn 0.855182 0.380547 -0.351920
vn 0.848581 0.380545 -0.367554
vn 0.753975 -0.380545 -0.535450
vn 0.744022 -0.380548 -0.549195
vn 0.112400 -0.877326 -0.466547
vn 0.107835 -0.877327 -0.467621
vn -0.559934 -0.805183 -0.195330
vn -0.556829 -0.805191 -0.203984
vn -0.919932 -0.346909 0.182702
vn -0.929082 -0.346981 0.128105
vn -0.408929 0.346981 0.844027
vn -0.458028 0.346909 0.818453
vn 0.021938 0.805191 0.592609
vn 0.012748 0.805184 0.592889
vn 0.478057 0.877327 0.041942
vn 0.478447 0.877325 0.037268
vn 0.809066 0.380548 -0.447880
vn 0.800712 0.380545 -0.462651
vn 0.687435 -0.380545 -0.618562
vn 0.675968 -0.380548 -0.631071
vn 0.058032 -0.877325 -0.476374
vn 0.053373 -0.877327 -0.476916
vn -0.578674 -0.805183 -0.129679
vn -0.576584 -0.805191 -0.138632
vn -0.892835 -0.346909 0.287228
vn -0.908201 -0.346981 0.234042
vn -0.309209 0.346981 0.885434
vn -0.360922 0.346909 0.865673
vn 0.089906 0.805191 0.586161
vn 0.080809 0.805183 0.587495
vn 0.479710 0.877327 -0.013282
vn 0.479559 0.877325 -0.017970
vn 0.752226 0.380548 -0.537903
vn 0.742230 0.380545 -0.551617
vn 0.611784 -0.380545 -0.693474
vn 0.598954 -0.380547 -0.704583
vn 0.002894 -0.877325 -0.479888
vn -0.001796 -0.877327 -0.479890
vn -0.589744 -0.805183 -0.062309
vn -0.588697 -0.805191 -0.071443
vn -0.853905 -0.346909 0.387943
vn -0.875281 -0.346981 0.336878
vn -0.205391 0.346981 0.915106
vn -0.259032 0.346909 0.901419
vn 0.156681 0.805191 0.571943
vn 0.147798 0.805183 0.574314
vn 0.475004 0.877327 -0.068331
vn 0.474316 0.877325 -0.072971
vn 0.685415 0.380547 -0.620797
vn 0.673909 0.380545 -0.633271
vn 0.528023 -0.380545 -0.759195
vn 0.514003 -0.380547 -0.768755
vn -0.052282 -0.877325 -0.477040
vn -0.056942 -0.877326 -0.476504
vn -0.592997 -0.805183 0.005887
vn -0.593007 -0.805191 -0.003307
vn -0.803656 -0.346909 0.483520
vn -0.830761 -0.346981 0.435247
vn -0.098849 0.346981 0.932649
vn -0.153708 0.346909 0.925218
vn 0.221381 0.805191 0.550144
vn 0.212829 0.805183 0.553520
vn 0.464002 0.877327 -0.122475
vn 0.462785 0.877325 -0.127004
vn 0.609520 0.380547 -0.695463
vn 0.596656 0.380545 -0.706532
vn 0.437264 -0.380545 -0.814853
vn 0.422237 -0.380548 -0.822739
vn -0.106766 -0.877325 -0.467870
vn -0.111332 -0.877326 -0.466801
vn -0.588391 -0.805183 0.074005
vn -0.589457 -0.805191 0.064873
vn -0.742757 -0.346909 0.572684
vn -0.775229 -0.346981 0.527849
vn 0.009002 0.346981 0.937829
vn -0.046347 0.346909 0.936753
vn 0.283146 0.805191 0.521053
vn 0.275039 0.805183 0.525389
vn 0.446850 0.877327 -0.174994
vn 0.445121 0.877325 -0.179354
vn 0.525546 0.380547 -0.760911
vn 0.511496 0.380545 -0.770427
vn 0.340709 -0.380545 -0.859711
vn 0.324875 -0.380548 -0.865817
vn -0.159834 -0.877325 -0.452497
vn -0.164247 -0.877327 -0.450911
vn -0.575985 -0.805183 0.141143
vn -0.578094 -0.805191 0.132194
vn -0.672011 -0.346909 0.654259
vn -0.709423 -0.346981 0.613452
vn 0.116734 0.346981 0.930579
vn 0.061627 0.346909 0.935872
vn 0.341158 0.805191 0.485056
vn 0.333603 0.805183 0.490296
vn 0.423775 0.877327 -0.225194
vn 0.421557 0.877325 -0.229326
vn 0.434607 0.380548 -0.816273
vn 0.419555 0.380545 -0.824111
vn 0.239638 -0.380545 -0.893174
vn 0.223208 -0.380548 -0.897420
vn -0.210783 -0.877326 -0.431127
vn -0.214985 -0.877327 -0.429044
vn -0.555945 -0.805183 0.206410
vn -0.559069 -0.805191 0.197763
vn -0.592359 -0.346909 0.727163
vn -0.634212 -0.346981 0.690927
vn 0.222918 0.346981 0.910995
vn 0.168786 0.346909 0.922586
vn 0.394648 0.805191 0.442630
vn 0.387745 0.805183 0.448703
vn 0.395084 0.877327 -0.272409
vn 0.392405 0.877325 -0.276259
vn 0.337906 0.380548 -0.860816
vn 0.322053 0.380545 -0.866872
vn 0.135390 -0.380545 -0.914798
vn 0.118581 -0.380548 -0.917127
vn -0.258939 -0.877326 -0.404042
vn -0.262874 -0.877327 -0.401490
vn -0.528537 -0.805183 0.268941
vn -0.532633 -0.805191 0.260710
vn -0.504854 -0.346909 0.790428
vn -0.550595 -0.346981 0.759242
vn 0.326149 0.346981 0.879336
vn 0.273706 0.346909 0.897073
vn 0.442907 0.805191 0.394336
vn 0.436748 0.805183 0.401163
vn 0.361155 0.877327 -0.316014
vn 0.358051 0.877325 -0.319530
vn 0.236726 0.380547 -0.893949
vn 0.220283 0.380545 -0.898143
vn 0.029349 -0.380545 -0.924297
vn 0.012383 -0.380548 -0.924678
vn -0.303661 -0.877326 -0.371603
vn -0.307277 -0.877328 -0.368616
vn -0.494121 -0.805184 0.327908
vn -0.499136 -0.805192 0.320202
vn -0.410656 -0.346909 0.843217
vn -0.459680 -0.346981 0.817495
vn 0.425055 0.346981 0.836022
vn 0.375001 0.346909 0.859668
vn 0.485295 0.805191 0.340817
vn 0.479962 0.805183 0.348306
vn 0.322439 0.877327 -0.355429
vn 0.318952 0.877326 -0.358566
vn 0.132409 0.380547 -0.915233
vn 0.115592 0.380545 -0.917510
vn -0.077081 -0.380545 -0.921544
vn -0.093978 -0.380547 -0.919974
vn -0.344360 -0.877326 -0.334239
vn -0.347608 -0.877327 -0.330856
vn -0.453158 -0.805184 0.382528
vn -0.459025 -0.805192 0.375450
vn -0.311020 -0.346909 0.884828
vn -0.362671 -0.346981 0.864912
vn 0.518327 0.346981 0.781627
vn 0.471322 0.346909 0.810870
vn 0.521251 0.805192 0.282780
vn 0.516813 0.805184 0.290832
vn 0.279450 0.877327 -0.390134
vn 0.275625 0.877326 -0.392849
vn 0.026337 0.380548 -0.924386
vn 0.009370 0.380545 -0.924715
vn -0.182490 -0.380545 -0.906578
vn -0.199095 -0.380547 -0.903075
vn -0.380495 -0.877325 -0.292445
vn -0.383332 -0.877327 -0.288711
vn -0.406188 -0.805184 0.432077
vn -0.412831 -0.805191 0.425720
vn -0.207259 -0.346909 0.914712
vn -0.260859 -0.346981 0.900864
vn 0.604730 0.346981 0.716872
vn 0.561397 0.346909 0.751324
vn 0.550299 0.805191 0.220994
vn 0.546816 0.805184 0.229503
vn 0.232757 0.877327 -0.419668
vn 0.228646 0.877326 -0.421925
vn -0.080084 0.380548 -0.921287
vn -0.096976 0.380545 -0.919664
vn -0.285481 -0.380545 -0.879594
vn -0.301573 -0.380548 -0.874207
vn -0.411586 -0.877325 -0.246774
vn -0.413976 -0.877327 -0.242738
vn -0.353836 -0.805183 0.475900
vn -0.361164 -0.805191 0.470349
vn -0.100752 -0.346909 0.932472
vn -0.155588 -0.346981 0.924877
vn 0.683118 0.346981 0.642615
vn 0.644032 0.346909 0.681819
vn 0.572053 0.805191 0.156280
vn 0.569571 0.805183 0.165132
vn 0.182980 0.877327 -0.443640
vn 0.178636 0.877325 -0.445409
vn -0.185443 0.380548 -0.905977
vn -0.202037 0.380545 -0.902423
vn -0.384687 -0.380545 -0.840953
vn -0.400053 -0.380548 -0.833751
vn -0.437222 -0.877325 -0.197830
vn -0.439132 -0.877327 -0.193546
vn -0.296792 -0.805183 0.513415
vn -0.304711 -0.805191 0.508743
vn 0.007091 -0.346909 0.937872
vn -0.048255 -0.346981 0.936630
vn 0.752451 0.346981 0.559841
vn 0.718130 0.346909 0.603278
vn 0.586224 0.805191 0.089494
vn 0.584776 0.805183 0.098573
vn 0.130777 0.877327 -0.461731
vn 0.126259 0.877325 -0.462989
vn -0.288344 0.380547 -0.878659
vn -0.304419 0.380545 -0.873221
vn -0.478794 -0.380545 -0.791165
vn -0.493230 -0.380547 -0.782245
vn -0.457062 -0.877326 -0.146266
vn -0.458468 -0.877327 -0.141792
vn -0.235815 -0.805183 0.544125
vn -0.244218 -0.805191 0.540394
vn 0.114840 -0.346909 0.930842
vn 0.059718 -0.346981 0.935969
vn 0.811811 0.346981 0.469646
vn 0.782709 0.346909 0.516740
vn 0.592625 0.805191 0.021523
vn 0.592231 0.805183 0.030708
vn 0.076840 0.877327 -0.473701
vn 0.072207 0.877326 -0.474432
vn -0.387424 0.380547 -0.839694
vn -0.402767 0.380545 -0.832445
vn -0.566555 -0.380544 -0.730891
vn -0.579871 -0.380547 -0.720370
vn -0.470845 -0.877325 -0.092766
vn -0.471726 -0.877327 -0.088160
vn -0.171712 -0.805184 0.567622
vn -0.180489 -0.805191 0.564882
vn 0.221067 -0.346909 0.911473
vn 0.166900 -0.346981 0.922902
vn 0.860410 0.346981 0.373227
vn 0.836915 0.346909 0.423353
vn 0.591171 0.805191 -0.046735
vn 0.591835 0.805183 -0.037564
vn 0.021885 0.877327 -0.479394
vn 0.017199 0.877325 -0.479588
vn -0.481368 0.380547 -0.789600
vn -0.495777 0.380545 -0.780635
vn -0.646807 -0.380545 -0.660928
vn -0.658825 -0.380547 -0.648948
vn -0.478387 -0.877325 -0.038034
vn -0.478733 -0.877327 -0.033356
vn -0.105334 -0.805184 0.583596
vn -0.114366 -0.805191 0.581883
vn 0.324363 -0.346909 0.880024
vn 0.271870 -0.346981 0.897603
vn 0.897606 0.346981 0.271860
vn 0.880027 0.346909 0.324355
vn 0.581882 0.805191 -0.114373
vn 0.583596 0.805183 -0.105340
vn -0.033360 0.877327 -0.478732
vn -0.038037 0.877326 -0.478386
vn -0.568932 0.380548 -0.729041
vn -0.582215 0.380545 -0.718479
vn -0.718485 -0.380545 -0.582207
vn -0.729047 -0.380548 -0.568924
vn -0.479588 -0.877325 0.017205
vn -0.479394 -0.877327 0.021891
vn -0.037558 -0.805183 0.591836
vn -0.046729 -0.805191 0.591172
vn 0.423362 -0.346909 0.836910
vn 0.373235 -0.346981 0.860407
vn 0.922904 0.346981 0.166890
vn 0.911476 0.346909 0.221058
vn 0.564880 0.805191 -0.180494
vn 0.567621 0.805183 -0.171718
vn -0.088163 0.877327 -0.471725
vn -0.092769 0.877325 -0.470844
vn -0.648955 0.380548 -0.658818
vn -0.660936 0.380545 -0.646799
vn -0.780641 -0.380545 -0.495768
vn -0.789606 -0.380547 -0.481359
vn -0.474432 -0.877325 0.072215
vn -0.473701 -0.877327 0.076848
vn 0.030714 -0.805182 0.592232
vn 0.021529 -0.805190 0.592626
vn 0.516748 -0.346909 0.782704
vn 0.469655 -0.346981 0.811806
vn 0.935970 0.346981 0.059707
vn 0.930843 0.346909 0.114829
vn 0.540391 0.805191 -0.244224
vn 0.544122 0.805183 -0.235821
vn -0.141797 0.877327 -0.458466
vn -0.146272 0.877325 -0.457061
vn -0.720377 0.380547 -0.579863
vn -0.730897 0.380545 -0.566547
vn -0.832449 -0.380545 -0.402758
vn -0.839699 -0.380547 -0.387415
vn -0.462988 -0.877325 0.126264
vn -0.461729 -0.877327 0.130782
vn 0.098580 -0.805183 0.584775
vn 0.089500 -0.805191 0.586223
vn 0.603285 -0.346909 0.718124
vn 0.559848 -0.346981 0.752445
vn 0.936629 0.346981 -0.048264
vn 0.937872 0.346909 0.007080
vn 0.508739 0.805191 -0.304717
vn 0.513411 0.805183 -0.296798
vn -0.193552 0.877327 -0.439129
vn -0.197836 0.877326 -0.437219
vn -0.782250 0.380548 -0.493222
vn -0.791170 0.380545 -0.478785
vn -0.873224 -0.380545 -0.304410
vn -0.878662 -0.380548 -0.288334
vn -0.445407 -0.877326 0.178639
vn -0.443638 -0.877327 0.182982
vn 0.165139 -0.805184 0.569568
vn 0.156286 -0.805192 0.572049
vn 0.681826 -0.346909 0.644024
vn 0.642622 -0.346981 0.683111
vn 0.924875 0.346981 -0.155598
vn 0.932471 0.346909 -0.100761
vn 0.470345 0.805191 -0.361170
vn 0.475896 0.805183 -0.353841
vn -0.242742 0.877327 -0.413973
vn -0.246777 0.877326 -0.411583
vn -0.833756 0.380547 -0.400044
vn -0.840957 0.380545 -0.384678
vn -0.902425 -0.380545 -0.202026
vn -0.905979 -0.380547 -0.185432
vn -0.421923 -0.877325 0.228651
vn -0.419666 -0.877327 0.232762
vn 0.229509 -0.805183 0.546815
vn 0.221000 -0.805191 0.550297
vn 0.751329 -0.346909 0.561390
vn 0.716878 -0.346981 0.604723
vn 0.900861 0.346981 -0.260870
vn 0.914710 0.346909 -0.207270
vn 0.425716 0.805191 -0.412836
vn 0.432073 0.805183 -0.406194
vn -0.288714 0.877327 -0.383330
vn -0.292448 0.877326 -0.380492
vn -0.874210 0.380547 -0.301564
vn -0.879597 0.380545 -0.285472
vn -0.919665 -0.380545 -0.096966
vn -0.921288 -0.380547 -0.080074
vn -0.392846 -0.877325 0.275632
vn -0.390131 -0.877326 0.279456
vn 0.290837 -0.805182 0.516813
vn 0.282785 -0.805190 0.521251
vn 0.810874 -0.346909 0.471314
vn 0.781632 -0.346981 0.518321
vn 0.864908 0.346981 -0.362683
vn 0.884825 0.346909 -0.311030
vn 0.375445 0.805191 -0.459030
vn 0.382523 0.805183 -0.453162
vn -0.330859 0.877327 -0.347605
vn -0.334243 0.877326 -0.344357
vn -0.903077 0.380547 -0.199086
vn -0.906579 0.380545 -0.182481
vn -0.924715 -0.380545 0.009380
vn -0.924386 -0.380547 0.026347
vn -0.358563 -0.877325 0.318956
vn -0.355427 -0.877327 0.322443
vn 0.348310 -0.805183 0.479959
vn 0.340821 -0.805190 0.485293
vn 0.859672 -0.346909 0.374992
vn 0.836026 -0.346981 0.425047
vn 0.817490 0.346981 -0.459690
vn 0.843212 0.346909 -0.410668
vn 0.320197 0.805191 -0.499140
vn 0.327903 0.805183 -0.494125
vn -0.368619 0.877327 -0.307274
vn -0.371607 0.877326 -0.303658
vn -0.919975 0.380548 -0.093970
vn -0.921545 0.380545 -0.077073
vn -0.917509 -0.380545 0.115602
vn -0.915232 -0.380547 0.132418
vn -0.319527 -0.877326 0.358054
vn -0.316011 -0.877327 0.361157
vn 0.401167 -0.805183 0.436744
vn 0.394341 -0.805191 0.442903
vn 0.897075 -0.346909 0.273698
vn 0.879339 -0.346981 0.326140
vn 0.759238 0.346981 -0.550602
vn 0.790423 0.346909 -0.504863
vn 0.260705 0.805191 -0.532635
vn 0.268936 0.805184 -0.528538
vn -0.401494 0.877327 -0.262870
vn -0.404046 0.877325 -0.258935
vn -0.924678 0.380548 0.012392
vn -0.924296 0.380545 0.029358
vn -0.898141 -0.380545 0.220291
vn -0.893947 -0.380548 0.236735
vn -0.276256 -0.877326 0.392406
vn -0.272406 -0.877327 0.395085
vn 0.448706 -0.805183 0.387741
vn 0.442633 -0.805191 0.394643
vn 0.922588 -0.346909 0.168777
vn 0.910997 -0.346981 0.222909
vn 0.690921 0.346981 -0.634217
vn 0.727158 0.346909 -0.592364
vn 0.197758 0.805191 -0.559070
vn 0.206405 0.805183 -0.555947
vn -0.429046 0.877327 -0.214981
vn -0.431129 0.877325 -0.210779
vn -0.917126 0.380548 0.118590
vn -0.914797 0.380545 0.135399
vn -0.866869 -0.380545 0.322061
vn -0.860813 -0.380548 0.337913
vn -0.229323 -0.877325 0.421559
vn -0.225190 -0.877327 0.423777
vn 0.490298 -0.805183 0.333598
vn 0.485059 -0.805191 0.341154
vn 0.935872 -0.346909 0.061619
vn 0.930580 -0.346981 0.116725
vn 0.613447 0.346981 -0.709427
vn 0.654254 0.346909 -0.672017
vn 0.132190 0.805191 -0.578095
vn 0.141138 0.805183 -0.575986
vn -0.450912 0.877327 -0.164243
vn -0.452499 0.877325 -0.159829
vn -0.897418 0.380548 0.223215
vn -0.893172 0.380545 0.239646
vn -0.824108 -0.380545 0.419561
vn -0.816269 -0.380548 0.434613
vn -0.179350 -0.877325 0.445122
vn -0.174990 -0.877327 0.446851
vn 0.525392 -0.805183 0.275035
vn 0.521055 -0.805191 0.283141
vn 0.936753 -0.346909 -0.046356
vn 0.937829 -0.346981 0.008993
vn 0.527842 0.346981 -0.775234
vn 0.572678 0.346909 -0.742761
vn 0.064869 0.805191 -0.589457
vn 0.074001 0.805183 -0.588391
vn -0.466802 0.877327 -0.111328
vn -0.467870 0.877325 -0.106761
vn -0.865815 0.380548 0.324882
vn -0.859708 0.380545 0.340716
vn -0.770423 -0.380545 0.511502
vn -0.760906 -0.380547 0.525552
vn -0.127001 -0.877325 0.462786
vn -0.122471 -0.877327 0.464003
vn 0.553521 -0.805183 0.212826
vn 0.550145 -0.805191 0.221378
vn 0.925217 -0.346909 -0.153715
vn 0.932648 -0.346981 -0.098857
vn 0.435242 0.346981 -0.830764
vn 0.483512 0.346909 -0.803661
vn -0.003311 0.805191 -0.593007
vn 0.005883 0.805183 -0.592997
vn -0.476504 0.877327 -0.056938
vn -0.477040 0.877325 -0.052279
vn -0.822736 0.380547 0.422243
vn -0.814850 0.380545 0.437270
vn -0.706527 -0.380545 0.596662
vn -0.695458 -0.380547 0.609526
vn -0.072968 -0.877325 0.474316
vn -0.068329 -0.877327 0.475004
vn 0.574314 -0.805183 0.147795
vn 0.571944 -0.805191 0.156678
vn 0.901417 -0.346909 -0.259040
vn 0.915104 -0.346981 -0.205397
vn 0.336871 0.346981 -0.875284
vn 0.387938 0.346909 -0.853908
vn -0.071447 0.805191 -0.588696
vn -0.062313 0.805183 -0.589744
vn -0.479890 0.877327 -0.001793
vn -0.479887 0.877325 0.002897
vn -0.768752 0.380547 0.514008
vn -0.759191 0.380545 0.528029
vn -0.633266 -0.380545 0.673914
vn -0.620793 -0.380548 0.685420
vn -0.017968 -0.877326 0.479559
vn -0.013280 -0.877327 0.479709
vn 0.587496 -0.805183 0.080804
vn 0.586162 -0.805191 0.089901
vn 0.865670 -0.346909 -0.360928
vn 0.885432 -0.346981 -0.309217
vn 0.234037 0.346981 -0.908202
vn 0.287221 0.346909 -0.892837
vn -0.138637 0.805191 -0.576582
vn -0.129684 0.805183 -0.578673
vn -0.476916 0.877327 0.053376
vn -0.476374 0.877325 0.058035
vn -0.704579 0.380548 0.598959
vn -0.693470 0.380545 0.611788
vn -0.551612 -0.380545 0.742233
vn -0.537899 -0.380547 0.752229
vn 0.037270 -0.877326 0.478446
vn 0.041944 -0.877327 0.478056
vn 0.592889 -0.805183 0.012745
vn 0.592610 -0.805191 0.021934
vn 0.818449 -0.346909 -0.458033
vn 0.844024 -0.346981 -0.408935
vn 0.128099 0.346981 -0.929083
vn 0.182698 0.346909 -0.919932
vn -0.203989 0.805191 -0.556827
vn -0.195335 0.805183 -0.559932
vn -0.467620 0.877327 0.107838
vn -0.466547 0.877326 0.112403
vn -0.631067 0.380548 0.675972
vn -0.618558 0.380545 0.687439
vn -0.462646 -0.380545 0.800715
vn -0.447875 -0.380547 0.809069
vn 0.092015 -0.877326 0.470992
vn 0.096613 -0.877327 0.470067
vn 0.590425 -0.805183 -0.055484
vn 0.591204 -0.805191 -0.046323
vn 0.760381 -0.346909 -0.549068
vn 0.791429 -0.346981 -0.503235
vn 0.020466 0.346981 -0.937649
vn 0.075753 0.346909 -0.934835
vn -0.266637 0.805191 -0.529691
vn -0.258397 0.805183 -0.533770
vn -0.452127 0.877327 0.160870
vn -0.450536 0.877325 0.165282
vn -0.549191 0.380548 0.744025
vn -0.535446 0.380545 0.753978
vn -0.367549 -0.380545 0.848583
vn -0.351915 -0.380547 0.855184
vn 0.145539 -0.877325 0.457295
vn 0.150000 -0.877327 0.455848
vn 0.580135 -0.805183 -0.122978
vn 0.581961 -0.805191 -0.113968
vn 0.692233 -0.346909 -0.632825
vn 0.728343 -0.346981 -0.590864
vn -0.087441 0.346981 -0.933787
vn -0.032195 0.346909 -0.937346
vn -0.325751 0.805191 -0.495534
vn -0.318035 0.805183 -0.500534
vn -0.430641 0.877327 0.211770
vn -0.428553 0.877325 0.215970
vn -0.460035 0.380547 0.802216
vn -0.445238 0.380545 0.810524
vn -0.267579 -0.380545 0.885205
vn -0.251290 -0.380548 0.889965
vn 0.197135 -0.877326 0.437536
vn 0.201400 -0.877327 0.435586
vn 0.562155 -0.805183 -0.188842
vn 0.565005 -0.805191 -0.180101
vn 0.614911 -0.346909 -0.708194
vn 0.655604 -0.346981 -0.670662
vn -0.194189 0.346981 -0.917548
vn -0.139719 0.346909 -0.927433
vn -0.380547 0.805191 -0.454810
vn -0.373457 0.805183 -0.460663
vn -0.403446 0.877327 0.259863
vn -0.400890 0.877325 0.263795
vn -0.364782 0.380548 0.849775
vn -0.349128 0.380545 0.856327
vn -0.164063 -0.380545 0.910093
vn -0.147335 -0.380548 0.912949
vn 0.246118 -0.877326 0.411978
vn 0.250131 -0.877327 0.409551
vn 0.536725 -0.805183 -0.252203
vn 0.540561 -0.805191 -0.243848
vn 0.529438 -0.346909 -0.774177
vn 0.574176 -0.346981 -0.741570
vn -0.298361 0.346981 -0.889148
vn -0.245389 0.346909 -0.905228
vn -0.430299 0.805191 -0.408057
vn -0.423929 0.805183 -0.414686
vn -0.370905 0.877327 0.304511
vn -0.367913 0.877325 0.308123
vn -0.264694 0.380548 0.886070
vn -0.248390 0.380545 0.890779
vn -0.058373 -0.380545 0.922918
vn -0.041427 -0.380548 0.923833
vn 0.291838 -0.877326 0.380960
vn 0.295545 -0.877327 0.378088
vn 0.504180 -0.805183 -0.312221
vn 0.508951 -0.805191 -0.304362
vn 0.436947 -0.346909 -0.829898
vn 0.485137 -0.346981 -0.802650
vn -0.398580 0.346981 -0.848963
vn -0.347806 0.346909 -0.871025
vn -0.474349 0.805191 -0.355895
vn -0.468783 0.805183 -0.363213
vn -0.333447 0.877327 0.345124
vn -0.330060 0.877325 0.348368
vn -0.161098 0.380547 0.910621
vn -0.144361 0.380545 0.913425
vn 0.048091 -0.380545 0.923511
vn 0.065030 -0.380548 0.922472
vn 0.333690 -0.877325 0.344893
vn 0.337043 -0.877327 0.341614
vn 0.464953 -0.805183 -0.368101
vn 0.470596 -0.805191 -0.360843
vn 0.338667 -0.346909 -0.874619
vn 0.389668 -0.346981 -0.853090
vn -0.493515 0.346981 -0.797526
vn -0.445614 0.346909 -0.825277
vn -0.512110 0.805191 -0.299016
vn -0.507422 0.805183 -0.306925
vn -0.291570 0.877327 0.381162
vn -0.287833 0.877325 0.383996
vn -0.055367 0.380547 0.923103
vn -0.038418 0.380545 0.923964
vn 0.153918 -0.380545 0.911863
vn 0.170625 -0.380548 0.908884
vn 0.371119 -0.877325 0.304254
vn 0.374073 -0.877327 0.300611
vn 0.419564 -0.805183 -0.419102
vn 0.426003 -0.805191 -0.412540
vn 0.235897 -0.346909 -0.907748
vn 0.289035 -0.346981 -0.892224
vn -0.581910 0.346981 -0.735517
vn -0.537515 0.346909 -0.768591
vn -0.543084 0.805191 -0.238174
vn -0.539336 0.805183 -0.246569
vn -0.245828 0.877327 0.412148
vn -0.241790 0.877325 0.414534
vn 0.051099 0.380547 0.923349
vn 0.068034 0.380545 0.922257
vn 0.257705 -0.380545 0.888129
vn 0.273958 -0.380548 0.883250
vn 0.403630 -0.877325 0.259582
vn 0.406146 -0.877327 0.255624
vn 0.368613 -0.805183 -0.464548
vn 0.375764 -0.805191 -0.458770
vn 0.129998 -0.346909 -0.928846
vn 0.184569 -0.346981 -0.919532
vn -0.662592 0.346981 -0.663759
vn -0.622293 0.346909 -0.701716
vn -0.566860 0.805191 -0.174176
vn -0.564102 0.805183 -0.182946
vn -0.196828 0.877327 0.437672
vn -0.192542 0.877325 0.439577
vn 0.156887 0.380547 0.911356
vn 0.173585 0.380545 0.908325
vn 0.358075 -0.380545 0.852624
vn 0.373660 -0.380548 0.845909
vn 0.430791 -0.877325 0.211470
vn 0.432834 -0.877327 0.207248
vn 0.312776 -0.805183 -0.503836
vn 0.320544 -0.805191 -0.498918
vn 0.022378 -0.346909 -0.937632
vn 0.077657 -0.346981 -0.934652
vn -0.734491 0.346981 -0.583204
vn -0.698822 0.346909 -0.625541
vn -0.583123 0.805191 -0.107867
vn -0.581391 0.805183 -0.116897
vn -0.145219 0.877327 0.457394
vn -0.140743 0.877325 0.458794
vn 0.260596 0.380547 0.887284
vn 0.276834 0.380545 0.882354
vn 0.453700 -0.380545 0.805817
vn 0.468410 -0.380547 0.797355
vn 0.452241 -0.877325 0.160555
vn 0.453786 -0.877327 0.156127
vn 0.252794 -0.805183 -0.536447
vn 0.261076 -0.805191 -0.532454
vn -0.085538 -0.346909 -0.933990
vn -0.030283 -0.346981 -0.937383
vn -0.796655 0.346981 -0.494919
vn -0.766089 0.346909 -0.541075
vn -0.591657 0.805191 -0.040131
vn -0.590974 0.805183 -0.049299
vn -0.091685 0.877327 0.471054
vn -0.087077 0.877325 0.471930
vn 0.360851 0.380547 0.851452
vn 0.376415 0.380545 0.844688
vn 0.543312 -0.380545 0.748330
vn 0.556952 -0.380548 0.738233
vn 0.467698 -0.877325 0.107512
vn 0.468724 -0.877327 0.102935
vn 0.189461 -0.805183 -0.561947
vn 0.198147 -0.805191 -0.558932
vn -0.192320 -0.346909 -0.917969
vn -0.137821 -0.346981 -0.927690
vn -0.848259 0.346981 -0.400075
vn -0.823201 0.346909 -0.449438
vn -0.592348 0.805191 0.028138
vn -0.592723 0.805183 0.018952
vn -0.036936 0.877327 0.478470
vn -0.032258 0.877326 0.478810
vn 0.456323 0.380547 0.804334
vn 0.471006 0.380545 0.795826
vn 0.625722 -0.380545 0.680924
vn 0.638111 -0.380547 0.669327
vn 0.476955 -0.877326 0.053044
vn 0.477448 -0.877327 0.048380
vn 0.123617 -0.805183 -0.579999
vn 0.132591 -0.805191 -0.578003
vn -0.296556 -0.346909 -0.889780
vn -0.243533 -0.346981 -0.905702
vn -0.888621 0.346981 -0.299927
vn -0.869402 0.346909 -0.351844
vn -0.585188 0.805191 0.096035
vn -0.586617 0.805183 0.086953
vn 0.018303 0.877327 0.479544
vn 0.022989 0.877326 0.479345
vn 0.545746 0.380547 0.746556
vn 0.559354 0.380545 0.736416
vn 0.699838 -0.380545 0.604493
vn 0.710812 -0.380548 0.591549
vn 0.479891 -0.877325 -0.002128
vn 0.479845 -0.877327 -0.006818
vn 0.056134 -0.805183 -0.590364
vn 0.065279 -0.805191 -0.589412
vn -0.396858 -0.346909 -0.849799
vn -0.346019 -0.346981 -0.871708
vn -0.917205 0.346981 -0.195803
vn -0.904081 0.346909 -0.249585
vn -0.570272 0.805191 0.162658
vn -0.572735 0.805183 0.153800
vn 0.073299 0.877327 0.474263
vn 0.077931 0.877325 0.473526
vn 0.627936 0.380547 0.678881
vn 0.640288 0.380545 0.667245
vn 0.764679 -0.380545 0.520050
vn 0.774092 -0.380548 0.505929
vn 0.476467 -0.877325 -0.057272
vn 0.475881 -0.877327 -0.061925
vn -0.012092 -0.805183 -0.592903
vn -0.002899 -0.805191 -0.593009
vn -0.491902 -0.346909 -0.798553
vn -0.443917 -0.346981 -0.826161
vn -0.933632 0.346981 -0.089084
vn -0.926776 0.346909 -0.144018
vn -0.547797 0.805191 0.227125
vn -0.551262 0.805183 0.218609
vn 0.127323 0.877327 0.462695
vn 0.131840 0.877325 0.461431
vn 0.701803 0.380547 0.602209
vn 0.712736 0.380545 0.589230
vn 0.819384 -0.380545 0.428713
vn 0.827112 -0.380548 0.413604
vn 0.466726 -0.877325 -0.111654
vn 0.465610 -0.877327 -0.116210
vn -0.080158 -0.805183 -0.587584
vn -0.071038 -0.805191 -0.588746
vn -0.580424 -0.346909 -0.736724
vn -0.535932 -0.346981 -0.769663
vn -0.937683 0.346981 0.018813
vn -0.937187 0.346909 -0.036543
vn -0.518062 0.805191 0.288582
vn -0.522483 0.805183 0.280521
vn 0.179660 0.877327 0.444994
vn 0.184001 0.877326 0.443220
vn 0.766368 0.380547 0.517555
vn 0.775737 0.380545 0.503406
vn 0.863229 -0.380545 0.331694
vn 0.869169 -0.380548 0.315798
vn 0.450800 -0.877325 -0.164559
vn 0.449168 -0.877327 -0.168956
vn -0.147162 -0.805183 -0.574477
vn -0.138236 -0.805191 -0.576679
vn -0.661255 -0.346909 -0.665128
vn -0.620842 -0.346981 -0.702965
vn -0.929307 0.346981 0.126463
vn -0.935176 0.346909 0.071414
vn -0.481460 0.805191 0.346214
vn -0.486778 0.805183 0.338714
vn 0.229616 0.877327 0.421396
vn 0.233724 0.877325 0.419134
vn 0.820775 0.380547 0.426042
vn 0.828456 0.380545 0.410909
vn 0.895632 -0.380545 0.230280
vn 0.899706 -0.380548 0.213806
vn 0.428898 -0.877325 -0.215282
vn 0.426772 -0.877327 -0.219462
vn -0.212216 -0.805183 -0.553755
vn -0.203602 -0.805191 -0.556968
vn -0.733320 -0.346909 -0.584718
vn -0.697525 -0.346981 -0.626947
vn -0.908613 0.346981 0.232438
vn -0.920770 0.346909 0.178429
vn -0.438476 0.805191 0.399257
vn -0.444621 0.805183 0.392418
vn 0.276528 0.877327 0.392212
vn 0.280349 0.877326 0.389492
vn 0.864304 0.380547 0.328881
vn 0.870194 0.380545 0.312965
vn 0.916164 -0.380545 0.125812
vn 0.918317 -0.380548 0.108979
vn 0.401312 -0.877325 -0.263151
vn 0.398719 -0.877327 -0.267059
vn -0.274456 -0.805183 -0.525694
vn -0.266268 -0.805191 -0.529877
vn -0.795666 -0.346909 -0.496558
vn -0.764961 -0.346981 -0.542622
vn -0.875876 0.346981 0.335330
vn -0.894160 0.346909 0.283078
vn -0.389681 0.805191 0.447008
vn -0.396571 0.805183 0.440921
vn 0.319775 0.877327 0.357829
vn 0.323258 0.877326 0.354689
vn 0.896377 0.380547 0.227361
vn 0.900399 0.380545 0.210874
vn 0.924553 -0.380545 0.019677
vn 0.924757 -0.380548 0.002708
vn 0.368407 -0.877326 -0.307533
vn 0.365381 -0.877327 -0.311117
vn -0.333058 -0.805183 -0.490666
vn -0.325406 -0.805190 -0.495761
vn -0.847466 -0.346909 -0.401815
vn -0.822259 -0.346981 -0.451104
vn -0.831529 0.346981 0.433777
vn -0.855698 0.346909 0.383973
vn -0.335721 0.805191 0.488834
vn -0.343265 0.805183 0.483579
vn 0.358783 0.877327 0.318704
vn 0.361883 0.877325 0.315184
vn 0.916568 0.380547 0.122827
vn 0.918669 0.380545 0.105988
vn 0.920688 -0.380545 -0.086718
vn 0.918940 -0.380547 -0.103598
vn 0.330618 -0.877326 -0.347838
vn 0.327201 -0.877327 -0.351051
vn -0.387247 -0.805183 -0.449133
vn -0.380231 -0.805191 -0.455075
vn -0.888033 -0.346909 -0.301747
vn -0.868658 -0.346981 -0.353606
vn -0.776162 0.346981 0.526476
vn -0.805895 0.346909 0.479779
vn -0.277311 0.805191 0.524182
vn -0.285409 0.805183 0.519828
vn 0.393036 0.877327 0.275354
vn 0.395711 0.877325 0.271501
vn 0.924611 0.380547 0.016666
vn 0.924762 0.380545 -0.000304
vn 0.904619 -0.380545 -0.191965
vn 0.900943 -0.380547 -0.208532
vn 0.288448 -0.877326 -0.383533
vn 0.284684 -0.877327 -0.386332
vn -0.436303 -0.805183 -0.401647
vn -0.430016 -0.805191 -0.408355
vn -0.916830 -0.346909 -0.197680
vn -0.903544 -0.346981 -0.251422
vn -0.710506 0.346981 0.612198
vn -0.745409 0.346909 0.569227
vn -0.215225 0.805191 0.552581
vn -0.223770 0.805183 0.549187
vn 0.422080 0.877327 0.228355
vn 0.424294 0.877326 0.224220
vn 0.920399 0.380547 -0.089716
vn 0.918599 0.380545 -0.106591
vn 0.876560 -0.380545 -0.294667
vn 0.871004 -0.380547 -0.310702
vn 0.242454 -0.877325 -0.414145
vn 0.238394 -0.877327 -0.416492
vn -0.479575 -0.805183 -0.348837
vn -0.474101 -0.805191 -0.356224
vn -0.933474 -0.346909 -0.090993
vn -0.926453 -0.346981 -0.145905
vn -0.635433 0.346981 0.689804
vn -0.675044 0.346909 0.651130
vn -0.150287 0.805191 0.573656
vn -0.159165 0.805183 0.571267
vn 0.445529 0.877327 0.178329
vn 0.447253 0.877325 0.173968
vn 0.903988 0.380547 -0.194910
vn 0.900260 0.380545 -0.211466
vn 0.836883 -0.380545 -0.393463
vn 0.829521 -0.380548 -0.408753
vn 0.193247 -0.877326 -0.439267
vn 0.188943 -0.877327 -0.441132
vn -0.516491 -0.805183 -0.291404
vn -0.511902 -0.805191 -0.299371
vn -0.937747 -0.346909 0.016902
vn -0.937083 -0.346981 -0.038455
vn -0.551938 0.346981 0.758267
vn -0.595732 0.346909 0.724402
vn -0.083357 0.805191 0.587129
vn -0.092451 0.805183 0.585776
vn 0.463073 0.877327 0.125940
vn 0.464285 0.877325 0.121409
vn 0.875595 0.380547 -0.297520
vn 0.869989 0.380545 -0.313537
vn 0.786113 -0.380545 -0.487044
vn 0.777043 -0.380547 -0.501387
vn 0.141478 -0.877326 -0.458567
vn 0.136989 -0.877327 -0.459925
vn -0.546562 -0.805183 -0.230110
vn -0.542919 -0.805191 -0.238551
vn -0.929589 -0.346909 0.124571
vn -0.935293 -0.346981 0.069506
vn -0.461128 0.346981 0.816679
vn -0.508523 0.346909 0.788073
vn -0.015322 0.805191 0.592818
vn -0.024511 0.805183 0.592520
vn 0.474479 0.877327 0.071881
vn 0.475162 0.877325 0.067240
vn 0.835596 0.380547 -0.396186
vn 0.828186 0.380545 -0.411453
vn 0.724924 -0.380545 -0.574169
vn 0.714265 -0.380547 -0.587374
vn 0.087834 -0.877326 -0.471789
vn 0.083219 -0.877327 -0.472622
vn -0.569387 -0.805183 -0.165765
vn -0.566739 -0.805191 -0.174569
vn -0.909111 -0.346909 0.230591
vn -0.921106 -0.346981 0.176545
vn -0.364205 0.346981 0.864268
vn -0.414575 0.346909 0.841298
vn 0.052916 0.805191 0.590650
vn 0.043754 0.805183 0.591410
vn 0.479597 0.877327 0.016869
vn 0.479741 0.877325 0.012181
vn 0.784522 0.380547 -0.489601
vn 0.775406 0.380544 -0.503915
vn 0.654127 -0.380545 -0.653685
vn 0.642021 -0.380547 -0.665577
vn 0.033026 -0.877325 -0.478758
vn 0.028345 -0.877327 -0.479056
vn -0.584666 -0.805183 -0.099223
vn -0.583048 -0.805191 -0.108273
vn -0.876583 -0.346909 0.333552
vn -0.894710 -0.346981 0.281245
vn -0.262456 0.346981 0.900401
vn -0.315131 0.346909 0.883373
vn 0.120453 0.805191 0.580654
vn 0.111439 0.805183 0.582462
vn 0.478357 0.877327 -0.038366
vn 0.477962 0.877325 -0.043039
vn 0.723049 0.380547 -0.576527
vn 0.712349 0.380544 -0.589699
vn 0.574659 -0.380545 -0.724536
vn 0.561267 -0.380547 -0.734958
vn -0.022220 -0.877326 -0.479381
vn -0.026904 -0.877327 -0.479138
vn -0.592196 -0.805183 -0.031365
vn -0.591628 -0.805191 -0.040542
vn -0.832436 -0.346909 0.432093
vn -0.856455 -0.346981 0.382215
vn -0.157227 0.346981 0.924599
vn -0.211511 0.346909 0.913738
vn 0.186393 0.805191 0.562961
vn 0.177647 0.805183 0.565793
vn 0.470777 0.877327 -0.093093
vn 0.469848 0.877325 -0.097690
vn 0.651993 0.380547 -0.655811
vn 0.639850 0.380544 -0.667666
vn 0.487575 -0.380545 -0.785784
vn 0.473073 -0.380547 -0.794598
vn -0.077171 -0.877325 -0.473650
vn -0.081796 -0.877327 -0.472871
vn -0.591877 -0.805183 0.036907
vn -0.592367 -0.805191 0.027727
vn -0.777256 -0.346909 0.524907
vn -0.806849 -0.346981 0.478121
vn -0.049915 0.346981 0.936543
vn -0.105087 0.346909 0.931993
vn 0.249863 0.805191 0.537807
vn 0.241500 0.805183 0.541625
vn 0.456958 0.877327 -0.146585
vn 0.455506 0.877325 -0.151045
vn 0.572296 0.380547 -0.726403
vn 0.558871 0.380545 -0.736783
vn 0.394028 -0.380545 -0.836617
vn 0.378609 -0.380548 -0.843705
vn -0.131100 -0.877325 -0.461642
vn -0.135604 -0.877327 -0.460336
vn -0.583712 -0.805183 0.104690
vn -0.585255 -0.805191 0.095627
vn -0.711774 -0.346909 0.610764
vn -0.746548 -0.346981 0.567688
vn 0.058060 0.346981 0.936073
vn 0.002730 0.346909 0.937895
vn 0.310021 0.805191 0.505524
vn 0.302152 0.805183 0.510279
vn 0.437081 0.877327 -0.198135
vn 0.435126 0.877326 -0.202398
vn 0.485013 0.380547 -0.787367
vn 0.470483 0.380545 -0.796135
vn 0.295259 -0.380545 -0.876361
vn 0.279127 -0.380548 -0.881630
vn -0.183291 -0.877326 -0.443514
vn -0.187615 -0.877327 -0.441699
vn -0.567811 -0.805183 0.171087
vn -0.570385 -0.805191 0.162261
vn -0.636857 -0.346909 0.688525
vn -0.676352 -0.346981 0.649732
vn 0.165265 0.346981 0.923196
vn 0.110511 0.346909 0.931365
vn 0.366070 0.805191 0.466541
vn 0.358799 0.805183 0.472169
vn 0.411411 0.877327 -0.247059
vn 0.408980 0.877326 -0.251069
vn 0.391300 0.380547 -0.837895
vn 0.375860 0.380545 -0.844935
vn 0.192576 -0.380545 -0.904489
vn 0.175946 -0.380547 -0.907869
vn -0.233052 -0.877326 -0.419508
vn -0.237140 -0.877327 -0.417208
vn -0.544384 -0.805183 0.235216
vn -0.547955 -0.805191 0.226744
vn -0.553500 -0.346909 0.757161
vn -0.597191 -0.346981 0.723165
vn 0.270279 0.346981 0.898083
vn 0.216827 0.346909 0.912491
vn 0.417267 0.805191 0.421374
vn 0.410691 0.805183 0.427800
vn 0.380289 0.877327 -0.292708
vn 0.377412 0.877325 -0.296412
vn 0.292402 0.380547 -0.877317
vn 0.276255 0.380545 -0.882536
vn 0.087340 -0.380545 -0.920629
vn 0.070432 -0.380547 -0.922075
vn -0.279725 -0.877326 -0.389941
vn -0.283521 -0.877327 -0.387187
vn -0.513741 -0.805183 0.296227
vn -0.518262 -0.805191 0.288222
vn -0.462805 -0.346909 0.815761
vn -0.510115 -0.346981 0.787011
vn 0.371711 0.346981 0.861066
vn 0.320269 0.346909 0.881523
vn 0.462933 0.805191 0.370622
vn 0.457139 0.805183 0.377761
vn 0.344126 0.877327 -0.334477
vn 0.340842 0.877325 -0.337826
vn 0.189628 0.380547 -0.905110
vn 0.172988 0.380545 -0.908439
vn -0.019053 -0.380545 -0.924566
vn -0.036016 -0.380547 -0.924060
vn -0.322689 -0.877326 -0.355206
vn -0.326143 -0.877327 -0.352034
vn -0.476288 -0.805183 0.353312
vn -0.481700 -0.805191 0.345879
vn -0.365978 -0.346909 0.863547
vn -0.416277 -0.346981 0.840427
vn 0.468216 0.346981 0.812637
vn 0.419467 0.346909 0.838870
vn 0.502463 0.805191 0.314958
vn 0.497529 0.805183 0.322716
vn 0.303401 0.877327 -0.371813
vn 0.299755 0.877325 -0.374763
vn 0.084341 0.380547 -0.920907
vn 0.067428 0.380545 -0.922301
vn -0.125193 -0.380545 -0.916249
vn -0.141985 -0.380547 -0.913796
vn -0.361377 -0.877325 -0.315764
vn -0.364444 -0.877327 -0.312215
vn -0.432524 -0.805183 0.405714
vn -0.438754 -0.805191 0.398952
vn -0.264298 -0.346909 0.899889
vn -0.316924 -0.346981 0.882702
vn 0.558514 0.346981 0.753436
vn 0.513103 0.346909 0.785098
vn 0.535333 0.805191 0.255119
vn 0.531323 0.805183 0.263393
vn 0.258655 0.877327 -0.404221
vn 0.254694 0.877325 -0.406732
vn -0.022064 0.380547 -0.924498
vn -0.039025 0.380545 -0.923939
vn -0.229674 -0.380545 -0.895788
vn -0.246073 -0.380547 -0.891421
vn -0.395275 -0.877325 -0.272135
vn -0.397914 -0.877327 -0.268258
vn -0.383026 -0.805183 0.452737
vn -0.389992 -0.805191 0.446737
vn -0.159118 -0.346909 0.924303
vn -0.213368 -0.346981 0.913279
vn 0.641411 0.346981 0.684249
vn 0.599939 0.346909 0.720921
vn 0.561108 0.805191 0.191899
vn 0.558076 0.805183 0.200578
vn 0.210481 0.877327 -0.431272
vn 0.206258 0.877325 -0.433310
vn -0.128177 0.380547 -0.915835
vn -0.144961 0.380545 -0.913330
vn -0.331111 -0.380545 -0.863453
vn -0.346900 -0.380547 -0.857231
vn -0.423934 -0.877325 -0.224900
vn -0.426109 -0.877327 -0.220745
vn -0.328451 -0.805183 0.493761
vn -0.336061 -0.805191 0.488601
vn -0.051825 -0.346909 0.936466
vn -0.106985 -0.346981 0.931750
vn 0.715805 0.346981 0.605993
vn 0.678824 0.346909 0.647188
vn 0.579446 0.805191 0.126135
vn 0.577431 0.805183 0.135106
vn 0.159517 0.877327 -0.452605
vn 0.155087 0.877326 -0.454145
vn -0.232591 0.380547 -0.895034
vn -0.248976 0.380545 -0.890616
vn -0.428160 -0.380545 -0.819674
vn -0.443128 -0.380547 -0.811678
vn -0.446974 -0.877326 -0.174684
vn -0.448657 -0.877327 -0.170306
vn -0.269523 -0.805183 0.528240
vn -0.277675 -0.805191 0.523989
vn 0.056152 -0.346909 0.936217
vn 0.000818 -0.346981 0.937872
vn 0.780712 0.346981 0.519705
vn 0.748711 0.346909 0.564877
vn 0.590103 0.805191 0.058700
vn 0.589133 0.805183 0.067842
vn 0.106439 0.877327 -0.467941
vn 0.101862 0.877325 -0.468961
vn -0.333921 0.380547 -0.862369
vn -0.349690 0.380545 -0.856097
vn -0.519533 -0.380545 -0.765031
vn -0.533483 -0.380547 -0.755367
vn -0.464089 -0.877326 -0.122153
vn -0.465258 -0.877327 -0.117611
vn -0.207023 -0.805183 0.555717
vn -0.215609 -0.805191 0.552431
vn 0.163385 -0.346909 0.923558
vn 0.108607 -0.346981 0.931563
vn 0.835272 0.346981 0.426527
vn 0.808674 0.346909 0.475080
vn 0.592939 0.805191 -0.009514
vn 0.593026 0.805183 -0.000321
vn 0.051950 0.877327 -0.477073
vn 0.047286 0.877325 -0.477561
vn -0.430826 0.380547 -0.818274
vn -0.445770 0.380545 -0.810232
vn -0.604020 -0.380545 -0.700247
vn -0.616767 -0.380547 -0.689044
vn -0.475054 -0.877325 -0.068002
vn -0.475693 -0.877327 -0.063356
vn -0.141778 -0.805183 0.575829
vn -0.150686 -0.805191 0.573552
vn 0.268453 -0.346909 0.898659
vn 0.214959 -0.346981 0.912906
vn 0.878760 0.346981 0.327697
vn 0.857919 0.346909 0.378984
vn 0.587917 0.805191 -0.077602
vn 0.589059 0.805183 -0.068479
vn -0.003227 0.877327 -0.479882
vn -0.007917 0.877325 -0.479831
vn -0.522021 0.380547 -0.763333
vn -0.535941 0.380545 -0.753626
vn -0.680501 -0.380545 -0.626182
vn -0.691876 -0.380548 -0.613589
vn -0.479721 -0.877325 -0.012950
vn -0.479822 -0.877327 -0.008261
vn -0.074655 -0.805183 0.588308
vn -0.083765 -0.805191 0.587070
vn 0.369963 -0.346909 0.861848
vn 0.318460 -0.346981 0.882149
vn 0.910601 0.346981 0.224524
vn 0.895793 0.346909 0.277866
vn 0.575101 0.805191 -0.144661
vn 0.577285 0.805183 -0.135730
vn -0.058362 0.877327 -0.476331
vn -0.063015 0.877325 -0.475741
vn -0.606297 0.380547 -0.698275
vn -0.619009 0.380545 -0.687033
vn -0.747963 -0.380545 -0.543818
vn -0.757815 -0.380548 -0.530000
vn -0.478031 -0.877325 0.042273
vn -0.477592 -0.877327 0.046943
vn -0.006542 -0.805183 0.592990
vn -0.015734 -0.805191 0.592807
vn 0.466570 -0.346909 0.813614
vn 0.417742 -0.346981 0.839700
vn 0.930372 0.346981 0.118374
vn 0.921793 0.346909 0.173065
vn 0.554663 0.805191 -0.209802
vn 0.557859 0.805183 -0.201182
vn -0.112723 0.877327 -0.466466
vn -0.117278 0.877326 -0.465345
vn -0.682536 0.380547 -0.623961
vn -0.693872 0.380545 -0.611333
vn -0.805511 -0.380545 -0.454245
vn -0.813709 -0.380547 -0.439387
vn -0.470004 -0.877326 0.096936
vn -0.469031 -0.877327 0.101524
vn 0.061658 -0.805183 0.589812
vn 0.052506 -0.805191 0.590687
vn 0.556992 -0.346909 0.754596
vn 0.511486 -0.346981 0.786121
vn 0.937812 0.346981 0.010656
vn 0.935576 0.346909 0.065970
vn 0.526873 0.805191 -0.272163
vn 0.531038 0.805183 -0.263967
vn -0.165590 0.877327 -0.450419
vn -0.169986 0.877325 -0.448782
vn -0.749729 0.380547 -0.541378
vn -0.759538 0.380545 -0.527530
vn -0.852382 -0.380545 -0.358652
vn -0.858818 -0.380547 -0.342950
vn -0.455747 -0.877326 0.150315
vn -0.454254 -0.877327 0.154761
vn 0.129041 -0.805183 0.578817
vn 0.120050 -0.805191 0.580737
vn 0.640032 -0.346909 0.685576
vn 0.598450 -0.346981 0.722123
vn 0.932821 0.346981 -0.097204
vn 0.936958 0.346909 -0.041999
vn 0.492100 0.805191 -0.330916
vn 0.497179 0.805183 -0.323253
vn -0.216263 0.877327 -0.428402
vn -0.220441 0.877325 -0.426270
vn -0.806985 0.380547 -0.451618
vn -0.815137 0.380545 -0.436735
vn -0.887955 -0.380545 -0.258305
vn -0.892545 -0.380547 -0.241967
vn -0.435450 -0.877325 0.201701
vn -0.433456 -0.877327 0.205946
vn 0.194713 -0.805183 0.560149
vn 0.186002 -0.805191 0.563091
vn 0.714589 -0.346909 0.607468
vn 0.677483 -0.346981 0.648553
vn 0.915467 0.346981 -0.203776
vn 0.925921 0.346909 -0.149412
vn 0.450804 0.805191 -0.385284
vn 0.456731 0.805183 -0.378255
vn -0.264069 0.877327 -0.400706
vn -0.267974 0.877326 -0.398108
vn -0.853545 0.380547 -0.355873
vn -0.859932 0.380544 -0.340151
vn -0.911759 -0.380545 -0.154534
vn -0.914440 -0.380547 -0.137777
vn -0.409382 -0.877325 0.250413
vn -0.406913 -0.877327 0.254401
vn 0.257804 -0.805183 0.534058
vn 0.249489 -0.805191 0.537980
vn 0.779673 -0.346909 0.521311
vn 0.747536 -0.346981 0.566387
vn 0.885979 0.346981 -0.307646
vn 0.902612 0.346909 -0.254845
vn 0.403533 0.805191 -0.434545
vn 0.410228 0.805183 -0.428244
vn -0.308375 0.877327 -0.367699
vn -0.311955 0.877325 -0.364670
vn -0.888791 0.380547 -0.255411
vn -0.893329 0.380545 -0.239059
vn -0.923478 -0.380545 -0.048716
vn -0.924216 -0.380548 -0.031761
vn -0.377887 -0.877325 0.295807
vn -0.374976 -0.877327 0.299484
vn 0.317478 -0.805183 0.500887
vn 0.309670 -0.805191 0.505740
vn 0.834424 -0.346909 0.428242
vn 0.807680 -0.346981 0.476715
vn 0.844747 0.346981 -0.407439
vn 0.867339 0.346909 -0.356899
vn 0.350913 0.805191 -0.478045
vn 0.358289 0.805183 -0.472556
vn -0.348593 0.877327 -0.329819
vn -0.351802 0.877325 -0.326398
vn -0.912257 0.380548 -0.151563
vn -0.914885 0.380545 -0.134798
vn -0.922958 -0.380545 0.057749
vn -0.921741 -0.380548 0.074676
vn -0.341383 -0.877325 0.337280
vn -0.338069 -0.877327 0.340598
vn 0.372945 -0.805183 0.461077
vn 0.365746 -0.805191 0.466795
vn 0.878114 -0.346909 0.329499
vn 0.857120 -0.346981 0.380723
vn 0.792319 0.346981 -0.501831
vn 0.820570 0.346909 -0.454223
vn 0.293643 0.805191 -0.515210
vn 0.301600 0.805183 -0.510605
vn -0.384191 0.877327 -0.287567
vn -0.386986 0.877325 -0.283800
vn -0.923631 0.380548 -0.045707
vn -0.924315 0.380545 -0.028751
vn -0.910203 -0.380545 0.163448
vn -0.907050 -0.380548 0.180123
vn -0.300355 -0.877325 0.374282
vn -0.296681 -0.877327 0.377197
vn 0.423468 -0.805183 0.415156
vn 0.416974 -0.805191 0.421664
vn 0.910167 -0.346909 0.226387
vn 0.895198 -0.346981 0.279686
vn 0.729389 0.346981 -0.589572
vn 0.762926 0.346909 -0.545526
vn 0.232480 0.805191 -0.545546
vn 0.240914 0.805183 -0.541886
vn -0.414697 0.877327 -0.241503
vn -0.417040 0.877325 -0.237440
vn -0.922763 0.380547 0.060755
vn -0.921494 0.380545 0.077678
vn -0.885385 -0.380545 0.266981
vn -0.880336 -0.380548 0.283183
vn -0.255346 -0.877326 0.406323
vn -0.251362 -0.877327 0.408796
vn 0.468379 -0.805184 0.363731
vn 0.462675 -0.805192 0.370943
vn 0.930155 -0.346909 0.120273
vn 0.921412 -0.346981 0.174939
vn 0.656793 0.346981 -0.669497
vn 0.695168 0.346909 -0.629599
vn 0.168237 0.805192 -0.568650
vn 0.177035 0.805184 -0.565984
vn -0.439706 0.877327 -0.192237
vn -0.441567 0.877326 -0.187932
vn -0.909665 0.380548 0.166413
vn -0.906459 0.380545 0.183078
vn -0.848831 -0.380545 0.366975
vn -0.841954 -0.380547 0.382489
vn -0.206953 -0.877326 0.432977
vn -0.202710 -0.877328 0.434977
vn 0.507081 -0.805185 0.307485
vn 0.502244 -0.805192 0.315304
vn 0.937814 -0.346909 0.012565
vn 0.935413 -0.346981 0.067873
vn 0.575491 0.346981 -0.740550
vn 0.618199 0.346909 -0.705325
vn 0.101763 0.805192 -0.584217
vn 0.110810 0.805185 -0.582579
vn -0.458887 0.877328 -0.140423
vn -0.460240 0.877326 -0.135933
vn -0.884509 0.380547 0.269865
vn -0.879409 0.380545 0.286051
vn -0.801027 -0.380545 0.462105
vn -0.792412 -0.380548 0.476726
vn -0.155816 -0.877326 0.453895
vn -0.151372 -0.877327 0.455393
vn 0.539061 -0.805185 0.247165
vn 0.535156 -0.805192 0.255487
vn 0.933043 -0.346910 -0.095309
vn 0.937015 -0.346982 -0.040091
vn 0.486560 0.346982 -0.801788
vn 0.533033 0.346909 -0.771706
vn 0.024283 0.795869 -0.604981
vn 0.035895 0.798232 -0.601279
vn -0.478613 0.872983 -0.093968
vn -0.480716 0.872185 -0.090583
vn -0.847630 0.380548 0.369740
vn -0.840703 0.380545 0.385232
vn -0.742605 -0.380545 0.551111
vn -0.732366 -0.380548 0.564644
vn -0.102614 -0.877326 0.468796
vn -0.098027 -0.877328 0.469774
vn 0.563897 -0.805185 0.183568
vn 0.560974 -0.805193 0.192284
vn 0.915905 -0.346910 -0.201919
vn 0.926197 -0.346982 -0.147524
vn 0.391179 0.346982 -0.852398
vn 0.440803 0.346909 -0.827857
vn -0.047130 0.785929 -0.616518
vn -0.038288 0.786422 -0.616502
vn -0.497322 0.866522 -0.042551
vn -0.498496 0.866134 -0.036241
vn -0.799515 0.380548 0.464714
vn -0.790854 0.380545 0.479308
vn -0.674340 -0.380545 0.632812
vn -0.662614 -0.380548 0.645079
vn -0.048051 -0.877326 0.477483
vn -0.043382 -0.877328 0.477927
vn 0.581259 -0.805185 0.117538
vn 0.579357 -0.805192 0.126533
vn 0.886627 -0.346910 -0.305854
vn 0.903102 -0.346982 -0.253002
vn 0.290614 0.346982 -0.891711
vn 0.342729 0.346910 -0.873035
vn -0.104787 0.785290 -0.610197
vn -0.096622 0.785040 -0.611864
vn -0.503135 0.863819 0.025924
vn -0.502952 0.863686 0.032970
vn -0.740803 0.380547 0.553529
vn -0.730522 0.380545 0.567030
vn -0.597137 -0.380545 0.706125
vn -0.584078 -0.380547 0.716963
vn 0.007148 -0.877326 0.479842
vn 0.011837 -0.877328 0.479746
vn 0.590917 -0.805185 0.049950
vn 0.590061 -0.805193 0.059105
vn 0.845597 -0.346909 -0.405733
vn 0.868038 -0.346982 -0.355126
vn 0.186197 0.346982 -0.919203
vn 0.240113 0.346909 -0.906642
vn -0.159796 0.787952 -0.594640
vn -0.151545 0.787432 -0.597483
vn -0.495717 0.863240 0.095298
vn -0.494308 0.863269 0.102110
vn -0.672272 0.380547 0.635007
vn -0.660508 0.380545 0.647237
vn -0.512019 -0.380545 0.770079
vn -0.497801 -0.380547 0.779344
vn 0.062253 -0.877326 0.475840
vn 0.066900 -0.877328 0.475206
vn 0.592742 -0.805185 -0.018299
vn 0.592944 -0.805192 -0.009108
vn 0.793359 -0.346909 -0.500236
vn 0.821468 -0.346982 -0.452542
vn 0.074839 0.345943 -0.935266
vn 0.132999 0.346634 -0.928524
vn -0.218126 0.791035 -0.571564
vn -0.208866 0.790624 -0.575576
vn -0.481564 0.862808 0.153815
vn -0.480079 0.862720 0.158866
vn -0.596525 0.379694 0.707100
vn -0.583861 0.379382 0.717757
vn -0.420115 -0.380545 0.823826
vn -0.404926 -0.380547 0.831396
vn 0.116532 -0.877326 0.465531
vn 0.121076 -0.877328 0.464367
vn 0.586710 -0.805185 -0.086306
vn 0.587967 -0.805193 -0.077199
vn 0.730605 -0.346909 -0.588107
vn 0.764009 -0.346982 -0.543961
vn -0.033434 0.345061 -0.937985
vn 0.021246 0.345285 -0.938257
vn -0.273921 0.796996 -0.538298
vn -0.266083 0.795679 -0.544146
vn -0.457713 0.865817 0.202138
vn -0.453963 0.866587 0.207233
vn -0.513253 0.377448 0.770782
vn -0.498038 0.376957 0.780936
vn -0.322641 -0.380545 0.866654
vn -0.306683 -0.380548 0.872427
vn 0.169267 -0.877326 0.449052
vn 0.173646 -0.877328 0.447374
vn 0.572902 -0.805185 -0.153170
vn 0.575198 -0.805192 -0.144267
vn 0.658167 -0.346909 -0.668184
vn 0.696425 -0.346982 -0.628169
vn -0.134881 0.345609 -0.928634
vn -0.083306 0.345027 -0.934888
vn -0.320418 0.807597 -0.495096
vn -0.314193 0.805789 -0.501983
vn -0.415377 0.874647 0.249908
vn -0.410295 0.875689 0.254611
vn -0.418711 0.375380 0.826905
vn -0.402113 0.375201 0.835183
vn -0.220892 -0.380545 0.897994
vn -0.204376 -0.380548 0.901895
vn 0.219758 -0.877326 0.426621
vn 0.223916 -0.877328 0.424450
vn 0.551500 -0.805185 -0.218003
vn 0.554804 -0.805192 -0.209423
vn 0.577007 -0.346909 -0.739403
vn 0.619608 -0.346982 -0.704052
vn -0.233302 0.347632 -0.908142
vn -0.183047 0.346329 -0.920081
vn -0.358904 0.820324 -0.445261
vn -0.353839 0.818437 -0.452724
vn -0.362548 0.884436 0.293822
vn -0.357241 0.885304 0.297684
vn -0.316813 0.375379 0.871045
vn -0.300015 0.375610 0.876874
vn -0.116215 -0.380545 0.917431
vn -0.099360 -0.380548 0.919408
vn 0.267337 -0.877326 0.398535
vn 0.271217 -0.877328 0.395901
vn 0.522788 -0.805185 -0.279946
vn 0.527056 -0.805193 -0.271803
vn 0.488196 -0.346910 -0.800824
vn 0.534581 -0.346981 -0.770602
vn -0.329376 0.351215 -0.876447
vn -0.280790 0.349086 -0.894033
vn -0.390299 0.833775 -0.390495
vn -0.386408 0.831870 -0.398348
vn -0.305094 0.892859 0.331241
vn -0.299718 0.893545 0.334284
vn -0.211183 0.377759 0.901499
vn -0.194495 0.378337 0.905004
vn -0.009997 -0.380545 0.924708
vn 0.006973 -0.380547 0.924735
vn 0.311372 -0.877326 0.365167
vn 0.314924 -0.877328 0.362104
vn 0.487147 -0.805185 -0.338179
vn 0.492323 -0.805193 -0.330580
vn 0.392917 -0.346909 -0.851628
vn 0.442465 -0.346982 -0.826939
vn -0.422201 0.356558 -0.833434
vn -0.375714 0.353516 -0.856659
vn -0.414187 0.847571 -0.331773
vn -0.411450 0.845706 -0.339839
vn -0.244140 0.899723 0.361794
vn -0.238833 0.900230 0.364066
vn -0.103646 0.382315 0.918201
vn -0.087327 0.383195 0.919530
vn 0.096354 -0.380545 0.919729
vn 0.113215 -0.380548 0.917805
vn 0.351280 -0.877326 0.326958
vn 0.354456 -0.877328 0.323508
vn 0.445049 -0.805185 -0.391929
vn 0.451064 -0.805192 -0.384976
vn 0.292428 -0.346909 -0.891145
vn 0.344487 -0.346982 -0.872314
vn -0.510694 0.363816 -0.778993
vn -0.466823 0.359799 -0.807850
vn -0.430314 0.861326 -0.270087
vn -0.428686 0.859552 -0.278206
vn -0.180826 0.904895 0.385314
vn -0.175702 0.905233 0.386886
vn 0.004011 0.388928 0.921259
vn 0.019749 0.390085 0.920567
vn 0.201427 -0.380545 0.902559
vn 0.217954 -0.380547 0.898710
vn 0.386532 -0.877326 0.284416
vn 0.389291 -0.877328 0.280623
vn 0.397052 -0.805185 -0.440485
vn 0.403826 -0.805193 -0.434269
vn 0.188063 -0.346909 -0.918851
vn 0.241941 -0.346982 -0.906128
vn -0.593562 0.373087 -0.713085
vn -0.552934 0.368064 -0.747524
vn -0.438592 0.874658 -0.206422
vn -0.438002 0.873020 -0.214455
vn -0.116267 0.908301 0.401835
vn -0.111417 0.908485 0.402793
vn 0.110028 0.397568 0.910952
vn 0.125005 0.398995 0.908393
vn 0.303830 -0.380545 0.873426
vn 0.319806 -0.380548 0.867703
vn 0.416660 -0.877326 0.238104
vn 0.418965 -0.877328 0.234019
vn 0.343792 -0.805185 -0.483202
vn 0.351236 -0.805193 -0.477806
vn 0.081207 -0.346909 -0.934377
vn 0.136190 -0.346981 -0.927931
vn -0.669302 0.384393 -0.635828
vn -0.632648 0.378375 -0.675713
vn -0.439078 0.887200 -0.141728
vn -0.439442 0.885733 -0.149558
vn -0.051512 0.909917 0.411579
vn -0.046995 0.909965 0.412014
vn 0.212656 0.408289 0.887737
vn 0.226714 0.409993 0.883463
vn 0.402206 -0.380545 0.832716
vn 0.417418 -0.380548 0.825194
vn 0.441266 -0.877326 0.188636
vn 0.443086 -0.877328 0.184313
vn 0.285976 -0.805185 -0.519515
vn 0.293990 -0.805192 -0.515010
vn -0.026727 -0.346909 -0.937518
vn 0.028634 -0.346981 -0.937435
vn -0.736220 0.397653 -0.547587
vn -0.704363 0.390707 -0.592639
vn -0.431967 0.898605 -0.076899
vn -0.433191 0.897339 -0.084433
vn 0.012503 0.909770 0.414925
vn 0.016649 0.909701 0.414931
vn 0.310166 0.421223 0.852272
vn 0.323158 0.423226 0.846433
vn 0.495251 -0.380545 0.780969
vn 0.509498 -0.380548 0.771748
vn 0.460023 -0.877326 0.136668
vn 0.461334 -0.877328 0.132165
vn 0.224369 -0.805185 -0.548941
vn 0.232848 -0.805193 -0.545387
vn -0.137422 -0.347774 -0.927453
vn -0.080400 -0.347308 -0.934298
vn -0.789752 0.412924 -0.453636
vn -0.765536 0.405002 -0.499929
vn -0.417566 0.908557 -0.012756
vn -0.419553 0.907512 -0.019924
vn 0.074975 0.907919 0.412386
vn 0.078740 0.907753 0.412050
vn 0.406073 0.435261 0.803525
vn 0.418633 0.436972 0.796117
vn 0.578577 -0.381771 0.720764
vn 0.590162 -0.382260 0.711046
vn 0.472682 -0.877326 0.082888
vn 0.473467 -0.877328 0.078264
vn 0.159788 -0.805185 -0.571091
vn 0.168619 -0.805193 -0.568536
vn -0.244737 -0.348956 -0.904618
vn -0.190644 -0.348398 -0.917755
vn -0.829481 0.429355 -0.357234
vn -0.812003 0.421186 -0.404047
vn -0.396271 0.916773 0.049968
vn -0.398927 0.915964 0.043215
vn 0.135267 0.904453 0.404559
vn 0.138656 0.904208 0.403959
vn 0.501361 0.446050 0.741401
vn 0.511890 0.446912 0.733647
vn 0.650272 -0.387336 0.653542
vn 0.659752 -0.388618 0.643198
vn 0.479077 -0.877326 0.028010
vn 0.479325 -0.877328 0.023326
vn 0.093089 -0.805185 -0.585672
vn 0.102156 -0.805192 -0.584148
vn -0.344962 -0.349646 -0.871062
vn -0.295198 -0.349417 -0.889250
vn -0.857909 0.445476 -0.256016
vn -0.845601 0.437756 -0.305499
vn -0.368545 0.923004 0.110631
vn -0.371781 0.922440 0.104322
vn 0.192905 0.899476 0.392086
vn 0.195940 0.899166 0.391290
vn 0.586828 0.451514 0.672137
vn 0.595237 0.451859 0.664467
vn 0.714567 -0.398323 0.575094
vn 0.722566 -0.400151 0.563718
vn 0.479121 -0.877326 -0.027240
vn 0.478829 -0.877328 -0.031921
vn 0.025156 -0.805185 -0.592490
vn 0.034338 -0.805192 -0.592019
vn -0.439605 -0.349683 -0.827327
vn -0.392832 -0.349791 -0.850488
vn -0.874593 0.460759 -0.150961
vn -0.868187 0.453470 -0.201533
vn -0.334887 0.927037 0.168682
vn -0.338627 0.926724 0.162832
vn 0.247587 0.893094 0.375612
vn 0.250298 0.892733 0.374672
vn 0.661032 0.453621 0.597717
vn 0.668078 0.453711 0.589761
vn 0.770176 -0.413489 0.485650
vn 0.776442 -0.415709 0.473629
vn 0.472815 -0.877326 -0.082129
vn 0.471987 -0.877328 -0.086745
vn -0.043110 -0.805185 -0.591455
vn -0.033935 -0.805192 -0.592042
vn -0.528621 -0.348852 -0.773862
vn -0.485006 -0.349417 -0.801672
vn -0.878954 0.474869 -0.044037
vn -0.878467 0.468249 -0.095071
vn -0.295817 0.928692 0.223660
vn -0.299992 0.928634 0.218273
vn 0.299157 0.885412 0.355739
vn 0.301581 0.885008 0.354696
vn 0.725925 0.453352 0.517209
vn 0.731720 0.453201 0.509112
vn 0.813690 -0.432156 0.388780
vn 0.818179 -0.434749 0.376267
vn 0.460242 -0.877326 -0.135929
vn 0.458889 -0.877328 -0.140419
vn -0.110805 -0.805185 -0.582580
vn -0.101758 -0.805192 -0.584218
vn -0.611472 -0.346926 -0.711157
vn -0.571194 -0.348055 -0.743367
vn -0.870937 0.487293 0.063361
vn -0.876318 0.481571 0.012480
vn -0.251849 0.927821 0.275173
vn -0.256406 0.928021 0.270248
vn 0.347590 0.876524 0.332996
vn 0.349766 0.876083 0.331876
vn 0.781289 0.450587 0.431924
vn 0.785955 0.450203 0.423782
vn 0.843734 -0.454206 0.286026
vn 0.846399 -0.457142 0.273185
vn 0.441568 -0.877326 -0.187927
vn 0.439708 -0.877328 -0.192232
vn -0.177031 -0.805185 -0.565984
vn -0.168233 -0.805193 -0.568650
vn -0.687565 -0.343711 -0.639622
vn -0.650852 -0.345495 -0.676036
vn -0.850652 0.497540 0.169837
vn -0.861793 0.492932 0.119710
vn -0.203480 0.924303 0.322892
vn -0.208378 0.924763 0.318422
vn 0.392952 0.866512 0.307808
vn 0.394918 0.866037 0.306625
vn 0.827107 0.445227 0.343026
vn 0.830761 0.444618 0.334888
vn 0.859136 -0.479334 0.179234
vn 0.859937 -0.482561 0.166260
vn 0.417042 -0.877326 -0.237434
vn 0.414699 -0.877328 -0.241498
vn -0.240911 -0.805185 -0.541885
vn -0.232477 -0.805193 -0.545545
vn -0.756219 -0.339051 -0.559623
vn -0.723363 -0.341559 -0.600069
vn -0.818376 0.505152 0.274009
vn -0.835112 0.501859 0.225225
vn -0.151185 0.918043 0.366525
vn -0.156393 0.918766 0.362505
vn 0.435362 0.855447 0.280484
vn 0.437153 0.854939 0.279242
vn 0.863475 0.437230 0.251477
vn 0.866216 0.436405 0.243353
vn 0.859071 -0.506970 0.070557
vn 0.858000 -0.510399 0.057686
vn 0.386988 -0.877326 -0.283795
vn 0.384194 -0.877328 -0.287562
vn -0.301597 -0.805185 -0.510604
vn -0.293640 -0.805192 -0.515209
vn -0.816625 -0.332842 -0.471530
vn -0.788001 -0.336119 -0.515828
vn -0.774545 0.509713 0.374531
vn -0.796656 0.507916 0.327658
vn -0.095412 0.908966 0.405804
vn -0.100909 0.909960 0.402232
vn 0.474953 0.843394 0.251210
vn 0.476600 0.842852 0.249905
vn 0.890503 0.426648 0.158038
vn 0.892401 0.425617 0.149904
vn 0.843255 -0.536196 -0.037606
vn 0.840370 -0.539693 -0.050100
vn 0.351804 -0.877326 -0.326394
vn 0.348596 -0.877328 -0.329814
vn -0.358286 -0.805185 -0.472555
vn -0.350911 -0.805193 -0.478044
vn -0.867825 -0.325050 -0.375795
vn -0.843900 -0.329102 -0.423703
vn -0.719743 0.510856 0.470103
vn -0.746962 0.510720 0.425691
vn -0.036586 0.897023 0.440466
vn -0.042360 0.898294 0.437348
vn 0.511835 0.830420 0.220060
vn 0.513362 0.829843 0.218679
vn 0.908228 0.413661 0.063299
vn 0.909317 0.412439 0.055111
vn 0.812161 -0.565700 -0.142753
vn 0.807624 -0.569079 -0.154573
vn 0.312901 -0.882528 -0.351052
vn 0.309621 -0.883498 -0.351519
vn -0.408773 -0.809407 -0.421622
vn -0.402447 -0.808468 -0.429436
vn -0.910920 -0.316572 -0.264589
vn -0.891280 -0.320828 -0.320453
vn -0.654699 0.508280 0.559483
vn -0.686709 0.509941 0.518064
vn 0.024878 0.882188 0.470241
vn 0.018836 0.883746 0.467589
vn 0.546057 0.816607 0.187013
vn 0.547481 0.815990 0.185537
vn 0.916553 0.398611 -0.032234
vn 0.916828 0.397221 -0.040529
vn 0.771077 -0.591447 -0.235860
vn 0.766769 -0.593695 -0.244114
vn 0.265464 -0.895029 -0.358402
vn 0.261405 -0.895957 -0.359066
vn -0.449747 -0.815162 -0.365018
vn -0.445083 -0.814526 -0.372087
vn -0.940355 -0.305037 -0.150615
vn -0.928200 -0.310943 -0.204353
vn -0.580277 0.501747 0.641505
vn -0.616710 0.505319 0.603590
vn 0.088563 0.864462 0.494836
vn 0.082259 0.866317 0.492674
vn 0.577584 0.802059 0.151983
vn 0.578914 0.801400 0.150388
vn 0.915245 0.382009 -0.128048
vn 0.914659 0.380483 -0.136497
vn 0.730268 -0.605741 -0.315889
vn 0.726598 -0.606224 -0.323338
vn 0.202456 -0.905483 -0.372977
vn 0.197781 -0.905950 -0.374349
vn -0.483381 -0.817200 -0.313890
vn -0.479529 -0.817202 -0.319739
vn -0.955750 -0.291195 -0.041807
vn -0.950078 -0.297972 -0.092542
vn -0.497463 0.491099 0.715089
vn -0.537905 0.496664 0.681164
vn 0.154035 0.843882 0.513942
vn 0.147477 0.846046 0.512305
vn 0.606279 0.786915 0.114849
vn 0.607516 0.786213 0.113107
vn 0.903967 0.364531 -0.223519
vn 0.902440 0.362916 -0.232151
vn 0.687373 -0.606327 -0.399857
vn 0.682997 -0.605847 -0.408001
vn 0.131555 -0.911388 -0.389956
vn 0.127151 -0.911680 -0.390732
vn -0.513183 -0.816637 -0.264099
vn -0.509843 -0.816759 -0.270120
vn -0.958474 -0.277485 0.065797
vn -0.958719 -0.283974 0.014744
vn -0.407352 0.476253 0.779261
vn -0.451340 0.483862 0.749780
vn 0.220826 0.820523 0.527236
vn 0.214029 0.823006 0.526168
vn 0.631901 0.771363 0.075503
vn 0.633034 0.770619 0.073584
vn 0.882368 0.346989 -0.317845
vn 0.879788 0.345348 -0.326660
vn 0.636084 -0.599122 -0.486261
vn 0.630685 -0.598187 -0.494378
vn 0.067129 -0.915866 -0.395831
vn 0.063827 -0.916142 -0.395741
vn -0.536769 -0.819167 -0.202101
vn -0.534556 -0.818620 -0.210028
vn -0.948709 -0.264816 0.172696
vn -0.954886 -0.270784 0.121936
vn -0.311144 0.457217 0.833152
vn -0.358164 0.466882 0.808542
vn 0.288421 0.794509 0.534386
vn 0.281406 0.797318 0.533942
vn 0.654109 0.755641 0.033882
vn 0.655118 0.754859 0.031756
vn 0.850176 0.330286 -0.410015
vn 0.846416 0.328699 -0.418972
vn 0.576103 -0.587480 -0.568307
vn 0.569563 -0.586056 -0.576313
vn 0.014433 -0.918503 -0.395151
vn 0.011828 -0.918530 -0.395176
vn -0.554803 -0.822030 -0.128293
vn -0.553026 -0.821912 -0.136466
vn -0.926635 -0.253679 0.277479
vn -0.938698 -0.258895 0.227638
vn -0.210115 0.434082 0.876027
vn -0.259613 0.445780 0.856668
vn 0.356249 0.766023 0.535067
vn 0.349048 0.769159 0.535313
vn 0.672484 0.740044 -0.009991
vn 0.673336 0.739233 -0.012352
vn 0.807300 0.315352 -0.498819
vn 0.802227 0.313914 -0.507829
vn 0.507552 -0.571551 -0.644764
vn 0.499759 -0.569602 -0.652529
vn -0.037970 -0.915321 -0.400932
vn -0.041243 -0.914890 -0.401591
vn -0.575683 -0.815461 -0.060102
vn -0.573078 -0.816779 -0.066737
vn -0.892604 -0.244541 0.378757
vn -0.910440 -0.248782 0.330464
vn -0.105612 0.407030 0.907289
vn -0.156987 0.420696 0.893516
vn 0.423674 0.735306 0.528986
vn 0.416335 0.738766 0.529991
vn 0.686553 0.724922 -0.055975
vn 0.687204 0.724098 -0.058595
vn 0.753904 0.303078 -0.582900
vn 0.747396 0.301899 -0.591825
vn 0.430777 -0.551538 -0.714309
vn 0.421642 -0.549030 -0.721654
vn -0.096724 -0.906791 -0.410334
vn -0.100343 -0.906210 -0.410749
vn -0.595975 -0.802999 0.002544
vn -0.594050 -0.804416 -0.004515
vn -0.847144 -0.237826 0.475170
vn -0.870566 -0.240881 0.429059
vn 0.000965 0.376332 0.926484
vn -0.051645 0.391856 0.918576
vn 0.489998 0.702670 0.515904
vn 0.482585 0.706440 0.517740
vn 0.695829 0.710669 -0.103789
vn 0.696222 0.709855 -0.106680
vn 0.690449 0.294262 -0.660826
vn 0.682406 0.293461 -0.669479
vn 0.346391 -0.527686 -0.775603
vn 0.335857 -0.524588 -0.782309
vn -0.157412 -0.896241 -0.414697
vn -0.161386 -0.895490 -0.414793
vn -0.609178 -0.790220 0.066750
vn -0.608021 -0.791703 0.059311
vn -0.790947 -0.233910 0.565410
vn -0.819693 -0.235588 0.522113
vn 0.108194 0.342343 0.933325
vn 0.055017 0.359573 0.931494
vn 0.554469 0.668498 0.495656
vn 0.547062 0.672551 0.498395
vn 0.699846 0.697716 -0.152998
vn 0.699917 0.696943 -0.156160
vn 0.617694 0.289556 -0.731171
vn 0.608059 0.289253 -0.739322
vn 0.255275 -0.500279 -0.827379
vn 0.243329 -0.496565 -0.833196
vn -0.219453 -0.883702 -0.413415
vn -0.223771 -0.882763 -0.413106
vn -0.614939 -0.777485 0.131787
vn -0.614640 -0.778995 0.124030
vn -0.724863 -0.233113 0.648253
vn -0.758596 -0.233243 0.608383
vn 0.214639 0.305502 0.927685
vn 0.161593 0.324239 0.932071
vn 0.616291 0.633241 0.468178
vn 0.608991 0.637539 0.471883
vn 0.698203 0.686512 -0.203011
vn 0.697882 0.685820 -0.206426
vn 0.536680 0.289436 -0.792591
vn 0.525443 0.289747 -0.799973
vn 0.158550 -0.469627 -0.868511
vn 0.145234 -0.465281 -0.873167
vn -0.282114 -0.869259 -0.405957
vn -0.286742 -0.868120 -0.405151
vn -0.612998 -0.765173 0.196835
vn -0.613646 -0.766666 0.188847
vn -0.649890 -0.235682 0.722563
vn -0.688194 -0.234124 0.686713
vn 0.318879 0.266322 0.909609
vn 0.266673 0.286325 0.920274
vn 0.674648 0.597415 0.433527
vn 0.667569 0.601904 0.438250
vn 0.690604 0.677503 -0.253092
vn 0.689817 0.676939 -0.256721
vn 0.448679 0.294189 -0.843884
vn 0.435886 0.295214 -0.850207
vn 0.057541 -0.436073 -0.898070
vn 0.042955 -0.431089 -0.901286
vn -0.344526 -0.853062 -0.391903
vn -0.349408 -0.851715 -0.390507
vn -0.603213 -0.753669 0.260993
vn -0.604886 -0.755091 0.252885
vn -0.567162 -0.241789 0.787315
vn -0.609542 -0.238436 0.756047
vn 0.419525 0.225386 0.879318
vn 0.368875 0.246372 0.896232
vn 0.728718 0.561593 0.391898
vn 0.721991 0.566204 0.397671
vn 0.676888 0.671111 -0.302379
vn 0.675566 0.670728 -0.306160
vn 0.355143 0.303905 -0.884033
vn 0.340907 0.305726 -0.888996
vn -0.046280 -0.399987 -0.915352
vn -0.061978 -0.394377 -0.916857
vn -0.405719 -0.835324 -0.370980
vn -0.410773 -0.833771 -0.368906
vn -0.585581 -0.743351 0.323302
vn -0.588342 -0.744646 0.315207
vn -0.477921 -0.251527 0.841621
vn -0.523815 -0.246309 0.815444
vn 0.515254 0.183331 0.837200
vn 0.466862 0.204979 0.860246
vn 0.777707 0.526394 0.343630
vn 0.771472 0.531042 0.350464
vn 0.657055 0.667712 -0.349914
vn 0.655140 0.667568 -0.353759
vn 0.257651 0.318495 -0.912237
vn 0.242141 0.321165 -0.915544
vn -0.151350 -0.361772 -0.919899
vn -0.167943 -0.355562 -0.919441
vn -0.464655 -0.816324 -0.343090
vn -0.469773 -0.814577 -0.340263
vn -0.560249 -0.734584 0.382763
vn -0.564140 -0.735693 0.374835
vn -0.383509 -0.264901 0.884731
vn -0.432282 -0.257793 0.864104
vn 0.604817 0.140843 0.783811
vn 0.559365 0.162800 0.812777
vn 0.820871 0.492466 0.289219
vn 0.815275 0.497054 0.297094
vn 0.631285 0.667613 -0.394680
vn 0.628734 0.667764 -0.398478
vn 0.157847 0.337703 -0.927923
vn 0.141294 0.341244 -0.929294
vn -0.256063 -0.321863 -0.911502
vn -0.273281 -0.315101 -0.908861
vn -0.520267 -0.796404 -0.308323
vn -0.525318 -0.794485 -0.304687
vn -0.527528 -0.727702 0.438365
vn -0.532565 -0.728564 0.430778
vn -0.285338 -0.281829 0.916054
vn -0.336299 -0.272849 0.901364
vn 0.687066 0.098643 0.719868
vn 0.645199 0.120527 0.754448
vn 0.857543 0.460475 0.229309
vn 0.852730 0.464892 0.238176
vn 0.599941 0.671036 -0.435639
vn 0.596734 0.671536 -0.439258
vn 0.057403 0.361125 -0.930749
vn 0.040093 0.365524 -0.929938
vn -0.358817 -0.280731 -0.890191
vn -0.376348 -0.273487 -0.885193
vn -0.571501 -0.775960 -0.266969
vn -0.576338 -0.773906 -0.262496
vn -0.487893 -0.722998 0.489115
vn -0.494059 -0.723555 0.482051
vn -0.184871 -0.302144 0.935164
vn -0.237280 -0.291358 0.926720
vn 0.760971 0.057470 0.646235
vn 0.723285 0.078883 0.686030
vn 0.887157 0.431082 0.164687
vn 0.883265 0.435210 0.174460
vn 0.563567 0.678100 -0.471776
vn 0.559713 0.678993 -0.475068
vn -0.042027 0.388234 -0.920602
vn -0.059766 0.393440 -0.917405
vn -0.458055 -0.238883 -0.856225
vn -0.475552 -0.231249 -0.848749
vn -0.617361 -0.755433 -0.219514
vn -0.621824 -0.753293 -0.214205
vn -0.441981 -0.720716 0.534061
vn -0.449223 -0.720915 0.527713
vn -0.083590 -0.325590 0.941809
vn -0.136672 -0.313115 0.939830
vn 0.825639 0.018070 0.563909
vn 0.792665 0.038600 0.608434
vn 0.909269 0.404923 0.096267
vn 0.906423 0.408639 0.106828
vn 0.522875 0.688813 -0.502134
vn 0.518414 0.690130 -0.504943
vn -0.138840 0.418403 -0.897587
vn -0.156646 0.424329 -0.891856
vn -0.552295 -0.196859 -0.810072
vn -0.569389 -0.188950 -0.800059
vn -0.656941 -0.735298 -0.166630
vn -0.660870 -0.733132 -0.160524
vn -0.390581 -0.721033 0.572327
vn -0.398809 -0.720829 0.566883
vn 0.017018 -0.351836 0.935907
vn -0.035939 -0.337833 0.940520
vn 0.880319 -0.018813 0.474009
vn 0.852518 0.000418 0.522697
vn 0.923576 0.382595 0.025075
vn 0.921879 0.385776 0.036270
vn 0.478725 0.703064 -0.525856
vn 0.473727 0.704820 -0.528026
vn -0.231511 0.450922 -0.862016
vn -0.248999 0.457444 -0.853666
vn -0.640160 -0.155230 -0.752395
vn -0.656473 -0.147182 -0.739852
vn -0.689464 -0.716047 -0.109159
vn -0.692705 -0.713925 -0.102330
vn -0.334615 -0.724060 0.603133
vn -0.343704 -0.723420 0.598775
vn 0.115491 -0.380471 0.917553
vn 0.063465 -0.365152 0.928782
vn 0.924419 -0.052462 0.377753
vn 0.902169 -0.034938 0.429966
vn 0.929923 0.364636 -0.047777
vn 0.929454 0.367165 -0.036130
vn 0.432095 0.720622 -0.542216
vn 0.426666 0.722812 -0.543598
vn -0.318615 0.485022 -0.814395
vn -0.335393 0.491985 -0.803407
vn -0.720398 -0.114594 -0.684029
vn -0.735554 -0.106561 -0.669033
vn -0.714308 -0.698177 -0.048085
vn -0.716722 -0.696174 -0.040647
vn -0.275124 -0.729832 0.625822
vn -0.284913 -0.728736 0.622711
vn 0.210417 -0.411020 0.887010
vn 0.160117 -0.394637 0.904778
vn 0.957510 -0.082191 0.276441
vn 0.941097 -0.066768 0.331480
vn 0.928317 0.351509 -0.121117
vn 0.929120 0.353279 -0.109225
vn 0.384058 0.741143 -0.550642
vn 0.378329 0.743741 -0.551105
vn -0.398846 0.519890 -0.755405
vn -0.414528 0.527116 -0.741833
vn -0.791897 -0.075565 -0.605961
vn -0.805542 -0.067718 -0.588657
vn -0.731028 -0.682172 0.015487
vn -0.732499 -0.680366 0.023390
vn -0.213240 -0.738302 0.639874
vn -0.223537 -0.736747 0.638149
vn 0.300445 -0.442949 0.844707
vn 0.252647 -0.425793 0.868833
vn 0.979327 -0.107361 0.171439
vn 0.968943 -0.094410 0.228553
vn 0.918922 0.343584 -0.193734
vn 0.921008 0.344505 -0.181826
vn 0.335741 0.764177 -0.550737
vn 0.329868 0.767133 -0.550177
vn -0.471032 0.554693 -0.685889
vn -0.485251 0.561981 -0.669858
vn -0.853704 -0.038769 -0.519313
vn -0.865511 -0.031287 -0.499913
vn -0.739369 -0.668487 0.080372
vn -0.739815 -0.666956 0.088564
vn -0.150163 -0.749345 0.644929
vn -0.160751 -0.747346 0.644696
vn 0.384315 -0.475672 0.791226
vn 0.339751 -0.458067 0.821428
vn 0.989776 -0.127392 0.064153
vn 0.985511 -0.117250 0.122555
vn 0.902061 0.341131 -0.264416
vn 0.905404 0.341132 -0.252730
vn 0.288296 0.789176 -0.542298
vn 0.282450 0.792418 -0.540644
vn -0.534147 0.588590 -0.606835
vn -0.546565 0.595725 -0.588539
vn -0.905031 -0.004834 -0.425318
vn -0.914715 0.002096 -0.404095
vn -0.739275 -0.657536 0.145325
vn -0.738652 -0.656351 0.153614
vn -0.087129 -0.762759 0.640786
vn -0.097772 -0.760347 0.642116
vn 0.460867 -0.508567 0.727297
vn 0.420220 -0.490865 0.763196
vn 0.988922 -0.141772 -0.043987
vn 0.990769 -0.134738 0.014891
vn 0.878206 0.344310 -0.331972
vn 0.882742 0.343347 -0.320750
vn 0.242864 0.815514 -0.525314
vn 0.237226 0.818953 -0.522533
vn -0.587317 0.620746 -0.519359
vn -0.597641 0.627510 -0.499055
vn -0.945262 0.025623 -0.325304
vn -0.952592 0.031817 -0.302584
vn -0.730893 -0.649676 0.209087
vn -0.729195 -0.648899 0.217264
vn -0.025384 -0.778265 0.627422
vn -0.035838 -0.775490 0.630342
vn 0.529059 -0.540983 0.653784
vn 0.492945 -0.523553 0.694908
vn 0.976992 -0.150070 -0.151543
vn 0.984844 -0.146394 -0.093012
vn 0.847967 0.353163 -0.395257
vn 0.853595 0.351216 -0.384737
vn 0.200547 0.842501 -0.499972
vn 0.195297 0.846031 -0.496075
vn -0.629829 0.650354 -0.424682
vn -0.637818 0.656530 -0.402686
vn -0.973961 0.052002 -0.220672
vn -0.978763 0.057283 -0.196828
vn -0.714565 -0.645195 0.270409
vn -0.711831 -0.644875 0.278267
vn 0.033843 -0.795517 0.604985
vn 0.023824 -0.792445 0.609479
vn 0.587977 -0.572254 0.571672
vn 0.556936 -0.555477 0.617469
vn 0.954368 -0.151940 -0.257093
vn 0.968018 -0.151817 -0.199732
vn 0.812080 0.367610 -0.453200
vn 0.818666 0.364691 -0.443605
vn 0.162376 0.869406 -0.466655
vn 0.157683 0.872913 -0.461692
vn -0.661136 0.676640 -0.324126
vn -0.666607 0.682023 -0.300800
vn -0.990868 0.073735 -0.112884
vn -0.993038 0.077938 -0.088321
vn -0.690821 -0.644301 0.328088
vn -0.687132 -0.644469 0.335424
vn 0.089372 -0.814109 0.573794
vn 0.080024 -0.810818 0.579802
vn 0.636846 -0.601705 0.482056
vn 0.611335 -0.585966 0.531896
vn 0.921573 -0.147132 -0.359244
vn 0.940724 -0.150698 -0.303857
vn 0.771383 0.387451 -0.504827
vn 0.778766 0.383603 -0.496359
vn 0.129283 0.895473 -0.425928
vn 0.125297 0.898835 -0.419996
vn -0.680855 0.698884 -0.219084
vn -0.683689 0.703287 -0.194826
vn -0.995909 0.090295 -0.003435
vn -0.995410 0.093276 0.021418
vn -0.660365 -0.647117 0.380995
vn -0.655837 -0.647784 0.387625
vn 0.140092 -0.833584 0.534333
vn 0.131637 -0.830166 0.541752
vn 0.675041 -0.628674 0.386121
vn 0.655420 -0.614349 0.439317
vn 0.879265 -0.135496 -0.456655
vn 0.903533 -0.142823 -0.404018
vn 0.726801 0.412369 -0.549284
vn 0.734797 0.407661 -0.542113
vn 0.102079 0.919943 -0.378530
vn 0.098925 0.923044 -0.371758
vn -0.688772 0.716429 -0.111009
vn -0.688918 0.719690 -0.086246
vn -0.989186 0.101205 0.106158
vn -0.986052 0.102846 0.130862
vn -0.624055 -0.653668 0.428106
vn -0.618837 -0.654826 0.433871
vn 0.184993 -0.853447 0.487243
vn 0.177625 -0.850002 0.495930
vn 0.702087 -0.652511 0.285138
vn 0.688621 -0.639967 0.340943
vn 0.828226 -0.116987 -0.548047
vn 0.857148 -0.128079 -0.498893
vn 0.679322 0.441932 -0.585849
vn 0.687730 0.436462 -0.580110
vn 0.081435 0.942082 -0.325346
vn 0.079205 0.944810 -0.317900
vn -0.684838 0.728694 -0.001398
vn -0.682314 0.730683 0.023434
vn -0.970977 0.106053 0.214376
vn -0.965312 0.106266 0.238495
vn -0.582880 -0.663881 0.468523
vn -0.577147 -0.665501 0.473297
vn 0.223179 -0.873177 0.433305
vn 0.217062 -0.869805 0.443083
vn 0.717670 -0.672601 0.180437
vn 0.710520 -0.662180 0.238071
vn 0.769348 -0.091667 -0.632219
vn 0.802389 -0.106461 -0.587229
vn 0.629975 0.475604 -0.613948
vn 0.638588 0.469495 -0.609738
vn 0.067866 0.961192 -0.267403
vn 0.066616 0.963450 -0.259472
vn -0.669170 0.735185 0.108231
vn -0.664060 0.735810 0.132694
vn -0.941734 0.104499 0.319714
vn -0.933710 0.103231 0.342826
vn -0.537937 -0.677585 0.501501
vn -0.531877 -0.679619 0.505198
vn 0.253893 -0.892239 0.373426
vn 0.249152 -0.889043 0.384091
vn 0.721637 -0.688370 0.073394
vn 0.720860 -0.680385 0.132052
vn 0.703621 -0.059713 -0.708062
vn 0.740188 -0.078072 -0.667852
vn 0.579807 0.512757 -0.633170
vn 0.588415 0.506149 -0.630540
vn 0.061714 0.976640 -0.205828
vn 0.061462 0.978351 -0.197615
vn -0.642045 0.735507 0.216349
vn -0.634496 0.734715 0.240017
vn -0.902076 0.096285 0.420700
vn -0.891922 0.093521 0.442413
vn -0.490399 -0.694510 0.526465
vn -0.484209 -0.696892 0.529040
vn 0.276531 -0.910100 0.308623
vn 0.273249 -0.907176 0.319947
vn 0.713995 -0.699297 -0.034569
vn 0.719544 -0.694023 0.024281
vn 0.632113 -0.021409 -0.774581
vn 0.671567 -0.043130 -0.739688
vn 0.529854 0.552681 -0.643272
vn 0.538257 0.545730 -0.642230
vn 0.063150 0.987875 -0.141827
vn 0.063874 0.988983 -0.133540
vn -0.603894 0.729375 0.321441
vn -0.594111 0.727156 0.343914
vn -0.852779 0.081246 0.515913
vn -0.840779 0.077012 0.535873
vn -0.441486 -0.714294 0.543024
vn -0.435357 -0.716946 0.544475
vn 0.290654 -0.926242 0.239991
vn 0.288870 -0.923679 0.251736
vn 0.694913 -0.704927 -0.142036
vn 0.706640 -0.702593 -0.083807
vn 0.555962 0.022850 -0.830894
vn 0.597625 -0.001964 -0.801773
vn 0.481127 0.594602 -0.644179
vn 0.489137 0.587470 -0.644689
vn 0.072160 0.994443 -0.076658
vn 0.073803 0.994917 -0.068504
vn -0.555300 0.716617 0.422020
vn -0.543537 0.713005 0.442934
vn -0.794772 0.059319 0.604002
vn -0.781252 0.053678 0.621903
vn -0.392430 -0.736488 0.550986
vn -0.386541 -0.739322 0.551352
vn 0.295993 -0.940177 0.168686
vn 0.295704 -0.938051 0.180610
vn 0.664721 -0.704876 -0.247580
vn 0.682378 -0.705664 -0.190785
vn 0.476356 0.072560 -0.876253
vn 0.519529 0.044987 -0.853268
vn 0.434579 0.637698 -0.635989
vn 0.442031 0.630552 -0.637976
vn 0.088555 0.996004 -0.011599
vn 0.091027 0.995841 -0.003769
vn -0.496986 0.697192 0.516651
vn -0.483538 0.692264 0.535688
vn -0.729121 0.030547 0.683703
vn -0.714440 0.023603 0.699299
vn -0.344441 -0.760571 0.550357
vn -0.338949 -0.763495 0.549717
vn 0.292458 -0.951457 0.095906
vn 0.293617 -0.949829 0.107769
vn 0.623901 -0.698849 -0.349796
vn 0.647149 -0.702883 -0.295219
vn 0.394518 0.127115 -0.910054
vn 0.438491 0.097171 -0.893467
vn 0.391094 0.681120 -0.618968
vn 0.397848 0.674120 -0.622317
vn 0.111971 0.992345 0.052097
vn 0.115156 0.991568 0.059434
vn -0.429809 0.671187 0.603964
vn -0.415002 0.665059 0.620862
vn -0.657020 -0.004910 0.753857
vn -0.641556 -0.013017 0.766966
vn -0.298673 -0.785963 0.541347
vn -0.293708 -0.788885 0.539811
vn 0.280135 -0.959689 0.022850
vn 0.282657 -0.958603 0.034431
vn 0.573081 -0.686638 -0.447332
vn 0.601497 -0.693986 -0.395708
vn 0.311681 0.185812 -0.931842
vn 0.355754 0.153935 -0.921815
vn 0.351459 0.724010 -0.593537
vn 0.357407 0.717307 -0.598107
vn 0.141884 0.983386 0.113226
vn 0.145647 0.982041 0.119931
vn -0.354749 0.638825 0.682683
vn -0.338929 0.631651 0.697241
vn -0.579776 -0.046771 0.813432
vn -0.563914 -0.055870 0.823942
vn -0.256190 -0.812042 0.524360
vn -0.251848 -0.814876 0.522063
vn 0.259279 -0.964544 -0.049298
vn 0.263047 -0.964026 -0.038205
vn 0.513032 -0.668142 -0.538874
vn 0.546113 -0.678805 -0.490903
vn 0.229078 0.247862 -0.941322
vn 0.272564 0.214531 -0.937915
vn 0.316356 0.765520 -0.560266
vn 0.321418 0.759250 -0.565888
vn 0.177628 0.969185 0.170669
vn 0.181822 0.967337 0.176635
vn -0.272894 0.600468 0.751643
vn -0.256415 0.592427 0.763729
vn -0.498787 -0.094631 0.861543
vn -0.482903 -0.104524 0.869413
vn -0.217933 -0.838167 0.499982
vn -0.214276 -0.840836 0.497073
vn 0.230306 -0.965765 -0.119400
vn 0.235176 -0.965825 -0.108973
vn 0.444642 -0.643349 -0.623214
vn 0.481826 -0.657278 -0.579508
vn 0.147928 0.312397 -0.938363
vn 0.190169 0.278121 -0.941533
vn 0.286344 0.804837 -0.519851
vn 0.290475 0.799116 -0.526344
vn 0.218411 0.949935 0.223429
vn 0.222886 0.947665 0.228588
vn -0.185432 0.556612 0.809814
vn -0.168644 0.547908 0.819363
vn -0.415524 -0.147959 0.897468
vn -0.399978 -0.158428 0.902728
vn -0.184693 -0.863694 0.468958
vn -0.181746 -0.866135 0.465595
vn 0.193782 -0.963176 -0.186390
vn 0.199589 -0.963803 -0.176774
vn 0.368925 -0.612372 -0.699210
vn 0.409589 -0.629441 -0.660333
vn 0.069396 0.378482 -0.923003
vn 0.109787 0.343794 -0.932605
vn 0.261848 0.841197 -0.473099
vn 0.265033 0.836120 -0.480272
vn 0.263350 0.925955 0.270656
vn 0.267960 0.923356 0.274976
vn -0.093628 0.507887 0.856321
vn -0.076868 0.498736 0.863339
vn -0.331508 -0.206095 0.920667
vn -0.316627 -0.216912 0.923416
vn -0.157084 -0.888007 0.432168
vn -0.154843 -0.890172 0.428506
vn 0.150398 -0.956678 -0.249294
vn 0.156968 -0.957847 -0.240603
vn 0.286980 -0.575422 -0.765854
vn 0.330469 -0.595459 -0.732270
vn -0.005400 0.445132 -0.895449
vn 0.032577 0.410573 -0.911246
vn 0.243155 0.873909 -0.420903
vn 0.245411 0.869543 -0.428566
vn 0.311492 0.897681 0.311675
vn 0.316105 0.894847 0.315160
vn 0.001186 0.455040 0.890470
vn 0.017605 0.445662 0.895028
vn -0.248280 -0.268256 0.930804
vn -0.234347 -0.279191 0.931200
vn -0.135535 -0.910532 0.390592
vn -0.133963 -0.912391 0.386776
vn 0.100953 -0.946258 -0.307254
vn 0.108107 -0.947931 -0.299565
vn 0.199991 -0.532820 -0.822257
vn 0.245616 -0.555591 -0.794350
vn -0.075424 0.511329 -0.856069
vn -0.040353 0.477438 -0.877738
vn 0.230420 0.902360 -0.364215
vn 0.231784 0.898752 -0.372185
vn 0.361857 0.865644 0.346005
vn 0.366357 0.862669 0.348689
vn 0.097634 0.398928 0.911770
vn 0.113432 0.389538 0.913999
vn -0.167367 -0.333543 0.927759
vn -0.154614 -0.344368 0.926016
vn -0.120274 -0.930765 0.345269
vn -0.119315 -0.932304 0.341428
vn 0.046325 -0.931979 -0.359541
vn 0.053888 -0.934108 -0.352900
vn 0.109199 -0.484991 -0.867675
vn 0.156264 -0.510213 -0.845733
vn -0.139725 0.576030 -0.805398
vn -0.107991 0.543339 -0.832539
vn 0.223656 0.926039 -0.304022
vn 0.224190 0.923208 -0.312130
vn 0.413466 0.830447 0.373367
vn 0.417758 0.827417 0.375311
vn 0.194316 0.340493 0.919949
vn 0.209254 0.331292 0.920032
vn -0.090247 -0.400944 0.911647
vn -0.078850 -0.411447 0.908017
vn -0.111332 -0.948284 0.297258
vn -0.110912 -0.949504 0.293499
vn -0.012553 -0.913978 -0.405571
vn -0.004745 -0.916507 -0.399990
vn 0.015884 -0.432459 -0.901514
vn 0.063692 -0.459807 -0.885732
vn -0.197464 0.638188 -0.744127
vn -0.169421 0.607209 -0.776269
vn 0.222753 0.944536 -0.241315
vn 0.222530 0.942483 -0.249410
vn 0.465380 0.792737 0.393688
vn 0.469392 0.789728 0.394970
vn 0.289833 0.280737 0.914978
vn 0.303715 0.271902 0.913141
vn -0.018306 -0.469355 0.882820
vn -0.008378 -0.479345 0.877586
vn -0.108554 -0.962764 0.247593
vn -0.108591 -0.963677 0.243998
vn -0.074722 -0.892456 -0.444903
vn -0.066820 -0.895327 -0.440369
vn -0.078657 -0.375836 -0.923342
vn -0.030788 -0.404947 -0.913822
vn -0.247917 0.696779 -0.673079
vn -0.223845 0.667991 -0.709706
vn 0.227484 0.957548 -0.177068
vn 0.226592 0.956255 -0.185021
vn 0.516730 0.753173 0.407088
vn 0.520416 0.750246 0.407796
vn 0.382811 0.220687 0.897080
vn 0.395493 0.212365 0.893581
vn 0.047205 -0.537599 0.841878
vn 0.055611 -0.546913 0.835340
vn -0.111621 -0.973980 0.197240
vn -0.112030 -0.974610 0.193869
vn -0.139225 -0.867670 -0.477248
vn -0.131359 -0.870822 -0.473723
vn -0.173126 -0.315824 -0.932889
vn -0.125855 -0.346302 -0.929642
vn -0.290485 0.750803 -0.593222
vn -0.270591 0.724658 -0.633760
vn 0.237527 0.964879 -0.112205
vn 0.236054 0.964313 -0.119910
vn 0.566748 0.712399 0.413866
vn 0.570081 0.709601 0.414094
vn 0.471935 0.161357 0.866742
vn 0.483318 0.153662 0.861854
vn 0.105222 -0.604450 0.789664
vn 0.112114 -0.612958 0.782121
vn -0.120074 -0.981812 0.147065
vn -0.120775 -0.982187 0.143951
vn -0.205135 -0.839917 -0.502454
vn -0.197415 -0.843293 -0.499884
vn -0.266254 -0.253190 -0.930056
vn -0.220200 -0.284623 -0.933007
vn -0.324712 0.799315 -0.505625
vn -0.309123 0.776215 -0.549484
vn 0.252476 0.966432 -0.047590
vn 0.250512 0.966552 -0.054964
vn 0.614788 0.671010 0.414466
vn 0.617762 0.668372 0.414305
vn 0.555975 0.103701 0.824705
vn 0.566011 0.096707 0.818706
vn 0.154918 -0.668671 0.727241
vn 0.160354 -0.676280 0.718980
vn -0.133358 -0.986231 0.097798
vn -0.134277 -0.986384 0.094957
vn -0.271574 -0.809524 -0.520498
vn -0.264087 -0.813072 -0.518818
vn -0.356814 -0.188764 -0.914906
vn -0.312553 -0.220722 -0.923901
vn -0.350270 0.841431 -0.411467
vn -0.339054 0.821741 -0.458022
vn 0.271869 0.962201 0.015993
vn 0.269500 0.962958 0.009009
vn 0.660337 0.629533 0.409443
vn 0.662961 0.627072 0.408978
vn 0.633828 0.048567 0.771948
vn 0.642511 0.042310 0.765107
vn 0.195739 -0.729057 0.655868
vn 0.199823 -0.735710 0.647149
vn -0.150854 -0.987290 0.050020
vn -0.151928 -0.987252 0.047448
vn -0.337730 -0.776838 -0.531471
vn -0.330544 -0.780509 -0.530610
vn -0.443639 -0.123421 -0.887666
vn -0.401696 -0.155470 -0.902480
vn -0.366977 0.876345 -0.312006
vn -0.360129 0.860381 -0.360626
vn 0.295204 0.952257 0.077853
vn 0.292508 0.953601 0.071298
vn 0.703026 0.588402 0.399421
vn 0.705322 0.586122 0.398725
vn 0.704548 -0.003344 0.709649
vn 0.711913 -0.008864 0.702212
vn 0.227443 -0.784476 0.576947
vn 0.230312 -0.790151 0.567994
vn -0.171923 -0.985102 0.004149
vn -0.173103 -0.984902 0.001832
vn -0.402877 -0.742208 -0.535553
vn -0.396037 -0.745963 -0.535438
vn -0.525641 -0.058074 -0.848722
vn -0.486485 -0.089776 -0.869064
vn -0.374791 0.903348 -0.208552
vn -0.372250 0.891376 -0.258610
vn 0.321963 0.936730 0.137391
vn 0.319009 0.938614 0.131289
vn 0.742620 0.547953 0.385051
vn 0.744617 0.545847 0.384184
vn 0.767373 -0.051516 0.639128
vn 0.773485 -0.056330 0.631307
vn 0.250115 -0.833920 0.491956
vn 0.251924 -0.838628 0.482947
vn -0.195947 -0.979817 -0.039550
vn -0.197195 -0.979480 -0.041636
vn -0.466371 -0.705985 -0.532994
vn -0.459908 -0.709791 -0.533556
vn -0.601822 0.006345 -0.798605
vn -0.565864 -0.024579 -0.824132
vn -0.373800 0.921831 -0.102473
vn -0.375452 0.914071 -0.153332
vn 0.351627 0.915798 0.194097
vn 0.348474 0.918177 0.188457
vn 0.779008 0.508416 0.366960
vn 0.780739 0.506471 0.365969
vn 0.821748 -0.095630 0.561769
vn 0.826692 -0.099792 0.553734
vn 0.264141 -0.876544 0.402368
vn 0.265054 -0.880317 0.393432
vn -0.222359 -0.971598 -0.080957
vn -0.223650 -0.971143 -0.082841
vn -0.527660 -0.668511 -0.524087
vn -0.521591 -0.672341 -0.525263
vn -0.671289 0.068894 -0.737987
vn -0.638879 0.039170 -0.768309
vn -0.364224 0.931299 0.004839
vn -0.369908 0.927919 -0.046200
vn 0.383691 0.889665 0.247543
vn 0.380388 0.892504 0.242367
vn 0.812184 0.469928 0.345722
vn 0.813683 0.468126 0.344642
vn 0.867322 -0.135554 0.478934
vn 0.871196 -0.139131 0.470807
vn 0.270173 -0.911688 0.309569
vn 0.270344 -0.914572 0.300785
vn -0.250675 -0.960597 -0.120065
vn -0.251994 -0.960036 -0.121778
vn -0.586276 -0.630118 -0.509148
vn -0.580606 -0.633952 -0.510884
vn -0.733261 0.128637 -0.667668
vn -0.704693 0.100521 -0.702356
vn -0.346402 0.931377 0.111989
vn -0.355915 0.932501 0.061378
vn 0.417679 0.858555 0.297367
vn 0.414265 0.861824 0.292650
vn 0.842221 0.432545 0.321821
vn 0.843520 0.430863 0.320671
vn 0.903932 -0.171300 0.391873
vn 0.906835 -0.174363 0.383729
vn 0.269040 -0.938876 0.214779
vn 0.268607 -0.940925 0.206181
vn -0.280505 -0.946934 -0.156948
vn -0.281847 -0.946274 -0.158519
vn -0.641822 -0.591129 -0.488499
vn -0.636551 -0.594950 -0.490752
vn -0.787078 0.184655 -0.588566
vn -0.762587 0.158540 -0.627157
vn -0.320784 0.921819 0.217594
vn -0.333888 0.927521 0.168001
vn 0.453146 0.822696 0.343263
vn 0.449651 0.826375 0.338997
vn 0.869240 0.396262 0.295630
vn 0.870371 0.394679 0.294420
vn 0.931563 -0.202956 0.301661
vn 0.933585 -0.205570 0.293531
vn 0.261650 -0.957797 0.119011
vn 0.260725 -0.959058 0.110593
vn -0.311564 -0.930683 -0.191723
vn -0.312932 -0.929922 -0.193180
vn -0.693965 -0.551860 -0.462454
vn -0.689089 -0.555656 -0.465192
vn -0.832206 0.236057 -0.501708
vn -0.811973 0.212319 -0.543711
vn -0.287920 0.902515 0.320263
vn -0.304347 0.912816 0.272286
vn 0.489685 0.782319 0.384949
vn 0.486130 0.786394 0.381133
vn 0.893386 0.361050 0.267403
vn 0.894372 0.359544 0.266133
vn 0.950300 -0.230602 0.209170
vn 0.951513 -0.232816 0.201046
vn 0.248876 -0.968261 0.023060
vn 0.247542 -0.968764 0.014788
vn -0.343669 -0.911859 -0.224510
vn -0.345071 -0.910992 -0.225876
vn -0.742418 -0.512632 -0.431305
vn -0.737932 -0.516391 -0.434507
vn -0.868240 0.281997 -0.408212
vn -0.852393 0.260989 -0.453113
vn -0.248450 0.873480 0.418695
vn -0.267903 0.888368 0.372868
vn 0.526919 0.737656 0.422161
vn 0.523322 0.742123 0.418794
vn 0.914798 0.326875 0.237272
vn 0.915659 0.325427 0.235934
vn 0.960279 -0.254208 0.115074
vn 0.960733 -0.256047 0.106921
vn 0.231461 -0.970142 -0.072462
vn 0.229764 -0.969900 -0.080636
vn -0.376726 -0.890423 -0.255392
vn -0.378177 -0.889435 -0.256684
vn -0.786925 -0.473776 -0.395329
vn -0.782829 -0.477485 -0.398983
vn -0.894910 0.321683 -0.309283
vn -0.883527 0.303736 -0.356545
vn -0.203091 0.834876 0.511602
vn -0.225249 0.854273 0.468487
vn 0.564500 0.688947 0.454634
vn 0.560875 0.693804 0.451726
vn 0.933586 0.293738 0.205267
vn 0.934338 0.292333 0.203846
vn 0.961646 -0.273571 0.019913
vn 0.961364 -0.275032 0.011683
vn 0.209946 -0.963337 -0.167047
vn 0.207901 -0.962336 -0.175177
vn -0.410709 -0.866283 -0.284381
vn -0.412225 -0.865157 -0.285612
vn -0.827250 -0.435640 -0.354789
vn -0.823545 -0.439284 -0.358891
vn -0.912082 0.354391 -0.206189
vn -0.905191 0.339812 -0.255261
vn -0.152626 0.787003 0.597772
vn -0.177147 0.810790 0.557887
vn 0.602104 0.636445 0.482088
vn 0.598462 0.641696 0.479655
vn 0.949820 0.261700 0.171332
vn 0.950472 0.260327 0.169805
vn 0.954544 -0.288268 -0.075816
vn 0.953526 -0.289315 -0.084176
vn 0.184646 -0.947737 -0.260195
vn 0.182240 -0.945935 -0.268320
vn -0.445635 -0.839312 -0.311392
vn -0.447236 -0.838023 -0.312565
vn -0.863165 -0.398602 -0.309940
vn -0.859861 -0.402160 -0.314493
vn -0.919753 0.379478 -0.100258
vn -0.917335 0.368546 -0.150566
vn -0.097891 0.730293 0.676084
vn -0.124412 0.758299 0.639925
vn 0.639415 0.580435 0.504226
vn 0.635769 0.586084 0.502298
vn 0.963515 0.230903 0.135359
vn 0.964068 0.229556 0.133701
vn 0.939130 -0.297660 -0.171560
vn 0.937352 -0.298224 -0.180091
vn 0.155674 -0.923227 -0.351308
vn 0.152868 -0.920559 -0.359448
vn -0.481532 -0.809370 -0.336226
vn -0.483240 -0.807889 -0.337334
vn -0.894445 -0.363072 -0.261050
vn -0.891559 -0.366517 -0.266059
vn -0.918053 0.396393 0.007139
vn -0.920045 0.389356 -0.043818
vn -0.039761 0.665316 0.745503
vn -0.067904 0.697312 0.713544
vn 0.676124 0.521244 0.520731
vn 0.672490 0.527292 0.519346
vn 0.974632 0.201589 0.097231
vn 0.975083 0.200271 0.095413
vn 0.915609 -0.300952 -0.266622
vn 0.913033 -0.300930 -0.275340
vn 0.123004 -0.889718 -0.439627
vn 0.119740 -0.886097 -0.447766
vn -0.518413 -0.776325 -0.358563
vn -0.520249 -0.774620 -0.359590
vn -0.920865 -0.329498 -0.208418
vn -0.918423 -0.332793 -0.213889
vn -0.907245 0.404691 0.114594
vn -0.913533 0.401761 0.063600
vn 0.020860 0.592779 0.805095
vn -0.008511 0.628477 0.777781
vn 0.711921 0.459259 0.531271
vn 0.708316 0.465703 0.530480
vn 0.983085 0.174104 0.056854
vn 0.983424 0.172826 0.054845
vn 0.884281 -0.297273 -0.360106
vn 0.880858 -0.296534 -0.368994
vn 0.086550 -0.847190 -0.524192
vn 0.082762 -0.842518 -0.532272
vn -0.556247 -0.740088 -0.377968
vn -0.558228 -0.738124 -0.378885
vn -0.942209 -0.298363 -0.152387
vn -0.940242 -0.301462 -0.158321
vn -0.887715 0.404042 0.220707
vn -0.898143 0.405392 0.170285
vn 0.083052 0.513502 0.854060
vn 0.052859 0.552565 0.831792
vn 0.746488 0.394942 0.535516
vn 0.742935 0.401769 0.535378
vn 0.988752 0.148892 0.014199
vn 0.988963 0.147676 0.011969
vn 0.845583 -0.285787 -0.450906
vn 0.841270 -0.284178 -0.459900
vn 0.046260 -0.795750 -0.603856
vn 0.041880 -0.789925 -0.611772
vn -0.594932 -0.700636 -0.393911
vn -0.597074 -0.698380 -0.394675
vn -0.958273 -0.270178 -0.093364
vn -0.956821 -0.273025 -0.099756
vn -0.859972 0.394247 0.324066
vn -0.874332 0.399999 0.274851
vn 0.145893 0.428433 0.891718
vn 0.115294 0.470451 0.874862
vn 0.779494 0.328837 0.533156
vn 0.776024 0.336022 0.533738
vn 0.991494 0.126488 -0.030659
vn 0.991557 0.125367 -0.033136
vn 0.800120 -0.265798 -0.537735
vn 0.794883 -0.263157 -0.546727
vn 0.002188 -0.735670 -0.677336
vn -0.002840 -0.728599 -0.684935
vn -0.634281 -0.658043 -0.405793
vn -0.636592 -0.655463 -0.406350
vn -0.968880 -0.245476 -0.031842
vn -0.967987 -0.248003 -0.038674
vn -0.824634 0.375236 0.423293
vn -0.842677 0.385466 0.375915
vn 0.208473 0.338621 0.917537
vn 0.177889 0.383137 0.906401
vn 0.810609 0.261581 0.523916
vn 0.807258 0.269081 0.525290
vn 0.991180 0.107485 -0.077519
vn 0.991067 0.106507 -0.080262
vn 0.748668 -0.236839 -0.619196
vn 0.742492 -0.233006 -0.628023
vn -0.045454 -0.667422 -0.743291
vn -0.051167 -0.659029 -0.750375
vn -0.674012 -0.612499 -0.412981
vn -0.676491 -0.609570 -0.413261
vn -0.973894 -0.224792 0.031597
vn -0.973608 -0.226923 0.024359
vn -0.782423 0.347085 0.517056
vn -0.803849 0.361807 0.472147
vn 0.269910 0.245212 0.931139
vn 0.239758 0.291702 0.925973
vn 0.839497 0.193904 0.507588
vn 0.836308 0.201658 0.509827
vn 0.987703 0.092512 -0.126031
vn 0.987386 0.091735 -0.129047
vn 0.692158 -0.198728 -0.693847
vn 0.685058 -0.193559 -0.702303
vn -0.096269 -0.591678 -0.800405
vn -0.102679 -0.581918 -0.806740
vn -0.713749 -0.564326 -0.414848
vn -0.716383 -0.561035 -0.414771
vn -0.973241 -0.208646 0.096278
vn -0.973607 -0.210296 0.088685
vn -0.734149 0.310019 0.604081
vn -0.758614 0.329182 0.562266
vn 0.329354 0.149423 0.932308
vn 0.300051 0.197320 0.933292
vn 0.865830 0.126615 0.484053
vn 0.862850 0.134543 0.487224
vn 0.981009 0.082190 -0.175689
vn 0.980458 0.081684 -0.178969
vn 0.631644 -0.151600 -0.760292
vn 0.623668 -0.144978 -0.768128
vn -0.149686 -0.509304 -0.847469
vn -0.156768 -0.498166 -0.852792
vn -0.753025 -0.513988 -0.410816
vn -0.755790 -0.510335 -0.410292
vn -0.966916 -0.197523 0.161427
vn -0.967977 -0.198602 0.153553
vn -0.680705 0.264404 0.683177
vn -0.707821 0.287891 0.645064
vn 0.386014 0.052540 0.920995
vn 0.357957 0.101221 0.928236
vn 0.889297 0.060603 0.453298
vn 0.886580 0.068600 0.457461
vn 0.971111 0.077092 -0.225831
vn 0.970299 0.076937 -0.229350
vn 0.568258 -0.095891 -0.817244
vn 0.559487 -0.087743 -0.824181
vn -0.204975 -0.421332 -0.883439
vn -0.212671 -0.408852 -0.887475
vn -0.791303 -0.462081 -0.400401
vn -0.794158 -0.458086 -0.399338
vn -0.955004 -0.191852 0.226185
vn -0.956793 -0.192268 0.218128
vn -0.623043 0.210758 0.753259
vn -0.652383 0.238375 0.719426
vn 0.439160 -0.044117 0.897325
vn 0.412729 0.004693 0.910842
vn 0.909615 -0.003186 0.415440
vn 0.907216 0.004756 0.420638
vn 0.958108 0.077707 -0.275665
vn 0.957010 0.077988 -0.279372
vn 0.503171 -0.032323 -0.863582
vn 0.493725 -0.022627 -0.869323
vn -0.261292 -0.328932 -0.907486
vn -0.269505 -0.315191 -0.909957
vn -0.827991 -0.409332 -0.383247
vn -0.830880 -0.405037 -0.381554
vn -0.937690 -0.191977 0.289624
vn -0.940228 -0.191643 0.281504
vn -0.562158 0.149735 0.813362
vn -0.593261 0.181214 0.784349
vn 0.488133 -0.139206 0.861596
vn 0.463684 -0.090956 0.881320
vn 0.926545 -0.063773 0.370739
vn 0.924519 -0.056032 0.376995
vn 0.942188 0.084407 -0.324279
vn 0.940792 0.085208 -0.328101
vn 0.437554 0.038135 -0.898383
vn 0.427582 0.049345 -0.902629
vn -0.317717 -0.233373 -0.919017
vn -0.326317 -0.218505 -0.919659
vn -0.862474 -0.356573 -0.359157
vn -0.865331 -0.352042 -0.356749
vn -0.915262 -0.198145 0.350762
vn -0.918553 -0.196981 0.342723
vn -0.499077 0.082127 0.862657
vn -0.531451 0.117122 0.838953
vn 0.532371 -0.231394 0.814272
vn 0.510217 -0.184404 0.840044
vn 0.939898 -0.120180 0.319607
vn 0.938297 -0.112799 0.326919
vn 0.923638 0.097403 -0.370683
vn 0.921939 0.098802 -0.374521
vn 0.372534 0.114319 -0.920950
vn 0.362215 0.126946 -0.923410
vn -0.373301 -0.135996 -0.917688
vn -0.382126 -0.120184 -0.916262
vn -0.894141 -0.304718 -0.328115
vn -0.896883 -0.300040 -0.324926
vn -0.888115 -0.210484 0.408593
vn -0.892144 -0.208424 0.400798
vn -0.434831 0.008838 0.900469
vn -0.467968 0.046933 0.882499
vn 0.571397 -0.319366 0.755983
vn 0.551818 -0.274349 0.787547
vn 0.949551 -0.171441 0.262605
vn 0.948419 -0.164597 0.270940
vn 0.902832 0.116732 -0.413845
vn 0.900842 0.118792 -0.417579
vn 0.309180 0.194913 -0.930815
vn 0.298714 0.208796 -0.931222
vn -0.427098 -0.038179 -0.903399
vn -0.435962 -0.021653 -0.899705
vn -0.922407 -0.254734 -0.290304
vn -0.924948 -0.250021 -0.286289
vn -0.856748 -0.228990 0.462110
vn -0.861478 -0.225988 0.454737
vn -0.370445 -0.069114 0.926280
vn -0.403821 -0.028412 0.914397
vn 0.604840 -0.401856 0.687518
vn 0.588062 -0.359511 0.724524
vn 0.955452 -0.216642 0.200446
vn 0.954827 -0.210514 0.209737
vn 0.880226 0.142247 -0.452733
vn 0.877971 0.145012 -0.456222
vn 0.248475 0.278493 -0.927740
vn 0.238076 0.293413 -0.925866
vn -0.478203 0.058687 -0.876286
vn -0.486905 0.075655 -0.870172
vn -0.946749 -0.207603 -0.246103
vn -0.948998 -0.202986 -0.241246
vn -0.821757 -0.253521 0.510335
vn -0.827126 -0.249553 0.503573
vn -0.306917 -0.150625 0.939741
vn -0.340008 -0.107868 0.934216
vn 0.632433 -0.477674 0.609799
vn 0.618633 -0.438675 0.651811
vn 0.957626 -0.254959 0.133975
vn 0.957532 -0.249724 0.144123
vn 0.856342 0.173601 -0.486354
vn 0.853863 0.177086 -0.489446
vn 0.191301 0.363567 -0.911715
vn 0.181192 0.379250 -0.907380
vn -0.525781 0.153221 -0.836707
vn -0.534111 0.170322 -0.828080
vn -0.966726 -0.164293 -0.196084
vn -0.968593 -0.159915 -0.190405
vn -0.783824 -0.283787 0.552345
vn -0.789747 -0.278860 0.546385
vn -0.245206 -0.234518 0.940678
vn -0.277494 -0.190317 0.941688
vn 0.654020 -0.545713 0.523885
vn 0.643315 -0.510702 0.570377
vn 0.956178 -0.285670 0.064161
vn 0.956624 -0.281497 0.075031
vn 0.831750 0.210256 -0.513795
vn 0.829104 0.214445 -0.516333
vn 0.138437 0.448615 -0.882938
vn 0.128838 0.464743 -0.876022
vn -0.569085 0.244077 -0.785219
vn -0.576836 0.260974 -0.774049
vn -0.981995 -0.125720 -0.141000
vn -0.983400 -0.121735 -0.134553
vn -0.743696 -0.319354 0.587307
vn -0.750066 -0.313506 0.582335
vn -0.186207 -0.319561 0.929090
vn -0.217196 -0.274573 0.936715
vn 0.669551 -0.604977 0.430934
vn 0.662000 -0.574540 0.481311
vn 0.951294 -0.308182 -0.007928
vn 0.952274 -0.305223 0.003497
vn 0.807048 0.251497 -0.534250
vn 0.804307 0.256339 -0.536079
vn 0.090546 0.532122 -0.841812
vn 0.081667 0.548338 -0.832260
vn -0.607475 0.329957 -0.722567
vn -0.614449 0.346298 -0.708894
vn -0.992330 -0.092721 -0.081760
vn -0.993206 -0.089279 -0.074638
vn -0.702172 -0.359651 0.614496
vn -0.708863 -0.352953 0.610686
vn -0.130740 -0.404488 0.905150
vn -0.159964 -0.359407 0.919369
vn 0.679077 -0.654590 0.332215
vn 0.674682 -0.629255 0.385801
vn 0.943236 -0.322058 -0.081151
vn 0.944726 -0.320441 -0.069364
vn 0.782842 0.296451 -0.547060
vn 0.780086 0.301859 -0.548039
vn 0.048172 0.612598 -0.788925
vn 0.040207 0.628524 -0.776750
vn -0.640426 0.409634 -0.649657
vn -0.646446 0.425057 -0.633588
vn -0.997629 -0.066023 -0.019407
vn -0.997928 -0.063266 -0.011737
vn -0.660086 -0.403984 0.633311
vn -0.666955 -0.396538 0.630816
vn -0.079550 -0.488029 0.869195
vn -0.106575 -0.443563 0.889884
vn 0.682755 -0.693817 0.229049
vn 0.681455 -0.674033 0.285131
vn 0.932333 -0.327021 -0.154312
vn 0.934292 -0.326843 -0.142384
vn 0.759723 0.344107 -0.551736
vn 0.757037 0.349960 -0.551745
vn 0.011744 0.688613 -0.725034
vn 0.004861 0.703859 -0.710323
vn -0.667541 0.481964 -0.567539
vn -0.672453 0.496115 -0.549251
vn -0.997921 -0.046219 0.044914
vn -0.997614 -0.044272 0.052971
vn -0.618280 -0.451539 0.643306
vn -0.625173 -0.443481 0.642249
vn -0.033283 -0.568911 0.821726
vn -0.057726 -0.525786 0.848656
vn 0.680835 -0.722064 0.122832
vn 0.682514 -0.708200 0.180630
vn 0.918978 -0.322974 -0.226200
vn 0.921349 -0.324291 -0.214362
vn 0.738249 0.393351 -0.547963
vn 0.735722 0.399499 -0.546912
vn -0.018427 0.758812 -0.651049
vn -0.024089 0.772991 -0.633960
vn -0.688544 0.545900 -0.477390
vn -0.692231 0.558439 -0.457124
vn -0.993360 -0.033752 0.109985
vn -0.992445 -0.032716 0.118247
vn -0.577584 -0.501413 0.644191
vn -0.584342 -0.492904 0.644663
vn 0.007513 -0.645890 0.763394
vn -0.014018 -0.604819 0.796240
vn 0.673654 -0.738895 0.014981
vn 0.678141 -0.731227 0.073701
vn 0.903614 -0.310000 -0.295605
vn 0.906324 -0.312832 -0.284100
vn 0.718929 0.442997 -0.535625
vn 0.716645 0.449265 -0.533461
vn -0.042146 0.821936 -0.568019
vn -0.046481 0.834677 -0.548774
vn -0.703292 0.600507 -0.380488
vn -0.705673 0.611125 -0.358541
vn -0.984224 -0.028897 0.174553
vn -0.982724 -0.028841 0.182818
vn -0.538802 -0.552622 0.635847
vn -0.545266 -0.543848 0.637899
vn 0.042397 -0.717764 0.694995
vn 0.024050 -0.679447 0.733331
vn 0.661623 -0.744037 -0.093077
vn 0.668701 -0.742742 -0.034250
vn 0.886719 -0.288360 -0.361356
vn 0.889686 -0.292680 -0.350424
vn 0.702205 0.491816 -0.514806
vn 0.700240 0.498014 -0.511513
vn -0.059327 0.876840 -0.477109
vn -0.062268 0.887803 -0.455993
vn -0.711769 0.644975 -0.278196
vn -0.712802 0.653400 -0.254916
vn -0.970903 -0.031754 0.237358
vn -0.968866 -0.032710 0.245416
vn -0.502686 -0.604133 0.618328
vn -0.508705 -0.595295 0.621968
vn 0.071039 -0.783405 0.617438
vn 0.056079 -0.748496 0.660764
vn 0.645225 -0.737379 -0.199890
vn 0.654631 -0.742531 -0.141795
vn 0.868799 -0.258495 -0.422338
vn 0.871930 -0.264232 -0.412213
vn 0.688444 0.538576 -0.485778
vn 0.686863 0.544506 -0.481387
vn -0.069990 0.922504 -0.379589
vn -0.071507 0.931386 -0.356940
vn -0.714075 0.678625 -0.171945
vn -0.713761 0.684634 -0.147723
vn -0.953890 -0.042240 0.297168
vn -0.951386 -0.044203 0.304813
vn -0.469925 -0.654883 0.591860
vn -0.475358 -0.646192 0.597052
vn 0.093213 -0.841742 0.531773
vn 0.081782 -0.810867 0.579489
vn 0.624999 -0.718975 -0.304058
vn 0.636432 -0.730547 -0.247499
vn 0.850369 -0.221009 -0.477523
vn 0.853568 -0.228049 -0.468417
vn 0.677927 0.582070 -0.449009
vn 0.676777 0.587537 -0.443591
vn -0.074252 0.958050 -0.276817
vn -0.074356 0.964601 -0.253016
vn -0.710430 0.700923 -0.063213
vn -0.708813 0.704347 -0.038463
vn -0.933763 -0.060094 0.352811
vn -0.930880 -0.063019 0.359847
vn -0.441128 -0.703804 0.556836
vn -0.445851 -0.695473 0.563502
vn 0.108808 -0.891811 0.439128
vn 0.100977 -0.865522 0.490586
vn 0.601520 -0.689040 -0.404225
vn 0.614657 -0.706899 -0.349987
vn 0.831942 -0.176664 -0.525986
vn 0.835112 -0.184854 -0.518089
vn 0.670841 0.621152 -0.405146
vn 0.670152 0.625975 -0.398813
vn -0.072326 0.982750 -0.170212
vn -0.071060 0.986778 -0.145670
vn -0.701164 0.711483 0.046491
vn -0.698325 0.712218 0.071329
vn -0.911166 -0.084880 0.403201
vn -0.908009 -0.088683 0.409456
vn -0.416807 -0.749844 0.513816
vn -0.420722 -0.742082 0.521831
vn 0.117818 -0.932748 0.340735
vn 0.113592 -0.911539 0.395213
vn 0.575409 -0.647959 -0.499053
vn 0.589895 -0.671861 -0.447914
vn 0.814015 -0.126357 -0.566934
vn 0.817061 -0.135510 -0.560400
vn 0.667279 0.654764 -0.354998
vn 0.667063 0.658782 -0.347897
vn -0.064503 0.996036 -0.061248
vn -0.061948 0.997415 -0.036398
vn -0.686704 0.710080 0.155644
vn -0.682762 0.708087 0.180136
vn -0.886796 -0.115991 0.447370
vn -0.883477 -0.120556 0.452698
vn -0.397372 -0.791995 0.463507
vn -0.400404 -0.784995 0.472714
vn 0.120343 -0.963808 0.237892
vn 0.119659 -0.948090 0.294629
vn 0.547304 -0.596271 -0.587299
vn 0.562776 -0.625879 -0.539962
vn 0.797053 -0.071103 -0.599709
vn 0.799888 -0.081005 -0.594657
vn 0.667241 0.681967 -0.299517
vn 0.667489 0.685052 -0.291826
vn -0.051153 0.997510 0.048559
vn -0.047420 0.996184 0.073275
vn -0.667568 0.696650 0.262739
vn -0.662673 0.691961 0.286450
vn -0.861374 -0.152669 0.484486
vn -0.858008 -0.157850 0.488779
vn -0.383126 -0.829318 0.406750
vn -0.385228 -0.823253 0.416958
vn 0.116580 -0.984376 0.131957
vn 0.119315 -0.974477 0.190155
vn 0.517848 -0.534660 -0.667812
vn 0.533939 -0.569543 -0.624924
vn 0.781482 -0.012014 -0.623812
vn 0.784030 -0.022429 -0.620318
vn 0.670634 0.701967 -0.239775
vn 0.671318 0.704026 -0.231689
vn -0.032711 0.986947 0.157687
vn -0.027934 0.982931 0.181841
vn -0.644359 0.671300 0.366276
vn -0.638686 0.664015 0.388799
vn -0.835634 -0.194020 0.513879
vn -0.832334 -0.199649 0.517069
vn -0.374252 -0.860962 0.344500
vn -0.375407 -0.855975 0.355494
vn 0.106821 -0.993981 0.024314
vn 0.112794 -0.990132 0.083165
vn 0.487686 -0.463960 -0.739529
vn 0.504029 -0.503592 -0.701677
vn 0.767676 0.049726 -0.638906
vn 0.769874 0.039044 -0.637000
vn 0.677276 0.714135 -0.176942
vn 0.678352 0.715115 -0.168669
vn -0.009666 0.964305 0.264618
vn -0.003999 0.957685 0.287791
vn -0.617744 0.634308 0.464808
vn -0.611487 0.624593 0.485765
vn -0.810294 -0.239034 0.535057
vn -0.807163 -0.244932 0.537118
vn -0.370819 -0.886179 0.277812
vn -0.371039 -0.882384 0.289358
vn 0.091446 -0.992294 -0.083603
vn 0.100419 -0.994633 -0.024934
vn 0.457441 -0.385131 -0.801512
vn 0.473687 -0.428914 -0.769190
vn 0.755949 0.112892 -0.644823
vn 0.757749 0.102191 -0.644494
vn 0.686907 0.718024 -0.112254
vn 0.688317 0.717916 -0.104003
vn 0.017448 0.929726 0.367839
vn 0.023835 0.920657 0.389645
vn -0.588450 0.586123 0.556944
vn -0.581815 0.574207 0.576002
vn -0.786039 -0.286616 0.547717
vn -0.783167 -0.292598 0.548668
vn -0.372783 -0.904348 0.207816
vn -0.372105 -0.901821 0.219673
vn 0.070912 -0.979149 -0.190364
vn 0.082603 -0.987709 -0.132693
vn 0.427730 -0.299269 -0.852927
vn 0.443532 -0.346524 -0.826560
vn 0.746544 0.176237 -0.641571
vn 0.747916 0.165757 -0.642764
vn 0.699197 0.713385 -0.046977
vn 0.700874 0.712221 -0.038948
vn 0.048061 0.883538 0.465887
vn 0.054993 0.872236 0.485983
vn -0.557248 0.527371 0.641369
vn -0.550446 0.513536 0.658248
vn -0.763500 -0.335606 0.551758
vn -0.760959 -0.341494 0.551655
vn -0.379982 -0.914987 0.135693
vn -0.378469 -0.913767 0.147618
vn 0.045745 -0.954534 -0.294571
vn 0.059833 -0.969252 -0.238686
vn 0.399126 -0.207568 -0.893092
vn 0.414176 -0.257571 -0.872992
vn 0.739636 0.238526 -0.629320
vn 0.740567 0.228493 -0.631943
vn 0.713755 0.700174 0.017616
vn 0.715626 0.698027 0.025241
vn 0.081580 0.826257 0.557354
vn 0.088881 0.812995 0.575447
vn -0.524943 0.458850 0.716863
vn -0.518178 0.443425 0.731345
vn -0.743235 -0.384821 0.547279
vn -0.741078 -0.390451 0.546216
vn -0.392152 -0.917765 0.062640
vn -0.389888 -0.917852 0.074402
vn 0.016534 -0.918610 -0.394820
vn 0.032663 -0.939314 -0.341501
vn 0.372145 -0.111310 -0.921476
vn 0.386170 -0.163295 -0.907859
vn 0.735319 0.298563 -0.608413
vn 0.735813 0.289177 -0.612336
vn 0.730149 0.678554 0.080290
vn 0.732139 0.675531 0.087355
vn 0.117401 0.758586 0.640909
vn 0.124897 0.743682 0.656763
vn -0.492352 0.381521 0.782324
vn -0.485818 0.364871 0.794260
vn -0.725717 -0.433082 0.534579
vn -0.723974 -0.438311 0.532678
vn -0.408933 -0.912508 -0.010149
vn -0.406019 -0.913864 0.001234
vn -0.016087 -0.871691 -0.489792
vn 0.001707 -0.898122 -0.439743
vn 0.347266 -0.011866 -0.937692
vn 0.360019 -0.065026 -0.930676
vn 0.733615 0.355215 -0.579337
vn 0.733691 0.346651 -0.584407
vn 0.747914 0.648891 0.139875
vn 0.749949 0.645124 0.146255
vn 0.154916 0.681404 0.715325
vn 0.162445 0.665210 0.728771
vn -0.460294 0.296510 0.836786
vn -0.454169 0.279022 0.846095
vn -0.711314 -0.479255 0.514147
vn -0.709993 -0.483967 0.511552
vn -0.429882 -0.899199 -0.081502
vn -0.426429 -0.901754 -0.070693
vn -0.051444 -0.814277 -0.578193
vn -0.032380 -0.846065 -0.532096
vn 0.324898 0.089350 -0.941519
vn 0.336182 0.035815 -0.941116
vn 0.734469 0.407441 -0.542722
vn 0.734160 0.399835 -0.548764
vn 0.766568 0.611744 0.195304
vn 0.768582 0.607386 0.200909
vn 0.193526 0.595762 0.779497
vn 0.200940 0.578653 0.790433
vn -0.429576 0.205094 0.879432
vn -0.424009 0.187165 0.886107
vn -0.700285 -0.522282 0.486644
vn -0.699377 -0.526395 0.483508
vn -0.454486 -0.877979 -0.150317
vn -0.450612 -0.881636 -0.140242
vn -0.088843 -0.746984 -0.658880
vn -0.068906 -0.783705 -0.617299
vn 0.305377 0.190873 -0.932905
vn 0.315041 0.137782 -0.939023
vn 0.737754 0.454312 -0.499319
vn 0.737104 0.447766 -0.506145
vn 0.785631 0.567841 0.245641
vn 0.787565 0.563055 0.250420
vn 0.232649 0.502876 0.832460
vn 0.239817 0.485235 0.840853
vn -0.400966 0.108684 0.909623
vn -0.396079 0.090706 0.913725
vn -0.692770 -0.561220 0.452881
vn -0.692247 -0.564683 0.449363
vn -0.482171 -0.849143 -0.215564
vn -0.477996 -0.853778 -0.206357
vn -0.127573 -0.670632 -0.730738
vn -0.107161 -0.711742 -0.694219
vn 0.288975 0.291236 -0.911962
vn 0.296907 0.239370 -0.924418
vn 0.743280 0.495033 -0.449976
vn 0.742342 0.489611 -0.457395
vn 0.804640 0.518061 0.290117
vn 0.806446 0.513007 0.294055
vn 0.271728 0.404105 0.873420
vn 0.278540 0.386309 0.879307
vn -0.375181 0.008813 0.926910
vn -0.371063 -0.008839 0.928566
vn -0.688793 -0.595268 0.413788
vn -0.688613 -0.598063 0.410039
vn -0.512332 -0.813121 -0.276317
vn -0.507972 -0.818597 -0.268074
vn -0.166926 -0.586140 -0.792828
vn -0.146426 -0.631069 -0.761782
vn 0.275872 0.388972 -0.878974
vn 0.282019 0.339093 -0.897486
vn 0.750798 0.528953 -0.395615
vn 0.749630 0.524682 -0.403440
vn 0.823158 0.463393 0.328142
vn 0.824801 0.458226 0.331257
vn 0.310237 0.300927 0.901774
vn 0.316604 0.283337 0.905252
vn -0.352865 -0.092890 0.931052
vn -0.349569 -0.109871 0.930446
vn -0.688263 -0.623792 0.370376
vn -0.688377 -0.625931 0.366534
vn -0.544338 -0.770467 -0.331779
vn -0.539902 -0.776637 -0.324563
vn -0.206210 -0.494576 -0.844318
vn -0.185988 -0.542673 -0.819094
vn 0.266182 0.482652 -0.834383
vn 0.270523 0.435466 -0.858596
vn 0.760013 0.555581 -0.337208
vn 0.758674 0.552456 -0.345262
vn 0.840796 0.404904 0.359324
vn 0.842253 0.399762 0.361663
vn 0.347687 0.194928 0.917124
vn 0.353542 0.177872 0.918352
vn -0.334565 -0.194725 0.922035
vn -0.332108 -0.210733 0.919400
vn -0.690985 -0.646343 0.323699
vn -0.691338 -0.647863 0.319884
vn -0.577558 -0.721837 -0.381284
vn -0.573143 -0.728552 -0.375125
vn -0.244762 -0.397107 -0.884532
vn -0.225159 -0.447696 -0.865374
vn 0.259919 0.570896 -0.778794
vn 0.262493 0.527061 -0.808272
vn 0.770593 0.574585 -0.275751
vn 0.769142 0.572571 -0.283871
vn 0.857214 0.343695 0.383481
vn 0.858472 0.338696 0.385113
vn 0.383625 0.087751 0.919310
vn 0.388923 0.071516 0.918490
vn -0.320711 -0.294959 0.900080
vn -0.319075 -0.309743 0.895684
vn -0.696672 -0.662667 0.274811
vn -0.697209 -0.663623 0.271118
vn -0.611370 -0.667971 -0.424313
vn -0.607061 -0.675084 -0.419211
vn -0.281951 -0.294997 -0.912952
vn -0.263280 -0.347367 -0.900011
vn 0.257020 0.652399 -0.712963
vn 0.257899 0.612503 -0.747214
vn 0.782177 0.585798 -0.212225
vn 0.780672 0.584836 -0.220270
vn 0.872135 0.280855 0.400627
vn 0.873191 0.276089 0.401636
vn 0.417639 -0.018932 0.908416
vn 0.422352 -0.034108 0.905790
vn -0.311590 -0.391862 0.865653
vn -0.310726 -0.405230 0.859789
vn -0.704969 -0.672697 0.224719
vn -0.705636 -0.673157 0.221220
vn -0.645184 -0.609657 -0.460495
vn -0.641051 -0.617032 -0.456425
vn -0.317201 -0.189578 -0.929217
vn -0.299733 -0.243010 -0.922554
vn 0.257348 0.725948 -0.637787
vn 0.256643 0.690511 -0.676261
vn 0.794396 0.589198 -0.147585
vn 0.792886 0.589213 -0.155437
vn 0.885345 0.217414 0.410968
vn 0.886208 0.212948 0.411447
vn 0.449348 -0.123464 0.884784
vn 0.453467 -0.137400 0.880618
vn -0.307330 -0.483759 0.819466
vn -0.307162 -0.495582 0.812435
vn -0.715464 -0.676546 0.174347
vn -0.716214 -0.676584 0.171090
vn -0.678452 -0.547715 -0.489603
vn -0.674551 -0.555228 -0.486520
vn -0.349992 -0.082238 -0.933136
vn -0.333963 -0.136011 -0.932722
vn 0.260689 0.790461 -0.554268
vn 0.258542 0.759914 -0.596395
vn 0.806875 0.584900 -0.082732
vn 0.805406 0.585805 -0.090296
vn 0.896699 0.154310 0.414874
vn 0.897380 0.150184 0.414915
vn 0.478408 -0.224263 0.849018
vn 0.481936 -0.236838 0.843591
vn -0.307877 -0.569088 0.762463
vn -0.308308 -0.579298 0.754559
vn -0.727717 -0.674483 0.124503
vn -0.728510 -0.674172 0.121513
vn -0.710677 -0.482969 -0.511546
vn -0.707049 -0.490514 -0.509390
vn -0.379878 0.025604 -0.924682
vn -0.365475 -0.027798 -0.930406
vn 0.266756 0.844973 -0.463533
vn 0.263341 0.819683 -0.508696
vn 0.819245 0.573146 -0.018496
vn 0.817856 0.574849 -0.025699
vn 0.906108 0.092356 0.412843
vn 0.906624 0.088589 0.412534
vn 0.504504 -0.319875 0.801970
vn 0.507456 -0.331028 0.795556
vn -0.312987 -0.646450 0.695803
vn -0.313906 -0.655040 0.687303
vn -0.741285 -0.666891 0.075852
vn -0.742089 -0.666299 0.073134
vn -0.741423 -0.416220 -0.526358
vn -0.738094 -0.423709 -0.525059
vn -0.406485 0.132526 -0.903995
vn -0.393855 0.080181 -0.915669
vn 0.275205 0.888662 -0.366799
vn 0.270714 0.868912 -0.414374
vn 0.831157 0.554264 0.044383
vn 0.829879 0.556676 0.037590
vn 0.913542 0.032213 0.405466
vn 0.913913 0.028803 0.404888
vn 0.527342 -0.409034 0.744716
vn 0.529740 -0.418758 0.737576
vn -0.322220 -0.714675 0.620817
vn -0.323508 -0.721692 0.611966
vn -0.755735 -0.654240 0.028898
vn -0.756526 -0.653428 0.026445
vn -0.770322 -0.348234 -0.534170
vn -0.767309 -0.355595 -0.533657
vn -0.429513 0.237116 -0.871375
vn -0.418762 0.186481 -0.888743
vn 0.285636 0.920867 -0.265361
vn 0.280283 0.906862 -0.314710
vn 0.842281 0.528662 0.105256
vn 0.841141 0.531695 0.098906
vn 0.919017 -0.025624 0.393385
vn 0.919260 -0.028695 0.392605
vn 0.546655 -0.490708 0.678509
vn 0.548528 -0.499045 0.670873
vn -0.334956 -0.772876 0.538950
vn -0.336497 -0.778409 0.529952
vn -0.770665 -0.637039 -0.016008
vn -0.771427 -0.636056 -0.018217
vn -0.797070 -0.279722 -0.535197
vn -0.794378 -0.286903 -0.535398
vn -0.448751 0.337992 -0.827275
vn -0.439938 0.289687 -0.850021
vn 0.297609 0.941093 -0.160537
vn 0.291615 0.932964 -0.211043
vn 0.852318 0.496791 0.163565
vn 0.851333 0.500371 0.157673
vn 0.922579 -0.080822 0.377247
vn 0.922712 -0.083580 0.376319
vn 0.562208 -0.564140 0.604705
vn 0.563587 -0.571172 0.596768
vn -0.350421 -0.820477 0.451689
vn -0.352105 -0.824645 0.442700
vn -0.785719 -0.615795 -0.058673
vn -0.786441 -0.614679 -0.060664
vn -0.821426 -0.211338 -0.529712
vn -0.819055 -0.218300 -0.530560
vn -0.464075 0.433828 -0.772287
vn -0.457218 0.388425 -0.800049
vn 0.310653 0.949004 -0.053722
vn 0.304249 0.946817 -0.104739
vn 0.860994 0.459129 0.218836
vn 0.860183 0.463188 0.213407
vn 0.924304 -0.133197 0.357660
vn 0.924343 -0.135677 0.356625
vn 0.573792 -0.628858 0.524690
vn 0.574709 -0.634691 0.516601
vn -0.367729 -0.857224 0.360476
vn -0.369459 -0.860161 0.351602
vn -0.800591 -0.590972 -0.099029
vn -0.801269 -0.589747 -0.100831
vn -0.843216 -0.143667 -0.518022
vn -0.841158 -0.150385 -0.519458
vn -0.475437 0.523353 -0.707151
vn -0.470521 0.481384 -0.739513
vn 0.324272 0.944439 0.053685
vn 0.317693 0.948190 0.002769
vn 0.868071 0.416158 0.270676
vn 0.867444 0.420642 0.265709
vn 0.924279 -0.182698 0.335157
vn 0.924237 -0.184937 0.334042
vn 0.581245 -0.684647 0.439787
vn 0.581730 -0.689400 0.431646
vn -0.385941 -0.883152 0.266631
vn -0.387635 -0.884992 0.257930
vn -0.815031 -0.562961 -0.137112
vn -0.815662 -0.561642 -0.138756
vn -0.862315 -0.077241 -0.500446
vn -0.860562 -0.083699 -0.502422
vn -0.482875 0.605391 -0.632719
vn -0.479847 0.567331 -0.669240
vn 0.337965 0.927408 0.160294
vn 0.331442 0.937032 0.110078
vn 0.873339 0.368344 0.318749
vn 0.872907 0.373212 0.314238
vn 0.922596 -0.229367 0.310174
vn 0.922483 -0.231403 0.308996
vn 0.584461 -0.731494 0.351172
vn 0.584544 -0.735280 0.343033
vn -0.404129 -0.898522 0.171285
vn -0.405723 -0.899385 0.162772
vn -0.828841 -0.532059 -0.173020
vn -0.829427 -0.530649 -0.174536
vn -0.878649 -0.012538 -0.477304
vn -0.877188 -0.018728 -0.479782
vn -0.486513 0.678863 -0.549955
vn -0.485285 0.645142 -0.590161
vn 0.351230 0.898081 0.264743
vn 0.344992 0.913460 0.215805
vn 0.876618 0.316140 0.362763
vn 0.876390 0.321363 0.358702
vn 0.919346 -0.273306 0.283033
vn 0.919169 -0.275172 0.281796
vn 0.583408 -0.769496 0.259829
vn 0.583114 -0.772414 0.251704
vn -0.421438 -0.903722 0.075348
vn -0.422882 -0.903704 0.067002
vn -0.841870 -0.498454 -0.206878
vn -0.842412 -0.496947 -0.208291
vn -0.892181 0.049997 -0.448902
vn -0.891003 0.044083 -0.451853
vn -0.486542 0.742787 -0.459939
vn -0.487002 0.713790 -0.503321
vn 0.363579 0.856803 0.365648
vn 0.357843 0.877755 0.318583
vn 0.877752 0.259977 0.402448
vn 0.877737 0.265534 0.398835
vn 0.914617 -0.314635 0.253931
vn 0.914381 -0.316363 0.252632
vn 0.578148 -0.798756 0.166534
vn 0.577500 -0.800876 0.158402
vn -0.437134 -0.899163 -0.020475
vn -0.438393 -0.898325 -0.028696
vn -0.854003 -0.462230 -0.238792
vn -0.854504 -0.460612 -0.240123
vn -0.902913 0.109943 -0.415525
vn -0.902006 0.104311 -0.418933
vn -0.483232 0.796321 -0.363813
vn -0.485236 0.772374 -0.409860
vn 0.374548 0.804074 0.461713
vn 0.369523 0.830370 0.417059
vn 0.876616 0.200266 0.437537
vn 0.876824 0.206145 0.434377
vn 0.908495 -0.353455 0.222950
vn 0.908202 -0.355069 0.221577
vn 0.568854 -0.819290 0.071891
vn 0.567873 -0.820647 0.063710
vn -0.450646 -0.885182 -0.115632
vn -0.451694 -0.883545 -0.123780
vn -0.865153 -0.423377 -0.268817
vn -0.865615 -0.421625 -0.270081
vn -0.910872 0.166884 -0.377441
vn -0.910228 0.161545 -0.381299
vn -0.476906 0.838739 -0.262826
vn -0.480295 0.820127 -0.310981
vn 0.383703 0.740538 0.551702
vn 0.379585 0.771897 0.509991
vn 0.873108 0.137411 0.467761
vn 0.873551 0.143605 0.465066
vn 0.901068 -0.389804 0.190077
vn 0.900718 -0.391323 0.188610
vn 0.555832 -0.830960 -0.023591
vn 0.554539 -0.831547 -0.031875
vn -0.461568 -0.861980 -0.209630
vn -0.462388 -0.859523 -0.217753
vn -0.875247 -0.381810 -0.296924
vn -0.875670 -0.379897 -0.298128
vn -0.916113 0.220393 -0.334909
vn -0.915725 0.215364 -0.339215
vn -0.467951 0.869467 -0.158272
vn -0.472539 0.856418 -0.207980
vn 0.390657 0.666993 0.634435
vn 0.387621 0.703076 0.596183
vn 0.861391 0.069115 0.503218
vn 0.863184 0.076193 0.499108
vn 0.889666 -0.427069 0.161573
vn 0.888990 -0.428861 0.160545
vn 0.539528 -0.833458 -0.119402
vn 0.537947 -0.833229 -0.127836
vn -0.469662 -0.829611 -0.301933
vn -0.470240 -0.826277 -0.310065
vn -0.884218 -0.337411 -0.322976
vn -0.884601 -0.335302 -0.324120
vn -0.918713 0.270025 -0.288187
vn -0.918575 0.265333 -0.292947
vn -0.456798 0.888078 -0.051508
vn -0.462385 0.880772 -0.102181
vn 0.395072 0.584370 0.708823
vn 0.393275 0.624788 0.674518
vn 0.839524 -0.002395 0.543317
vn 0.842180 0.005216 0.539172
vn 0.871967 -0.470374 0.135727
vn 0.870881 -0.472813 0.134213
vn 0.520539 -0.826343 -0.214935
vn 0.518701 -0.825212 -0.223550
vn -0.474826 -0.788016 -0.391882
vn -0.475150 -0.783717 -0.400026
vn -0.891994 -0.290055 -0.346720
vn -0.892335 -0.287713 -0.347793
vn -0.918775 0.315308 -0.237556
vn -0.918883 0.310990 -0.242775
vn -0.443917 0.894311 0.056088
vn -0.450288 0.892869 0.005038
vn 0.396671 0.493723 0.773879
vn 0.396246 0.538035 0.743981
vn 0.821722 -0.065497 0.566113
vn 0.823048 -0.058915 0.564908
vn 0.853309 -0.513095 0.092727
vn 0.852305 -0.515375 0.089244
vn 0.499589 -0.809123 -0.309403
vn 0.497535 -0.806974 -0.318202
vn -0.477069 -0.737105 -0.478624
vn -0.477128 -0.731729 -0.486746
vn -0.898499 -0.239654 -0.367784
vn -0.898790 -0.237041 -0.368764
vn -0.916426 0.355745 -0.183330
vn -0.916775 0.351849 -0.189012
vn -0.429807 0.888066 0.163111
vn -0.436734 0.892554 0.112298
vn 0.395236 0.396221 0.828732
vn 0.396294 0.443930 0.803665
vn 0.809847 -0.123736 0.573443
vn 0.811332 -0.116522 0.572855
vn 0.837269 -0.545772 0.033365
vn 0.836253 -0.547559 0.029335
vn 0.477513 -0.781363 -0.401813
vn 0.475296 -0.778055 -0.410760
vn -0.476473 -0.676850 -0.561112
vn -0.476254 -0.670276 -0.569133
vn -0.903646 -0.186201 -0.385685
vn -0.903879 -0.183279 -0.386538
vn -0.911820 0.390817 -0.125883
vn -0.912406 0.387407 -0.132027
vn -0.414979 0.869420 0.268145
vn -0.422230 0.879837 0.218194
vn 0.389772 0.290687 0.873830
vn 0.392981 0.342907 0.853218
vn 0.796041 -0.186637 0.575748
vn 0.797973 -0.178270 0.575725
vn 0.821714 -0.569430 -0.023148
vn 0.820575 -0.570905 -0.026935
vn 0.454023 -0.744342 -0.489712
vn 0.451416 -0.740009 -0.498608
vn -0.473162 -0.607381 -0.638127
vn -0.472650 -0.599491 -0.645920
vn -0.907340 -0.129801 -0.399858
vn -0.907502 -0.126537 -0.400536
vn -0.905147 0.419998 -0.065659
vn -0.905962 0.417147 -0.072254
vn -0.399956 0.838623 0.369794
vn -0.407289 0.854903 0.321336
vn 0.378995 0.176694 0.908373
vn 0.384995 0.233546 0.892880
vn 0.779507 -0.256546 0.571448
vn 0.781867 -0.246804 0.572513
vn 0.806903 -0.586762 -0.067952
vn 0.805777 -0.587947 -0.071007
vn 0.427377 -0.700045 -0.572089
vn 0.423939 -0.694331 -0.581533
vn -0.467275 -0.529050 -0.708350
vn -0.466451 -0.519747 -0.715742
vn -0.909484 -0.070693 -0.409684
vn -0.909561 -0.067061 -0.410124
vn -0.896625 0.442779 -0.003187
vn -0.897660 0.440571 -0.010209
vn -0.385251 0.796101 0.466696
vn -0.392428 0.818104 0.420364
vn 0.366676 0.068915 0.927793
vn 0.372707 0.121101 0.920013
vn 0.766353 -0.324151 0.554643
vn 0.767593 -0.315621 0.557839
vn 0.800600 -0.588492 -0.112768
vn 0.800761 -0.587382 -0.117322
vn 0.400603 -0.641703 -0.654015
vn 0.397355 -0.632506 -0.664866
vn -0.458944 -0.442479 -0.770443
vn -0.457789 -0.431698 -0.777217
vn -0.909990 -0.009276 -0.414526
vn -0.909964 -0.005267 -0.414654
vn -0.886513 0.458677 0.060908
vn -0.887751 0.457205 0.053500
vn -0.371357 0.742450 0.557550
vn -0.378142 0.769964 0.513970
vn 0.353363 -0.035390 0.934817
vn 0.360230 0.016976 0.932709
vn 0.757331 -0.385852 0.526847
vn 0.758510 -0.377741 0.531013
vn 0.802924 -0.572607 -0.165634
vn 0.803160 -0.570986 -0.170029
vn 0.379495 -0.566284 -0.731646
vn 0.377214 -0.555438 -0.741079
vn -0.448293 -0.348561 -0.823127
vn -0.446784 -0.336280 -0.829035
vn -0.908783 0.053879 -0.413777
vn -0.908634 0.058262 -0.413508
vn -0.875101 0.467276 0.125903
vn -0.876520 0.466635 0.118171
vn -0.358743 0.678440 0.641110
vn -0.364906 0.711165 0.600906
vn 0.338686 -0.139563 0.930491
vn 0.346189 -0.087285 0.934095
vn 0.748829 -0.443987 0.492067
vn 0.749931 -0.436403 0.497148
vn 0.806112 -0.550813 -0.216305
vn 0.806419 -0.548703 -0.220482
vn 0.365796 -0.481377 -0.796536
vn 0.364422 -0.469145 -0.804425
vn -0.435433 -0.248436 -0.865262
vn -0.433546 -0.234689 -0.870034
vn -0.905814 0.118055 -0.406896
vn -0.905525 0.122783 -0.406138
vn -0.862711 0.468247 0.190985
vn -0.864282 0.468532 0.183013
vn -0.347834 0.605002 0.716229
vn -0.353163 0.642558 0.679996
vn 0.323062 -0.242908 0.914673
vn 0.330998 -0.191026 0.924094
vn 0.740964 -0.497777 0.450767
vn 0.741973 -0.490823 0.456694
vn 0.810119 -0.523406 -0.264108
vn 0.810493 -0.520836 -0.268013
vn 0.358733 -0.389486 -0.848299
vn 0.358202 -0.376095 -0.854543
vn -0.420465 -0.143451 -0.895897
vn -0.418178 -0.128330 -0.899255
vn -0.901074 0.182382 -0.393450
vn -0.900627 0.187403 -0.392111
vn -0.849695 0.461366 0.255263
vn -0.851383 0.462665 0.247160
vn -0.339002 0.523192 0.781888
vn -0.343303 0.565130 0.750180
vn 0.306913 -0.344605 0.887160
vn 0.315077 -0.293502 0.902543
vn 0.733837 -0.546516 0.403490
vn 0.734741 -0.540280 0.410186
vn 0.814895 -0.490743 -0.308411
vn 0.815332 -0.487745 -0.311992
vn 0.357526 -0.292810 -0.886813
vn 0.357777 -0.278461 -0.891322
vn -0.403492 -0.035108 -0.914309
vn -0.400786 -0.018765 -0.915980
vn -0.894596 0.245875 -0.373154
vn -0.893977 0.251110 -0.371145
vn -0.836425 0.446553 0.317779
vn -0.838185 0.448940 0.309677
vn -0.332572 0.434224 0.837165
vn -0.335669 0.479996 0.810512
vn 0.290688 -0.443711 0.847715
vn 0.298855 -0.393840 0.869238
vn 0.727542 -0.589554 0.350867
vn 0.728329 -0.584123 0.358242
vn 0.820377 -0.453256 -0.348627
vn 0.820870 -0.449871 -0.351835
vn 0.361432 -0.193291 -0.912144
vn 0.362408 -0.178175 -0.914830
vn -0.384633 0.074989 -0.920019
vn -0.381496 0.092339 -0.919747
vn -0.886466 0.307469 -0.345892
vn -0.885667 0.312811 -0.343136
vn -0.823283 0.423875 0.377539
vn -0.825064 0.427404 0.369589
vn -0.328780 0.339393 0.881315
vn -0.330542 0.388398 0.860168
vn 0.274853 -0.539104 0.796130
vn 0.282789 -0.491045 0.823957
vn 0.722166 -0.626322 0.293593
vn 0.722825 -0.621765 0.301551
vn 0.826491 -0.411446 -0.384220
vn 0.827034 -0.407718 -0.387014
vn 0.369754 -0.092666 -0.924497
vn 0.371404 -0.076972 -0.925275
vn -0.364029 0.185183 -0.912793
vn -0.360459 0.203274 -0.910357
vn -0.876827 0.366053 -0.311737
vn -0.875848 0.371373 -0.308176
vn -0.810655 0.393559 0.433532
vn -0.812401 0.398258 0.425906
vn -0.327810 0.240106 0.913723
vn -0.328123 0.291658 0.898483
vn 0.259898 -0.629447 0.732291
vn 0.267348 -0.583915 0.766530
vn 0.717777 -0.656334 0.232425
vn 0.718299 -0.652712 0.240859
vn 0.833157 -0.365864 -0.414722
vn 0.833743 -0.361843 -0.417064
vn 0.381845 0.007504 -0.924196
vn 0.384117 0.023579 -0.922983
vn -0.341857 0.293816 -0.892640
vn -0.337867 0.312331 -0.887860
vn -0.865876 0.420522 -0.270960
vn -0.864725 0.425670 -0.266563
vn -0.798916 0.356008 0.484759
vn -0.800567 0.361873 0.477641
vn -0.330045 0.137011 0.933969
vn -0.328665 0.190901 0.924952
vn 0.246514 -0.712487 0.656958
vn 0.253068 -0.670869 0.697059
vn 0.714435 -0.679189 0.168179
vn 0.714813 -0.676551 0.176977
vn 0.840286 -0.317113 -0.439726
vn 0.840907 -0.312853 -0.441586
vn 0.397068 0.106994 -0.911531
vn 0.399845 0.123463 -0.908229
vn -0.318668 0.398463 -0.860045
vn -0.314453 0.416626 -0.852961
vn -0.853868 0.469808 -0.224032
vn -0.852564 0.474618 -0.218797
vn -0.788418 0.311793 0.530266
vn -0.789912 0.318786 0.523845
vn -0.336311 0.029859 0.941277
vn -0.332747 0.086211 0.939067
vn 0.236047 -0.783198 0.575225
vn 0.240849 -0.748771 0.617522
vn 0.712184 -0.694586 0.101703
vn 0.712414 -0.692966 0.110750
vn 0.847783 -0.265844 -0.458902
vn 0.848431 -0.261401 -0.460255
vn 0.414184 0.209293 -0.885804
vn 0.416962 0.226265 -0.880311
vn -0.296557 0.494737 -0.816878
vn -0.292903 0.510887 -0.808210
vn -0.841105 0.512927 -0.171606
vn -0.839678 0.517232 -0.165568
vn -0.779481 0.261642 0.569168
vn -0.780759 0.269687 0.563635
vn -0.344925 -0.073427 0.935754
vn -0.340305 -0.019939 0.940104
vn 0.227309 -0.843602 0.486483
vn 0.231590 -0.813833 0.532957
vn 0.711054 -0.702321 0.033879
vn 0.711131 -0.701740 0.043054
vn 0.855549 -0.212735 -0.471996
vn 0.856216 -0.208166 -0.472823
vn 0.430054 0.310871 -0.847592
vn 0.432293 0.326200 -0.840664
vn -0.277480 0.583893 -0.762938
vn -0.274372 0.599484 -0.751891
vn -0.827931 0.549015 -0.114508
vn -0.826421 0.552649 -0.107740
vn -0.772381 0.206432 0.600678
vn -0.773386 0.215413 0.596214
vn -0.355576 -0.173172 0.918465
vn -0.349888 -0.121362 0.928897
vn 0.219988 -0.893676 0.391085
vn 0.223466 -0.869383 0.440722
vn 0.711058 -0.702292 -0.034395
vn 0.710982 -0.702758 -0.025213
vn 0.863482 -0.158485 -0.478833
vn 0.864158 -0.153852 -0.479124
vn 0.443796 0.404842 -0.799468
vn 0.445905 0.419281 -0.790805
vn -0.260836 0.668975 -0.696015
vn -0.258099 0.683370 -0.682928
vn -0.814723 0.577357 -0.053716
vn -0.813178 0.580169 -0.046328
vn -0.767341 0.147170 0.624122
vn -0.768026 0.156937 0.620893
vn -0.367894 -0.269206 0.890046
vn -0.361369 -0.219399 0.906243
vn 0.214299 -0.932562 0.290525
vn 0.216931 -0.914082 0.342631
vn 0.712196 -0.694500 -0.102212
vn 0.711968 -0.696007 -0.093146
vn 0.871476 -0.103819 -0.479324
vn 0.872152 -0.099185 -0.479075
vn 0.456646 0.492715 -0.740747
vn 0.458597 0.506074 -0.730465
vn -0.246547 0.746009 -0.618615
vn -0.244249 0.758964 -0.603586
vn -0.801875 0.597414 0.009678
vn -0.800352 0.599273 0.017545
vn -0.764523 0.084970 0.638972
vn -0.764849 0.095336 0.637117
vn -0.381439 -0.360930 0.851019
vn -0.374304 -0.313408 0.872738
vn 0.210323 -0.959756 0.186098
vn 0.212068 -0.947320 0.240025
vn 0.714455 -0.679045 -0.168674
vn 0.714078 -0.681574 -0.159843
vn 0.879425 -0.049461 -0.473461
vn 0.880093 -0.044885 -0.472676
vn 0.468434 0.573328 -0.672209
vn 0.470200 0.585429 -0.660443
vn -0.234988 0.813692 -0.531683
vn -0.233213 0.824948 -0.514853
vn -0.789793 0.608833 0.074495
vn -0.788355 0.609641 0.082669
vn -0.764021 0.021031 0.644849
vn -0.763962 0.031781 0.644478
vn -0.395785 -0.447791 0.801771
vn -0.388260 -0.402825 0.828846
vn 0.208111 -0.974893 0.079210
vn 0.208947 -0.968674 0.134210
vn 0.717808 -0.656133 -0.232900
vn 0.717285 -0.659649 -0.224421
vn 0.887224 0.003871 -0.461323
vn 0.887874 0.008327 -0.460011
vn 0.479005 0.645614 -0.594758
vn 0.480565 0.656297 -0.581663
vn -0.226570 0.870791 -0.436336
vn -0.225408 0.880086 -0.417899
vn -0.778874 0.611470 0.139495
vn -0.777582 0.611169 0.147783
vn -0.765860 -0.043399 0.641541
vn -0.765405 -0.032498 0.642728
vn -0.410472 -0.529182 0.742617
vn -0.402802 -0.487093 0.774914
vn 0.207689 -0.977773 -0.028724
vn 0.207606 -0.977850 0.026635
vn 0.722204 -0.626069 -0.294039
vn 0.721545 -0.630526 -0.286025
vn 0.894770 0.055470 -0.443069
vn 0.895394 0.059747 -0.441249
vn 0.488218 0.708612 -0.509424
vn 0.489549 0.717734 -0.495177
vn -0.221715 0.916166 -0.333889
vn -0.221257 0.923244 -0.314113
vn -0.769498 0.605389 0.203414
vn -0.768412 0.603957 0.211610
vn -0.769995 -0.107047 0.629007
vn -0.769147 -0.096245 0.631783
vn -0.425057 -0.604448 0.673772
vn -0.417473 -0.565591 0.711213
vn 0.209066 -0.968360 -0.136273
vn 0.208061 -0.974732 -0.081294
vn 0.727587 -0.589252 -0.351283
vn 0.726798 -0.594591 -0.343840
vn 0.901961 0.104651 -0.418944
vn 0.902551 0.108693 -0.416639
vn 0.495949 0.761485 -0.417343
vn 0.497034 0.768927 -0.402130
vn -0.220816 0.948797 -0.225887
vn -0.221144 0.953427 -0.205116
vn -0.762012 0.590854 0.265007
vn -0.761188 0.588318 0.272903
vn -0.776307 -0.168641 0.607377
vn -0.775088 -0.158191 0.611730
vn -0.439064 -0.672795 0.595457
vn -0.431826 -0.637627 0.637932
vn 0.212222 -0.946775 -0.242032
vn 0.210309 -0.959360 -0.188146
vn 0.733887 -0.546167 -0.403870
vn 0.732980 -0.552318 -0.397097
vn 0.908704 0.150762 -0.389265
vn 0.909252 0.154514 -0.386506
vn 0.502098 0.803538 -0.319725
vn 0.502924 0.809200 -0.303748
vn -0.224197 0.967841 -0.114106
vn -0.225363 0.969848 -0.092775
vn -0.758601 0.568034 0.319158
vn -0.758697 0.564409 0.325301
vn -0.786124 -0.227024 0.574865
vn -0.784145 -0.217157 0.581342
vn -0.452632 -0.735025 0.504838
vn -0.445647 -0.703100 0.554121
vn 0.217116 -0.913309 -0.344567
vn 0.214319 -0.931934 -0.292517
vn 0.741021 -0.497389 -0.451101
vn 0.740007 -0.504269 -0.445087
vn 0.914909 0.193192 -0.354428
vn 0.915406 0.196606 -0.351251
vn 0.506584 0.834210 -0.217870
vn 0.507138 0.838017 -0.201342
vn -0.231637 0.972801 -0.001774
vn -0.233411 0.972204 0.018429
vn -0.758735 0.551919 0.345986
vn -0.758735 0.551919 0.345986
vn -0.790213 -0.249390 0.559794
vn -0.790213 -0.249390 0.559794
vn -0.454984 -0.747082 0.484622
vn -0.454984 -0.747082 0.484622
vn 0.218358 -0.902009 -0.372424
vn 0.218358 -0.902009 -0.372424
vn 0.743946 -0.474174 -0.470855
vn 0.743946 -0.474174 -0.470855
vn 0.917716 0.214702 -0.334215
vn 0.917716 0.214702 -0.334215
vn 0.507896 0.846829 -0.157867
vn 0.507896 0.846829 -0.157867
vn -0.237172 0.969257 0.065495
vn -0.237172 0.969257 0.065495
vn 0.000000 0.000000 1.000000
vn 0.000000 0.000000 1.000000
vn 0.000000 0.000000 1.000000
vn 0.000000 0.000000 1.000000
vn 0.000000 0.000000 1.000000
vn 0.000000 0.000000 1.000000
vn 0.000000 0.000000 1.000000
vn 0.000000 0.000000 1.000000
vn -0.000014 -0.000097 1.000000
vn -0.000014 -0.000097 1.000000
vn -0.000014 -0.000097 1.000000
vn -0.000014 -0.000097 1.000000
vn -0.000014 -0.000097 1.000000
vn -0.000014 -0.000097 1.000000
vn -0.000014 -0.000097 1.000000
vn -0.000014 -0.000097 1.000000
s 1
g pHelix1
usemtl initialShadingGroup
f 1/9/1 2/10/2 10/19/3 9/18/4
s 2
f 2/10/5 3/11/6 11/20/7 10/19/8
s 3
f 3/11/9 4/12/10 12/21/11 11/20/12
s 4
f 4/12/13 5/13/14 13/22/15 12/21/16
s 5
f 5/13/17 6/14/18 14/23/19 13/22/20
s 6
f 6/14/21 7/15/22 15/24/23 14/23/24
s 7
f 7/15/25 8/16/26 16/25/27 15/24/28
s 8
f 8/16/29 1/17/30 9/26/31 16/25/32
s 1
f 9/18/4 10/19/3 18/28/33 17/27/34
s 2
f 10/19/8 11/20/7 19/29/35 18/28/36
s 3
f 11/20/12 12/21/11 20/30/37 19/29/38
s 4
f 12/21/16 13/22/15 21/31/39 20/30/40
s 5
f 13/22/20 14/23/19 22/32/41 21/31/42
s 6
f 14/23/24 15/24/23 23/33/43 22/32/44
s 7
f 15/24/28 16/25/27 24/34/45 23/33/46
s 8
f 16/25/32 9/26/31 17/35/47 24/34/48
s 1
f 17/27/34 18/28/33 26/37/49 25/36/50
s 2
f 18/28/36 19/29/35 27/38/51 26/37/52
s 3
f 19/29/38 20/30/37 28/39/53 27/38/54
s 4
f 20/30/40 21/31/39 29/40/55 28/39/56
s 5
f 21/31/42 22/32/41 30/41/57 29/40/58
s 6
f 22/32/44 23/33/43 31/42/59 30/41/60
s 7
f 23/33/46 24/34/45 32/43/61 31/42/62
s 8
f 24/34/48 17/35/47 25/44/63 32/43/64
s 1
f 25/36/50 26/37/49 34/46/65 33/45/66
s 2
f 26/37/52 27/38/51 35/47/67 34/46/68
s 3
f 27/38/54 28/39/53 36/48/69 35/47/70
s 4
f 28/39/56 29/40/55 37/49/71 36/48/72
s 5
f 29/40/58 30/41/57 38/50/73 37/49/74
s 6
f 30/41/60 31/42/59 39/51/75 38/50/76
s 7
f 31/42/62 32/43/61 40/52/77 39/51/78
s 8
f 32/43/64 25/44/63 33/53/79 40/52/80
s 1
f 33/45/66 34/46/65 42/55/81 41/54/82
s 2
f 34/46/68 35/47/67 43/56/83 42/55/84
s 3
f 35/47/70 36/48/69 44/57/85 43/56/86
s 4
f 36/48/72 37/49/71 45/58/87 44/57/88
s 5
f 37/49/74 38/50/73 46/59/89 45/58/90
s 6
f 38/50/76 39/51/75 47/60/91 46/59/92
s 7
f 39/51/78 40/52/77 48/61/93 47/60/94
s 8
f 40/52/80 33/53/79 41/62/95 48/61/96
s 1
f 41/54/82 42/55/81 50/64/97 49/63/98
s 2
f 42/55/84 43/56/83 51/65/99 50/64/100
s 3
f 43/56/86 44/57/85 52/66/101 51/65/102
s 4
f 44/57/88 45/58/87 53/67/103 52/66/104
s 5
f 45/58/90 46/59/89 54/68/105 53/67/106
s 6
f 46/59/92 47/60/91 55/69/107 54/68/108
s 7
f 47/60/94 48/61/93 56/70/109 55/69/110
s 8
f 48/61/96 41/62/95 49/71/111 56/70/112
s 1
f 49/63/98 50/64/97 58/73/113 57/72/114
s 2
f 50/64/100 51/65/99 59/74/115 58/73/116
s 3
f 51/65/102 52/66/101 60/75/117 59/74/118
s 4
f 52/66/104 53/67/103 61/76/119 60/75/120
s 5
f 53/67/106 54/68/105 62/77/121 61/76/122
s 6
f 54/68/108 55/69/107 63/78/123 62/77/124
s 7
f 55/69/110 56/70/109 64/79/125 63/78/126
s 8
f 56/70/112 49/71/111 57/80/127 64/79/128
s 1
f 57/72/114 58/73/113 66/82/129 65/81/130
s 2
f 58/73/116 59/74/115 67/83/131 66/82/132
s 3
f 59/74/118 60/75/117 68/84/133 67/83/134
s 4
f 60/75/120 61/76/119 69/85/135 68/84/136
s 5
f 61/76/122 62/77/121 70/86/137 69/85/138
s 6
f 62/77/124 63/78/123 71/87/139 70/86/140
s 7
f 63/78/126 64/79/125 72/88/141 71/87/142
s 8
f 64/79/128 57/80/127 65/89/143 72/88/144
s 1
f 65/81/130 66/82/129 74/91/145 73/90/146
s 2
f 66/82/132 67/83/131 75/92/147 74/91/148
s 3
f 67/83/134 68/84/133 76/93/149 75/92/150
s 4
f 68/84/136 69/85/135 77/94/151 76/93/152
s 5
f 69/85/138 70/86/137 78/95/153 77/94/154
s 6
f 70/86/140 71/87/139 79/96/155 78/95/156
s 7
f 71/87/142 72/88/141 80/97/157 79/96/158
s 8
f 72/88/144 65/89/143 73/98/159 80/97/160
s 1
f 73/90/146 74/91/145 82/100/161 81/99/162
s 2
f 74/91/148 75/92/147 83/101/163 82/100/164
s 3
f 75/92/150 76/93/149 84/102/165 83/101/166
s 4
f 76/93/152 77/94/151 85/103/167 84/102/168
s 5
f 77/94/154 78/95/153 86/104/169 85/103/170
s 6
f 78/95/156 79/96/155 87/105/171 86/104/172
s 7
f 79/96/158 80/97/157 88/106/173 87/105/174
s 8
f 80/97/160 73/98/159 81/107/175 88/106/176
s 1
f 81/99/162 82/100/161 90/109/177 89/108/178
s 2
f 82/100/164 83/101/163 91/110/179 90/109/180
s 3
f 83/101/166 84/102/165 92/111/181 91/110/182
s 4
f 84/102/168 85/103/167 93/112/183 92/111/184
s 5
f 85/103/170 86/104/169 94/113/185 93/112/186
s 6
f 86/104/172 87/105/171 95/114/187 94/113/188
s 7
f 87/105/174 88/106/173 96/115/189 95/114/190
s 8
f 88/106/176 81/107/175 89/116/191 96/115/192
s 1
f 89/108/178 90/109/177 98/118/193 97/117/194
s 2
f 90/109/180 91/110/179 99/119/195 98/118/196
s 3
f 91/110/182 92/111/181 100/120/197 99/119/198
s 4
f 92/111/184 93/112/183 101/121/199 100/120/200
s 5
f 93/112/186 94/113/185 102/122/201 101/121/202
s 6
f 94/113/188 95/114/187 103/123/203 102/122/204
s 7
f 95/114/190 96/115/189 104/124/205 103/123/206
s 8
f 96/115/192 89/116/191 97/125/207 104/124/208
s 1
f 97/117/194 98/118/193 106/127/209 105/126/210
s 2
f 98/118/196 99/119/195 107/128/211 106/127/212
s 3
f 99/119/198 100/120/197 108/129/213 107/128/214
s 4
f 100/120/200 101/121/199 109/130/215 108/129/216
s 5
f 101/121/202 102/122/201 110/131/217 109/130/218
s 6
f 102/122/204 103/123/203 111/132/219 110/131/220
s 7
f 103/123/206 104/124/205 112/133/221 111/132/222
s 8
f 104/124/208 97/125/207 105/134/223 112/133/224
s 1
f 105/126/210 106/127/209 114/136/225 113/135/226
s 2
f 106/127/212 107/128/211 115/137/227 114/136/228
s 3
f 107/128/214 108/129/213 116/138/229 115/137/230
s 4
f 108/129/216 109/130/215 117/139/231 116/138/232
s 5
f 109/130/218 110/131/217 118/140/233 117/139/234
s 6
f 110/131/220 111/132/219 119/141/235 118/140/236
s 7
f 111/132/222 112/133/221 120/142/237 119/141/238
s 8
f 112/133/224 105/134/223 113/143/239 120/142/240
s 1
f 113/135/226 114/136/225 122/145/241 121/144/242
s 2
f 114/136/228 115/137/227 123/146/243 122/145/244
s 3
f 115/137/230 116/138/229 124/147/245 123/146/246
s 4
f 116/138/232 117/139/231 125/148/247 124/147/248
s 5
f 117/139/234 118/140/233 126/149/249 125/148/250
s 6
f 118/140/236 119/141/235 127/150/251 126/149/252
s 7
f 119/141/238 120/142/237 128/151/253 127/150/254
s 8
f 120/142/240 113/143/239 121/152/255 128/151/256
s 1
f 121/144/242 122/145/241 130/154/257 129/153/258
s 2
f 122/145/244 123/146/243 131/155/259 130/154/260
s 3
f 123/146/246 124/147/245 132/156/261 131/155/262
s 4
f 124/147/248 125/148/247 133/157/263 132/156/264
s 5
f 125/148/250 126/149/249 134/158/265 133/157/266
s 6
f 126/149/252 127/150/251 135/159/267 134/158/268
s 7
f 127/150/254 128/151/253 136/160/269 135/159/270
s 8
f 128/151/256 121/152/255 129/161/271 136/160/272
s 1
f 129/153/258 130/154/257 138/163/273 137/162/274
s 2
f 130/154/260 131/155/259 139/164/275 138/163/276
s 3
f 131/155/262 132/156/261 140/165/277 139/164/278
s 4
f 132/156/264 133/157/263 141/166/279 140/165/280
s 5
f 133/157/266 134/158/265 142/167/281 141/166/282
s 6
f 134/158/268 135/159/267 143/168/283 142/167/284
s 7
f 135/159/270 136/160/269 144/169/285 143/168/286
s 8
f 136/160/272 129/161/271 137/170/287 144/169/288
s 1
f 137/162/274 138/163/273 146/172/289 145/171/290
s 2
f 138/163/276 139/164/275 147/173/291 146/172/292
s 3
f 139/164/278 140/165/277 148/174/293 147/173/294
s 4
f 140/165/280 141/166/279 149/175/295 148/174/296
s 5
f 141/166/282 142/167/281 150/176/297 149/175/298
s 6
f 142/167/284 143/168/283 151/177/299 150/176/300
s 7
f 143/168/286 144/169/285 152/178/301 151/177/302
s 8
f 144/169/288 137/170/287 145/179/303 152/178/304
s 1
f 145/171/290 146/172/289 154/181/305 153/180/306
s 2
f 146/172/292 147/173/291 155/182/307 154/181/308
s 3
f 147/173/294 148/174/293 156/183/309 155/182/310
s 4
f 148/174/296 149/175/295 157/184/311 156/183/312
s 5
f 149/175/298 150/176/297 158/185/313 157/184/314
s 6
f 150/176/300 151/177/299 159/186/315 158/185/316
s 7
f 151/177/302 152/178/301 160/187/317 159/186/318
s 8
f 152/178/304 145/179/303 153/188/319 160/187/320
s 1
f 153/180/306 154/181/305 162/190/321 161/189/322
s 2
f 154/181/308 155/182/307 163/191/323 162/190/324
s 3
f 155/182/310 156/183/309 164/192/325 163/191/326
s 4
f 156/183/312 157/184/311 165/193/327 164/192/328
s 5
f 157/184/314 158/185/313 166/194/329 165/193/330
s 6
f 158/185/316 159/186/315 167/195/331 166/194/332
s 7
f 159/186/318 160/187/317 168/196/333 167/195/334
s 8
f 160/187/320 153/188/319 161/197/335 168/196/336
s 1
f 161/189/322 162/190/321 170/199/337 169/198/338
s 2
f 162/190/324 163/191/323 171/200/339 170/199/340
s 3
f 163/191/326 164/192/325 172/201/341 171/200/342
s 4
f 164/192/328 165/193/327 173/202/343 172/201/344
s 5
f 165/193/330 166/194/329 174/203/345 173/202/346
s 6
f 166/194/332 167/195/331 175/204/347 174/203/348
s 7
f 167/195/334 168/196/333 176/205/349 175/204/350
s 8
f 168/196/336 161/197/335 169/206/351 176/205/352
s 1
f 169/198/338 170/199/337 178/208/353 177/207/354
s 2
f 170/199/340 171/200/339 179/209/355 178/208/356
s 3
f 171/200/342 172/201/341 180/210/357 179/209/358
s 4
f 172/201/344 173/202/343 181/211/359 180/210/360
s 5
f 173/202/346 174/203/345 182/212/361 181/211/362
s 6
f 174/203/348 175/204/347 183/213/363 182/212/364
s 7
f 175/204/350 176/205/349 184/214/365 183/213/366
s 8
f 176/205/352 169/206/351 177/215/367 184/214/368
s 1
f 177/207/354 178/208/353 186/217/369 185/216/370
s 2
f 178/208/356 179/209/355 187/218/371 186/217/372
s 3
f 179/209/358 180/210/357 188/219/373 187/218/374
s 4
f 180/210/360 181/211/359 189/220/375 188/219/376
s 5
f 181/211/362 182/212/361 190/221/377 189/220/378
s 6
f 182/212/364 183/213/363 191/222/379 190/221/380
s 7
f 183/213/366 184/214/365 192/223/381 191/222/382
s 8
f 184/214/368 177/215/367 185/224/383 192/223/384
s 1
f 185/216/370 186/217/369 194/226/385 193/225/386
s 2
f 186/217/372 187/218/371 195/227/387 194/226/388
s 3
f 187/218/374 188/219/373 196/228/389 195/227/390
s 4
f 188/219/376 189/220/375 197/229/391 196/228/392
s 5
f 189/220/378 190/221/377 198/230/393 197/229/394
s 6
f 190/221/380 191/222/379 199/231/395 198/230/396
s 7
f 191/222/382 192/223/381 200/232/397 199/231/398
s 8
f 192/223/384 185/224/383 193/233/399 200/232/400
s 1
f 193/225/386 194/226/385 202/235/401 201/234/402
s 2
f 194/226/388 195/227/387 203/236/403 202/235/404
s 3
f 195/227/390 196/228/389 204/237/405 203/236/406
s 4
f 196/228/392 197/229/391 205/238/407 204/237/408
s 5
f 197/229/394 198/230/393 206/239/409 205/238/410
s 6
f 198/230/396 199/231/395 207/240/411 206/239/412
s 7
f 199/231/398 200/232/397 208/241/413 207/240/414
s 8
f 200/232/400 193/233/399 201/242/415 208/241/416
s 1
f 201/234/402 202/235/401 210/244/417 209/243/418
s 2
f 202/235/404 203/236/403 211/245/419 210/244/420
s 3
f 203/236/406 204/237/405 212/246/421 211/245/422
s 4
f 204/237/408 205/238/407 213/247/423 212/246/424
s 5
f 205/238/410 206/239/409 214/248/425 213/247/426
s 6
f 206/239/412 207/240/411 215/249/427 214/248/428
s 7
f 207/240/414 208/241/413 216/250/429 215/249/430
s 8
f 208/241/416 201/242/415 209/251/431 216/250/432
s 1
f 209/243/418 210/244/417 218/253/433 217/252/434
s 2
f 210/244/420 211/245/419 219/254/435 218/253/436
s 3
f 211/245/422 212/246/421 220/255/437 219/254/438
s 4
f 212/246/424 213/247/423 221/256/439 220/255/440
s 5
f 213/247/426 214/248/425 222/257/441 221/256/442
s 6
f 214/248/428 215/249/427 223/258/443 222/257/444
s 7
f 215/249/430 216/250/429 224/259/445 223/258/446
s 8
f 216/250/432 209/251/431 217/260/447 224/259/448
s 1
f 217/252/434 218/253/433 226/262/449 225/261/450
s 2
f 218/253/436 219/254/435 227/263/451 226/262/452
s 3
f 219/254/438 220/255/437 228/264/453 227/263/454
s 4
f 220/255/440 221/256/439 229/265/455 228/264/456
s 5
f 221/256/442 222/257/441 230/266/457 229/265/458
s 6
f 222/257/444 223/258/443 231/267/459 230/266/460
s 7
f 223/258/446 224/259/445 232/268/461 231/267/462
s 8
f 224/259/448 217/260/447 225/269/463 232/268/464
s 1
f 225/261/450 226/262/449 234/271/465 233/270/466
s 2
f 226/262/452 227/263/451 235/272/467 234/271/468
s 3
f 227/263/454 228/264/453 236/273/469 235/272/470
s 4
f 228/264/456 229/265/455 237/274/471 236/273/472
s 5
f 229/265/458 230/266/457 238/275/473 237/274/474
s 6
f 230/266/460 231/267/459 239/276/475 238/275/476
s 7
f 231/267/462 232/268/461 240/277/477 239/276/478
s 8
f 232/268/464 225/269/463 233/278/479 240/277/480
s 1
f 233/270/466 234/271/465 242/280/481 241/279/482
s 2
f 234/271/468 235/272/467 243/281/483 242/280/484
s 3
f 235/272/470 236/273/469 244/282/485 243/281/486
s 4
f 236/273/472 237/274/471 245/283/487 244/282/488
s 5
f 237/274/474 238/275/473 246/284/489 245/283/490
s 6
f 238/275/476 239/276/475 247/285/491 246/284/492
s 7
f 239/276/478 240/277/477 248/286/493 247/285/494
s 8
f 240/277/480 233/278/479 241/287/495 248/286/496
s 1
f 241/279/482 242/280/481 250/289/497 249/288/498
s 2
f 242/280/484 243/281/483 251/290/499 250/289/500
s 3
f 243/281/486 244/282/485 252/291/501 251/290/502
s 4
f 244/282/488 245/283/487 253/292/503 252/291/504
s 5
f 245/283/490 246/284/489 254/293/505 253/292/506
s 6
f 246/284/492 247/285/491 255/294/507 254/293/508
s 7
f 247/285/494 248/286/493 256/295/509 255/294/510
s 8
f 248/286/496 241/287/495 249/296/511 256/295/512
s 1
f 249/288/498 250/289/497 258/298/513 257/297/514
s 2
f 250/289/500 251/290/499 259/299/515 258/298/516
s 3
f 251/290/502 252/291/501 260/300/517 259/299/518
s 4
f 252/291/504 253/292/503 261/301/519 260/300/520
s 5
f 253/292/506 254/293/505 262/302/521 261/301/522
s 6
f 254/293/508 255/294/507 263/303/523 262/302/524
s 7
f 255/294/510 256/295/509 264/304/525 263/303/526
s 8
f 256/295/512 249/296/511 257/305/527 264/304/528
s 1
f 257/297/514 258/298/513 266/307/529 265/306/530
s 2
f 258/298/516 259/299/515 267/308/531 266/307/532
s 3
f 259/299/518 260/300/517 268/309/533 267/308/534
s 4
f 260/300/520 261/301/519 269/310/535 268/309/536
s 5
f 261/301/522 262/302/521 270/311/537 269/310/538
s 6
f 262/302/524 263/303/523 271/312/539 270/311/540
s 7
f 263/303/526 264/304/525 272/313/541 271/312/542
s 8
f 264/304/528 257/305/527 265/314/543 272/313/544
s 1
f 265/306/530 266/307/529 274/316/545 273/315/546
s 2
f 266/307/532 267/308/531 275/317/547 274/316/548
s 3
f 267/308/534 268/309/533 276/318/549 275/317/550
s 4
f 268/309/536 269/310/535 277/319/551 276/318/552
s 5
f 269/310/538 270/311/537 278/320/553 277/319/554
s 6
f 270/311/540 271/312/539 279/321/555 278/320/556
s 7
f 271/312/542 272/313/541 280/322/557 279/321/558
s 8
f 272/313/544 265/314/543 273/323/559 280/322/560
s 1
f 273/315/546 274/316/545 282/325/561 281/324/562
s 2
f 274/316/548 275/317/547 283/326/563 282/325/564
s 3
f 275/317/550 276/318/549 284/327/565 283/326/566
s 4
f 276/318/552 277/319/551 285/328/567 284/327/568
s 5
f 277/319/554 278/320/553 286/329/569 285/328/570
s 6
f 278/320/556 279/321/555 287/330/571 286/329/572
s 7
f 279/321/558 280/322/557 288/331/573 287/330/574
s 8
f 280/322/560 273/323/559 281/332/575 288/331/576
s 1
f 281/324/562 282/325/561 290/334/577 289/333/578
s 2
f 282/325/564 283/326/563 291/335/579 290/334/580
s 3
f 283/326/566 284/327/565 292/336/581 291/335/582
s 4
f 284/327/568 285/328/567 293/337/583 292/336/584
s 5
f 285/328/570 286/329/569 294/338/585 293/337/586
s 6
f 286/329/572 287/330/571 295/339/587 294/338/588
s 7
f 287/330/574 288/331/573 296/340/589 295/339/590
s 8
f 288/331/576 281/332/575 289/341/591 296/340/592
s 1
f 289/333/578 290/334/577 298/343/593 297/342/594
s 2
f 290/334/580 291/335/579 299/344/595 298/343/596
s 3
f 291/335/582 292/336/581 300/345/597 299/344/598
s 4
f 292/336/584 293/337/583 301/346/599 300/345/600
s 5
f 293/337/586 294/338/585 302/347/601 301/346/602
s 6
f 294/338/588 295/339/587 303/348/603 302/347/604
s 7
f 295/339/590 296/340/589 304/349/605 303/348/606
s 8
f 296/340/592 289/341/591 297/350/607 304/349/608
s 1
f 297/342/594 298/343/593 306/352/609 305/351/610
s 2
f 298/343/596 299/344/595 307/353/611 306/352/612
s 3
f 299/344/598 300/345/597 308/354/613 307/353/614
s 4
f 300/345/600 301/346/599 309/355/615 308/354/616
s 5
f 301/346/602 302/347/601 310/356/617 309/355/618
s 6
f 302/347/604 303/348/603 311/357/619 310/356/620
s 7
f 303/348/606 304/349/605 312/358/621 311/357/622
s 8
f 304/349/608 297/350/607 305/359/623 312/358/624
s 1
f 305/351/610 306/352/609 314/361/625 313/360/626
s 2
f 306/352/612 307/353/611 315/362/627 314/361/628
s 3
f 307/353/614 308/354/613 316/363/629 315/362/630
s 4
f 308/354/616 309/355/615 317/364/631 316/363/632
s 5
f 309/355/618 310/356/617 318/365/633 317/364/634
s 6
f 310/356/620 311/357/619 319/366/635 318/365/636
s 7
f 311/357/622 312/358/621 320/367/637 319/366/638
s 8
f 312/358/624 305/359/623 313/368/639 320/367/640
s 1
f 313/360/626 314/361/625 322/370/641 321/369/642
s 2
f 314/361/628 315/362/627 323/371/643 322/370/644
s 3
f 315/362/630 316/363/629 324/372/645 323/371/646
s 4
f 316/363/632 317/364/631 325/373/647 324/372/648
s 5
f 317/364/634 318/365/633 326/374/649 325/373/650
s 6
f 318/365/636 319/366/635 327/375/651 326/374/652
s 7
f 319/366/638 320/367/637 328/376/653 327/375/654
s 8
f 320/367/640 313/368/639 321/377/655 328/376/656
s 1
f 321/369/642 322/370/641 330/379/657 329/378/658
s 2
f 322/370/644 323/371/643 331/380/659 330/379/660
s 3
f 323/371/646 324/372/645 332/381/661 331/380/662
s 4
f 324/372/648 325/373/647 333/382/663 332/381/664
s 5
f 325/373/650 326/374/649 334/383/665 333/382/666
s 6
f 326/374/652 327/375/651 335/384/667 334/383/668
s 7
f 327/375/654 328/376/653 336/385/669 335/384/670
s 8
f 328/376/656 321/377/655 329/386/671 336/385/672
s 1
f 329/378/658 330/379/657 338/388/673 337/387/674
s 2
f 330/379/660 331/380/659 339/389/675 338/388/676
s 3
f 331/380/662 332/381/661 340/390/677 339/389/678
s 4
f 332/381/664 333/382/663 341/391/679 340/390/680
s 5
f 333/382/666 334/383/665 342/392/681 341/391/682
s 6
f 334/383/668 335/384/667 343/393/683 342/392/684
s 7
f 335/384/670 336/385/669 344/394/685 343/393/686
s 8
f 336/385/672 329/386/671 337/395/687 344/394/688
s 1
f 337/387/674 338/388/673 346/397/689 345/396/690
s 2
f 338/388/676 339/389/675 347/398/691 346/397/692
s 3
f 339/389/678 340/390/677 348/399/693 347/398/694
s 4
f 340/390/680 341/391/679 349/400/695 348/399/696
s 5
f 341/391/682 342/392/681 350/401/697 349/400/698
s 6
f 342/392/684 343/393/683 351/402/699 350/401/700
s 7
f 343/393/686 344/394/685 352/403/701 351/402/702
s 8
f 344/394/688 337/395/687 345/404/703 352/403/704
s 1
f 345/396/690 346/397/689 354/406/705 353/405/706
s 2
f 346/397/692 347/398/691 355/407/707 354/406/708
s 3
f 347/398/694 348/399/693 356/408/709 355/407/710
s 4
f 348/399/696 349/400/695 357/409/711 356/408/712
s 5
f 349/400/698 350/401/697 358/410/713 357/409/714
s 6
f 350/401/700 351/402/699 359/411/715 358/410/716
s 7
f 351/402/702 352/403/701 360/412/717 359/411/718
s 8
f 352/403/704 345/404/703 353/413/719 360/412/720
s 1
f 353/405/706 354/406/705 362/415/721 361/414/722
s 2
f 354/406/708 355/407/707 363/416/723 362/415/724
s 3
f 355/407/710 356/408/709 364/417/725 363/416/726
s 4
f 356/408/712 357/409/711 365/418/727 364/417/728
s 5
f 357/409/714 358/410/713 366/419/729 365/418/730
s 6
f 358/410/716 359/411/715 367/420/731 366/419/732
s 7
f 359/411/718 360/412/717 368/421/733 367/420/734
s 8
f 360/412/720 353/413/719 361/422/735 368/421/736
s 1
f 361/414/722 362/415/721 370/424/737 369/423/738
s 2
f 362/415/724 363/416/723 371/425/739 370/424/740
s 3
f 363/416/726 364/417/725 372/426/741 371/425/742
s 4
f 364/417/728 365/418/727 373/427/743 372/426/744
s 5
f 365/418/730 366/419/729 374/428/745 373/427/746
s 6
f 366/419/732 367/420/731 375/429/747 374/428/748
s 7
f 367/420/734 368/421/733 376/430/749 375/429/750
s 8
f 368/421/736 361/422/735 369/431/751 376/430/752
s 1
f 369/423/738 370/424/737 378/433/753 377/432/754
s 2
f 370/424/740 371/425/739 379/434/755 378/433/756
s 3
f 371/425/742 372/426/741 380/435/757 379/434/758
s 4
f 372/426/744 373/427/743 381/436/759 380/435/760
s 5
f 373/427/746 374/428/745 382/437/761 381/436/762
s 6
f 374/428/748 375/429/747 383/438/763 382/437/764
s 7
f 375/429/750 376/430/749 384/439/765 383/438/766
s 8
f 376/430/752 369/431/751 377/440/767 384/439/768
s 1
f 377/432/754 378/433/753 386/442/769 385/441/770
s 2
f 378/433/756 379/434/755 387/443/771 386/442/772
s 3
f 379/434/758 380/435/757 388/444/773 387/443/774
s 4
f 380/435/760 381/436/759 389/445/775 388/444/776
s 5
f 381/436/762 382/437/761 390/446/777 389/445/778
s 6
f 382/437/764 383/438/763 391/447/779 390/446/780
s 7
f 383/438/766 384/439/765 392/448/781 391/447/782
s 8
f 384/439/768 377/440/767 385/449/783 392/448/784
s 1
f 385/441/770 386/442/769 394/451/785 393/450/786
s 2
f 386/442/772 387/443/771 395/452/787 394/451/788
s 3
f 387/443/774 388/444/773 396/453/789 395/452/790
s 4
f 388/444/776 389/445/775 397/454/791 396/453/792
s 5
f 389/445/778 390/446/777 398/455/793 397/454/794
s 6
f 390/446/780 391/447/779 399/456/795 398/455/796
s 7
f 391/447/782 392/448/781 400/457/797 399/456/798
s 8
f 392/448/784 385/449/783 393/458/799 400/457/800
s 1
f 393/450/786 394/451/785 402/460/801 401/459/802
s 2
f 394/451/788 395/452/787 403/461/803 402/460/804
s 3
f 395/452/790 396/453/789 404/462/805 403/461/806
s 4
f 396/453/792 397/454/791 405/463/807 404/462/808
s 5
f 397/454/794 398/455/793 406/464/809 405/463/810
s 6
f 398/455/796 399/456/795 407/465/811 406/464/812
s 7
f 399/456/798 400/457/797 408/466/813 407/465/814
s 8
f 400/457/800 393/458/799 401/467/815 408/466/816
s 1
f 401/459/802 402/460/801 410/469/817 409/468/818
s 2
f 402/460/804 403/461/803 411/470/819 410/469/820
s 3
f 403/461/806 404/462/805 412/471/821 411/470/822
s 4
f 404/462/808 405/463/807 413/472/823 412/471/824
s 5
f 405/463/810 406/464/809 414/473/825 413/472/826
s 6
f 406/464/812 407/465/811 415/474/827 414/473/828
s 7
f 407/465/814 408/466/813 416/475/829 415/474/830
s 8
f 408/466/816 401/467/815 409/476/831 416/475/832
s 1
f 409/468/818 410/469/817 418/478/833 417/477/834
s 2
f 410/469/820 411/470/819 419/479/835 418/478/836
s 3
f 411/470/822 412/471/821 420/480/837 419/479/838
s 4
f 412/471/824 413/472/823 421/481/839 420/480/840
s 5
f 413/472/826 414/473/825 422/482/841 421/481/842
s 6
f 414/473/828 415/474/827 423/483/843 422/482/844
s 7
f 415/474/830 416/475/829 424/484/845 423/483/846
s 8
f 416/475/832 409/476/831 417/485/847 424/484/848
s 1
f 417/477/834 418/478/833 426/487/849 425/486/850
s 2
f 418/478/836 419/479/835 427/488/851 426/487/852
s 3
f 419/479/838 420/480/837 428/489/853 427/488/854
s 4
f 420/480/840 421/481/839 429/490/855 428/489/856
s 5
f 421/481/842 422/482/841 430/491/857 429/490/858
s 6
f 422/482/844 423/483/843 431/492/859 430/491/860
s 7
f 423/483/846 424/484/845 432/493/861 431/492/862
s 8
f 424/484/848 417/485/847 425/494/863 432/493/864
s 1
f 425/486/850 426/487/849 434/496/865 433/495/866
s 2
f 426/487/852 427/488/851 435/497/867 434/496/868
s 3
f 427/488/854 428/489/853 436/498/869 435/497/870
s 4
f 428/489/856 429/490/855 437/499/871 436/498/872
s 5
f 429/490/858 430/491/857 438/500/873 437/499/874
s 6
f 430/491/860 431/492/859 439/501/875 438/500/876
s 7
f 431/492/862 432/493/861 440/502/877 439/501/878
s 8
f 432/493/864 425/494/863 433/503/879 440/502/880
s 1
f 433/495/866 434/496/865 442/505/881 441/504/882
s 2
f 434/496/868 435/497/867 443/506/883 442/505/884
s 3
f 435/497/870 436/498/869 444/507/885 443/506/886
s 4
f 436/498/872 437/499/871 445/508/887 444/507/888
s 5
f 437/499/874 438/500/873 446/509/889 445/508/890
s 6
f 438/500/876 439/501/875 447/510/891 446/509/892
s 7
f 439/501/878 440/502/877 448/511/893 447/510/894
s 8
f 440/502/880 433/503/879 441/512/895 448/511/896
s 1
f 441/504/882 442/505/881 450/514/897 449/513/898
s 2
f 442/505/884 443/506/883 451/515/899 450/514/900
s 3
f 443/506/886 444/507/885 452/516/901 451/515/902
s 4
f 444/507/888 445/508/887 453/517/903 452/516/904
s 5
f 445/508/890 446/509/889 454/518/905 453/517/906
s 6
f 446/509/892 447/510/891 455/519/907 454/518/908
s 7
f 447/510/894 448/511/893 456/520/909 455/519/910
s 8
f 448/511/896 441/512/895 449/521/911 456/520/912
s 1
f 449/513/898 450/514/897 458/523/913 457/522/914
s 2
f 450/514/900 451/515/899 459/524/915 458/523/916
s 3
f 451/515/902 452/516/901 460/525/917 459/524/918
s 4
f 452/516/904 453/517/903 461/526/919 460/525/920
s 5
f 453/517/906 454/518/905 462/527/921 461/526/922
s 6
f 454/518/908 455/519/907 463/528/923 462/527/924
s 7
f 455/519/910 456/520/909 464/529/925 463/528/926
s 8
f 456/520/912 449/521/911 457/530/927 464/529/928
s 1
f 457/522/914 458/523/913 466/532/929 465/531/930
s 2
f 458/523/916 459/524/915 467/533/931 466/532/932
s 3
f 459/524/918 460/525/917 468/534/933 467/533/934
s 4
f 460/525/920 461/526/919 469/535/935 468/534/936
s 5
f 461/526/922 462/527/921 470/536/937 469/535/938
s 6
f 462/527/924 463/528/923 471/537/939 470/536/940
s 7
f 463/528/926 464/529/925 472/538/941 471/537/942
s 8
f 464/529/928 457/530/927 465/539/943 472/538/944
s 1
f 465/531/930 466/532/929 474/541/945 473/540/946
s 2
f 466/532/932 467/533/931 475/542/947 474/541/948
s 3
f 467/533/934 468/534/933 476/543/949 475/542/950
s 4
f 468/534/936 469/535/935 477/544/951 476/543/952
s 5
f 469/535/938 470/536/937 478/545/953 477/544/954
s 6
f 470/536/940 471/537/939 479/546/955 478/545/956
s 7
f 471/537/942 472/538/941 480/547/957 479/546/958
s 8
f 472/538/944 465/539/943 473/548/959 480/547/960
s 1
f 473/540/946 474/541/945 482/550/961 481/549/962
s 2
f 474/541/948 475/542/947 483/551/963 482/550/964
s 3
f 475/542/950 476/543/949 484/552/965 483/551/966
s 4
f 476/543/952 477/544/951 485/553/967 484/552/968
s 5
f 477/544/954 478/545/953 486/554/969 485/553/970
s 6
f 478/545/956 479/546/955 487/555/971 486/554/972
s 7
f 479/546/958 480/547/957 488/556/973 487/555/974
s 8
f 480/547/960 473/548/959 481/557/975 488/556/976
s 1
f 481/549/962 482/550/961 490/559/977 489/558/978
s 2
f 482/550/964 483/551/963 491/560/979 490/559/980
s 3
f 483/551/966 484/552/965 492/561/981 491/560/982
s 4
f 484/552/968 485/553/967 493/562/983 492/561/984
s 5
f 485/553/970 486/554/969 494/563/985 493/562/986
s 6
f 486/554/972 487/555/971 495/564/987 494/563/988
s 7
f 487/555/974 488/556/973 496/565/989 495/564/990
s 8
f 488/556/976 481/557/975 489/566/991 496/565/992
s 1
f 489/558/978 490/559/977 498/568/993 497/567/994
s 2
f 490/559/980 491/560/979 499/569/995 498/568/996
s 3
f 491/560/982 492/561/981 500/570/997 499/569/998
s 4
f 492/561/984 493/562/983 501/571/999 500/570/1000
s 5
f 493/562/986 494/563/985 502/572/1001 501/571/1002
s 6
f 494/563/988 495/564/987 503/573/1003 502/572/1004
s 7
f 495/564/990 496/565/989 504/574/1005 503/573/1006
s 8
f 496/565/992 489/566/991 497/575/1007 504/574/1008
s 1
f 497/567/994 498/568/993 506/577/1009 505/576/1010
s 2
f 498/568/996 499/569/995 507/578/1011 506/577/1012
s 3
f 499/569/998 500/570/997 508/579/1013 507/578/1014
s 4
f 500/570/1000 501/571/999 509/580/1015 508/579/1016
s 5
f 501/571/1002 502/572/1001 510/581/1017 509/580/1018
s 6
f 502/572/1004 503/573/1003 511/582/1019 510/581/1020
s 7
f 503/573/1006 504/574/1005 512/583/1021 511/582/1022
s 8
f 504/574/1008 497/575/1007 505/584/1023 512/583/1024
s 1
f 505/576/1010 506/577/1009 514/586/1025 513/585/1026
s 2
f 506/577/1012 507/578/1011 515/587/1027 514/586/1028
s 3
f 507/578/1014 508/579/1013 516/588/1029 515/587/1030
s 4
f 508/579/1016 509/580/1015 517/589/1031 516/588/1032
s 5
f 509/580/1018 510/581/1017 518/590/1033 517/589/1034
s 6
f 510/581/1020 511/582/1019 519/591/1035 518/590/1036
s 7
f 511/582/1022 512/583/1021 520/592/1037 519/591/1038
s 8
f 512/583/1024 505/584/1023 513/593/1039 520/592/1040
s 1
f 513/585/1026 514/586/1025 522/595/1041 521/594/1042
s 2
f 514/586/1028 515/587/1027 523/596/1043 522/595/1044
s 3
f 515/587/1030 516/588/1029 524/597/1045 523/596/1046
s 4
f 516/588/1032 517/589/1031 525/598/1047 524/597/1048
s 5
f 517/589/1034 518/590/1033 526/599/1049 525/598/1050
s 6
f 518/590/1036 519/591/1035 527/600/1051 526/599/1052
s 7
f 519/591/1038 520/592/1037 528/601/1053 527/600/1054
s 8
f 520/592/1040 513/593/1039 521/602/1055 528/601/1056
s 1
f 521/594/1042 522/595/1041 530/604/1057 529/603/1058
s 2
f 522/595/1044 523/596/1043 531/605/1059 530/604/1060
s 3
f 523/596/1046 524/597/1045 532/606/1061 531/605/1062
s 4
f 524/597/1048 525/598/1047 533/607/1063 532/606/1064
s 5
f 525/598/1050 526/599/1049 534/608/1065 533/607/1066
s 6
f 526/599/1052 527/600/1051 535/609/1067 534/608/1068
s 7
f 527/600/1054 528/601/1053 536/610/1069 535/609/1070
s 8
f 528/601/1056 521/602/1055 529/611/1071 536/610/1072
s 1
f 529/603/1058 530/604/1057 538/613/1073 537/612/1074
s 2
f 530/604/1060 531/605/1059 539/614/1075 538/613/1076
s 3
f 531/605/1062 532/606/1061 540/615/1077 539/614/1078
s 4
f 532/606/1064 533/607/1063 541/616/1079 540/615/1080
s 5
f 533/607/1066 534/608/1065 542/617/1081 541/616/1082
s 6
f 534/608/1068 535/609/1067 543/618/1083 542/617/1084
s 7
f 535/609/1070 536/610/1069 544/619/1085 543/618/1086
s 8
f 536/610/1072 529/611/1071 537/620/1087 544/619/1088
s 1
f 537/612/1074 538/613/1073 546/622/1089 545/621/1090
s 2
f 538/613/1076 539/614/1075 547/623/1091 546/622/1092
s 3
f 539/614/1078 540/615/1077 548/624/1093 547/623/1094
s 4
f 540/615/1080 541/616/1079 549/625/1095 548/624/1096
s 5
f 541/616/1082 542/617/1081 550/626/1097 549/625/1098
s 6
f 542/617/1084 543/618/1083 551/627/1099 550/626/1100
s 7
f 543/618/1086 544/619/1085 552/628/1101 551/627/1102
s 8
f 544/619/1088 537/620/1087 545/629/1103 552/628/1104
s 1
f 545/621/1090 546/622/1089 554/631/1105 553/630/1106
s 2
f 546/622/1092 547/623/1091 555/632/1107 554/631/1108
s 3
f 547/623/1094 548/624/1093 556/633/1109 555/632/1110
s 4
f 548/624/1096 549/625/1095 557/634/1111 556/633/1112
s 5
f 549/625/1098 550/626/1097 558/635/1113 557/634/1114
s 6
f 550/626/1100 551/627/1099 559/636/1115 558/635/1116
s 7
f 551/627/1102 552/628/1101 560/637/1117 559/636/1118
s 8
f 552/628/1104 545/629/1103 553/638/1119 560/637/1120
s 1
f 553/630/1106 554/631/1105 562/640/1121 561/639/1122
s 2
f 554/631/1108 555/632/1107 563/641/1123 562/640/1124
s 3
f 555/632/1110 556/633/1109 564/642/1125 563/641/1126
s 4
f 556/633/1112 557/634/1111 565/643/1127 564/642/1128
s 5
f 557/634/1114 558/635/1113 566/644/1129 565/643/1130
s 6
f 558/635/1116 559/636/1115 567/645/1131 566/644/1132
s 7
f 559/636/1118 560/637/1117 568/646/1133 567/645/1134
s 8
f 560/637/1120 553/638/1119 561/647/1135 568/646/1136
s 1
f 561/639/1122 562/640/1121 570/649/1137 569/648/1138
s 2
f 562/640/1124 563/641/1123 571/650/1139 570/649/1140
s 3
f 563/641/1126 564/642/1125 572/651/1141 571/650/1142
s 4
f 564/642/1128 565/643/1127 573/652/1143 572/651/1144
s 5
f 565/643/1130 566/644/1129 574/653/1145 573/652/1146
s 6
f 566/644/1132 567/645/1131 575/654/1147 574/653/1148
s 7
f 567/645/1134 568/646/1133 576/655/1149 575/654/1150
s 8
f 568/646/1136 561/647/1135 569/656/1151 576/655/1152
s 1
f 569/648/1138 570/649/1137 578/658/1153 577/657/1154
s 2
f 570/649/1140 571/650/1139 579/659/1155 578/658/1156
s 3
f 571/650/1142 572/651/1141 580/660/1157 579/659/1158
s 4
f 572/651/1144 573/652/1143 581/661/1159 580/660/1160
s 5
f 573/652/1146 574/653/1145 582/662/1161 581/661/1162
s 6
f 574/653/1148 575/654/1147 583/663/1163 582/662/1164
s 7
f 575/654/1150 576/655/1149 584/664/1165 583/663/1166
s 8
f 576/655/1152 569/656/1151 577/665/1167 584/664/1168
s 1
f 577/657/1154 578/658/1153 586/667/1169 585/666/1170
s 2
f 578/658/1156 579/659/1155 587/668/1171 586/667/1172
s 3
f 579/659/1158 580/660/1157 588/669/1173 587/668/1174
s 4
f 580/660/1160 581/661/1159 589/670/1175 588/669/1176
s 5
f 581/661/1162 582/662/1161 590/671/1177 589/670/1178
s 6
f 582/662/1164 583/663/1163 591/672/1179 590/671/1180
s 7
f 583/663/1166 584/664/1165 592/673/1181 591/672/1182
s 8
f 584/664/1168 577/665/1167 585/674/1183 592/673/1184
s 1
f 585/666/1170 586/667/1169 594/676/1185 593/675/1186
s 2
f 586/667/1172 587/668/1171 595/677/1187 594/676/1188
s 3
f 587/668/1174 588/669/1173 596/678/1189 595/677/1190
s 4
f 588/669/1176 589/670/1175 597/679/1191 596/678/1192
s 5
f 589/670/1178 590/671/1177 598/680/1193 597/679/1194
s 6
f 590/671/1180 591/672/1179 599/681/1195 598/680/1196
s 7
f 591/672/1182 592/673/1181 600/682/1197 599/681/1198
s 8
f 592/673/1184 585/674/1183 593/683/1199 600/682/1200
s 1
f 593/675/1186 594/676/1185 602/685/1201 601/684/1202
s 2
f 594/676/1188 595/677/1187 603/686/1203 602/685/1204
s 3
f 595/677/1190 596/678/1189 604/687/1205 603/686/1206
s 4
f 596/678/1192 597/679/1191 605/688/1207 604/687/1208
s 5
f 597/679/1194 598/680/1193 606/689/1209 605/688/1210
s 6
f 598/680/1196 599/681/1195 607/690/1211 606/689/1212
s 7
f 599/681/1198 600/682/1197 608/691/1213 607/690/1214
s 8
f 600/682/1200 593/683/1199 601/692/1215 608/691/1216
s 1
f 601/684/1202 602/685/1201 610/694/1217 609/693/1218
s 2
f 602/685/1204 603/686/1203 611/695/1219 610/694/1220
s 3
f 603/686/1206 604/687/1205 612/696/1221 611/695/1222
s 4
f 604/687/1208 605/688/1207 613/697/1223 612/696/1224
s 5
f 605/688/1210 606/689/1209 614/698/1225 613/697/1226
s 6
f 606/689/1212 607/690/1211 615/699/1227 614/698/1228
s 7
f 607/690/1214 608/691/1213 616/700/1229 615/699/1230
s 8
f 608/691/1216 601/692/1215 609/701/1231 616/700/1232
s 1
f 609/693/1218 610/694/1217 618/703/1233 617/702/1234
s 2
f 610/694/1220 611/695/1219 619/704/1235 618/703/1236
s 3
f 611/695/1222 612/696/1221 620/705/1237 619/704/1238
s 4
f 612/696/1224 613/697/1223 621/706/1239 620/705/1240
s 5
f 613/697/1226 614/698/1225 622/707/1241 621/706/1242
s 6
f 614/698/1228 615/699/1227 623/708/1243 622/707/1244
s 7
f 615/699/1230 616/700/1229 624/709/1245 623/708/1246
s 8
f 616/700/1232 609/701/1231 617/710/1247 624/709/1248
s 1
f 617/702/1234 618/703/1233 626/712/1249 625/711/1250
s 2
f 618/703/1236 619/704/1235 627/713/1251 626/712/1252
s 3
f 619/704/1238 620/705/1237 628/714/1253 627/713/1254
s 4
f 620/705/1240 621/706/1239 629/715/1255 628/714/1256
s 5
f 621/706/1242 622/707/1241 630/716/1257 629/715/1258
s 6
f 622/707/1244 623/708/1243 631/717/1259 630/716/1260
s 7
f 623/708/1246 624/709/1245 632/718/1261 631/717/1262
s 8
f 624/709/1248 617/710/1247 625/719/1263 632/718/1264
s 1
f 625/711/1250 626/712/1249 634/721/1265 633/720/1266
s 2
f 626/712/1252 627/713/1251 635/722/1267 634/721/1268
s 3
f 627/713/1254 628/714/1253 636/723/1269 635/722/1270
s 4
f 628/714/1256 629/715/1255 637/724/1271 636/723/1272
s 5
f 629/715/1258 630/716/1257 638/725/1273 637/724/1274
s 6
f 630/716/1260 631/717/1259 639/726/1275 638/725/1276
s 7
f 631/717/1262 632/718/1261 640/727/1277 639/726/1278
s 8
f 632/718/1264 625/719/1263 633/728/1279 640/727/1280
s 1
f 633/720/1266 634/721/1265 642/730/1281 641/729/1282
s 2
f 634/721/1268 635/722/1267 643/731/1283 642/730/1284
s 3
f 635/722/1270 636/723/1269 644/732/1285 643/731/1286
s 4
f 636/723/1272 637/724/1271 645/733/1287 644/732/1288
s 5
f 637/724/1274 638/725/1273 646/734/1289 645/733/1290
s 6
f 638/725/1276 639/726/1275 647/735/1291 646/734/1292
s 7
f 639/726/1278 640/727/1277 648/736/1293 647/735/1294
s 8
f 640/727/1280 633/728/1279 641/737/1295 648/736/1296
s 1
f 641/729/1282 642/730/1281 650/739/1297 649/738/1298
s 2
f 642/730/1284 643/731/1283 651/740/1299 650/739/1300
s 3
f 643/731/1286 644/732/1285 652/741/1301 651/740/1302
s 4
f 644/732/1288 645/733/1287 653/742/1303 652/741/1304
s 5
f 645/733/1290 646/734/1289 654/743/1305 653/742/1306
s 6
f 646/734/1292 647/735/1291 655/744/1307 654/743/1308
s 7
f 647/735/1294 648/736/1293 656/745/1309 655/744/1310
s 8
f 648/736/1296 641/737/1295 649/746/1311 656/745/1312
s 1
f 649/738/1298 650/739/1297 658/748/1313 657/747/1314
s 2
f 650/739/1300 651/740/1299 659/749/1315 658/748/1316
s 3
f 651/740/1302 652/741/1301 660/750/1317 659/749/1318
s 4
f 652/741/1304 653/742/1303 661/751/1319 660/750/1320
s 5
f 653/742/1306 654/743/1305 662/752/1321 661/751/1322
s 6
f 654/743/1308 655/744/1307 663/753/1323 662/752/1324
s 7
f 655/744/1310 656/745/1309 664/754/1325 663/753/1326
s 8
f 656/745/1312 649/746/1311 657/755/1327 664/754/1328
s 1
f 657/747/1314 658/748/1313 666/757/1329 665/756/1330
s 2
f 658/748/1316 659/749/1315 667/758/1331 666/757/1332
s 3
f 659/749/1318 660/750/1317 668/759/1333 667/758/1334
s 4
f 660/750/1320 661/751/1319 669/760/1335 668/759/1336
s 5
f 661/751/1322 662/752/1321 670/761/1337 669/760/1338
s 6
f 662/752/1324 663/753/1323 671/762/1339 670/761/1340
s 7
f 663/753/1326 664/754/1325 672/763/1341 671/762/1342
s 8
f 664/754/1328 657/755/1327 665/764/1343 672/763/1344
s 1
f 665/756/1330 666/757/1329 674/766/1345 673/765/1346
s 2
f 666/757/1332 667/758/1331 675/767/1347 674/766/1348
s 3
f 667/758/1334 668/759/1333 676/768/1349 675/767/1350
s 4
f 668/759/1336 669/760/1335 677/769/1351 676/768/1352
s 5
f 669/760/1338 670/761/1337 678/770/1353 677/769/1354
s 6
f 670/761/1340 671/762/1339 679/771/1355 678/770/1356
s 7
f 671/762/1342 672/763/1341 680/772/1357 679/771/1358
s 8
f 672/763/1344 665/764/1343 673/773/1359 680/772/1360
s 1
f 673/765/1346 674/766/1345 682/775/1361 681/774/1362
s 2
f 674/766/1348 675/767/1347 683/776/1363 682/775/1364
s 3
f 675/767/1350 676/768/1349 684/777/1365 683/776/1366
s 4
f 676/768/1352 677/769/1351 685/778/1367 684/777/1368
s 5
f 677/769/1354 678/770/1353 686/779/1369 685/778/1370
s 6
f 678/770/1356 679/771/1355 687/780/1371 686/779/1372
s 7
f 679/771/1358 680/772/1357 688/781/1373 687/780/1374
s 8
f 680/772/1360 673/773/1359 681/782/1375 688/781/1376
s 1
f 681/774/1362 682/775/1361 690/784/1377 689/783/1378
s 2
f 682/775/1364 683/776/1363 691/785/1379 690/784/1380
s 3
f 683/776/1366 684/777/1365 692/786/1381 691/785/1382
s 4
f 684/777/1368 685/778/1367 693/787/1383 692/786/1384
s 5
f 685/778/1370 686/779/1369 694/788/1385 693/787/1386
s 6
f 686/779/1372 687/780/1371 695/789/1387 694/788/1388
s 7
f 687/780/1374 688/781/1373 696/790/1389 695/789/1390
s 8
f 688/781/1376 681/782/1375 689/791/1391 696/790/1392
s 1
f 689/783/1378 690/784/1377 698/793/1393 697/792/1394
s 2
f 690/784/1380 691/785/1379 699/794/1395 698/793/1396
s 3
f 691/785/1382 692/786/1381 700/795/1397 699/794/1398
s 4
f 692/786/1384 693/787/1383 701/796/1399 700/795/1400
s 5
f 693/787/1386 694/788/1385 702/797/1401 701/796/1402
s 6
f 694/788/1388 695/789/1387 703/798/1403 702/797/1404
s 7
f 695/789/1390 696/790/1389 704/799/1405 703/798/1406
s 8
f 696/790/1392 689/791/1391 697/800/1407 704/799/1408
s 1
f 697/792/1394 698/793/1393 706/802/1409 705/801/1410
s 2
f 698/793/1396 699/794/1395 707/803/1411 706/802/1412
s 3
f 699/794/1398 700/795/1397 708/804/1413 707/803/1414
s 4
f 700/795/1400 701/796/1399 709/805/1415 708/804/1416
s 5
f 701/796/1402 702/797/1401 710/806/1417 709/805/1418
s 6
f 702/797/1404 703/798/1403 711/807/1419 710/806/1420
s 7
f 703/798/1406 704/799/1405 712/808/1421 711/807/1422
s 8
f 704/799/1408 697/800/1407 705/809/1423 712/808/1424
s 1
f 705/801/1410 706/802/1409 714/811/1425 713/810/1426
s 2
f 706/802/1412 707/803/1411 715/812/1427 714/811/1428
s 3
f 707/803/1414 708/804/1413 716/813/1429 715/812/1430
s 4
f 708/804/1416 709/805/1415 717/814/1431 716/813/1432
s 5
f 709/805/1418 710/806/1417 718/815/1433 717/814/1434
s 6
f 710/806/1420 711/807/1419 719/816/1435 718/815/1436
s 7
f 711/807/1422 712/808/1421 720/817/1437 719/816/1438
s 8
f 712/808/1424 705/809/1423 713/818/1439 720/817/1440
s 1
f 713/810/1426 714/811/1425 722/820/1441 721/819/1442
s 2
f 714/811/1428 715/812/1427 723/821/1443 722/820/1444
s 3
f 715/812/1430 716/813/1429 724/822/1445 723/821/1446
s 4
f 716/813/1432 717/814/1431 725/823/1447 724/822/1448
s 5
f 717/814/1434 718/815/1433 726/824/1449 725/823/1450
s 6
f 718/815/1436 719/816/1435 727/825/1451 726/824/1452
s 7
f 719/816/1438 720/817/1437 728/826/1453 727/825/1454
s 8
f 720/817/1440 713/818/1439 721/827/1455 728/826/1456
s 1
f 721/819/1442 722/820/1441 730/829/1457 729/828/1458
s 2
f 722/820/1444 723/821/1443 731/830/1459 730/829/1460
s 3
f 723/821/1446 724/822/1445 732/831/1461 731/830/1462
s 4
f 724/822/1448 725/823/1447 733/832/1463 732/831/1464
s 5
f 725/823/1450 726/824/1449 734/833/1465 733/832/1466
s 6
f 726/824/1452 727/825/1451 735/834/1467 734/833/1468
s 7
f 727/825/1454 728/826/1453 736/835/1469 735/834/1470
s 8
f 728/826/1456 721/827/1455 729/836/1471 736/835/1472
s 1
f 729/828/1458 730/829/1457 738/838/1473 737/837/1474
s 2
f 730/829/1460 731/830/1459 739/839/1475 738/838/1476
s 3
f 731/830/1462 732/831/1461 740/840/1477 739/839/1478
s 4
f 732/831/1464 733/832/1463 741/841/1479 740/840/1480
s 5
f 733/832/1466 734/833/1465 742/842/1481 741/841/1482
s 6
f 734/833/1468 735/834/1467 743/843/1483 742/842/1484
s 7
f 735/834/1470 736/835/1469 744/844/1485 743/843/1486
s 8
f 736/835/1472 729/836/1471 737/845/1487 744/844/1488
s 1
f 737/837/1474 738/838/1473 746/847/1489 745/846/1490
s 2
f 738/838/1476 739/839/1475 747/848/1491 746/847/1492
s 3
f 739/839/1478 740/840/1477 748/849/1493 747/848/1494
s 4
f 740/840/1480 741/841/1479 749/850/1495 748/849/1496
s 5
f 741/841/1482 742/842/1481 750/851/1497 749/850/1498
s 6
f 742/842/1484 743/843/1483 751/852/1499 750/851/1500
s 7
f 743/843/1486 744/844/1485 752/853/1501 751/852/1502
s 8
f 744/844/1488 737/845/1487 745/854/1503 752/853/1504
s 1
f 745/846/1490 746/847/1489 754/856/1505 753/855/1506
s 2
f 746/847/1492 747/848/1491 755/857/1507 754/856/1508
s 3
f 747/848/1494 748/849/1493 756/858/1509 755/857/1510
s 4
f 748/849/1496 749/850/1495 757/859/1511 756/858/1512
s 5
f 749/850/1498 750/851/1497 758/860/1513 757/859/1514
s 6
f 750/851/1500 751/852/1499 759/861/1515 758/860/1516
s 7
f 751/852/1502 752/853/1501 760/862/1517 759/861/1518
s 8
f 752/853/1504 745/854/1503 753/863/1519 760/862/1520
s 1
f 753/855/1506 754/856/1505 762/865/1521 761/864/1522
s 2
f 754/856/1508 755/857/1507 763/866/1523 762/865/1524
s 3
f 755/857/1510 756/858/1509 764/867/1525 763/866/1526
s 4
f 756/858/1512 757/859/1511 765/868/1527 764/867/1528
s 5
f 757/859/1514 758/860/1513 766/869/1529 765/868/1530
s 6
f 758/860/1516 759/861/1515 767/870/1531 766/869/1532
s 7
f 759/861/1518 760/862/1517 768/871/1533 767/870/1534
s 8
f 760/862/1520 753/863/1519 761/872/1535 768/871/1536
s 1
f 761/864/1522 762/865/1521 770/874/1537 769/873/1538
s 2
f 762/865/1524 763/866/1523 771/875/1539 770/874/1540
s 3
f 763/866/1526 764/867/1525 772/876/1541 771/875/1542
s 4
f 764/867/1528 765/868/1527 773/877/1543 772/876/1544
s 5
f 765/868/1530 766/869/1529 774/878/1545 773/877/1546
s 6
f 766/869/1532 767/870/1531 775/879/1547 774/878/1548
s 7
f 767/870/1534 768/871/1533 776/880/1549 775/879/1550
s 8
f 768/871/1536 761/872/1535 769/881/1551 776/880/1552
s 1
f 769/873/1538 770/874/1537 778/883/1553 777/882/1554
s 2
f 770/874/1540 771/875/1539 779/884/1555 778/883/1556
s 3
f 771/875/1542 772/876/1541 780/885/1557 779/884/1558
s 4
f 772/876/1544 773/877/1543 781/886/1559 780/885/1560
s 5
f 773/877/1546 774/878/1545 782/887/1561 781/886/1562
s 6
f 774/878/1548 775/879/1547 783/888/1563 782/887/1564
s 7
f 775/879/1550 776/880/1549 784/889/1565 783/888/1566
s 8
f 776/880/1552 769/881/1551 777/890/1567 784/889/1568
s 1
f 777/882/1554 778/883/1553 786/892/1569 785/891/1570
s 2
f 778/883/1556 779/884/1555 787/893/1571 786/892/1572
s 3
f 779/884/1558 780/885/1557 788/894/1573 787/893/1574
s 4
f 780/885/1560 781/886/1559 789/895/1575 788/894/1576
s 5
f 781/886/1562 782/887/1561 790/896/1577 789/895/1578
s 6
f 782/887/1564 783/888/1563 791/897/1579 790/896/1580
s 7
f 783/888/1566 784/889/1565 792/898/1581 791/897/1582
s 8
f 784/889/1568 777/890/1567 785/899/1583 792/898/1584
s 1
f 785/891/1570 786/892/1569 794/901/1585 793/900/1586
s 2
f 786/892/1572 787/893/1571 795/902/1587 794/901/1588
s 3
f 787/893/1574 788/894/1573 796/903/1589 795/902/1590
s 4
f 788/894/1576 789/895/1575 797/904/1591 796/903/1592
s 5
f 789/895/1578 790/896/1577 798/905/1593 797/904/1594
s 6
f 790/896/1580 791/897/1579 799/906/1595 798/905/1596
s 7
f 791/897/1582 792/898/1581 800/907/1597 799/906/1598
s 8
f 792/898/1584 785/899/1583 793/908/1599 800/907/1600
s 1
f 793/900/1586 794/901/1585 802/910/1601 801/909/1602
s 2
f 794/901/1588 795/902/1587 803/911/1603 802/910/1604
s 3
f 795/902/1590 796/903/1589 804/912/1605 803/911/1606
s 4
f 796/903/1592 797/904/1591 805/913/1607 804/912/1608
s 5
f 797/904/1594 798/905/1593 806/914/1609 805/913/1610
s 6
f 798/905/1596 799/906/1595 807/915/1611 806/914/1612
s 7
f 799/906/1598 800/907/1597 808/916/1613 807/915/1614
s 8
f 800/907/1600 793/908/1599 801/917/1615 808/916/1616
s 1
f 801/909/1602 802/910/1601 810/919/1617 809/918/1618
s 2
f 802/910/1604 803/911/1603 811/920/1619 810/919/1620
s 3
f 803/911/1606 804/912/1605 812/921/1621 811/920/1622
s 4
f 804/912/1608 805/913/1607 813/922/1623 812/921/1624
s 5
f 805/913/1610 806/914/1609 814/923/1625 813/922/1626
s 6
f 806/914/1612 807/915/1611 815/924/1627 814/923/1628
s 7
f 807/915/1614 808/916/1613 816/925/1629 815/924/1630
s 8
f 808/916/1616 801/917/1615 809/926/1631 816/925/1632
s 1
f 809/918/1618 810/919/1617 818/928/1633 817/927/1634
s 2
f 810/919/1620 811/920/1619 819/929/1635 818/928/1636
s 3
f 811/920/1622 812/921/1621 820/930/1637 819/929/1638
s 4
f 812/921/1624 813/922/1623 821/931/1639 820/930/1640
s 5
f 813/922/1626 814/923/1625 822/932/1641 821/931/1642
s 6
f 814/923/1628 815/924/1627 823/933/1643 822/932/1644
s 7
f 815/924/1630 816/925/1629 824/934/1645 823/933/1646
s 8
f 816/925/1632 809/926/1631 817/935/1647 824/934/1648
s 1
f 817/927/1634 818/928/1633 826/937/1649 825/936/1650
s 2
f 818/928/1636 819/929/1635 827/938/1651 826/937/1652
s 3
f 819/929/1638 820/930/1637 828/939/1653 827/938/1654
s 4
f 820/930/1640 821/931/1639 829/940/1655 828/939/1656
s 5
f 821/931/1642 822/932/1641 830/941/1657 829/940/1658
s 6
f 822/932/1644 823/933/1643 831/942/1659 830/941/1660
s 7
f 823/933/1646 824/934/1645 832/943/1661 831/942/1662
s 8
f 824/934/1648 817/935/1647 825/944/1663 832/943/1664
s 1
f 825/936/1650 826/937/1649 834/946/1665 833/945/1666
s 2
f 826/937/1652 827/938/1651 835/947/1667 834/946/1668
s 3
f 827/938/1654 828/939/1653 836/948/1669 835/947/1670
s 4
f 828/939/1656 829/940/1655 837/949/1671 836/948/1672
s 5
f 829/940/1658 830/941/1657 838/950/1673 837/949/1674
s 6
f 830/941/1660 831/942/1659 839/951/1675 838/950/1676
s 7
f 831/942/1662 832/943/1661 840/952/1677 839/951/1678
s 8
f 832/943/1664 825/944/1663 833/953/1679 840/952/1680
s 1
f 833/945/1666 834/946/1665 842/955/1681 841/954/1682
s 2
f 834/946/1668 835/947/1667 843/956/1683 842/955/1684
s 3
f 835/947/1670 836/948/1669 844/957/1685 843/956/1686
s 4
f 836/948/1672 837/949/1671 845/958/1687 844/957/1688
s 5
f 837/949/1674 838/950/1673 846/959/1689 845/958/1690
s 6
f 838/950/1676 839/951/1675 847/960/1691 846/959/1692
s 7
f 839/951/1678 840/952/1677 848/961/1693 847/960/1694
s 8
f 840/952/1680 833/953/1679 841/962/1695 848/961/1696
s 1
f 841/954/1682 842/955/1681 850/964/1697 849/963/1698
s 2
f 842/955/1684 843/956/1683 851/965/1699 850/964/1700
s 3
f 843/956/1686 844/957/1685 852/966/1701 851/965/1702
s 4
f 844/957/1688 845/958/1687 853/967/1703 852/966/1704
s 5
f 845/958/1690 846/959/1689 854/968/1705 853/967/1706
s 6
f 846/959/1692 847/960/1691 855/969/1707 854/968/1708
s 7
f 847/960/1694 848/961/1693 856/970/1709 855/969/1710
s 8
f 848/961/1696 841/962/1695 849/971/1711 856/970/1712
s 1
f 849/963/1698 850/964/1697 858/973/1713 857/972/1714
s 2
f 850/964/1700 851/965/1699 859/974/1715 858/973/1716
s 3
f 851/965/1702 852/966/1701 860/975/1717 859/974/1718
s 4
f 852/966/1704 853/967/1703 861/976/1719 860/975/1720
s 5
f 853/967/1706 854/968/1705 862/977/1721 861/976/1722
s 6
f 854/968/1708 855/969/1707 863/978/1723 862/977/1724
s 7
f 855/969/1710 856/970/1709 864/979/1725 863/978/1726
s 8
f 856/970/1712 849/971/1711 857/980/1727 864/979/1728
s 1
f 857/972/1714 858/973/1713 866/982/1729 865/981/1730
s 2
f 858/973/1716 859/974/1715 867/983/1731 866/982/1732
s 3
f 859/974/1718 860/975/1717 868/984/1733 867/983/1734
s 4
f 860/975/1720 861/976/1719 869/985/1735 868/984/1736
s 5
f 861/976/1722 862/977/1721 870/986/1737 869/985/1738
s 6
f 862/977/1724 863/978/1723 871/987/1739 870/986/1740
s 7
f 863/978/1726 864/979/1725 872/988/1741 871/987/1742
s 8
f 864/979/1728 857/980/1727 865/989/1743 872/988/1744
s 1
f 865/981/1730 866/982/1729 874/991/1745 873/990/1746
s 2
f 866/982/1732 867/983/1731 875/992/1747 874/991/1748
s 3
f 867/983/1734 868/984/1733 876/993/1749 875/992/1750
s 4
f 868/984/1736 869/985/1735 877/994/1751 876/993/1752
s 5
f 869/985/1738 870/986/1737 878/995/1753 877/994/1754
s 6
f 870/986/1740 871/987/1739 879/996/1755 878/995/1756
s 7
f 871/987/1742 872/988/1741 880/997/1757 879/996/1758
s 8
f 872/988/1744 865/989/1743 873/998/1759 880/997/1760
s 1
f 873/990/1746 874/991/1745 882/1000/1761 881/999/1762
s 2
f 874/991/1748 875/992/1747 883/1001/1763 882/1000/1764
s 3
f 875/992/1750 876/993/1749 884/1002/1765 883/1001/1766
s 4
f 876/993/1752 877/994/1751 885/1003/1767 884/1002/1768
s 5
f 877/994/1754 878/995/1753 886/1004/1769 885/1003/1770
s 6
f 878/995/1756 879/996/1755 887/1005/1771 886/1004/1772
s 7
f 879/996/1758 880/997/1757 888/1006/1773 887/1005/1774
s 8
f 880/997/1760 873/998/1759 881/1007/1775 888/1006/1776
s 1
f 881/999/1762 882/1000/1761 890/1009/1777 889/1008/1778
s 2
f 882/1000/1764 883/1001/1763 891/1010/1779 890/1009/1780
s 3
f 883/1001/1766 884/1002/1765 892/1011/1781 891/1010/1782
s 4
f 884/1002/1768 885/1003/1767 893/1012/1783 892/1011/1784
s 5
f 885/1003/1770 886/1004/1769 894/1013/1785 893/1012/1786
s 6
f 886/1004/1772 887/1005/1771 895/1014/1787 894/1013/1788
s 7
f 887/1005/1774 888/1006/1773 896/1015/1789 895/1014/1790
s 8
f 888/1006/1776 881/1007/1775 889/1016/1791 896/1015/1792
s 1
f 889/1008/1778 890/1009/1777 898/1018/1793 897/1017/1794
s 2
f 890/1009/1780 891/1010/1779 899/1019/1795 898/1018/1796
s 3
f 891/1010/1782 892/1011/1781 900/1020/1797 899/1019/1798
s 4
f 892/1011/1784 893/1012/1783 901/1021/1799 900/1020/1800
s 5
f 893/1012/1786 894/1013/1785 902/1022/1801 901/1021/1802
s 6
f 894/1013/1788 895/1014/1787 903/1023/1803 902/1022/1804
s 7
f 895/1014/1790 896/1015/1789 904/1024/1805 903/1023/1806
s 8
f 896/1015/1792 889/1016/1791 897/1025/1807 904/1024/1808
s 1
f 897/1017/1794 898/1018/1793 906/1027/1809 905/1026/1810
s 2
f 898/1018/1796 899/1019/1795 907/1028/1811 906/1027/1812
s 3
f 899/1019/1798 900/1020/1797 908/1029/1813 907/1028/1814
s 4
f 900/1020/1800 901/1021/1799 909/1030/1815 908/1029/1816
s 5
f 901/1021/1802 902/1022/1801 910/1031/1817 909/1030/1818
s 6
f 902/1022/1804 903/1023/1803 911/1032/1819 910/1031/1820
s 7
f 903/1023/1806 904/1024/1805 912/1033/1821 911/1032/1822
s 8
f 904/1024/1808 897/1025/1807 905/1034/1823 912/1033/1824
s 1
f 905/1026/1810 906/1027/1809 914/1036/1825 913/1035/1826
s 2
f 906/1027/1812 907/1028/1811 915/1037/1827 914/1036/1828
s 3
f 907/1028/1814 908/1029/1813 916/1038/1829 915/1037/1830
s 4
f 908/1029/1816 909/1030/1815 917/1039/1831 916/1038/1832
s 5
f 909/1030/1818 910/1031/1817 918/1040/1833 917/1039/1834
s 6
f 910/1031/1820 911/1032/1819 919/1041/1835 918/1040/1836
s 7
f 911/1032/1822 912/1033/1821 920/1042/1837 919/1041/1838
s 8
f 912/1033/1824 905/1034/1823 913/1043/1839 920/1042/1840
s 1
f 913/1035/1826 914/1036/1825 922/1045/1841 921/1044/1842
s 2
f 914/1036/1828 915/1037/1827 923/1046/1843 922/1045/1844
s 3
f 915/1037/1830 916/1038/1829 924/1047/1845 923/1046/1846
s 4
f 916/1038/1832 917/1039/1831 925/1048/1847 924/1047/1848
s 5
f 917/1039/1834 918/1040/1833 926/1049/1849 925/1048/1850
s 6
f 918/1040/1836 919/1041/1835 927/1050/1851 926/1049/1852
s 7
f 919/1041/1838 920/1042/1837 928/1051/1853 927/1050/1854
s 8
f 920/1042/1840 913/1043/1839 921/1052/1855 928/1051/1856
s 1
f 921/1044/1842 922/1045/1841 930/1054/1857 929/1053/1858
s 2
f 922/1045/1844 923/1046/1843 931/1055/1859 930/1054/1860
s 3
f 923/1046/1846 924/1047/1845 932/1056/1861 931/1055/1862
s 4
f 924/1047/1848 925/1048/1847 933/1057/1863 932/1056/1864
s 5
f 925/1048/1850 926/1049/1849 934/1058/1865 933/1057/1866
s 6
f 926/1049/1852 927/1050/1851 935/1059/1867 934/1058/1868
s 7
f 927/1050/1854 928/1051/1853 936/1060/1869 935/1059/1870
s 8
f 928/1051/1856 921/1052/1855 929/1061/1871 936/1060/1872
s 1
f 929/1053/1858 930/1054/1857 938/1063/1873 937/1062/1874
s 2
f 930/1054/1860 931/1055/1859 939/1064/1875 938/1063/1876
s 3
f 931/1055/1862 932/1056/1861 940/1065/1877 939/1064/1878
s 4
f 932/1056/1864 933/1057/1863 941/1066/1879 940/1065/1880
s 5
f 933/1057/1866 934/1058/1865 942/1067/1881 941/1066/1882
s 6
f 934/1058/1868 935/1059/1867 943/1068/1883 942/1067/1884
s 7
f 935/1059/1870 936/1060/1869 944/1069/1885 943/1068/1886
s 8
f 936/1060/1872 929/1061/1871 937/1070/1887 944/1069/1888
s 1
f 937/1062/1874 938/1063/1873 946/1072/1889 945/1071/1890
s 2
f 938/1063/1876 939/1064/1875 947/1073/1891 946/1072/1892
s 3
f 939/1064/1878 940/1065/1877 948/1074/1893 947/1073/1894
s 4
f 940/1065/1880 941/1066/1879 949/1075/1895 948/1074/1896
s 5
f 941/1066/1882 942/1067/1881 950/1076/1897 949/1075/1898
s 6
f 942/1067/1884 943/1068/1883 951/1077/1899 950/1076/1900
s 7
f 943/1068/1886 944/1069/1885 952/1078/1901 951/1077/1902
s 8
f 944/1069/1888 937/1070/1887 945/1079/1903 952/1078/1904
s 1
f 945/1071/1890 946/1072/1889 954/1081/1905 953/1080/1906
s 2
f 946/1072/1892 947/1073/1891 955/1082/1907 954/1081/1908
s 3
f 947/1073/1894 948/1074/1893 956/1083/1909 955/1082/1910
s 4
f 948/1074/1896 949/1075/1895 957/1084/1911 956/1083/1912
s 5
f 949/1075/1898 950/1076/1897 958/1085/1913 957/1084/1914
s 6
f 950/1076/1900 951/1077/1899 959/1086/1915 958/1085/1916
s 7
f 951/1077/1902 952/1078/1901 960/1087/1917 959/1086/1918
s 8
f 952/1078/1904 945/1079/1903 953/1088/1919 960/1087/1920
s 1
f 953/1080/1906 954/1081/1905 962/1090/1921 961/1089/1922
s 2
f 954/1081/1908 955/1082/1907 963/1091/1923 962/1090/1924
s 3
f 955/1082/1910 956/1083/1909 964/1092/1925 963/1091/1926
s 4
f 956/1083/1912 957/1084/1911 965/1093/1927 964/1092/1928
s 5
f 957/1084/1914 958/1085/1913 966/1094/1929 965/1093/1930
s 6
f 958/1085/1916 959/1086/1915 967/1095/1931 966/1094/1932
s 7
f 959/1086/1918 960/1087/1917 968/1096/1933 967/1095/1934
s 8
f 960/1087/1920 953/1088/1919 961/1097/1935 968/1096/1936
s 1
f 961/1089/1922 962/1090/1921 970/1099/1937 969/1098/1938
s 2
f 962/1090/1924 963/1091/1923 971/1100/1939 970/1099/1940
s 3
f 963/1091/1926 964/1092/1925 972/1101/1941 971/1100/1942
s 4
f 964/1092/1928 965/1093/1927 973/1102/1943 972/1101/1944
s 5
f 965/1093/1930 966/1094/1929 974/1103/1945 973/1102/1946
s 6
f 966/1094/1932 967/1095/1931 975/1104/1947 974/1103/1948
s 7
f 967/1095/1934 968/1096/1933 976/1105/1949 975/1104/1950
s 8
f 968/1096/1936 961/1097/1935 969/1106/1951 976/1105/1952
s 1
f 969/1098/1938 970/1099/1937 978/1108/1953 977/1107/1954
s 2
f 970/1099/1940 971/1100/1939 979/1109/1955 978/1108/1956
s 3
f 971/1100/1942 972/1101/1941 980/1110/1957 979/1109/1958
s 4
f 972/1101/1944 973/1102/1943 981/1111/1959 980/1110/1960
s 5
f 973/1102/1946 974/1103/1945 982/1112/1961 981/1111/1962
s 6
f 974/1103/1948 975/1104/1947 983/1113/1963 982/1112/1964
s 7
f 975/1104/1950 976/1105/1949 984/1114/1965 983/1113/1966
s 8
f 976/1105/1952 969/1106/1951 977/1115/1967 984/1114/1968
s 1
f 977/1107/1954 978/1108/1953 986/1117/1969 985/1116/1970
s 2
f 978/1108/1956 979/1109/1955 987/1118/1971 986/1117/1972
s 3
f 979/1109/1958 980/1110/1957 988/1119/1973 987/1118/1974
s 4
f 980/1110/1960 981/1111/1959 989/1120/1975 988/1119/1976
s 5
f 981/1111/1962 982/1112/1961 990/1121/1977 989/1120/1978
s 6
f 982/1112/1964 983/1113/1963 991/1122/1979 990/1121/1980
s 7
f 983/1113/1966 984/1114/1965 992/1123/1981 991/1122/1982
s 8
f 984/1114/1968 977/1115/1967 985/1124/1983 992/1123/1984
s 1
f 985/1116/1970 986/1117/1969 994/1126/1985 993/1125/1986
s 2
f 986/1117/1972 987/1118/1971 995/1127/1987 994/1126/1988
s 3
f 987/1118/1974 988/1119/1973 996/1128/1989 995/1127/1990
s 4
f 988/1119/1976 989/1120/1975 997/1129/1991 996/1128/1992
s 5
f 989/1120/1978 990/1121/1977 998/1130/1993 997/1129/1994
s 6
f 990/1121/1980 991/1122/1979 999/1131/1995 998/1130/1996
s 7
f 991/1122/1982 992/1123/1981 1000/1132/1997 999/1131/1998
s 8
f 992/1123/1984 985/1124/1983 993/1133/1999 1000/1132/2000
s 1
f 993/1125/1986 994/1126/1985 1002/1135/2001 1001/1134/2002
s 2
f 994/1126/1988 995/1127/1987 1003/1136/2003 1002/1135/2004
s 3
f 995/1127/1990 996/1128/1989 1004/1137/2005 1003/1136/2006
s 4
f 996/1128/1992 997/1129/1991 1005/1138/2007 1004/1137/2008
s 5
f 997/1129/1994 998/1130/1993 1006/1139/2009 1005/1138/2010
s 6
f 998/1130/1996 999/1131/1995 1007/1140/2011 1006/1139/2012
s 7
f 999/1131/1998 1000/1132/1997 1008/1141/2013 1007/1140/2014
s 8
f 1000/1132/2000 993/1133/1999 1001/1142/2015 1008/1141/2016
s 1
f 1001/1134/2002 1002/1135/2001 1010/1144/2017 1009/1143/2018
s 2
f 1002/1135/2004 1003/1136/2003 1011/1145/2019 1010/1144/2020
s 3
f 1003/1136/2006 1004/1137/2005 1012/1146/2021 1011/1145/2022
s 4
f 1004/1137/2008 1005/1138/2007 1013/1147/2023 1012/1146/2024
s 5
f 1005/1138/2010 1006/1139/2009 1014/1148/2025 1013/1147/2026
s 6
f 1006/1139/2012 1007/1140/2011 1015/1149/2027 1014/1148/2028
s 7
f 1007/1140/2014 1008/1141/2013 1016/1150/2029 1015/1149/2030
s 8
f 1008/1141/2016 1001/1142/2015 1009/1151/2031 1016/1150/2032
s 1
f 1009/1143/2018 1010/1144/2017 1018/1153/2033 1017/1152/2034
s 2
f 1010/1144/2020 1011/1145/2019 1019/1154/2035 1018/1153/2036
s 3
f 1011/1145/2022 1012/1146/2021 1020/1155/2037 1019/1154/2038
s 4
f 1012/1146/2024 1013/1147/2023 1021/1156/2039 1020/1155/2040
s 5
f 1013/1147/2026 1014/1148/2025 1022/1157/2041 1021/1156/2042
s 6
f 1014/1148/2028 1015/1149/2027 1023/1158/2043 1022/1157/2044
s 7
f 1015/1149/2030 1016/1150/2029 1024/1159/2045 1023/1158/2046
s 8
f 1016/1150/2032 1009/1151/2031 1017/1160/2047 1024/1159/2048
s 1
f 1017/1152/2034 1018/1153/2033 1026/1162/2049 1025/1161/2050
s 2
f 1018/1153/2036 1019/1154/2035 1027/1163/2051 1026/1162/2052
s 3
f 1019/1154/2038 1020/1155/2037 1028/1164/2053 1027/1163/2054
s 4
f 1020/1155/2040 1021/1156/2039 1029/1165/2055 1028/1164/2056
s 5
f 1021/1156/2042 1022/1157/2041 1030/1166/2057 1029/1165/2058
s 6
f 1022/1157/2044 1023/1158/2043 1031/1167/2059 1030/1166/2060
s 7
f 1023/1158/2046 1024/1159/2045 1032/1168/2061 1031/1167/2062
s 8
f 1024/1159/2048 1017/1160/2047 1025/1169/2063 1032/1168/2064
s 1
f 1025/1161/2050 1026/1162/2049 1034/1171/2065 1033/1170/2066
s 2
f 1026/1162/2052 1027/1163/2051 1035/1172/2067 1034/1171/2068
s 3
f 1027/1163/2054 1028/1164/2053 1036/1173/2069 1035/1172/2070
s 4
f 1028/1164/2056 1029/1165/2055 1037/1174/2071 1036/1173/2072
s 5
f 1029/1165/2058 1030/1166/2057 1038/1175/2073 1037/1174/2074
s 6
f 1030/1166/2060 1031/1167/2059 1039/1176/2075 1038/1175/2076
s 7
f 1031/1167/2062 1032/1168/2061 1040/1177/2077 1039/1176/2078
s 8
f 1032/1168/2064 1025/1169/2063 1033/1178/2079 1040/1177/2080
s 1
f 1033/1170/2066 1034/1171/2065 1042/1180/2081 1041/1179/2082
s 2
f 1034/1171/2068 1035/1172/2067 1043/1181/2083 1042/1180/2084
s 3
f 1035/1172/2070 1036/1173/2069 1044/1182/2085 1043/1181/2086
s 4
f 1036/1173/2072 1037/1174/2071 1045/1183/2087 1044/1182/2088
s 5
f 1037/1174/2074 1038/1175/2073 1046/1184/2089 1045/1183/2090
s 6
f 1038/1175/2076 1039/1176/2075 1047/1185/2091 1046/1184/2092
s 7
f 1039/1176/2078 1040/1177/2077 1048/1186/2093 1047/1185/2094
s 8
f 1040/1177/2080 1033/1178/2079 1041/1187/2095 1048/1186/2096
s 1
f 1041/1179/2082 1042/1180/2081 1050/1189/2097 1049/1188/2098
s 2
f 1042/1180/2084 1043/1181/2083 1051/1190/2099 1050/1189/2100
s 3
f 1043/1181/2086 1044/1182/2085 1052/1191/2101 1051/1190/2102
s 4
f 1044/1182/2088 1045/1183/2087 1053/1192/2103 1052/1191/2104
s 5
f 1045/1183/2090 1046/1184/2089 1054/1193/2105 1053/1192/2106
s 6
f 1046/1184/2092 1047/1185/2091 1055/1194/2107 1054/1193/2108
s 7
f 1047/1185/2094 1048/1186/2093 1056/1195/2109 1055/1194/2110
s 8
f 1048/1186/2096 1041/1187/2095 1049/1196/2111 1056/1195/2112
s 1
f 1049/1188/2098 1050/1189/2097 1058/1198/2113 1057/1197/2114
s 2
f 1050/1189/2100 1051/1190/2099 1059/1199/2115 1058/1198/2116
s 3
f 1051/1190/2102 1052/1191/2101 1060/1200/2117 1059/1199/2118
s 4
f 1052/1191/2104 1053/1192/2103 1061/1201/2119 1060/1200/2120
s 5
f 1053/1192/2106 1054/1193/2105 1062/1202/2121 1061/1201/2122
s 6
f 1054/1193/2108 1055/1194/2107 1063/1203/2123 1062/1202/2124
s 7
f 1055/1194/2110 1056/1195/2109 1064/1204/2125 1063/1203/2126
s 8
f 1056/1195/2112 1049/1196/2111 1057/1205/2127 1064/1204/2128
s 1
f 1057/1197/2114 1058/1198/2113 1066/1207/2129 1065/1206/2130
s 2
f 1058/1198/2116 1059/1199/2115 1067/1208/2131 1066/1207/2132
s 3
f 1059/1199/2118 1060/1200/2117 1068/1209/2133 1067/1208/2134
s 4
f 1060/1200/2120 1061/1201/2119 1069/1210/2135 1068/1209/2136
s 5
f 1061/1201/2122 1062/1202/2121 1070/1211/2137 1069/1210/2138
s 6
f 1062/1202/2124 1063/1203/2123 1071/1212/2139 1070/1211/2140
s 7
f 1063/1203/2126 1064/1204/2125 1072/1213/2141 1071/1212/2142
s 8
f 1064/1204/2128 1057/1205/2127 1065/1214/2143 1072/1213/2144
s 1
f 1065/1206/2130 1066/1207/2129 1074/1216/2145 1073/1215/2146
s 2
f 1066/1207/2132 1067/1208/2131 1075/1217/2147 1074/1216/2148
s 3
f 1067/1208/2134 1068/1209/2133 1076/1218/2149 1075/1217/2150
s 4
f 1068/1209/2136 1069/1210/2135 1077/1219/2151 1076/1218/2152
s 5
f 1069/1210/2138 1070/1211/2137 1078/1220/2153 1077/1219/2154
s 6
f 1070/1211/2140 1071/1212/2139 1079/1221/2155 1078/1220/2156
s 7
f 1071/1212/2142 1072/1213/2141 1080/1222/2157 1079/1221/2158
s 8
f 1072/1213/2144 1065/1214/2143 1073/1223/2159 1080/1222/2160
s 1
f 1073/1215/2146 1074/1216/2145 1082/1225/2161 1081/1224/2162
s 2
f 1074/1216/2148 1075/1217/2147 1083/1226/2163 1082/1225/2164
s 3
f 1075/1217/2150 1076/1218/2149 1084/1227/2165 1083/1226/2166
s 4
f 1076/1218/2152 1077/1219/2151 1085/1228/2167 1084/1227/2168
s 5
f 1077/1219/2154 1078/1220/2153 1086/1229/2169 1085/1228/2170
s 6
f 1078/1220/2156 1079/1221/2155 1087/1230/2171 1086/1229/2172
s 7
f 1079/1221/2158 1080/1222/2157 1088/1231/2173 1087/1230/2174
s 8
f 1080/1222/2160 1073/1223/2159 1081/1232/2175 1088/1231/2176
s 1
f 1081/1224/2162 1082/1225/2161 1090/1234/2177 1089/1233/2178
s 2
f 1082/1225/2164 1083/1226/2163 1091/1235/2179 1090/1234/2180
s 3
f 1083/1226/2166 1084/1227/2165 1092/1236/2181 1091/1235/2182
s 4
f 1084/1227/2168 1085/1228/2167 1093/1237/2183 1092/1236/2184
s 5
f 1085/1228/2170 1086/1229/2169 1094/1238/2185 1093/1237/2186
s 6
f 1086/1229/2172 1087/1230/2171 1095/1239/2187 1094/1238/2188
s 7
f 1087/1230/2174 1088/1231/2173 1096/1240/2189 1095/1239/2190
s 8
f 1088/1231/2176 1081/1232/2175 1089/1241/2191 1096/1240/2192
s 1
f 1089/1233/2178 1090/1234/2177 1098/1243/2193 1097/1242/2194
s 2
f 1090/1234/2180 1091/1235/2179 1099/1244/2195 1098/1243/2196
s 3
f 1091/1235/2182 1092/1236/2181 1100/1245/2197 1099/1244/2198
s 4
f 1092/1236/2184 1093/1237/2183 1101/1246/2199 1100/1245/2200
s 5
f 1093/1237/2186 1094/1238/2185 1102/1247/2201 1101/1246/2202
s 6
f 1094/1238/2188 1095/1239/2187 1103/1248/2203 1102/1247/2204
s 7
f 1095/1239/2190 1096/1240/2189 1104/1249/2205 1103/1248/2206
s 8
f 1096/1240/2192 1089/1241/2191 1097/1250/2207 1104/1249/2208
s 1
f 1097/1242/2194 1098/1243/2193 1106/1252/2209 1105/1251/2210
s 2
f 1098/1243/2196 1099/1244/2195 1107/1253/2211 1106/1252/2212
s 3
f 1099/1244/2198 1100/1245/2197 1108/1254/2213 1107/1253/2214
s 4
f 1100/1245/2200 1101/1246/2199 1109/1255/2215 1108/1254/2216
s 5
f 1101/1246/2202 1102/1247/2201 1110/1256/2217 1109/1255/2218
s 6
f 1102/1247/2204 1103/1248/2203 1111/1257/2219 1110/1256/2220
s 7
f 1103/1248/2206 1104/1249/2205 1112/1258/2221 1111/1257/2222
s 8
f 1104/1249/2208 1097/1250/2207 1105/1259/2223 1112/1258/2224
s 1
f 1105/1251/2210 1106/1252/2209 1114/1261/2225 1113/1260/2226
s 2
f 1106/1252/2212 1107/1253/2211 1115/1262/2227 1114/1261/2228
s 3
f 1107/1253/2214 1108/1254/2213 1116/1263/2229 1115/1262/2230
s 4
f 1108/1254/2216 1109/1255/2215 1117/1264/2231 1116/1263/2232
s 5
f 1109/1255/2218 1110/1256/2217 1118/1265/2233 1117/1264/2234
s 6
f 1110/1256/2220 1111/1257/2219 1119/1266/2235 1118/1265/2236
s 7
f 1111/1257/2222 1112/1258/2221 1120/1267/2237 1119/1266/2238
s 8
f 1112/1258/2224 1105/1259/2223 1113/1268/2239 1120/1267/2240
s 1
f 1113/1260/2226 1114/1261/2225 1122/1270/2241 1121/1269/2242
s 2
f 1114/1261/2228 1115/1262/2227 1123/1271/2243 1122/1270/2244
s 3
f 1115/1262/2230 1116/1263/2229 1124/1272/2245 1123/1271/2246
s 4
f 1116/1263/2232 1117/1264/2231 1125/1273/2247 1124/1272/2248
s 5
f 1117/1264/2234 1118/1265/2233 1126/1274/2249 1125/1273/2250
s 6
f 1118/1265/2236 1119/1266/2235 1127/1275/2251 1126/1274/2252
s 7
f 1119/1266/2238 1120/1267/2237 1128/1276/2253 1127/1275/2254
s 8
f 1120/1267/2240 1113/1268/2239 1121/1277/2255 1128/1276/2256
s 1
f 1121/1269/2242 1122/1270/2241 1130/1279/2257 1129/1278/2258
s 2
f 1122/1270/2244 1123/1271/2243 1131/1280/2259 1130/1279/2260
s 3
f 1123/1271/2246 1124/1272/2245 1132/1281/2261 1131/1280/2262
s 4
f 1124/1272/2248 1125/1273/2247 1133/1282/2263 1132/1281/2264
s 5
f 1125/1273/2250 1126/1274/2249 1134/1283/2265 1133/1282/2266
s 6
f 1126/1274/2252 1127/1275/2251 1135/1284/2267 1134/1283/2268
s 7
f 1127/1275/2254 1128/1276/2253 1136/1285/2269 1135/1284/2270
s 8
f 1128/1276/2256 1121/1277/2255 1129/1286/2271 1136/1285/2272
s 1
f 1129/1278/2258 1130/1279/2257 1138/1288/2273 1137/1287/2274
s 2
f 1130/1279/2260 1131/1280/2259 1139/1289/2275 1138/1288/2276
s 3
f 1131/1280/2262 1132/1281/2261 1140/1290/2277 1139/1289/2278
s 4
f 1132/1281/2264 1133/1282/2263 1141/1291/2279 1140/1290/2280
s 5
f 1133/1282/2266 1134/1283/2265 1142/1292/2281 1141/1291/2282
s 6
f 1134/1283/2268 1135/1284/2267 1143/1293/2283 1142/1292/2284
s 7
f 1135/1284/2270 1136/1285/2269 1144/1294/2285 1143/1293/2286
s 8
f 1136/1285/2272 1129/1286/2271 1137/1295/2287 1144/1294/2288
s 1
f 1137/1287/2274 1138/1288/2273 1146/1297/2289 1145/1296/2290
s 2
f 1138/1288/2276 1139/1289/2275 1147/1298/2291 1146/1297/2292
s 3
f 1139/1289/2278 1140/1290/2277 1148/1299/2293 1147/1298/2294
s 4
f 1140/1290/2280 1141/1291/2279 1149/1300/2295 1148/1299/2296
s 5
f 1141/1291/2282 1142/1292/2281 1150/1301/2297 1149/1300/2298
s 6
f 1142/1292/2284 1143/1293/2283 1151/1302/2299 1150/1301/2300
s 7
f 1143/1293/2286 1144/1294/2285 1152/1303/2301 1151/1302/2302
s 8
f 1144/1294/2288 1137/1295/2287 1145/1304/2303 1152/1303/2304
s 1
f 1145/1296/2290 1146/1297/2289 1154/1306/2305 1153/1305/2306
s 2
f 1146/1297/2292 1147/1298/2291 1155/1307/2307 1154/1306/2308
s 3
f 1147/1298/2294 1148/1299/2293 1156/1308/2309 1155/1307/2310
s 4
f 1148/1299/2296 1149/1300/2295 1157/1309/2311 1156/1308/2312
s 5
f 1149/1300/2298 1150/1301/2297 1158/1310/2313 1157/1309/2314
s 6
f 1150/1301/2300 1151/1302/2299 1159/1311/2315 1158/1310/2316
s 7
f 1151/1302/2302 1152/1303/2301 1160/1312/2317 1159/1311/2318
s 8
f 1152/1303/2304 1145/1304/2303 1153/1313/2319 1160/1312/2320
s 1
f 1153/1305/2306 1154/1306/2305 1162/1315/2321 1161/1314/2322
s 2
f 1154/1306/2308 1155/1307/2307 1163/1316/2323 1162/1315/2324
s 3
f 1155/1307/2310 1156/1308/2309 1164/1317/2325 1163/1316/2326
s 4
f 1156/1308/2312 1157/1309/2311 1165/1318/2327 1164/1317/2328
s 5
f 1157/1309/2314 1158/1310/2313 1166/1319/2329 1165/1318/2330
s 6
f 1158/1310/2316 1159/1311/2315 1167/1320/2331 1166/1319/2332
s 7
f 1159/1311/2318 1160/1312/2317 1168/1321/2333 1167/1320/2334
s 8
f 1160/1312/2320 1153/1313/2319 1161/1322/2335 1168/1321/2336
s 1
f 1161/1314/2322 1162/1315/2321 1170/1324/2337 1169/1323/2338
s 2
f 1162/1315/2324 1163/1316/2323 1171/1325/2339 1170/1324/2340
s 3
f 1163/1316/2326 1164/1317/2325 1172/1326/2341 1171/1325/2342
s 4
f 1164/1317/2328 1165/1318/2327 1173/1327/2343 1172/1326/2344
s 5
f 1165/1318/2330 1166/1319/2329 1174/1328/2345 1173/1327/2346
s 6
f 1166/1319/2332 1167/1320/2331 1175/1329/2347 1174/1328/2348
s 7
f 1167/1320/2334 1168/1321/2333 1176/1330/2349 1175/1329/2350
s 8
f 1168/1321/2336 1161/1322/2335 1169/1331/2351 1176/1330/2352
s 1
f 1169/1323/2338 1170/1324/2337 1178/1333/2353 1177/1332/2354
s 2
f 1170/1324/2340 1171/1325/2339 1179/1334/2355 1178/1333/2356
s 3
f 1171/1325/2342 1172/1326/2341 1180/1335/2357 1179/1334/2358
s 4
f 1172/1326/2344 1173/1327/2343 1181/1336/2359 1180/1335/2360
s 5
f 1173/1327/2346 1174/1328/2345 1182/1337/2361 1181/1336/2362
s 6
f 1174/1328/2348 1175/1329/2347 1183/1338/2363 1182/1337/2364
s 7
f 1175/1329/2350 1176/1330/2349 1184/1339/2365 1183/1338/2366
s 8
f 1176/1330/2352 1169/1331/2351 1177/1340/2367 1184/1339/2368
s 1
f 1177/1332/2354 1178/1333/2353 1186/1342/2369 1185/1341/2370
s 2
f 1178/1333/2356 1179/1334/2355 1187/1343/2371 1186/1342/2372
s 3
f 1179/1334/2358 1180/1335/2357 1188/1344/2373 1187/1343/2374
s 4
f 1180/1335/2360 1181/1336/2359 1189/1345/2375 1188/1344/2376
s 5
f 1181/1336/2362 1182/1337/2361 1190/1346/2377 1189/1345/2378
s 6
f 1182/1337/2364 1183/1338/2363 1191/1347/2379 1190/1346/2380
s 7
f 1183/1338/2366 1184/1339/2365 1192/1348/2381 1191/1347/2382
s 8
f 1184/1339/2368 1177/1340/2367 1185/1349/2383 1192/1348/2384
s 1
f 1185/1341/2370 1186/1342/2369 1194/1351/2385 1193/1350/2386
s 2
f 1186/1342/2372 1187/1343/2371 1195/1352/2387 1194/1351/2388
s 3
f 1187/1343/2374 1188/1344/2373 1196/1353/2389 1195/1352/2390
s 4
f 1188/1344/2376 1189/1345/2375 1197/1354/2391 1196/1353/2392
s 5
f 1189/1345/2378 1190/1346/2377 1198/1355/2393 1197/1354/2394
s 6
f 1190/1346/2380 1191/1347/2379 1199/1356/2395 1198/1355/2396
s 7
f 1191/1347/2382 1192/1348/2381 1200/1357/2397 1199/1356/2398
s 8
f 1192/1348/2384 1185/1349/2383 1193/1358/2399 1200/1357/2400
s 1
f 1193/1350/2386 1194/1351/2385 1202/1360/2401 1201/1359/2402
s 2
f 1194/1351/2388 1195/1352/2387 1203/1361/2403 1202/1360/2404
s 3
f 1195/1352/2390 1196/1353/2389 1204/1362/2405 1203/1361/2406
s 4
f 1196/1353/2392 1197/1354/2391 1205/1363/2407 1204/1362/2408
s 5
f 1197/1354/2394 1198/1355/2393 1206/1364/2409 1205/1363/2410
s 6
f 1198/1355/2396 1199/1356/2395 1207/1365/2411 1206/1364/2412
s 7
f 1199/1356/2398 1200/1357/2397 1208/1366/2413 1207/1365/2414
s 8
f 1200/1357/2400 1193/1358/2399 1201/1367/2415 1208/1366/2416
s 1
f 1201/1359/2402 1202/1360/2401 1210/1369/2417 1209/1368/2418
s 2
f 1202/1360/2404 1203/1361/2403 1211/1370/2419 1210/1369/2420
s 3
f 1203/1361/2406 1204/1362/2405 1212/1371/2421 1211/1370/2422
s 4
f 1204/1362/2408 1205/1363/2407 1213/1372/2423 1212/1371/2424
s 5
f 1205/1363/2410 1206/1364/2409 1214/1373/2425 1213/1372/2426
s 6
f 1206/1364/2412 1207/1365/2411 1215/1374/2427 1214/1373/2428
s 7
f 1207/1365/2414 1208/1366/2413 1216/1375/2429 1215/1374/2430
s 8
f 1208/1366/2416 1201/1367/2415 1209/1376/2431 1216/1375/2432
s 1
f 1209/1368/2418 1210/1369/2417 1218/1378/2433 1217/1377/2434
s 2
f 1210/1369/2420 1211/1370/2419 1219/1379/2435 1218/1378/2436
s 3
f 1211/1370/2422 1212/1371/2421 1220/1380/2437 1219/1379/2438
s 4
f 1212/1371/2424 1213/1372/2423 1221/1381/2439 1220/1380/2440
s 5
f 1213/1372/2426 1214/1373/2425 1222/1382/2441 1221/1381/2442
s 6
f 1214/1373/2428 1215/1374/2427 1223/1383/2443 1222/1382/2444
s 7
f 1215/1374/2430 1216/1375/2429 1224/1384/2445 1223/1383/2446
s 8
f 1216/1375/2432 1209/1376/2431 1217/1385/2447 1224/1384/2448
s 1
f 1217/1377/2434 1218/1378/2433 1226/1387/2449 1225/1386/2450
s 2
f 1218/1378/2436 1219/1379/2435 1227/1388/2451 1226/1387/2452
s 3
f 1219/1379/2438 1220/1380/2437 1228/1389/2453 1227/1388/2454
s 4
f 1220/1380/2440 1221/1381/2439 1229/1390/2455 1228/1389/2456
s 5
f 1221/1381/2442 1222/1382/2441 1230/1391/2457 1229/1390/2458
s 6
f 1222/1382/2444 1223/1383/2443 1231/1392/2459 1230/1391/2460
s 7
f 1223/1383/2446 1224/1384/2445 1232/1393/2461 1231/1392/2462
s 8
f 1224/1384/2448 1217/1385/2447 1225/1394/2463 1232/1393/2464
s 1
f 1225/1386/2450 1226/1387/2449 1234/1396/2465 1233/1395/2466
s 2
f 1226/1387/2452 1227/1388/2451 1235/1397/2467 1234/1396/2468
s 3
f 1227/1388/2454 1228/1389/2453 1236/1398/2469 1235/1397/2470
s 4
f 1228/1389/2456 1229/1390/2455 1237/1399/2471 1236/1398/2472
s 5
f 1229/1390/2458 1230/1391/2457 1238/1400/2473 1237/1399/2474
s 6
f 1230/1391/2460 1231/1392/2459 1239/1401/2475 1238/1400/2476
s 7
f 1231/1392/2462 1232/1393/2461 1240/1402/2477 1239/1401/2478
s 8
f 1232/1393/2464 1225/1394/2463 1233/1403/2479 1240/1402/2480
s 1
f 1233/1395/2466 1234/1396/2465 1242/1405/2481 1241/1404/2482
s 2
f 1234/1396/2468 1235/1397/2467 1243/1406/2483 1242/1405/2484
s 3
f 1235/1397/2470 1236/1398/2469 1244/1407/2485 1243/1406/2486
s 4
f 1236/1398/2472 1237/1399/2471 1245/1408/2487 1244/1407/2488
s 5
f 1237/1399/2474 1238/1400/2473 1246/1409/2489 1245/1408/2490
s 6
f 1238/1400/2476 1239/1401/2475 1247/1410/2491 1246/1409/2492
s 7
f 1239/1401/2478 1240/1402/2477 1248/1411/2493 1247/1410/2494
s 8
f 1240/1402/2480 1233/1403/2479 1241/1412/2495 1248/1411/2496
s 1
f 1241/1404/2482 1242/1405/2481 1250/1414/2497 1249/1413/2498
s 2
f 1242/1405/2484 1243/1406/2483 1251/1415/2499 1250/1414/2500
s 3
f 1243/1406/2486 1244/1407/2485 1252/1416/2501 1251/1415/2502
s 4
f 1244/1407/2488 1245/1408/2487 1253/1417/2503 1252/1416/2504
s 5
f 1245/1408/2490 1246/1409/2489 1254/1418/2505 1253/1417/2506
s 6
f 1246/1409/2492 1247/1410/2491 1255/1419/2507 1254/1418/2508
s 7
f 1247/1410/2494 1248/1411/2493 1256/1420/2509 1255/1419/2510
s 8
f 1248/1411/2496 1241/1412/2495 1249/1421/2511 1256/1420/2512
s 1
f 1249/1413/2498 1250/1414/2497 1258/1423/2513 1257/1422/2514
s 2
f 1250/1414/2500 1251/1415/2499 1259/1424/2515 1258/1423/2516
s 3
f 1251/1415/2502 1252/1416/2501 1260/1425/2517 1259/1424/2518
s 4
f 1252/1416/2504 1253/1417/2503 1261/1426/2519 1260/1425/2520
s 5
f 1253/1417/2506 1254/1418/2505 1262/1427/2521 1261/1426/2522
s 6
f 1254/1418/2508 1255/1419/2507 1263/1428/2523 1262/1427/2524
s 7
f 1255/1419/2510 1256/1420/2509 1264/1429/2525 1263/1428/2526
s 8
f 1256/1420/2512 1249/1421/2511 1257/1430/2527 1264/1429/2528
s 1
f 1257/1422/2514 1258/1423/2513 1266/1432/2529 1265/1431/2530
s 2
f 1258/1423/2516 1259/1424/2515 1267/1433/2531 1266/1432/2532
s 3
f 1259/1424/2518 1260/1425/2517 1268/1434/2533 1267/1433/2534
s 4
f 1260/1425/2520 1261/1426/2519 1269/1435/2535 1268/1434/2536
s 5
f 1261/1426/2522 1262/1427/2521 1270/1436/2537 1269/1435/2538
s 6
f 1262/1427/2524 1263/1428/2523 1271/1437/2539 1270/1436/2540
s 7
f 1263/1428/2526 1264/1429/2525 1272/1438/2541 1271/1437/2542
s 8
f 1264/1429/2528 1257/1430/2527 1265/1439/2543 1272/1438/2544
s 1
f 1265/1431/2530 1266/1432/2529 1274/1441/2545 1273/1440/2546
s 2
f 1266/1432/2532 1267/1433/2531 1275/1442/2547 1274/1441/2548
s 3
f 1267/1433/2534 1268/1434/2533 1276/1443/2549 1275/1442/2550
s 4
f 1268/1434/2536 1269/1435/2535 1277/1444/2551 1276/1443/2552
s 5
f 1269/1435/2538 1270/1436/2537 1278/1445/2553 1277/1444/2554
s 6
f 1270/1436/2540 1271/1437/2539 1279/1446/2555 1278/1445/2556
s 7
f 1271/1437/2542 1272/1438/2541 1280/1447/2557 1279/1446/2558
s 8
f 1272/1438/2544 1265/1439/2543 1273/1448/2559 1280/1447/2560
s 1
f 1273/1440/2546 1274/1441/2545 1282/1450/2561 1281/1449/2562
s 2
f 1274/1441/2548 1275/1442/2547 1283/1451/2563 1282/1450/2564
s 3
f 1275/1442/2550 1276/1443/2549 1284/1452/2565 1283/1451/2566
s 4
f 1276/1443/2552 1277/1444/2551 1285/1453/2567 1284/1452/2568
s 5
f 1277/1444/2554 1278/1445/2553 1286/1454/2569 1285/1453/2570
s 6
f 1278/1445/2556 1279/1446/2555 1287/1455/2571 1286/1454/2572
s 7
f 1279/1446/2558 1280/1447/2557 1288/1456/2573 1287/1455/2574
s 8
f 1280/1447/2560 1273/1448/2559 1281/1457/2575 1288/1456/2576
s 1
f 1281/1449/2562 1282/1450/2561 1290/1459/2577 1289/1458/2578
s 2
f 1282/1450/2564 1283/1451/2563 1291/1460/2579 1290/1459/2580
s 3
f 1283/1451/2566 1284/1452/2565 1292/1461/2581 1291/1460/2582
s 4
f 1284/1452/2568 1285/1453/2567 1293/1462/2583 1292/1461/2584
s 5
f 1285/1453/2570 1286/1454/2569 1294/1463/2585 1293/1462/2586
s 6
f 1286/1454/2572 1287/1455/2571 1295/1464/2587 1294/1463/2588
s 7
f 1287/1455/2574 1288/1456/2573 1296/1465/2589 1295/1464/2590
s 8
f 1288/1456/2576 1281/1457/2575 1289/1466/2591 1296/1465/2592
s 1
f 1289/1458/2578 1290/1459/2577 1298/1468/2593 1297/1467/2594
s 2
f 1290/1459/2580 1291/1460/2579 1299/1469/2595 1298/1468/2596
s 3
f 1291/1460/2582 1292/1461/2581 1300/1470/2597 1299/1469/2598
s 4
f 1292/1461/2584 1293/1462/2583 1301/1471/2599 1300/1470/2600
s 5
f 1293/1462/2586 1294/1463/2585 1302/1472/2601 1301/1471/2602
s 6
f 1294/1463/2588 1295/1464/2587 1303/1473/2603 1302/1472/2604
s 7
f 1295/1464/2590 1296/1465/2589 1304/1474/2605 1303/1473/2606
s 8
f 1296/1465/2592 1289/1466/2591 1297/1475/2607 1304/1474/2608
s 1
f 1297/1467/2594 1298/1468/2593 1306/1477/2609 1305/1476/2610
s 2
f 1298/1468/2596 1299/1469/2595 1307/1478/2611 1306/1477/2612
s 3
f 1299/1469/2598 1300/1470/2597 1308/1479/2613 1307/1478/2614
s 4
f 1300/1470/2600 1301/1471/2599 1309/1480/2615 1308/1479/2616
s 5
f 1301/1471/2602 1302/1472/2601 1310/1481/2617 1309/1480/2618
s 6
f 1302/1472/2604 1303/1473/2603 1311/1482/2619 1310/1481/2620
s 7
f 1303/1473/2606 1304/1474/2605 1312/1483/2621 1311/1482/2622
s 8
f 1304/1474/2608 1297/1475/2607 1305/1484/2623 1312/1483/2624
s 1
f 1305/1476/2610 1306/1477/2609 1314/1486/2625 1313/1485/2626
s 2
f 1306/1477/2612 1307/1478/2611 1315/1487/2627 1314/1486/2628
s 3
f 1307/1478/2614 1308/1479/2613 1316/1488/2629 1315/1487/2630
s 4
f 1308/1479/2616 1309/1480/2615 1317/1489/2631 1316/1488/2632
s 5
f 1309/1480/2618 1310/1481/2617 1318/1490/2633 1317/1489/2634
s 6
f 1310/1481/2620 1311/1482/2619 1319/1491/2635 1318/1490/2636
s 7
f 1311/1482/2622 1312/1483/2621 1320/1492/2637 1319/1491/2638
s 8
f 1312/1483/2624 1305/1484/2623 1313/1493/2639 1320/1492/2640
s 1
f 1313/1485/2626 1314/1486/2625 1322/1495/2641 1321/1494/2642
s 2
f 1314/1486/2628 1315/1487/2627 1323/1496/2643 1322/1495/2644
s 3
f 1315/1487/2630 1316/1488/2629 1324/1497/2645 1323/1496/2646
s 4
f 1316/1488/2632 1317/1489/2631 1325/1498/2647 1324/1497/2648
s 5
f 1317/1489/2634 1318/1490/2633 1326/1499/2649 1325/1498/2650
s 6
f 1318/1490/2636 1319/1491/2635 1327/1500/2651 1326/1499/2652
s 7
f 1319/1491/2638 1320/1492/2637 1328/1501/2653 1327/1500/2654
s 8
f 1320/1492/2640 1313/1493/2639 1321/1502/2655 1328/1501/2656
s 1
f 1321/1494/2642 1322/1495/2641 1330/1504/2657 1329/1503/2658
s 2
f 1322/1495/2644 1323/1496/2643 1331/1505/2659 1330/1504/2660
s 3
f 1323/1496/2646 1324/1497/2645 1332/1506/2661 1331/1505/2662
s 4
f 1324/1497/2648 1325/1498/2647 1333/1507/2663 1332/1506/2664
s 5
f 1325/1498/2650 1326/1499/2649 1334/1508/2665 1333/1507/2666
s 6
f 1326/1499/2652 1327/1500/2651 1335/1509/2667 1334/1508/2668
s 7
f 1327/1500/2654 1328/1501/2653 1336/1510/2669 1335/1509/2670
s 8
f 1328/1501/2656 1321/1502/2655 1329/1511/2671 1336/1510/2672
s 1
f 1329/1503/2658 1330/1504/2657 1338/1513/2673 1337/1512/2674
s 2
f 1330/1504/2660 1331/1505/2659 1339/1514/2675 1338/1513/2676
s 3
f 1331/1505/2662 1332/1506/2661 1340/1515/2677 1339/1514/2678
s 4
f 1332/1506/2664 1333/1507/2663 1341/1516/2679 1340/1515/2680
s 5
f 1333/1507/2666 1334/1508/2665 1342/1517/2681 1341/1516/2682
s 6
f 1334/1508/2668 1335/1509/2667 1343/1518/2683 1342/1517/2684
s 7
f 1335/1509/2670 1336/1510/2669 1344/1519/2685 1343/1518/2686
s 8
f 1336/1510/2672 1329/1511/2671 1337/1520/2687 1344/1519/2688
s 1
f 1337/1512/2674 1338/1513/2673 1346/1522/2689 1345/1521/2690
s 2
f 1338/1513/2676 1339/1514/2675 1347/1523/2691 1346/1522/2692
s 3
f 1339/1514/2678 1340/1515/2677 1348/1524/2693 1347/1523/2694
s 4
f 1340/1515/2680 1341/1516/2679 1349/1525/2695 1348/1524/2696
s 5
f 1341/1516/2682 1342/1517/2681 1350/1526/2697 1349/1525/2698
s 6
f 1342/1517/2684 1343/1518/2683 1351/1527/2699 1350/1526/2700
s 7
f 1343/1518/2686 1344/1519/2685 1352/1528/2701 1351/1527/2702
s 8
f 1344/1519/2688 1337/1520/2687 1345/1529/2703 1352/1528/2704
s 1
f 1345/1521/2690 1346/1522/2689 1354/1531/2705 1353/1530/2706
s 2
f 1346/1522/2692 1347/1523/2691 1355/1532/2707 1354/1531/2708
s 3
f 1347/1523/2694 1348/1524/2693 1356/1533/2709 1355/1532/2710
s 4
f 1348/1524/2696 1349/1525/2695 1357/1534/2711 1356/1533/2712
s 5
f 1349/1525/2698 1350/1526/2697 1358/1535/2713 1357/1534/2714
s 6
f 1350/1526/2700 1351/1527/2699 1359/1536/2715 1358/1535/2716
s 7
f 1351/1527/2702 1352/1528/2701 1360/1537/2717 1359/1536/2718
s 8
f 1352/1528/2704 1345/1529/2703 1353/1538/2719 1360/1537/2720
s 1
f 1353/1530/2706 1354/1531/2705 1362/1540/2721 1361/1539/2722
s 2
f 1354/1531/2708 1355/1532/2707 1363/1541/2723 1362/1540/2724
s 3
f 1355/1532/2710 1356/1533/2709 1364/1542/2725 1363/1541/2726
s 4
f 1356/1533/2712 1357/1534/2711 1365/1543/2727 1364/1542/2728
s 5
f 1357/1534/2714 1358/1535/2713 1366/1544/2729 1365/1543/2730
s 6
f 1358/1535/2716 1359/1536/2715 1367/1545/2731 1366/1544/2732
s 7
f 1359/1536/2718 1360/1537/2717 1368/1546/2733 1367/1545/2734
s 8
f 1360/1537/2720 1353/1538/2719 1361/1547/2735 1368/1546/2736
s 1
f 1361/1539/2722 1362/1540/2721 1370/1549/2737 1369/1548/2738
s 2
f 1362/1540/2724 1363/1541/2723 1371/1550/2739 1370/1549/2740
s 3
f 1363/1541/2726 1364/1542/2725 1372/1551/2741 1371/1550/2742
s 4
f 1364/1542/2728 1365/1543/2727 1373/1552/2743 1372/1551/2744
s 5
f 1365/1543/2730 1366/1544/2729 1374/1553/2745 1373/1552/2746
s 6
f 1366/1544/2732 1367/1545/2731 1375/1554/2747 1374/1553/2748
s 7
f 1367/1545/2734 1368/1546/2733 1376/1555/2749 1375/1554/2750
s 8
f 1368/1546/2736 1361/1547/2735 1369/1556/2751 1376/1555/2752
s 1
f 1369/1548/2738 1370/1549/2737 1378/1558/2753 1377/1557/2754
s 2
f 1370/1549/2740 1371/1550/2739 1379/1559/2755 1378/1558/2756
s 3
f 1371/1550/2742 1372/1551/2741 1380/1560/2757 1379/1559/2758
s 4
f 1372/1551/2744 1373/1552/2743 1381/1561/2759 1380/1560/2760
s 5
f 1373/1552/2746 1374/1553/2745 1382/1562/2761 1381/1561/2762
s 6
f 1374/1553/2748 1375/1554/2747 1383/1563/2763 1382/1562/2764
s 7
f 1375/1554/2750 1376/1555/2749 1384/1564/2765 1383/1563/2766
s 8
f 1376/1555/2752 1369/1556/2751 1377/1565/2767 1384/1564/2768
s 1
f 1377/1557/2754 1378/1558/2753 1386/1567/2769 1385/1566/2770
s 2
f 1378/1558/2756 1379/1559/2755 1387/1568/2771 1386/1567/2772
s 3
f 1379/1559/2758 1380/1560/2757 1388/1569/2773 1387/1568/2774
s 4
f 1380/1560/2760 1381/1561/2759 1389/1570/2775 1388/1569/2776
s 5
f 1381/1561/2762 1382/1562/2761 1390/1571/2777 1389/1570/2778
s 6
f 1382/1562/2764 1383/1563/2763 1391/1572/2779 1390/1571/2780
s 7
f 1383/1563/2766 1384/1564/2765 1392/1573/2781 1391/1572/2782
s 8
f 1384/1564/2768 1377/1565/2767 1385/1574/2783 1392/1573/2784
s 1
f 1385/1566/2770 1386/1567/2769 1394/1576/2785 1393/1575/2786
s 2
f 1386/1567/2772 1387/1568/2771 1395/1577/2787 1394/1576/2788
s 3
f 1387/1568/2774 1388/1569/2773 1396/1578/2789 1395/1577/2790
s 4
f 1388/1569/2776 1389/1570/2775 1397/1579/2791 1396/1578/2792
s 5
f 1389/1570/2778 1390/1571/2777 1398/1580/2793 1397/1579/2794
s 6
f 1390/1571/2780 1391/1572/2779 1399/1581/2795 1398/1580/2796
s 7
f 1391/1572/2782 1392/1573/2781 1400/1582/2797 1399/1581/2798
s 8
f 1392/1573/2784 1385/1574/2783 1393/1583/2799 1400/1582/2800
s 1
f 1393/1575/2786 1394/1576/2785 1402/1585/2801 1401/1584/2802
s 2
f 1394/1576/2788 1395/1577/2787 1403/1586/2803 1402/1585/2804
s 3
f 1395/1577/2790 1396/1578/2789 1404/1587/2805 1403/1586/2806
s 4
f 1396/1578/2792 1397/1579/2791 1405/1588/2807 1404/1587/2808
s 5
f 1397/1579/2794 1398/1580/2793 1406/1589/2809 1405/1588/2810
s 6
f 1398/1580/2796 1399/1581/2795 1407/1590/2811 1406/1589/2812
s 7
f 1399/1581/2798 1400/1582/2797 1408/1591/2813 1407/1590/2814
s 8
f 1400/1582/2800 1393/1583/2799 1401/1592/2815 1408/1591/2816
s 1
f 1401/1584/2802 1402/1585/2801 1410/1594/2817 1409/1593/2818
s 2
f 1402/1585/2804 1403/1586/2803 1411/1595/2819 1410/1594/2820
s 3
f 1403/1586/2806 1404/1587/2805 1412/1596/2821 1411/1595/2822
s 4
f 1404/1587/2808 1405/1588/2807 1413/1597/2823 1412/1596/2824
s 5
f 1405/1588/2810 1406/1589/2809 1414/1598/2825 1413/1597/2826
s 6
f 1406/1589/2812 1407/1590/2811 1415/1599/2827 1414/1598/2828
s 7
f 1407/1590/2814 1408/1591/2813 1416/1600/2829 1415/1599/2830
s 8
f 1408/1591/2816 1401/1592/2815 1409/1601/2831 1416/1600/2832
s 1
f 1409/1593/2818 1410/1594/2817 1418/1603/2833 1417/1602/2834
s 2
f 1410/1594/2820 1411/1595/2819 1419/1604/2835 1418/1603/2836
s 3
f 1411/1595/2822 1412/1596/2821 1420/1605/2837 1419/1604/2838
s 4
f 1412/1596/2824 1413/1597/2823 1421/1606/2839 1420/1605/2840
s 5
f 1413/1597/2826 1414/1598/2825 1422/1607/2841 1421/1606/2842
s 6
f 1414/1598/2828 1415/1599/2827 1423/1608/2843 1422/1607/2844
s 7
f 1415/1599/2830 1416/1600/2829 1424/1609/2845 1423/1608/2846
s 8
f 1416/1600/2832 1409/1601/2831 1417/1610/2847 1424/1609/2848
s 1
f 1417/1602/2834 1418/1603/2833 1426/1612/2849 1425/1611/2850
s 2
f 1418/1603/2836 1419/1604/2835 1427/1613/2851 1426/1612/2852
s 3
f 1419/1604/2838 1420/1605/2837 1428/1614/2853 1427/1613/2854
s 4
f 1420/1605/2840 1421/1606/2839 1429/1615/2855 1428/1614/2856
s 5
f 1421/1606/2842 1422/1607/2841 1430/1616/2857 1429/1615/2858
s 6
f 1422/1607/2844 1423/1608/2843 1431/1617/2859 1430/1616/2860
s 7
f 1423/1608/2846 1424/1609/2845 1432/1618/2861 1431/1617/2862
s 8
f 1424/1609/2848 1417/1610/2847 1425/1619/2863 1432/1618/2864
s 1
f 1425/1611/2850 1426/1612/2849 1434/1621/2865 1433/1620/2866
s 2
f 1426/1612/2852 1427/1613/2851 1435/1622/2867 1434/1621/2868
s 3
f 1427/1613/2854 1428/1614/2853 1436/1623/2869 1435/1622/2870
s 4
f 1428/1614/2856 1429/1615/2855 1437/1624/2871 1436/1623/2872
s 5
f 1429/1615/2858 1430/1616/2857 1438/1625/2873 1437/1624/2874
s 6
f 1430/1616/2860 1431/1617/2859 1439/1626/2875 1438/1625/2876
s 7
f 1431/1617/2862 1432/1618/2861 1440/1627/2877 1439/1626/2878
s 8
f 1432/1618/2864 1425/1619/2863 1433/1628/2879 1440/1627/2880
s 1
f 1433/1620/2866 1434/1621/2865 1442/1630/2881 1441/1629/2882
s 2
f 1434/1621/2868 1435/1622/2867 1443/1631/2883 1442/1630/2884
s 3
f 1435/1622/2870 1436/1623/2869 1444/1632/2885 1443/1631/2886
s 4
f 1436/1623/2872 1437/1624/2871 1445/1633/2887 1444/1632/2888
s 5
f 1437/1624/2874 1438/1625/2873 1446/1634/2889 1445/1633/2890
s 6
f 1438/1625/2876 1439/1626/2875 1447/1635/2891 1446/1634/2892
s 7
f 1439/1626/2878 1440/1627/2877 1448/1636/2893 1447/1635/2894
s 8
f 1440/1627/2880 1433/1628/2879 1441/1637/2895 1448/1636/2896
s 1
f 1441/1629/2882 1442/1630/2881 1450/1639/2897 1449/1638/2898
s 2
f 1442/1630/2884 1443/1631/2883 1451/1640/2899 1450/1639/2900
s 3
f 1443/1631/2886 1444/1632/2885 1452/1641/2901 1451/1640/2902
s 4
f 1444/1632/2888 1445/1633/2887 1453/1642/2903 1452/1641/2904
s 5
f 1445/1633/2890 1446/1634/2889 1454/1643/2905 1453/1642/2906
s 6
f 1446/1634/2892 1447/1635/2891 1455/1644/2907 1454/1643/2908
s 7
f 1447/1635/2894 1448/1636/2893 1456/1645/2909 1455/1644/2910
s 8
f 1448/1636/2896 1441/1637/2895 1449/1646/2911 1456/1645/2912
s 1
f 1449/1638/2898 1450/1639/2897 1458/1648/2913 1457/1647/2914
s 2
f 1450/1639/2900 1451/1640/2899 1459/1649/2915 1458/1648/2916
s 3
f 1451/1640/2902 1452/1641/2901 1460/1650/2917 1459/1649/2918
s 4
f 1452/1641/2904 1453/1642/2903 1461/1651/2919 1460/1650/2920
s 5
f 1453/1642/2906 1454/1643/2905 1462/1652/2921 1461/1651/2922
s 6
f 1454/1643/2908 1455/1644/2907 1463/1653/2923 1462/1652/2924
s 7
f 1455/1644/2910 1456/1645/2909 1464/1654/2925 1463/1653/2926
s 8
f 1456/1645/2912 1449/1646/2911 1457/1655/2927 1464/1654/2928
s 1
f 1457/1647/2914 1458/1648/2913 1466/1657/2929 1465/1656/2930
s 2
f 1458/1648/2916 1459/1649/2915 1467/1658/2931 1466/1657/2932
s 3
f 1459/1649/2918 1460/1650/2917 1468/1659/2933 1467/1658/2934
s 4
f 1460/1650/2920 1461/1651/2919 1469/1660/2935 1468/1659/2936
s 5
f 1461/1651/2922 1462/1652/2921 1470/1661/2937 1469/1660/2938
s 6
f 1462/1652/2924 1463/1653/2923 1471/1662/2939 1470/1661/2940
s 7
f 1463/1653/2926 1464/1654/2925 1472/1663/2941 1471/1662/2942
s 8
f 1464/1654/2928 1457/1655/2927 1465/1664/2943 1472/1663/2944
s 1
f 1465/1656/2930 1466/1657/2929 1474/1666/2945 1473/1665/2946
s 2
f 1466/1657/2932 1467/1658/2931 1475/1667/2947 1474/1666/2948
s 3
f 1467/1658/2934 1468/1659/2933 1476/1668/2949 1475/1667/2950
s 4
f 1468/1659/2936 1469/1660/2935 1477/1669/2951 1476/1668/2952
s 5
f 1469/1660/2938 1470/1661/2937 1478/1670/2953 1477/1669/2954
s 6
f 1470/1661/2940 1471/1662/2939 1479/1671/2955 1478/1670/2956
s 7
f 1471/1662/2942 1472/1663/2941 1480/1672/2957 1479/1671/2958
s 8
f 1472/1663/2944 1465/1664/2943 1473/1673/2959 1480/1672/2960
s 1
f 1473/1665/2946 1474/1666/2945 1482/1675/2961 1481/1674/2962
s 2
f 1474/1666/2948 1475/1667/2947 1483/1676/2963 1482/1675/2964
s 3
f 1475/1667/2950 1476/1668/2949 1484/1677/2965 1483/1676/2966
s 4
f 1476/1668/2952 1477/1669/2951 1485/1678/2967 1484/1677/2968
s 5
f 1477/1669/2954 1478/1670/2953 1486/1679/2969 1485/1678/2970
s 6
f 1478/1670/2956 1479/1671/2955 1487/1680/2971 1486/1679/2972
s 7
f 1479/1671/2958 1480/1672/2957 1488/1681/2973 1487/1680/2974
s 8
f 1480/1672/2960 1473/1673/2959 1481/1682/2975 1488/1681/2976
s 1
f 1481/1674/2962 1482/1675/2961 1490/1684/2977 1489/1683/2978
s 2
f 1482/1675/2964 1483/1676/2963 1491/1685/2979 1490/1684/2980
s 3
f 1483/1676/2966 1484/1677/2965 1492/1686/2981 1491/1685/2982
s 4
f 1484/1677/2968 1485/1678/2967 1493/1687/2983 1492/1686/2984
s 5
f 1485/1678/2970 1486/1679/2969 1494/1688/2985 1493/1687/2986
s 6
f 1486/1679/2972 1487/1680/2971 1495/1689/2987 1494/1688/2988
s 7
f 1487/1680/2974 1488/1681/2973 1496/1690/2989 1495/1689/2990
s 8
f 1488/1681/2976 1481/1682/2975 1489/1691/2991 1496/1690/2992
s 1
f 1489/1683/2978 1490/1684/2977 1498/1693/2993 1497/1692/2994
s 2
f 1490/1684/2980 1491/1685/2979 1499/1694/2995 1498/1693/2996
s 3
f 1491/1685/2982 1492/1686/2981 1500/1695/2997 1499/1694/2998
s 4
f 1492/1686/2984 1493/1687/2983 1501/1696/2999 1500/1695/3000
s 5
f 1493/1687/2986 1494/1688/2985 1502/1697/3001 1501/1696/3002
s 6
f 1494/1688/2988 1495/1689/2987 1503/1698/3003 1502/1697/3004
s 7
f 1495/1689/2990 1496/1690/2989 1504/1699/3005 1503/1698/3006
s 8
f 1496/1690/2992 1489/1691/2991 1497/1700/3007 1504/1699/3008
s 1
f 1497/1692/2994 1498/1693/2993 1506/1702/3009 1505/1701/3010
s 2
f 1498/1693/2996 1499/1694/2995 1507/1703/3011 1506/1702/3012
s 3
f 1499/1694/2998 1500/1695/2997 1508/1704/3013 1507/1703/3014
s 4
f 1500/1695/3000 1501/1696/2999 1509/1705/3015 1508/1704/3016
s 5
f 1501/1696/3002 1502/1697/3001 1510/1706/3017 1509/1705/3018
s 6
f 1502/1697/3004 1503/1698/3003 1511/1707/3019 1510/1706/3020
s 7
f 1503/1698/3006 1504/1699/3005 1512/1708/3021 1511/1707/3022
s 8
f 1504/1699/3008 1497/1700/3007 1505/1709/3023 1512/1708/3024
s 1
f 1505/1701/3010 1506/1702/3009 1514/1711/3025 1513/1710/3026
s 2
f 1506/1702/3012 1507/1703/3011 1515/1712/3027 1514/1711/3028
s 3
f 1507/1703/3014 1508/1704/3013 1516/1713/3029 1515/1712/3030
s 4
f 1508/1704/3016 1509/1705/3015 1517/1714/3031 1516/1713/3032
s 5
f 1509/1705/3018 1510/1706/3017 1518/1715/3033 1517/1714/3034
s 6
f 1510/1706/3020 1511/1707/3019 1519/1716/3035 1518/1715/3036
s 7
f 1511/1707/3022 1512/1708/3021 1520/1717/3037 1519/1716/3038
s 8
f 1512/1708/3024 1505/1709/3023 1513/1718/3039 1520/1717/3040
s 1
f 1513/1710/3026 1514/1711/3025 1522/1720/3041 1521/1719/3042
s 2
f 1514/1711/3028 1515/1712/3027 1523/1721/3043 1522/1720/3044
s 3
f 1515/1712/3030 1516/1713/3029 1524/1722/3045 1523/1721/3046
s 4
f 1516/1713/3032 1517/1714/3031 1525/1723/3047 1524/1722/3048
s 5
f 1517/1714/3034 1518/1715/3033 1526/1724/3049 1525/1723/3050
s 6
f 1518/1715/3036 1519/1716/3035 1527/1725/3051 1526/1724/3052
s 7
f 1519/1716/3038 1520/1717/3037 1528/1726/3053 1527/1725/3054
s 8
f 1520/1717/3040 1513/1718/3039 1521/1727/3055 1528/1726/3056
s 1
f 1521/1719/3042 1522/1720/3041 1530/1729/3057 1529/1728/3058
s 2
f 1522/1720/3044 1523/1721/3043 1531/1730/3059 1530/1729/3060
s 3
f 1523/1721/3046 1524/1722/3045 1532/1731/3061 1531/1730/3062
s 4
f 1524/1722/3048 1525/1723/3047 1533/1732/3063 1532/1731/3064
s 5
f 1525/1723/3050 1526/1724/3049 1534/1733/3065 1533/1732/3066
s 6
f 1526/1724/3052 1527/1725/3051 1535/1734/3067 1534/1733/3068
s 7
f 1527/1725/3054 1528/1726/3053 1536/1735/3069 1535/1734/3070
s 8
f 1528/1726/3056 1521/1727/3055 1529/1736/3071 1536/1735/3072
s 1
f 1529/1728/3058 1530/1729/3057 1538/1738/3073 1537/1737/3074
s 2
f 1530/1729/3060 1531/1730/3059 1539/1739/3075 1538/1738/3076
s 3
f 1531/1730/3062 1532/1731/3061 1540/1740/3077 1539/1739/3078
s 4
f 1532/1731/3064 1533/1732/3063 1541/1741/3079 1540/1740/3080
s 5
f 1533/1732/3066 1534/1733/3065 1542/1742/3081 1541/1741/3082
s 6
f 1534/1733/3068 1535/1734/3067 1543/1743/3083 1542/1742/3084
s 7
f 1535/1734/3070 1536/1735/3069 1544/1744/3085 1543/1743/3086
s 8
f 1536/1735/3072 1529/1736/3071 1537/1745/3087 1544/1744/3088
s 1
f 1537/1737/3074 1538/1738/3073 1546/1747/3089 1545/1746/3090
s 2
f 1538/1738/3076 1539/1739/3075 1547/1748/3091 1546/1747/3092
s 3
f 1539/1739/3078 1540/1740/3077 1548/1749/3093 1547/1748/3094
s 4
f 1540/1740/3080 1541/1741/3079 1549/1750/3095 1548/1749/3096
s 5
f 1541/1741/3082 1542/1742/3081 1550/1751/3097 1549/1750/3098
s 6
f 1542/1742/3084 1543/1743/3083 1551/1752/3099 1550/1751/3100
s 7
f 1543/1743/3086 1544/1744/3085 1552/1753/3101 1551/1752/3102
s 8
f 1544/1744/3088 1537/1745/3087 1545/1754/3103 1552/1753/3104
s 1
f 1545/1746/3090 1546/1747/3089 1554/1756/3105 1553/1755/3106
s 2
f 1546/1747/3092 1547/1748/3091 1555/1757/3107 1554/1756/3108
s 3
f 1547/1748/3094 1548/1749/3093 1556/1758/3109 1555/1757/3110
s 4
f 1548/1749/3096 1549/1750/3095 1557/1759/3111 1556/1758/3112
s 5
f 1549/1750/3098 1550/1751/3097 1558/1760/3113 1557/1759/3114
s 6
f 1550/1751/3100 1551/1752/3099 1559/1761/3115 1558/1760/3116
s 7
f 1551/1752/3102 1552/1753/3101 1560/1762/3117 1559/1761/3118
s 8
f 1552/1753/3104 1545/1754/3103 1553/1763/3119 1560/1762/3120
s 1
f 1553/1755/3106 1554/1756/3105 1562/1765/3121 1561/1764/3122
s 2
f 1554/1756/3108 1555/1757/3107 1563/1766/3123 1562/1765/3124
s 3
f 1555/1757/3110 1556/1758/3109 1564/1767/3125 1563/1766/3126
s 4
f 1556/1758/3112 1557/1759/3111 1565/1768/3127 1564/1767/3128
s 5
f 1557/1759/3114 1558/1760/3113 1566/1769/3129 1565/1768/3130
s 6
f 1558/1760/3116 1559/1761/3115 1567/1770/3131 1566/1769/3132
s 7
f 1559/1761/3118 1560/1762/3117 1568/1771/3133 1567/1770/3134
s 8
f 1560/1762/3120 1553/1763/3119 1561/1772/3135 1568/1771/3136
s 1
f 1561/1764/3122 1562/1765/3121 1570/1774/3137 1569/1773/3138
s 2
f 1562/1765/3124 1563/1766/3123 1571/1775/3139 1570/1774/3140
s 3
f 1563/1766/3126 1564/1767/3125 1572/1776/3141 1571/1775/3142
s 4
f 1564/1767/3128 1565/1768/3127 1573/1777/3143 1572/1776/3144
s 5
f 1565/1768/3130 1566/1769/3129 1574/1778/3145 1573/1777/3146
s 6
f 1566/1769/3132 1567/1770/3131 1575/1779/3147 1574/1778/3148
s 7
f 1567/1770/3134 1568/1771/3133 1576/1780/3149 1575/1779/3150
s 8
f 1568/1771/3136 1561/1772/3135 1569/1781/3151 1576/1780/3152
s 1
f 1569/1773/3138 1570/1774/3137 1578/1783/3153 1577/1782/3154
s 2
f 1570/1774/3140 1571/1775/3139 1579/1784/3155 1578/1783/3156
s 3
f 1571/1775/3142 1572/1776/3141 1580/1785/3157 1579/1784/3158
s 4
f 1572/1776/3144 1573/1777/3143 1581/1786/3159 1580/1785/3160
s 5
f 1573/1777/3146 1574/1778/3145 1582/1787/3161 1581/1786/3162
s 6
f 1574/1778/3148 1575/1779/3147 1583/1788/3163 1582/1787/3164
s 7
f 1575/1779/3150 1576/1780/3149 1584/1789/3165 1583/1788/3166
s 8
f 1576/1780/3152 1569/1781/3151 1577/1790/3167 1584/1789/3168
s 1
f 1577/1782/3154 1578/1783/3153 1586/1792/3169 1585/1791/3170
s 2
f 1578/1783/3156 1579/1784/3155 1587/1793/3171 1586/1792/3172
s 3
f 1579/1784/3158 1580/1785/3157 1588/1794/3173 1587/1793/3174
s 4
f 1580/1785/3160 1581/1786/3159 1589/1795/3175 1588/1794/3176
s 5
f 1581/1786/3162 1582/1787/3161 1590/1796/3177 1589/1795/3178
s 6
f 1582/1787/3164 1583/1788/3163 1591/1797/3179 1590/1796/3180
s 7
f 1583/1788/3166 1584/1789/3165 1592/1798/3181 1591/1797/3182
s 8
f 1584/1789/3168 1577/1790/3167 1585/1799/3183 1592/1798/3184
s 1
f 1585/1791/3170 1586/1792/3169 1594/1801/3185 1593/1800/3186
s 2
f 1586/1792/3172 1587/1793/3171 1595/1802/3187 1594/1801/3188
s 3
f 1587/1793/3174 1588/1794/3173 1596/1803/3189 1595/1802/3190
s 4
f 1588/1794/3176 1589/1795/3175 1597/1804/3191 1596/1803/3192
s 5
f 1589/1795/3178 1590/1796/3177 1598/1805/3193 1597/1804/3194
s 6
f 1590/1796/3180 1591/1797/3179 1599/1806/3195 1598/1805/3196
s 7
f 1591/1797/3182 1592/1798/3181 1600/1807/3197 1599/1806/3198
s 8
f 1592/1798/3184 1585/1799/3183 1593/1808/3199 1600/1807/3200
s 1
f 1593/1800/3186 1594/1801/3185 1602/1810/3201 1601/1809/3202
s 2
f 1594/1801/3188 1595/1802/3187 1603/1811/3203 1602/1810/3204
s 3
f 1595/1802/3190 1596/1803/3189 1604/1812/3205 1603/1811/3206
s 4
f 1596/1803/3192 1597/1804/3191 1605/1813/3207 1604/1812/3208
s 5
f 1597/1804/3194 1598/1805/3193 1606/1814/3209 1605/1813/3210
s 6
f 1598/1805/3196 1599/1806/3195 1607/1815/3211 1606/1814/3212
s 7
f 1599/1806/3198 1600/1807/3197 1608/1816/3213 1607/1815/3214
s 8
f 1600/1807/3200 1593/1808/3199 1601/1817/3215 1608/1816/3216
s 1
f 1601/1809/3202 1602/1810/3201 1610/1819/3217 1609/1818/3218
s 2
f 1602/1810/3204 1603/1811/3203 1611/1820/3219 1610/1819/3220
s 3
f 1603/1811/3206 1604/1812/3205 1612/1821/3221 1611/1820/3222
s 4
f 1604/1812/3208 1605/1813/3207 1613/1822/3223 1612/1821/3224
s 5
f 1605/1813/3210 1606/1814/3209 1614/1823/3225 1613/1822/3226
s 6
f 1606/1814/3212 1607/1815/3211 1615/1824/3227 1614/1823/3228
s 7
f 1607/1815/3214 1608/1816/3213 1616/1825/3229 1615/1824/3230
s 8
f 1608/1816/3216 1601/1817/3215 1609/1826/3231 1616/1825/3232
s 1
f 1609/1818/3218 1610/1819/3217 1618/1828/3233 1617/1827/3234
s 2
f 1610/1819/3220 1611/1820/3219 1619/1829/3235 1618/1828/3236
s 3
f 1611/1820/3222 1612/1821/3221 1620/1830/3237 1619/1829/3238
s 4
f 1612/1821/3224 1613/1822/3223 1621/1831/3239 1620/1830/3240
s 5
f 1613/1822/3226 1614/1823/3225 1622/1832/3241 1621/1831/3242
s 6
f 1614/1823/3228 1615/1824/3227 1623/1833/3243 1622/1832/3244
s 7
f 1615/1824/3230 1616/1825/3229 1624/1834/3245 1623/1833/3246
s 8
f 1616/1825/3232 1609/1826/3231 1617/1835/3247 1624/1834/3248
s 1
f 1617/1827/3234 1618/1828/3233 1626/1837/3249 1625/1836/3250
s 2
f 1618/1828/3236 1619/1829/3235 1627/1838/3251 1626/1837/3252
s 3
f 1619/1829/3238 1620/1830/3237 1628/1839/3253 1627/1838/3254
s 4
f 1620/1830/3240 1621/1831/3239 1629/1840/3255 1628/1839/3256
s 5
f 1621/1831/3242 1622/1832/3241 1630/1841/3257 1629/1840/3258
s 6
f 1622/1832/3244 1623/1833/3243 1631/1842/3259 1630/1841/3260
s 7
f 1623/1833/3246 1624/1834/3245 1632/1843/3261 1631/1842/3262
s 8
f 1624/1834/3248 1617/1835/3247 1625/1844/3263 1632/1843/3264
s 1
f 1625/1836/3250 1626/1837/3249 1634/1846/3265 1633/1845/3266
s 2
f 1626/1837/3252 1627/1838/3251 1635/1847/3267 1634/1846/3268
s 3
f 1627/1838/3254 1628/1839/3253 1636/1848/3269 1635/1847/3270
s 4
f 1628/1839/3256 1629/1840/3255 1637/1849/3271 1636/1848/3272
s 5
f 1629/1840/3258 1630/1841/3257 1638/1850/3273 1637/1849/3274
s 6
f 1630/1841/3260 1631/1842/3259 1639/1851/3275 1638/1850/3276
s 7
f 1631/1842/3262 1632/1843/3261 1640/1852/3277 1639/1851/3278
s 8
f 1632/1843/3264 1625/1844/3263 1633/1853/3279 1640/1852/3280
s 1
f 1633/1845/3266 1634/1846/3265 1642/1855/3281 1641/1854/3282
s 2
f 1634/1846/3268 1635/1847/3267 1643/1856/3283 1642/1855/3284
s 3
f 1635/1847/3270 1636/1848/3269 1644/1857/3285 1643/1856/3286
s 4
f 1636/1848/3272 1637/1849/3271 1645/1858/3287 1644/1857/3288
s 5
f 1637/1849/3274 1638/1850/3273 1646/1859/3289 1645/1858/3290
s 6
f 1638/1850/3276 1639/1851/3275 1647/1860/3291 1646/1859/3292
s 7
f 1639/1851/3278 1640/1852/3277 1648/1861/3293 1647/1860/3294
s 8
f 1640/1852/3280 1633/1853/3279 1641/1862/3295 1648/1861/3296
s 1
f 1641/1854/3282 1642/1855/3281 1650/1864/3297 1649/1863/3298
s 2
f 1642/1855/3284 1643/1856/3283 1651/1865/3299 1650/1864/3300
s 3
f 1643/1856/3286 1644/1857/3285 1652/1866/3301 1651/1865/3302
s 4
f 1644/1857/3288 1645/1858/3287 1653/1867/3303 1652/1866/3304
s 5
f 1645/1858/3290 1646/1859/3289 1654/1868/3305 1653/1867/3306
s 6
f 1646/1859/3292 1647/1860/3291 1655/1869/3307 1654/1868/3308
s 7
f 1647/1860/3294 1648/1861/3293 1656/1870/3309 1655/1869/3310
s 8
f 1648/1861/3296 1641/1862/3295 1649/1871/3311 1656/1870/3312
s 1
f 1649/1863/3298 1650/1864/3297 1658/1873/3313 1657/1872/3314
s 2
f 1650/1864/3300 1651/1865/3299 1659/1874/3315 1658/1873/3316
s 3
f 1651/1865/3302 1652/1866/3301 1660/1875/3317 1659/1874/3318
s 4
f 1652/1866/3304 1653/1867/3303 1661/1876/3319 1660/1875/3320
s 5
f 1653/1867/3306 1654/1868/3305 1662/1877/3321 1661/1876/3322
s 6
f 1654/1868/3308 1655/1869/3307 1663/1878/3323 1662/1877/3324
s 7
f 1655/1869/3310 1656/1870/3309 1664/1879/3325 1663/1878/3326
s 8
f 1656/1870/3312 1649/1871/3311 1657/1880/3327 1664/1879/3328
s 1
f 1657/1872/3314 1658/1873/3313 1666/1882/3329 1665/1881/3330
s 2
f 1658/1873/3316 1659/1874/3315 1667/1883/3331 1666/1882/3332
s 3
f 1659/1874/3318 1660/1875/3317 1668/1884/3333 1667/1883/3334
s 4
f 1660/1875/3320 1661/1876/3319 1669/1885/3335 1668/1884/3336
s 5
f 1661/1876/3322 1662/1877/3321 1670/1886/3337 1669/1885/3338
s 6
f 1662/1877/3324 1663/1878/3323 1671/1887/3339 1670/1886/3340
s 7
f 1663/1878/3326 1664/1879/3325 1672/1888/3341 1671/1887/3342
s 8
f 1664/1879/3328 1657/1880/3327 1665/1889/3343 1672/1888/3344
s 1
f 1665/1881/3330 1666/1882/3329 1674/1891/3345 1673/1890/3346
s 2
f 1666/1882/3332 1667/1883/3331 1675/1892/3347 1674/1891/3348
s 3
f 1667/1883/3334 1668/1884/3333 1676/1893/3349 1675/1892/3350
s 4
f 1668/1884/3336 1669/1885/3335 1677/1894/3351 1676/1893/3352
s 5
f 1669/1885/3338 1670/1886/3337 1678/1895/3353 1677/1894/3354
s 6
f 1670/1886/3340 1671/1887/3339 1679/1896/3355 1678/1895/3356
s 7
f 1671/1887/3342 1672/1888/3341 1680/1897/3357 1679/1896/3358
s 8
f 1672/1888/3344 1665/1889/3343 1673/1898/3359 1680/1897/3360
s 1
f 1673/1890/3346 1674/1891/3345 1682/1900/3361 1681/1899/3362
s 2
f 1674/1891/3348 1675/1892/3347 1683/1901/3363 1682/1900/3364
s 3
f 1675/1892/3350 1676/1893/3349 1684/1902/3365 1683/1901/3366
s 4
f 1676/1893/3352 1677/1894/3351 1685/1903/3367 1684/1902/3368
s 5
f 1677/1894/3354 1678/1895/3353 1686/1904/3369 1685/1903/3370
s 6
f 1678/1895/3356 1679/1896/3355 1687/1905/3371 1686/1904/3372
s 7
f 1679/1896/3358 1680/1897/3357 1688/1906/3373 1687/1905/3374
s 8
f 1680/1897/3360 1673/1898/3359 1681/1907/3375 1688/1906/3376
s 1
f 1681/1899/3362 1682/1900/3361 1690/1909/3377 1689/1908/3378
s 2
f 1682/1900/3364 1683/1901/3363 1691/1910/3379 1690/1909/3380
s 3
f 1683/1901/3366 1684/1902/3365 1692/1911/3381 1691/1910/3382
s 4
f 1684/1902/3368 1685/1903/3367 1693/1912/3383 1692/1911/3384
s 5
f 1685/1903/3370 1686/1904/3369 1694/1913/3385 1693/1912/3386
s 6
f 1686/1904/3372 1687/1905/3371 1695/1914/3387 1694/1913/3388
s 7
f 1687/1905/3374 1688/1906/3373 1696/1915/3389 1695/1914/3390
s 8
f 1688/1906/3376 1681/1907/3375 1689/1916/3391 1696/1915/3392
s 1
f 1689/1908/3378 1690/1909/3377 1698/1918/3393 1697/1917/3394
s 2
f 1690/1909/3380 1691/1910/3379 1699/1919/3395 1698/1918/3396
s 3
f 1691/1910/3382 1692/1911/3381 1700/1920/3397 1699/1919/3398
s 4
f 1692/1911/3384 1693/1912/3383 1701/1921/3399 1700/1920/3400
s 5
f 1693/1912/3386 1694/1913/3385 1702/1922/3401 1701/1921/3402
s 6
f 1694/1913/3388 1695/1914/3387 1703/1923/3403 1702/1922/3404
s 7
f 1695/1914/3390 1696/1915/3389 1704/1924/3405 1703/1923/3406
s 8
f 1696/1915/3392 1689/1916/3391 1697/1925/3407 1704/1924/3408
s 1
f 1697/1917/3394 1698/1918/3393 1706/1927/3409 1705/1926/3410
s 2
f 1698/1918/3396 1699/1919/3395 1707/1928/3411 1706/1927/3412
s 3
f 1699/1919/3398 1700/1920/3397 1708/1929/3413 1707/1928/3414
s 4
f 1700/1920/3400 1701/1921/3399 1709/1930/3415 1708/1929/3416
s 5
f 1701/1921/3402 1702/1922/3401 1710/1931/3417 1709/1930/3418
s 6
f 1702/1922/3404 1703/1923/3403 1711/1932/3419 1710/1931/3420
s 7
f 1703/1923/3406 1704/1924/3405 1712/1933/3421 1711/1932/3422
s 8
f 1704/1924/3408 1697/1925/3407 1705/1934/3423 1712/1933/3424
s 1
f 1705/1926/3410 1706/1927/3409 1714/1936/3425 1713/1935/3426
s 2
f 1706/1927/3412 1707/1928/3411 1715/1937/3427 1714/1936/3428
s 3
f 1707/1928/3414 1708/1929/3413 1716/1938/3429 1715/1937/3430
s 4
f 1708/1929/3416 1709/1930/3415 1717/1939/3431 1716/1938/3432
s 5
f 1709/1930/3418 1710/1931/3417 1718/1940/3433 1717/1939/3434
s 6
f 1710/1931/3420 1711/1932/3419 1719/1941/3435 1718/1940/3436
s 7
f 1711/1932/3422 1712/1933/3421 1720/1942/3437 1719/1941/3438
s 8
f 1712/1933/3424 1705/1934/3423 1713/1943/3439 1720/1942/3440
s 1
f 1713/1935/3426 1714/1936/3425 1722/1945/3441 1721/1944/3442
s 2
f 1714/1936/3428 1715/1937/3427 1723/1946/3443 1722/1945/3444
s 3
f 1715/1937/3430 1716/1938/3429 1724/1947/3445 1723/1946/3446
s 4
f 1716/1938/3432 1717/1939/3431 1725/1948/3447 1724/1947/3448
s 5
f 1717/1939/3434 1718/1940/3433 1726/1949/3449 1725/1948/3450
s 6
f 1718/1940/3436 1719/1941/3435 1727/1950/3451 1726/1949/3452
s 7
f 1719/1941/3438 1720/1942/3437 1728/1951/3453 1727/1950/3454
s 8
f 1720/1942/3440 1713/1943/3439 1721/1952/3455 1728/1951/3456
s 1
f 1721/1944/3442 1722/1945/3441 1730/1954/3457 1729/1953/3458
s 2
f 1722/1945/3444 1723/1946/3443 1731/1955/3459 1730/1954/3460
s 3
f 1723/1946/3446 1724/1947/3445 1732/1956/3461 1731/1955/3462
s 4
f 1724/1947/3448 1725/1948/3447 1733/1957/3463 1732/1956/3464
s 5
f 1725/1948/3450 1726/1949/3449 1734/1958/3465 1733/1957/3466
s 6
f 1726/1949/3452 1727/1950/3451 1735/1959/3467 1734/1958/3468
s 7
f 1727/1950/3454 1728/1951/3453 1736/1960/3469 1735/1959/3470
s 8
f 1728/1951/3456 1721/1952/3455 1729/1961/3471 1736/1960/3472
s 1
f 1729/1953/3458 1730/1954/3457 1738/1963/3473 1737/1962/3474
s 2
f 1730/1954/3460 1731/1955/3459 1739/1964/3475 1738/1963/3476
s 3
f 1731/1955/3462 1732/1956/3461 1740/1965/3477 1739/1964/3478
s 4
f 1732/1956/3464 1733/1957/3463 1741/1966/3479 1740/1965/3480
s 5
f 1733/1957/3466 1734/1958/3465 1742/1967/3481 1741/1966/3482
s 6
f 1734/1958/3468 1735/1959/3467 1743/1968/3483 1742/1967/3484
s 7
f 1735/1959/3470 1736/1960/3469 1744/1969/3485 1743/1968/3486
s 8
f 1736/1960/3472 1729/1961/3471 1737/1970/3487 1744/1969/3488
s 1
f 1737/1962/3474 1738/1963/3473 1746/1972/3489 1745/1971/3490
s 2
f 1738/1963/3476 1739/1964/3475 1747/1973/3491 1746/1972/3492
s 3
f 1739/1964/3478 1740/1965/3477 1748/1974/3493 1747/1973/3494
s 4
f 1740/1965/3480 1741/1966/3479 1749/1975/3495 1748/1974/3496
s 5
f 1741/1966/3482 1742/1967/3481 1750/1976/3497 1749/1975/3498
s 6
f 1742/1967/3484 1743/1968/3483 1751/1977/3499 1750/1976/3500
s 7
f 1743/1968/3486 1744/1969/3485 1752/1978/3501 1751/1977/3502
s 8
f 1744/1969/3488 1737/1970/3487 1745/1979/3503 1752/1978/3504
s 1
f 1745/1971/3490 1746/1972/3489 1754/1981/3505 1753/1980/3506
s 2
f 1746/1972/3492 1747/1973/3491 1755/1982/3507 1754/1981/3508
s 3
f 1747/1973/3494 1748/1974/3493 1756/1983/3509 1755/1982/3510
s 4
f 1748/1974/3496 1749/1975/3495 1757/1984/3511 1756/1983/3512
s 5
f 1749/1975/3498 1750/1976/3497 1758/1985/3513 1757/1984/3514
s 6
f 1750/1976/3500 1751/1977/3499 1759/1986/3515 1758/1985/3516
s 7
f 1751/1977/3502 1752/1978/3501 1760/1987/3517 1759/1986/3518
s 8
f 1752/1978/3504 1745/1979/3503 1753/1988/3519 1760/1987/3520
s 1
f 1753/1980/3506 1754/1981/3505 1762/1990/3521 1761/1989/3522
s 2
f 1754/1981/3508 1755/1982/3507 1763/1991/3523 1762/1990/3524
s 3
f 1755/1982/3510 1756/1983/3509 1764/1992/3525 1763/1991/3526
s 4
f 1756/1983/3512 1757/1984/3511 1765/1993/3527 1764/1992/3528
s 5
f 1757/1984/3514 1758/1985/3513 1766/1994/3529 1765/1993/3530
s 6
f 1758/1985/3516 1759/1986/3515 1767/1995/3531 1766/1994/3532
s 7
f 1759/1986/3518 1760/1987/3517 1768/1996/3533 1767/1995/3534
s 8
f 1760/1987/3520 1753/1988/3519 1761/1997/3535 1768/1996/3536
s 1
f 1761/1989/3522 1762/1990/3521 1770/1999/3537 1769/1998/3538
s 2
f 1762/1990/3524 1763/1991/3523 1771/2000/3539 1770/1999/3540
s 3
f 1763/1991/3526 1764/1992/3525 1772/2001/3541 1771/2000/3542
s 4
f 1764/1992/3528 1765/1993/3527 1773/2002/3543 1772/2001/3544
s 5
f 1765/1993/3530 1766/1994/3529 1774/2003/3545 1773/2002/3546
s 6
f 1766/1994/3532 1767/1995/3531 1775/2004/3547 1774/2003/3548
s 7
f 1767/1995/3534 1768/1996/3533 1776/2005/3549 1775/2004/3550
s 8
f 1768/1996/3536 1761/1997/3535 1769/2006/3551 1776/2005/3552
s 1
f 1769/1998/3538 1770/1999/3537 1778/2008/3553 1777/2007/3554
s 2
f 1770/1999/3540 1771/2000/3539 1779/2009/3555 1778/2008/3556
s 3
f 1771/2000/3542 1772/2001/3541 1780/2010/3557 1779/2009/3558
s 4
f 1772/2001/3544 1773/2002/3543 1781/2011/3559 1780/2010/3560
s 5
f 1773/2002/3546 1774/2003/3545 1782/2012/3561 1781/2011/3562
s 6
f 1774/2003/3548 1775/2004/3547 1783/2013/3563 1782/2012/3564
s 7
f 1775/2004/3550 1776/2005/3549 1784/2014/3565 1783/2013/3566
s 8
f 1776/2005/3552 1769/2006/3551 1777/2015/3567 1784/2014/3568
s 1
f 1777/2007/3554 1778/2008/3553 1786/2017/3569 1785/2016/3570
s 2
f 1778/2008/3556 1779/2009/3555 1787/2018/3571 1786/2017/3572
s 3
f 1779/2009/3558 1780/2010/3557 1788/2019/3573 1787/2018/3574
s 4
f 1780/2010/3560 1781/2011/3559 1789/2020/3575 1788/2019/3576
s 5
f 1781/2011/3562 1782/2012/3561 1790/2021/3577 1789/2020/3578
s 6
f 1782/2012/3564 1783/2013/3563 1791/2022/3579 1790/2021/3580
s 7
f 1783/2013/3566 1784/2014/3565 1792/2023/3581 1791/2022/3582
s 8
f 1784/2014/3568 1777/2015/3567 1785/2024/3583 1792/2023/3584
s 1
f 1785/2016/3570 1786/2017/3569 1794/2026/3585 1793/2025/3586
s 2
f 1786/2017/3572 1787/2018/3571 1795/2027/3587 1794/2026/3588
s 3
f 1787/2018/3574 1788/2019/3573 1796/2028/3589 1795/2027/3590
s 4
f 1788/2019/3576 1789/2020/3575 1797/2029/3591 1796/2028/3592
s 5
f 1789/2020/3578 1790/2021/3577 1798/2030/3593 1797/2029/3594
s 6
f 1790/2021/3580 1791/2022/3579 1799/2031/3595 1798/2030/3596
s 7
f 1791/2022/3582 1792/2023/3581 1800/2032/3597 1799/2031/3598
s 8
f 1792/2023/3584 1785/2024/3583 1793/2033/3599 1800/2032/3600
s 1
f 1793/2025/3586 1794/2026/3585 1802/2035/3601 1801/2034/3602
s 2
f 1794/2026/3588 1795/2027/3587 1803/2036/3603 1802/2035/3604
s 3
f 1795/2027/3590 1796/2028/3589 1804/2037/3605 1803/2036/3606
s 4
f 1796/2028/3592 1797/2029/3591 1805/2038/3607 1804/2037/3608
s 5
f 1797/2029/3594 1798/2030/3593 1806/2039/3609 1805/2038/3610
s 6
f 1798/2030/3596 1799/2031/3595 1807/2040/3611 1806/2039/3612
s 7
f 1799/2031/3598 1800/2032/3597 1808/2041/3613 1807/2040/3614
s 8
f 1800/2032/3600 1793/2033/3599 1801/2042/3615 1808/2041/3616
s 1
f 1801/2034/3602 1802/2035/3601 1810/2044/3617 1809/2043/3618
s 2
f 1802/2035/3604 1803/2036/3603 1811/2045/3619 1810/2044/3620
s 3
f 1803/2036/3606 1804/2037/3605 1812/2046/3621 1811/2045/3622
s 4
f 1804/2037/3608 1805/2038/3607 1813/2047/3623 1812/2046/3624
s 5
f 1805/2038/3610 1806/2039/3609 1814/2048/3625 1813/2047/3626
s 6
f 1806/2039/3612 1807/2040/3611 1815/2049/3627 1814/2048/3628
s 7
f 1807/2040/3614 1808/2041/3613 1816/2050/3629 1815/2049/3630
s 8
f 1808/2041/3616 1801/2042/3615 1809/2051/3631 1816/2050/3632
s 1
f 1809/2043/3618 1810/2044/3617 1818/2053/3633 1817/2052/3634
s 2
f 1810/2044/3620 1811/2045/3619 1819/2054/3635 1818/2053/3636
s 3
f 1811/2045/3622 1812/2046/3621 1820/2055/3637 1819/2054/3638
s 4
f 1812/2046/3624 1813/2047/3623 1821/2056/3639 1820/2055/3640
s 5
f 1813/2047/3626 1814/2048/3625 1822/2057/3641 1821/2056/3642
s 6
f 1814/2048/3628 1815/2049/3627 1823/2058/3643 1822/2057/3644
s 7
f 1815/2049/3630 1816/2050/3629 1824/2059/3645 1823/2058/3646
s 8
f 1816/2050/3632 1809/2051/3631 1817/2060/3647 1824/2059/3648
s 1
f 1817/2052/3634 1818/2053/3633 1826/2062/3649 1825/2061/3650
s 2
f 1818/2053/3636 1819/2054/3635 1827/2063/3651 1826/2062/3652
s 3
f 1819/2054/3638 1820/2055/3637 1828/2064/3653 1827/2063/3654
s 4
f 1820/2055/3640 1821/2056/3639 1829/2065/3655 1828/2064/3656
s 5
f 1821/2056/3642 1822/2057/3641 1830/2066/3657 1829/2065/3658
s 6
f 1822/2057/3644 1823/2058/3643 1831/2067/3659 1830/2066/3660
s 7
f 1823/2058/3646 1824/2059/3645 1832/2068/3661 1831/2067/3662
s 8
f 1824/2059/3648 1817/2060/3647 1825/2069/3663 1832/2068/3664
s 1
f 1825/2061/3650 1826/2062/3649 1834/2071/3665 1833/2070/3666
s 2
f 1826/2062/3652 1827/2063/3651 1835/2072/3667 1834/2071/3668
s 3
f 1827/2063/3654 1828/2064/3653 1836/2073/3669 1835/2072/3670
s 4
f 1828/2064/3656 1829/2065/3655 1837/2074/3671 1836/2073/3672
s 5
f 1829/2065/3658 1830/2066/3657 1838/2075/3673 1837/2074/3674
s 6
f 1830/2066/3660 1831/2067/3659 1839/2076/3675 1838/2075/3676
s 7
f 1831/2067/3662 1832/2068/3661 1840/2077/3677 1839/2076/3678
s 8
f 1832/2068/3664 1825/2069/3663 1833/2078/3679 1840/2077/3680
s 1
f 1833/2070/3666 1834/2071/3665 1842/2080/3681 1841/2079/3682
s 2
f 1834/2071/3668 1835/2072/3667 1843/2081/3683 1842/2080/3684
s 3
f 1835/2072/3670 1836/2073/3669 1844/2082/3685 1843/2081/3686
s 4
f 1836/2073/3672 1837/2074/3671 1845/2083/3687 1844/2082/3688
s 5
f 1837/2074/3674 1838/2075/3673 1846/2084/3689 1845/2083/3690
s 6
f 1838/2075/3676 1839/2076/3675 1847/2085/3691 1846/2084/3692
s 7
f 1839/2076/3678 1840/2077/3677 1848/2086/3693 1847/2085/3694
s 8
f 1840/2077/3680 1833/2078/3679 1841/2087/3695 1848/2086/3696
s 1
f 1841/2079/3682 1842/2080/3681 1850/2089/3697 1849/2088/3698
s 2
f 1842/2080/3684 1843/2081/3683 1851/2090/3699 1850/2089/3700
s 3
f 1843/2081/3686 1844/2082/3685 1852/2091/3701 1851/2090/3702
s 4
f 1844/2082/3688 1845/2083/3687 1853/2092/3703 1852/2091/3704
s 5
f 1845/2083/3690 1846/2084/3689 1854/2093/3705 1853/2092/3706
s 6
f 1846/2084/3692 1847/2085/3691 1855/2094/3707 1854/2093/3708
s 7
f 1847/2085/3694 1848/2086/3693 1856/2095/3709 1855/2094/3710
s 8
f 1848/2086/3696 1841/2087/3695 1849/2096/3711 1856/2095/3712
s 1
f 1849/2088/3698 1850/2089/3697 1858/2098/3713 1857/2097/3714
s 2
f 1850/2089/3700 1851/2090/3699 1859/2099/3715 1858/2098/3716
s 3
f 1851/2090/3702 1852/2091/3701 1860/2100/3717 1859/2099/3718
s 4
f 1852/2091/3704 1853/2092/3703 1861/2101/3719 1860/2100/3720
s 5
f 1853/2092/3706 1854/2093/3705 1862/2102/3721 1861/2101/3722
s 6
f 1854/2093/3708 1855/2094/3707 1863/2103/3723 1862/2102/3724
s 7
f 1855/2094/3710 1856/2095/3709 1864/2104/3725 1863/2103/3726
s 8
f 1856/2095/3712 1849/2096/3711 1857/2105/3727 1864/2104/3728
s 1
f 1857/2097/3714 1858/2098/3713 1866/2107/3729 1865/2106/3730
s 2
f 1858/2098/3716 1859/2099/3715 1867/2108/3731 1866/2107/3732
s 3
f 1859/2099/3718 1860/2100/3717 1868/2109/3733 1867/2108/3734
s 4
f 1860/2100/3720 1861/2101/3719 1869/2110/3735 1868/2109/3736
s 5
f 1861/2101/3722 1862/2102/3721 1870/2111/3737 1869/2110/3738
s 6
f 1862/2102/3724 1863/2103/3723 1871/2112/3739 1870/2111/3740
s 7
f 1863/2103/3726 1864/2104/3725 1872/2113/3741 1871/2112/3742
s 8
f 1864/2104/3728 1857/2105/3727 1865/2114/3743 1872/2113/3744
s 1
f 1865/2106/3730 1866/2107/3729 1874/2116/3745 1873/2115/3746
s 2
f 1866/2107/3732 1867/2108/3731 1875/2117/3747 1874/2116/3748
s 3
f 1867/2108/3734 1868/2109/3733 1876/2118/3749 1875/2117/3750
s 4
f 1868/2109/3736 1869/2110/3735 1877/2119/3751 1876/2118/3752
s 5
f 1869/2110/3738 1870/2111/3737 1878/2120/3753 1877/2119/3754
s 6
f 1870/2111/3740 1871/2112/3739 1879/2121/3755 1878/2120/3756
s 7
f 1871/2112/3742 1872/2113/3741 1880/2122/3757 1879/2121/3758
s 8
f 1872/2113/3744 1865/2114/3743 1873/2123/3759 1880/2122/3760
s 1
f 1873/2115/3746 1874/2116/3745 1882/2125/3761 1881/2124/3762
s 2
f 1874/2116/3748 1875/2117/3747 1883/2126/3763 1882/2125/3764
s 3
f 1875/2117/3750 1876/2118/3749 1884/2127/3765 1883/2126/3766
s 4
f 1876/2118/3752 1877/2119/3751 1885/2128/3767 1884/2127/3768
s 5
f 1877/2119/3754 1878/2120/3753 1886/2129/3769 1885/2128/3770
s 6
f 1878/2120/3756 1879/2121/3755 1887/2130/3771 1886/2129/3772
s 7
f 1879/2121/3758 1880/2122/3757 1888/2131/3773 1887/2130/3774
s 8
f 1880/2122/3760 1873/2123/3759 1881/2132/3775 1888/2131/3776
s 1
f 1881/2124/3762 1882/2125/3761 1890/2134/3777 1889/2133/3778
s 2
f 1882/2125/3764 1883/2126/3763 1891/2135/3779 1890/2134/3780
s 3
f 1883/2126/3766 1884/2127/3765 1892/2136/3781 1891/2135/3782
s 4
f 1884/2127/3768 1885/2128/3767 1893/2137/3783 1892/2136/3784
s 5
f 1885/2128/3770 1886/2129/3769 1894/2138/3785 1893/2137/3786
s 6
f 1886/2129/3772 1887/2130/3771 1895/2139/3787 1894/2138/3788
s 7
f 1887/2130/3774 1888/2131/3773 1896/2140/3789 1895/2139/3790
s 8
f 1888/2131/3776 1881/2132/3775 1889/2141/3791 1896/2140/3792
s 1
f 1889/2133/3778 1890/2134/3777 1898/2143/3793 1897/2142/3794
s 2
f 1890/2134/3780 1891/2135/3779 1899/2144/3795 1898/2143/3796
s 3
f 1891/2135/3782 1892/2136/3781 1900/2145/3797 1899/2144/3798
s 4
f 1892/2136/3784 1893/2137/3783 1901/2146/3799 1900/2145/3800
s 5
f 1893/2137/3786 1894/2138/3785 1902/2147/3801 1901/2146/3802
s 6
f 1894/2138/3788 1895/2139/3787 1903/2148/3803 1902/2147/3804
s 7
f 1895/2139/3790 1896/2140/3789 1904/2149/3805 1903/2148/3806
s 8
f 1896/2140/3792 1889/2141/3791 1897/2150/3807 1904/2149/3808
s 1
f 1897/2142/3794 1898/2143/3793 1906/2152/3809 1905/2151/3810
s 2
f 1898/2143/3796 1899/2144/3795 1907/2153/3811 1906/2152/3812
s 3
f 1899/2144/3798 1900/2145/3797 1908/2154/3813 1907/2153/3814
s 4
f 1900/2145/3800 1901/2146/3799 1909/2155/3815 1908/2154/3816
s 5
f 1901/2146/3802 1902/2147/3801 1910/2156/3817 1909/2155/3818
s 6
f 1902/2147/3804 1903/2148/3803 1911/2157/3819 1910/2156/3820
s 7
f 1903/2148/3806 1904/2149/3805 1912/2158/3821 1911/2157/3822
s 8
f 1904/2149/3808 1897/2150/3807 1905/2159/3823 1912/2158/3824
s 1
f 1905/2151/3810 1906/2152/3809 1914/2161/3825 1913/2160/3826
s 2
f 1906/2152/3812 1907/2153/3811 1915/2162/3827 1914/2161/3828
s 3
f 1907/2153/3814 1908/2154/3813 1916/2163/3829 1915/2162/3830
s 4
f 1908/2154/3816 1909/2155/3815 1917/2164/3831 1916/2163/3832
s 5
f 1909/2155/3818 1910/2156/3817 1918/2165/3833 1917/2164/3834
s 6
f 1910/2156/3820 1911/2157/3819 1919/2166/3835 1918/2165/3836
s 7
f 1911/2157/3822 1912/2158/3821 1920/2167/3837 1919/2166/3838
s 8
f 1912/2158/3824 1905/2159/3823 1913/2168/3839 1920/2167/3840
s 1
f 1913/2160/3826 1914/2161/3825 1922/2170/3841 1921/2169/3842
s 2
f 1914/2161/3828 1915/2162/3827 1923/2171/3843 1922/2170/3844
s 3
f 1915/2162/3830 1916/2163/3829 1924/2172/3845 1923/2171/3846
s 4
f 1916/2163/3832 1917/2164/3831 1925/2173/3847 1924/2172/3848
s 5
f 1917/2164/3834 1918/2165/3833 1926/2174/3849 1925/2173/3850
s 6
f 1918/2165/3836 1919/2166/3835 1927/2175/3851 1926/2174/3852
s 7
f 1919/2166/3838 1920/2167/3837 1928/2176/3853 1927/2175/3854
s 8
f 1920/2167/3840 1913/2168/3839 1921/2177/3855 1928/2176/3856
s 1
f 1921/2169/3842 1922/2170/3841 1930/2179/3857 1929/2178/3858
s 2
f 1922/2170/3844 1923/2171/3843 1931/2180/3859 1930/2179/3860
s 3
f 1923/2171/3846 1924/2172/3845 1932/2181/3861 1931/2180/3862
s 4
f 1924/2172/3848 1925/2173/3847 1933/2182/3863 1932/2181/3864
s 5
f 1925/2173/3850 1926/2174/3849 1934/2183/3865 1933/2182/3866
s 6
f 1926/2174/3852 1927/2175/3851 1935/2184/3867 1934/2183/3868
s 7
f 1927/2175/3854 1928/2176/3853 1936/2185/3869 1935/2184/3870
s 8
f 1928/2176/3856 1921/2177/3855 1929/2186/3871 1936/2185/3872
s 1
f 1929/2178/3858 1930/2179/3857 1938/2188/3873 1937/2187/3874
s 2
f 1930/2179/3860 1931/2180/3859 1939/2189/3875 1938/2188/3876
s 3
f 1931/2180/3862 1932/2181/3861 1940/2190/3877 1939/2189/3878
s 4
f 1932/2181/3864 1933/2182/3863 1941/2191/3879 1940/2190/3880
s 5
f 1933/2182/3866 1934/2183/3865 1942/2192/3881 1941/2191/3882
s 6
f 1934/2183/3868 1935/2184/3867 1943/2193/3883 1942/2192/3884
s 7
f 1935/2184/3870 1936/2185/3869 1944/2194/3885 1943/2193/3886
s 8
f 1936/2185/3872 1929/2186/3871 1937/2195/3887 1944/2194/3888
s 1
f 1937/2187/3874 1938/2188/3873 1946/2197/3889 1945/2196/3890
s 2
f 1938/2188/3876 1939/2189/3875 1947/2198/3891 1946/2197/3892
s 3
f 1939/2189/3878 1940/2190/3877 1948/2199/3893 1947/2198/3894
s 4
f 1940/2190/3880 1941/2191/3879 1949/2200/3895 1948/2199/3896
s 5
f 1941/2191/3882 1942/2192/3881 1950/2201/3897 1949/2200/3898
s 6
f 1942/2192/3884 1943/2193/3883 1951/2202/3899 1950/2201/3900
s 7
f 1943/2193/3886 1944/2194/3885 1952/2203/3901 1951/2202/3902
s 8
f 1944/2194/3888 1937/2195/3887 1945/2204/3903 1952/2203/3904
s 1
f 1945/2196/3890 1946/2197/3889 1954/2206/3905 1953/2205/3906
s 2
f 1946/2197/3892 1947/2198/3891 1955/2207/3907 1954/2206/3908
s 3
f 1947/2198/3894 1948/2199/3893 1956/2208/3909 1955/2207/3910
s 4
f 1948/2199/3896 1949/2200/3895 1957/2209/3911 1956/2208/3912
s 5
f 1949/2200/3898 1950/2201/3897 1958/2210/3913 1957/2209/3914
s 6
f 1950/2201/3900 1951/2202/3899 1959/2211/3915 1958/2210/3916
s 7
f 1951/2202/3902 1952/2203/3901 1960/2212/3917 1959/2211/3918
s 8
f 1952/2203/3904 1945/2204/3903 1953/2213/3919 1960/2212/3920
s 1
f 1953/2205/3906 1954/2206/3905 1962/2215/3921 1961/2214/3922
s 2
f 1954/2206/3908 1955/2207/3907 1963/2216/3923 1962/2215/3924
s 3
f 1955/2207/3910 1956/2208/3909 1964/2217/3925 1963/2216/3926
s 4
f 1956/2208/3912 1957/2209/3911 1965/2218/3927 1964/2217/3928
s 5
f 1957/2209/3914 1958/2210/3913 1966/2219/3929 1965/2218/3930
s 6
f 1958/2210/3916 1959/2211/3915 1967/2220/3931 1966/2219/3932
s 7
f 1959/2211/3918 1960/2212/3917 1968/2221/3933 1967/2220/3934
s 8
f 1960/2212/3920 1953/2213/3919 1961/2222/3935 1968/2221/3936
s 1
f 1961/2214/3922 1962/2215/3921 1970/2224/3937 1969/2223/3938
s 2
f 1962/2215/3924 1963/2216/3923 1971/2225/3939 1970/2224/3940
s 3
f 1963/2216/3926 1964/2217/3925 1972/2226/3941 1971/2225/3942
s 4
f 1964/2217/3928 1965/2218/3927 1973/2227/3943 1972/2226/3944
s 5
f 1965/2218/3930 1966/2219/3929 1974/2228/3945 1973/2227/3946
s 6
f 1966/2219/3932 1967/2220/3931 1975/2229/3947 1974/2228/3948
s 7
f 1967/2220/3934 1968/2221/3933 1976/2230/3949 1975/2229/3950
s 8
f 1968/2221/3936 1961/2222/3935 1969/2231/3951 1976/2230/3952
s 1
f 1969/2223/3938 1970/2224/3937 1978/2233/3953 1977/2232/3954
s 2
f 1970/2224/3940 1971/2225/3939 1979/2234/3955 1978/2233/3956
s 3
f 1971/2225/3942 1972/2226/3941 1980/2235/3957 1979/2234/3958
s 4
f 1972/2226/3944 1973/2227/3943 1981/2236/3959 1980/2235/3960
s 5
f 1973/2227/3946 1974/2228/3945 1982/2237/3961 1981/2236/3962
s 6
f 1974/2228/3948 1975/2229/3947 1983/2238/3963 1982/2237/3964
s 7
f 1975/2229/3950 1976/2230/3949 1984/2239/3965 1983/2238/3966
s 8
f 1976/2230/3952 1969/2231/3951 1977/2240/3967 1984/2239/3968
s 1
f 1977/2232/3954 1978/2233/3953 1986/2242/3969 1985/2241/3970
s 2
f 1978/2233/3956 1979/2234/3955 1987/2243/3971 1986/2242/3972
s 3
f 1979/2234/3958 1980/2235/3957 1988/2244/3973 1987/2243/3974
s 4
f 1980/2235/3960 1981/2236/3959 1989/2245/3975 1988/2244/3976
s 5
f 1981/2236/3962 1982/2237/3961 1990/2246/3977 1989/2245/3978
s 6
f 1982/2237/3964 1983/2238/3963 1991/2247/3979 1990/2246/3980
s 7
f 1983/2238/3966 1984/2239/3965 1992/2248/3981 1991/2247/3982
s 8
f 1984/2239/3968 1977/2240/3967 1985/2249/3983 1992/2248/3984
s 1
f 1985/2241/3970 1986/2242/3969 1994/2251/3985 1993/2250/3986
s 2
f 1986/2242/3972 1987/2243/3971 1995/2252/3987 1994/2251/3988
s 3
f 1987/2243/3974 1988/2244/3973 1996/2253/3989 1995/2252/3990
s 4
f 1988/2244/3976 1989/2245/3975 1997/2254/3991 1996/2253/3992
s 5
f 1989/2245/3978 1990/2246/3977 1998/2255/3993 1997/2254/3994
s 6
f 1990/2246/3980 1991/2247/3979 1999/2256/3995 1998/2255/3996
s 7
f 1991/2247/3982 1992/2248/3981 2000/2257/3997 1999/2256/3998
s 8
f 1992/2248/3984 1985/2249/3983 1993/2258/3999 2000/2257/4000
s 1
f 1993/2250/3986 1994/2251/3985 2002/2260/4001 2001/2259/4002
s 2
f 1994/2251/3988 1995/2252/3987 2003/2261/4003 2002/2260/4004
s 3
f 1995/2252/3990 1996/2253/3989 2004/2262/4005 2003/2261/4006
s 4
f 1996/2253/3992 1997/2254/3991 2005/2263/4007 2004/2262/4008
s 5
f 1997/2254/3994 1998/2255/3993 2006/2264/4009 2005/2263/4010
s 6
f 1998/2255/3996 1999/2256/3995 2007/2265/4011 2006/2264/4012
s 7
f 1999/2256/3998 2000/2257/3997 2008/2266/4013 2007/2265/4014
s 8
f 2000/2257/4000 1993/2258/3999 2001/2267/4015 2008/2266/4016
s 1
f 2001/2259/4002 2002/2260/4001 2010/2269/4017 2009/2268/4018
s 2
f 2002/2260/4004 2003/2261/4003 2011/2270/4019 2010/2269/4020
s 3
f 2003/2261/4006 2004/2262/4005 2012/2271/4021 2011/2270/4022
s 4
f 2004/2262/4008 2005/2263/4007 2013/2272/4023 2012/2271/4024
s 5
f 2005/2263/4010 2006/2264/4009 2014/2273/4025 2013/2272/4026
s 6
f 2006/2264/4012 2007/2265/4011 2015/2274/4027 2014/2273/4028
s 7
f 2007/2265/4014 2008/2266/4013 2016/2275/4029 2015/2274/4030
s 8
f 2008/2266/4016 2001/2267/4015 2009/2276/4031 2016/2275/4032
s 1
f 2009/2268/4018 2010/2269/4017 2018/2278/4033 2017/2277/4034
s 2
f 2010/2269/4020 2011/2270/4019 2019/2279/4035 2018/2278/4036
s 3
f 2011/2270/4022 2012/2271/4021 2020/2280/4037 2019/2279/4038
s 4
f 2012/2271/4024 2013/2272/4023 2021/2281/4039 2020/2280/4040
s 5
f 2013/2272/4026 2014/2273/4025 2022/2282/4041 2021/2281/4042
s 6
f 2014/2273/4028 2015/2274/4027 2023/2283/4043 2022/2282/4044
s 7
f 2015/2274/4030 2016/2275/4029 2024/2284/4045 2023/2283/4046
s 8
f 2016/2275/4032 2009/2276/4031 2017/2285/4047 2024/2284/4048
s 1
f 2017/2277/4034 2018/2278/4033 2026/2287/4049 2025/2286/4050
s 2
f 2018/2278/4036 2019/2279/4035 2027/2288/4051 2026/2287/4052
s 3
f 2019/2279/4038 2020/2280/4037 2028/2289/4053 2027/2288/4054
s 4
f 2020/2280/4040 2021/2281/4039 2029/2290/4055 2028/2289/4056
s 5
f 2021/2281/4042 2022/2282/4041 2030/2291/4057 2029/2290/4058
s 6
f 2022/2282/4044 2023/2283/4043 2031/2292/4059 2030/2291/4060
s 7
f 2023/2283/4046 2024/2284/4045 2032/2293/4061 2031/2292/4062
s 8
f 2024/2284/4048 2017/2285/4047 2025/2294/4063 2032/2293/4064
s 1
f 2025/2286/4050 2026/2287/4049 2034/2296/4065 2033/2295/4066
s 2
f 2026/2287/4052 2027/2288/4051 2035/2297/4067 2034/2296/4068
s 3
f 2027/2288/4054 2028/2289/4053 2036/2298/4069 2035/2297/4070
s 4
f 2028/2289/4056 2029/2290/4055 2037/2299/4071 2036/2298/4072
s 5
f 2029/2290/4058 2030/2291/4057 2038/2300/4073 2037/2299/4074
s 6
f 2030/2291/4060 2031/2292/4059 2039/2301/4075 2038/2300/4076
s 7
f 2031/2292/4062 2032/2293/4061 2040/2302/4077 2039/2301/4078
s 8
f 2032/2293/4064 2025/2294/4063 2033/2303/4079 2040/2302/4080
s 1
f 2033/2295/4066 2034/2296/4065 2042/2305/4081 2041/2304/4082
s 2
f 2034/2296/4068 2035/2297/4067 2043/2306/4083 2042/2305/4084
s 3
f 2035/2297/4070 2036/2298/4069 2044/2307/4085 2043/2306/4086
s 4
f 2036/2298/4072 2037/2299/4071 2045/2308/4087 2044/2307/4088
s 5
f 2037/2299/4074 2038/2300/4073 2046/2309/4089 2045/2308/4090
s 6
f 2038/2300/4076 2039/2301/4075 2047/2310/4091 2046/2309/4092
s 7
f 2039/2301/4078 2040/2302/4077 2048/2311/4093 2047/2310/4094
s 8
f 2040/2302/4080 2033/2303/4079 2041/2312/4095 2048/2311/4096
s 1
f 2041/2304/4082 2042/2305/4081 2050/2314/4097 2049/2313/4098
s 2
f 2042/2305/4084 2043/2306/4083 2051/2315/4099 2050/2314/4100
s 3
f 2043/2306/4086 2044/2307/4085 2052/2316/4101 2051/2315/4102
s 4
f 2044/2307/4088 2045/2308/4087 2053/2317/4103 2052/2316/4104
s 5
f 2045/2308/4090 2046/2309/4089 2054/2318/4105 2053/2317/4106
s 6
f 2046/2309/4092 2047/2310/4091 2055/2319/4107 2054/2318/4108
s 7
f 2047/2310/4094 2048/2311/4093 2056/2320/4109 2055/2319/4110
s 8
f 2048/2311/4096 2041/2312/4095 2049/2321/4111 2056/2320/4112
s 1
f 2049/2313/4098 2050/2314/4097 2058/2323/4113 2057/2322/4114
s 2
f 2050/2314/4100 2051/2315/4099 2059/2324/4115 2058/2323/4116
s 3
f 2051/2315/4102 2052/2316/4101 2060/2325/4117 2059/2324/4118
s 4
f 2052/2316/4104 2053/2317/4103 2061/2326/4119 2060/2325/4120
s 5
f 2053/2317/4106 2054/2318/4105 2062/2327/4121 2061/2326/4122
s 6
f 2054/2318/4108 2055/2319/4107 2063/2328/4123 2062/2327/4124
s 7
f 2055/2319/4110 2056/2320/4109 2064/2329/4125 2063/2328/4126
s 8
f 2056/2320/4112 2049/2321/4111 2057/2330/4127 2064/2329/4128
s 1
f 2057/2322/4114 2058/2323/4113 2066/2332/4129 2065/2331/4130
s 2
f 2058/2323/4116 2059/2324/4115 2067/2333/4131 2066/2332/4132
s 3
f 2059/2324/4118 2060/2325/4117 2068/2334/4133 2067/2333/4134
s 4
f 2060/2325/4120 2061/2326/4119 2069/2335/4135 2068/2334/4136
s 5
f 2061/2326/4122 2062/2327/4121 2070/2336/4137 2069/2335/4138
s 6
f 2062/2327/4124 2063/2328/4123 2071/2337/4139 2070/2336/4140
s 7
f 2063/2328/4126 2064/2329/4125 2072/2338/4141 2071/2337/4142
s 8
f 2064/2329/4128 2057/2330/4127 2065/2339/4143 2072/2338/4144
s 1
f 2065/2331/4130 2066/2332/4129 2074/2341/4145 2073/2340/4146
s 2
f 2066/2332/4132 2067/2333/4131 2075/2342/4147 2074/2341/4148
s 3
f 2067/2333/4134 2068/2334/4133 2076/2343/4149 2075/2342/4150
s 4
f 2068/2334/4136 2069/2335/4135 2077/2344/4151 2076/2343/4152
s 5
f 2069/2335/4138 2070/2336/4137 2078/2345/4153 2077/2344/4154
s 6
f 2070/2336/4140 2071/2337/4139 2079/2346/4155 2078/2345/4156
s 7
f 2071/2337/4142 2072/2338/4141 2080/2347/4157 2079/2346/4158
s 8
f 2072/2338/4144 2065/2339/4143 2073/2348/4159 2080/2347/4160
s 1
f 2073/2340/4146 2074/2341/4145 2082/2350/4161 2081/2349/4162
s 2
f 2074/2341/4148 2075/2342/4147 2083/2351/4163 2082/2350/4164
s 3
f 2075/2342/4150 2076/2343/4149 2084/2352/4165 2083/2351/4166
s 4
f 2076/2343/4152 2077/2344/4151 2085/2353/4167 2084/2352/4168
s 5
f 2077/2344/4154 2078/2345/4153 2086/2354/4169 2085/2353/4170
s 6
f 2078/2345/4156 2079/2346/4155 2087/2355/4171 2086/2354/4172
s 7
f 2079/2346/4158 2080/2347/4157 2088/2356/4173 2087/2355/4174
s 8
f 2080/2347/4160 2073/2348/4159 2081/2357/4175 2088/2356/4176
s 1
f 2081/2349/4162 2082/2350/4161 2090/2359/4177 2089/2358/4178
s 2
f 2082/2350/4164 2083/2351/4163 2091/2360/4179 2090/2359/4180
s 3
f 2083/2351/4166 2084/2352/4165 2092/2361/4181 2091/2360/4182
s 4
f 2084/2352/4168 2085/2353/4167 2093/2362/4183 2092/2361/4184
s 5
f 2085/2353/4170 2086/2354/4169 2094/2363/4185 2093/2362/4186
s 6
f 2086/2354/4172 2087/2355/4171 2095/2364/4187 2094/2363/4188
s 7
f 2087/2355/4174 2088/2356/4173 2096/2365/4189 2095/2364/4190
s 8
f 2088/2356/4176 2081/2357/4175 2089/2366/4191 2096/2365/4192
s 1
f 2089/2358/4178 2090/2359/4177 2098/2368/4193 2097/2367/4194
s 2
f 2090/2359/4180 2091/2360/4179 2099/2369/4195 2098/2368/4196
s 3
f 2091/2360/4182 2092/2361/4181 2100/2370/4197 2099/2369/4198
s 4
f 2092/2361/4184 2093/2362/4183 2101/2371/4199 2100/2370/4200
s 5
f 2093/2362/4186 2094/2363/4185 2102/2372/4201 2101/2371/4202
s 6
f 2094/2363/4188 2095/2364/4187 2103/2373/4203 2102/2372/4204
s 7
f 2095/2364/4190 2096/2365/4189 2104/2374/4205 2103/2373/4206
s 8
f 2096/2365/4192 2089/2366/4191 2097/2375/4207 2104/2374/4208
s 1
f 2097/2367/4194 2098/2368/4193 2106/2377/4209 2105/2376/4210
s 2
f 2098/2368/4196 2099/2369/4195 2107/2378/4211 2106/2377/4212
s 3
f 2099/2369/4198 2100/2370/4197 2108/2379/4213 2107/2378/4214
s 4
f 2100/2370/4200 2101/2371/4199 2109/2380/4215 2108/2379/4216
s 5
f 2101/2371/4202 2102/2372/4201 2110/2381/4217 2109/2380/4218
s 6
f 2102/2372/4204 2103/2373/4203 2111/2382/4219 2110/2381/4220
s 7
f 2103/2373/4206 2104/2374/4205 2112/2383/4221 2111/2382/4222
s 8
f 2104/2374/4208 2097/2375/4207 2105/2384/4223 2112/2383/4224
s 1
f 2105/2376/4210 2106/2377/4209 2114/2386/4225 2113/2385/4226
s 2
f 2106/2377/4212 2107/2378/4211 2115/2387/4227 2114/2386/4228
s 3
f 2107/2378/4214 2108/2379/4213 2116/2388/4229 2115/2387/4230
s 4
f 2108/2379/4216 2109/2380/4215 2117/2389/4231 2116/2388/4232
s 5
f 2109/2380/4218 2110/2381/4217 2118/2390/4233 2117/2389/4234
s 6
f 2110/2381/4220 2111/2382/4219 2119/2391/4235 2118/2390/4236
s 7
f 2111/2382/4222 2112/2383/4221 2120/2392/4237 2119/2391/4238
s 8
f 2112/2383/4224 2105/2384/4223 2113/2393/4239 2120/2392/4240
s 1
f 2113/2385/4226 2114/2386/4225 2122/2395/4241 2121/2394/4242
s 2
f 2114/2386/4228 2115/2387/4227 2123/2396/4243 2122/2395/4244
s 3
f 2115/2387/4230 2116/2388/4229 2124/2397/4245 2123/2396/4246
s 4
f 2116/2388/4232 2117/2389/4231 2125/2398/4247 2124/2397/4248
s 5
f 2117/2389/4234 2118/2390/4233 2126/2399/4249 2125/2398/4250
s 6
f 2118/2390/4236 2119/2391/4235 2127/2400/4251 2126/2399/4252
s 7
f 2119/2391/4238 2120/2392/4237 2128/2401/4253 2127/2400/4254
s 8
f 2120/2392/4240 2113/2393/4239 2121/2402/4255 2128/2401/4256
s 1
f 2121/2394/4242 2122/2395/4241 2130/2404/4257 2129/2403/4258
s 2
f 2122/2395/4244 2123/2396/4243 2131/2405/4259 2130/2404/4260
s 3
f 2123/2396/4246 2124/2397/4245 2132/2406/4261 2131/2405/4262
s 4
f 2124/2397/4248 2125/2398/4247 2133/2407/4263 2132/2406/4264
s 5
f 2125/2398/4250 2126/2399/4249 2134/2408/4265 2133/2407/4266
s 6
f 2126/2399/4252 2127/2400/4251 2135/2409/4267 2134/2408/4268
s 7
f 2127/2400/4254 2128/2401/4253 2136/2410/4269 2135/2409/4270
s 8
f 2128/2401/4256 2121/2402/4255 2129/2411/4271 2136/2410/4272
s 1
f 2129/2403/4258 2130/2404/4257 2138/2413/4273 2137/2412/4274
s 2
f 2130/2404/4260 2131/2405/4259 2139/2414/4275 2138/2413/4276
s 3
f 2131/2405/4262 2132/2406/4261 2140/2415/4277 2139/2414/4278
s 4
f 2132/2406/4264 2133/2407/4263 2141/2416/4279 2140/2415/4280
s 5
f 2133/2407/4266 2134/2408/4265 2142/2417/4281 2141/2416/4282
s 6
f 2134/2408/4268 2135/2409/4267 2143/2418/4283 2142/2417/4284
s 7
f 2135/2409/4270 2136/2410/4269 2144/2419/4285 2143/2418/4286
s 8
f 2136/2410/4272 2129/2411/4271 2137/2420/4287 2144/2419/4288
s 1
f 2137/2412/4274 2138/2413/4273 2146/2422/4289 2145/2421/4290
s 2
f 2138/2413/4276 2139/2414/4275 2147/2423/4291 2146/2422/4292
s 3
f 2139/2414/4278 2140/2415/4277 2148/2424/4293 2147/2423/4294
s 4
f 2140/2415/4280 2141/2416/4279 2149/2425/4295 2148/2424/4296
s 5
f 2141/2416/4282 2142/2417/4281 2150/2426/4297 2149/2425/4298
s 6
f 2142/2417/4284 2143/2418/4283 2151/2427/4299 2150/2426/4300
s 7
f 2143/2418/4286 2144/2419/4285 2152/2428/4301 2151/2427/4302
s 8
f 2144/2419/4288 2137/2420/4287 2145/2429/4303 2152/2428/4304
s 1
f 2145/2421/4290 2146/2422/4289 2154/2431/4305 2153/2430/4306
s 2
f 2146/2422/4292 2147/2423/4291 2155/2432/4307 2154/2431/4308
s 3
f 2147/2423/4294 2148/2424/4293 2156/2433/4309 2155/2432/4310
s 4
f 2148/2424/4296 2149/2425/4295 2157/2434/4311 2156/2433/4312
s 5
f 2149/2425/4298 2150/2426/4297 2158/2435/4313 2157/2434/4314
s 6
f 2150/2426/4300 2151/2427/4299 2159/2436/4315 2158/2435/4316
s 7
f 2151/2427/4302 2152/2428/4301 2160/2437/4317 2159/2436/4318
s 8
f 2152/2428/4304 2145/2429/4303 2153/2438/4319 2160/2437/4320
s 1
f 2153/2430/4306 2154/2431/4305 2162/2440/4321 2161/2439/4322
s 2
f 2154/2431/4308 2155/2432/4307 2163/2441/4323 2162/2440/4324
s 3
f 2155/2432/4310 2156/2433/4309 2164/2442/4325 2163/2441/4326
s 4
f 2156/2433/4312 2157/2434/4311 2165/2443/4327 2164/2442/4328
s 5
f 2157/2434/4314 2158/2435/4313 2166/2444/4329 2165/2443/4330
s 6
f 2158/2435/4316 2159/2436/4315 2167/2445/4331 2166/2444/4332
s 7
f 2159/2436/4318 2160/2437/4317 2168/2446/4333 2167/2445/4334
s 8
f 2160/2437/4320 2153/2438/4319 2161/2447/4335 2168/2446/4336
s 1
f 2161/2439/4322 2162/2440/4321 2170/2449/4337 2169/2448/4338
s 2
f 2162/2440/4324 2163/2441/4323 2171/2450/4339 2170/2449/4340
s 3
f 2163/2441/4326 2164/2442/4325 2172/2451/4341 2171/2450/4342
s 4
f 2164/2442/4328 2165/2443/4327 2173/2452/4343 2172/2451/4344
s 5
f 2165/2443/4330 2166/2444/4329 2174/2453/4345 2173/2452/4346
s 6
f 2166/2444/4332 2167/2445/4331 2175/2454/4347 2174/2453/4348
s 7
f 2167/2445/4334 2168/2446/4333 2176/2455/4349 2175/2454/4350
s 8
f 2168/2446/4336 2161/2447/4335 2169/2456/4351 2176/2455/4352
s 1
f 2169/2448/4338 2170/2449/4337 2178/2458/4353 2177/2457/4354
s 2
f 2170/2449/4340 2171/2450/4339 2179/2459/4355 2178/2458/4356
s 3
f 2171/2450/4342 2172/2451/4341 2180/2460/4357 2179/2459/4358
s 4
f 2172/2451/4344 2173/2452/4343 2181/2461/4359 2180/2460/4360
s 5
f 2173/2452/4346 2174/2453/4345 2182/2462/4361 2181/2461/4362
s 6
f 2174/2453/4348 2175/2454/4347 2183/2463/4363 2182/2462/4364
s 7
f 2175/2454/4350 2176/2455/4349 2184/2464/4365 2183/2463/4366
s 8
f 2176/2455/4352 2169/2456/4351 2177/2465/4367 2184/2464/4368
s 1
f 2177/2457/4354 2178/2458/4353 2186/2467/4369 2185/2466/4370
s 2
f 2178/2458/4356 2179/2459/4355 2187/2468/4371 2186/2467/4372
s 3
f 2179/2459/4358 2180/2460/4357 2188/2469/4373 2187/2468/4374
s 4
f 2180/2460/4360 2181/2461/4359 2189/2470/4375 2188/2469/4376
s 5
f 2181/2461/4362 2182/2462/4361 2190/2471/4377 2189/2470/4378
s 6
f 2182/2462/4364 2183/2463/4363 2191/2472/4379 2190/2471/4380
s 7
f 2183/2463/4366 2184/2464/4365 2192/2473/4381 2191/2472/4382
s 8
f 2184/2464/4368 2177/2465/4367 2185/2474/4383 2192/2473/4384
s 1
f 2185/2466/4370 2186/2467/4369 2194/2476/4385 2193/2475/4386
s 2
f 2186/2467/4372 2187/2468/4371 2195/2477/4387 2194/2476/4388
s 3
f 2187/2468/4374 2188/2469/4373 2196/2478/4389 2195/2477/4390
s 4
f 2188/2469/4376 2189/2470/4375 2197/2479/4391 2196/2478/4392
s 5
f 2189/2470/4378 2190/2471/4377 2198/2480/4393 2197/2479/4394
s 6
f 2190/2471/4380 2191/2472/4379 2199/2481/4395 2198/2480/4396
s 7
f 2191/2472/4382 2192/2473/4381 2200/2482/4397 2199/2481/4398
s 8
f 2192/2473/4384 2185/2474/4383 2193/2483/4399 2200/2482/4400
s 1
f 2193/2475/4386 2194/2476/4385 2202/2485/4401 2201/2484/4402
s 2
f 2194/2476/4388 2195/2477/4387 2203/2486/4403 2202/2485/4404
s 3
f 2195/2477/4390 2196/2478/4389 2204/2487/4405 2203/2486/4406
s 4
f 2196/2478/4392 2197/2479/4391 2205/2488/4407 2204/2487/4408
s 5
f 2197/2479/4394 2198/2480/4393 2206/2489/4409 2205/2488/4410
s 6
f 2198/2480/4396 2199/2481/4395 2207/2490/4411 2206/2489/4412
s 7
f 2199/2481/4398 2200/2482/4397 2208/2491/4413 2207/2490/4414
s 8
f 2200/2482/4400 2193/2483/4399 2201/2492/4415 2208/2491/4416
s 1
f 2201/2484/4402 2202/2485/4401 2210/2494/4417 2209/2493/4418
s 2
f 2202/2485/4404 2203/2486/4403 2211/2495/4419 2210/2494/4420
s 3
f 2203/2486/4406 2204/2487/4405 2212/2496/4421 2211/2495/4422
s 4
f 2204/2487/4408 2205/2488/4407 2213/2497/4423 2212/2496/4424
s 5
f 2205/2488/4410 2206/2489/4409 2214/2498/4425 2213/2497/4426
s 6
f 2206/2489/4412 2207/2490/4411 2215/2499/4427 2214/2498/4428
s 7
f 2207/2490/4414 2208/2491/4413 2216/2500/4429 2215/2499/4430
s 8
f 2208/2491/4416 2201/2492/4415 2209/2501/4431 2216/2500/4432
s 1
f 2209/2493/4418 2210/2494/4417 2218/2503/4433 2217/2502/4434
s 2
f 2210/2494/4420 2211/2495/4419 2219/2504/4435 2218/2503/4436
s 3
f 2211/2495/4422 2212/2496/4421 2220/2505/4437 2219/2504/4438
s 4
f 2212/2496/4424 2213/2497/4423 2221/2506/4439 2220/2505/4440
s 5
f 2213/2497/4426 2214/2498/4425 2222/2507/4441 2221/2506/4442
s 6
f 2214/2498/4428 2215/2499/4427 2223/2508/4443 2222/2507/4444
s 7
f 2215/2499/4430 2216/2500/4429 2224/2509/4445 2223/2508/4446
s 8
f 2216/2500/4432 2209/2501/4431 2217/2510/4447 2224/2509/4448
s 1
f 2217/2502/4434 2218/2503/4433 2226/2512/4449 2225/2511/4450
s 2
f 2218/2503/4436 2219/2504/4435 2227/2513/4451 2226/2512/4452
s 3
f 2219/2504/4438 2220/2505/4437 2228/2514/4453 2227/2513/4454
s 4
f 2220/2505/4440 2221/2506/4439 2229/2515/4455 2228/2514/4456
s 5
f 2221/2506/4442 2222/2507/4441 2230/2516/4457 2229/2515/4458
s 6
f 2222/2507/4444 2223/2508/4443 2231/2517/4459 2230/2516/4460
s 7
f 2223/2508/4446 2224/2509/4445 2232/2518/4461 2231/2517/4462
s 8
f 2224/2509/4448 2217/2510/4447 2225/2519/4463 2232/2518/4464
s 1
f 2225/2511/4450 2226/2512/4449 2234/2521/4465 2233/2520/4466
s 2
f 2226/2512/4452 2227/2513/4451 2235/2522/4467 2234/2521/4468
s 3
f 2227/2513/4454 2228/2514/4453 2236/2523/4469 2235/2522/4470
s 4
f 2228/2514/4456 2229/2515/4455 2237/2524/4471 2236/2523/4472
s 5
f 2229/2515/4458 2230/2516/4457 2238/2525/4473 2237/2524/4474
s 6
f 2230/2516/4460 2231/2517/4459 2239/2526/4475 2238/2525/4476
s 7
f 2231/2517/4462 2232/2518/4461 2240/2527/4477 2239/2526/4478
s 8
f 2232/2518/4464 2225/2519/4463 2233/2528/4479 2240/2527/4480
s 1
f 2233/2520/4466 2234/2521/4465 2242/2530/4481 2241/2529/4482
s 2
f 2234/2521/4468 2235/2522/4467 2243/2531/4483 2242/2530/4484
s 3
f 2235/2522/4470 2236/2523/4469 2244/2532/4485 2243/2531/4486
s 4
f 2236/2523/4472 2237/2524/4471 2245/2533/4487 2244/2532/4488
s 5
f 2237/2524/4474 2238/2525/4473 2246/2534/4489 2245/2533/4490
s 6
f 2238/2525/4476 2239/2526/4475 2247/2535/4491 2246/2534/4492
s 7
f 2239/2526/4478 2240/2527/4477 2248/2536/4493 2247/2535/4494
s 8
f 2240/2527/4480 2233/2528/4479 2241/2537/4495 2248/2536/4496
s 1
f 2241/2529/4482 2242/2530/4481 2250/2539/4497 2249/2538/4498
s 2
f 2242/2530/4484 2243/2531/4483 2251/2540/4499 2250/2539/4500
s 3
f 2243/2531/4486 2244/2532/4485 2252/2541/4501 2251/2540/4502
s 4
f 2244/2532/4488 2245/2533/4487 2253/2542/4503 2252/2541/4504
s 5
f 2245/2533/4490 2246/2534/4489 2254/2543/4505 2253/2542/4506
s 6
f 2246/2534/4492 2247/2535/4491 2255/2544/4507 2254/2543/4508
s 7
f 2247/2535/4494 2248/2536/4493 2256/2545/4509 2255/2544/4510
s 8
f 2248/2536/4496 2241/2537/4495 2249/2546/4511 2256/2545/4512
s 1
f 2249/2538/4498 2250/2539/4497 2258/2548/4513 2257/2547/4514
s 2
f 2250/2539/4500 2251/2540/4499 2259/2549/4515 2258/2548/4516
s 3
f 2251/2540/4502 2252/2541/4501 2260/2550/4517 2259/2549/4518
s 4
f 2252/2541/4504 2253/2542/4503 2261/2551/4519 2260/2550/4520
s 5
f 2253/2542/4506 2254/2543/4505 2262/2552/4521 2261/2551/4522
s 6
f 2254/2543/4508 2255/2544/4507 2263/2553/4523 2262/2552/4524
s 7
f 2255/2544/4510 2256/2545/4509 2264/2554/4525 2263/2553/4526
s 8
f 2256/2545/4512 2249/2546/4511 2257/2555/4527 2264/2554/4528
s 1
f 2257/2547/4514 2258/2548/4513 2266/2557/4529 2265/2556/4530
s 2
f 2258/2548/4516 2259/2549/4515 2267/2558/4531 2266/2557/4532
s 3
f 2259/2549/4518 2260/2550/4517 2268/2559/4533 2267/2558/4534
s 4
f 2260/2550/4520 2261/2551/4519 2269/2560/4535 2268/2559/4536
s 5
f 2261/2551/4522 2262/2552/4521 2270/2561/4537 2269/2560/4538
s 6
f 2262/2552/4524 2263/2553/4523 2271/2562/4539 2270/2561/4540
s 7
f 2263/2553/4526 2264/2554/4525 2272/2563/4541 2271/2562/4542
s 8
f 2264/2554/4528 2257/2555/4527 2265/2564/4543 2272/2563/4544
s 1
f 2265/2556/4530 2266/2557/4529 2274/2566/4545 2273/2565/4546
s 2
f 2266/2557/4532 2267/2558/4531 2275/2567/4547 2274/2566/4548
s 3
f 2267/2558/4534 2268/2559/4533 2276/2568/4549 2275/2567/4550
s 4
f 2268/2559/4536 2269/2560/4535 2277/2569/4551 2276/2568/4552
s 5
f 2269/2560/4538 2270/2561/4537 2278/2570/4553 2277/2569/4554
s 6
f 2270/2561/4540 2271/2562/4539 2279/2571/4555 2278/2570/4556
s 7
f 2271/2562/4542 2272/2563/4541 2280/2572/4557 2279/2571/4558
s 8
f 2272/2563/4544 2265/2564/4543 2273/2573/4559 2280/2572/4560
s 1
f 2273/2565/4546 2274/2566/4545 2282/2575/4561 2281/2574/4562
s 2
f 2274/2566/4548 2275/2567/4547 2283/2576/4563 2282/2575/4564
s 3
f 2275/2567/4550 2276/2568/4549 2284/2577/4565 2283/2576/4566
s 4
f 2276/2568/4552 2277/2569/4551 2285/2578/4567 2284/2577/4568
s 5
f 2277/2569/4554 2278/2570/4553 2286/2579/4569 2285/2578/4570
s 6
f 2278/2570/4556 2279/2571/4555 2287/2580/4571 2286/2579/4572
s 7
f 2279/2571/4558 2280/2572/4557 2288/2581/4573 2287/2580/4574
s 8
f 2280/2572/4560 2273/2573/4559 2281/2582/4575 2288/2581/4576
s 1
f 2281/2574/4562 2282/2575/4561 2290/2584/4577 2289/2583/4578
s 2
f 2282/2575/4564 2283/2576/4563 2291/2585/4579 2290/2584/4580
s 3
f 2283/2576/4566 2284/2577/4565 2292/2586/4581 2291/2585/4582
s 4
f 2284/2577/4568 2285/2578/4567 2293/2587/4583 2292/2586/4584
s 5
f 2285/2578/4570 2286/2579/4569 2294/2588/4585 2293/2587/4586
s 6
f 2286/2579/4572 2287/2580/4571 2295/2589/4587 2294/2588/4588
s 7
f 2287/2580/4574 2288/2581/4573 2296/2590/4589 2295/2589/4590
s 8
f 2288/2581/4576 2281/2582/4575 2289/2591/4591 2296/2590/4592
s 1
f 2289/2583/4578 2290/2584/4577 2298/2593/4593 2297/2592/4594
s 2
f 2290/2584/4580 2291/2585/4579 2299/2594/4595 2298/2593/4596
s 3
f 2291/2585/4582 2292/2586/4581 2300/2595/4597 2299/2594/4598
s 4
f 2292/2586/4584 2293/2587/4583 2301/2596/4599 2300/2595/4600
s 5
f 2293/2587/4586 2294/2588/4585 2302/2597/4601 2301/2596/4602
s 6
f 2294/2588/4588 2295/2589/4587 2303/2598/4603 2302/2597/4604
s 7
f 2295/2589/4590 2296/2590/4589 2304/2599/4605 2303/2598/4606
s 8
f 2296/2590/4592 2289/2591/4591 2297/2600/4607 2304/2599/4608
s 1
f 2297/2592/4594 2298/2593/4593 2306/2602/4609 2305/2601/4610
s 2
f 2298/2593/4596 2299/2594/4595 2307/2603/4611 2306/2602/4612
s 3
f 2299/2594/4598 2300/2595/4597 2308/2604/4613 2307/2603/4614
s 4
f 2300/2595/4600 2301/2596/4599 2309/2605/4615 2308/2604/4616
s 5
f 2301/2596/4602 2302/2597/4601 2310/2606/4617 2309/2605/4618
s 6
f 2302/2597/4604 2303/2598/4603 2311/2607/4619 2310/2606/4620
s 7
f 2303/2598/4606 2304/2599/4605 2312/2608/4621 2311/2607/4622
s 8
f 2304/2599/4608 2297/2600/4607 2305/2609/4623 2312/2608/4624
s 1
f 2305/2601/4610 2306/2602/4609 2314/2611/4625 2313/2610/4626
s 2
f 2306/2602/4612 2307/2603/4611 2315/2612/4627 2314/2611/4628
s 3
f 2307/2603/4614 2308/2604/4613 2316/2613/4629 2315/2612/4630
s 4
f 2308/2604/4616 2309/2605/4615 2317/2614/4631 2316/2613/4632
s 5
f 2309/2605/4618 2310/2606/4617 2318/2615/4633 2317/2614/4634
s 6
f 2310/2606/4620 2311/2607/4619 2319/2616/4635 2318/2615/4636
s 7
f 2311/2607/4622 2312/2608/4621 2320/2617/4637 2319/2616/4638
s 8
f 2312/2608/4624 2305/2609/4623 2313/2618/4639 2320/2617/4640
s 1
f 2313/2610/4626 2314/2611/4625 2322/2620/4641 2321/2619/4642
s 2
f 2314/2611/4628 2315/2612/4627 2323/2621/4643 2322/2620/4644
s 3
f 2315/2612/4630 2316/2613/4629 2324/2622/4645 2323/2621/4646
s 4
f 2316/2613/4632 2317/2614/4631 2325/2623/4647 2324/2622/4648
s 5
f 2317/2614/4634 2318/2615/4633 2326/2624/4649 2325/2623/4650
s 6
f 2318/2615/4636 2319/2616/4635 2327/2625/4651 2326/2624/4652
s 7
f 2319/2616/4638 2320/2617/4637 2328/2626/4653 2327/2625/4654
s 8
f 2320/2617/4640 2313/2618/4639 2321/2627/4655 2328/2626/4656
s 1
f 2321/2619/4642 2322/2620/4641 2330/2629/4657 2329/2628/4658
s 2
f 2322/2620/4644 2323/2621/4643 2331/2630/4659 2330/2629/4660
s 3
f 2323/2621/4646 2324/2622/4645 2332/2631/4661 2331/2630/4662
s 4
f 2324/2622/4648 2325/2623/4647 2333/2632/4663 2332/2631/4664
s 5
f 2325/2623/4650 2326/2624/4649 2334/2633/4665 2333/2632/4666
s 6
f 2326/2624/4652 2327/2625/4651 2335/2634/4667 2334/2633/4668
s 7
f 2327/2625/4654 2328/2626/4653 2336/2635/4669 2335/2634/4670
s 8
f 2328/2626/4656 2321/2627/4655 2329/2636/4671 2336/2635/4672
s 1
f 2329/2628/4658 2330/2629/4657 2338/2638/4673 2337/2637/4674
s 2
f 2330/2629/4660 2331/2630/4659 2339/2639/4675 2338/2638/4676
s 3
f 2331/2630/4662 2332/2631/4661 2340/2640/4677 2339/2639/4678
s 4
f 2332/2631/4664 2333/2632/4663 2341/2641/4679 2340/2640/4680
s 5
f 2333/2632/4666 2334/2633/4665 2342/2642/4681 2341/2641/4682
s 6
f 2334/2633/4668 2335/2634/4667 2343/2643/4683 2342/2642/4684
s 7
f 2335/2634/4670 2336/2635/4669 2344/2644/4685 2343/2643/4686
s 8
f 2336/2635/4672 2329/2636/4671 2337/2645/4687 2344/2644/4688
s 1
f 2337/2637/4674 2338/2638/4673 2346/2647/4689 2345/2646/4690
s 2
f 2338/2638/4676 2339/2639/4675 2347/2648/4691 2346/2647/4692
s 3
f 2339/2639/4678 2340/2640/4677 2348/2649/4693 2347/2648/4694
s 4
f 2340/2640/4680 2341/2641/4679 2349/2650/4695 2348/2649/4696
s 5
f 2341/2641/4682 2342/2642/4681 2350/2651/4697 2349/2650/4698
s 6
f 2342/2642/4684 2343/2643/4683 2351/2652/4699 2350/2651/4700
s 7
f 2343/2643/4686 2344/2644/4685 2352/2653/4701 2351/2652/4702
s 8
f 2344/2644/4688 2337/2645/4687 2345/2654/4703 2352/2653/4704
s 1
f 2345/2646/4690 2346/2647/4689 2354/2656/4705 2353/2655/4706
s 2
f 2346/2647/4692 2347/2648/4691 2355/2657/4707 2354/2656/4708
s 3
f 2347/2648/4694 2348/2649/4693 2356/2658/4709 2355/2657/4710
s 4
f 2348/2649/4696 2349/2650/4695 2357/2659/4711 2356/2658/4712
s 5
f 2349/2650/4698 2350/2651/4697 2358/2660/4713 2357/2659/4714
s 6
f 2350/2651/4700 2351/2652/4699 2359/2661/4715 2358/2660/4716
s 7
f 2351/2652/4702 2352/2653/4701 2360/2662/4717 2359/2661/4718
s 8
f 2352/2653/4704 2345/2654/4703 2353/2663/4719 2360/2662/4720
s 1
f 2353/2655/4706 2354/2656/4705 2362/2665/4721 2361/2664/4722
s 2
f 2354/2656/4708 2355/2657/4707 2363/2666/4723 2362/2665/4724
s 3
f 2355/2657/4710 2356/2658/4709 2364/2667/4725 2363/2666/4726
s 4
f 2356/2658/4712 2357/2659/4711 2365/2668/4727 2364/2667/4728
s 5
f 2357/2659/4714 2358/2660/4713 2366/2669/4729 2365/2668/4730
s 6
f 2358/2660/4716 2359/2661/4715 2367/2670/4731 2366/2669/4732
s 7
f 2359/2661/4718 2360/2662/4717 2368/2671/4733 2367/2670/4734
s 8
f 2360/2662/4720 2353/2663/4719 2361/2672/4735 2368/2671/4736
s 1
f 2361/2664/4722 2362/2665/4721 2370/2674/4737 2369/2673/4738
s 2
f 2362/2665/4724 2363/2666/4723 2371/2675/4739 2370/2674/4740
s 3
f 2363/2666/4726 2364/2667/4725 2372/2676/4741 2371/2675/4742
s 4
f 2364/2667/4728 2365/2668/4727 2373/2677/4743 2372/2676/4744
s 5
f 2365/2668/4730 2366/2669/4729 2374/2678/4745 2373/2677/4746
s 6
f 2366/2669/4732 2367/2670/4731 2375/2679/4747 2374/2678/4748
s 7
f 2367/2670/4734 2368/2671/4733 2376/2680/4749 2375/2679/4750
s 8
f 2368/2671/4736 2361/2672/4735 2369/2681/4751 2376/2680/4752
s 1
f 2369/2673/4738 2370/2674/4737 2378/2683/4753 2377/2682/4754
s 2
f 2370/2674/4740 2371/2675/4739 2379/2684/4755 2378/2683/4756
s 3
f 2371/2675/4742 2372/2676/4741 2380/2685/4757 2379/2684/4758
s 4
f 2372/2676/4744 2373/2677/4743 2381/2686/4759 2380/2685/4760
s 5
f 2373/2677/4746 2374/2678/4745 2382/2687/4761 2381/2686/4762
s 6
f 2374/2678/4748 2375/2679/4747 2383/2688/4763 2382/2687/4764
s 7
f 2375/2679/4750 2376/2680/4749 2384/2689/4765 2383/2688/4766
s 8
f 2376/2680/4752 2369/2681/4751 2377/2690/4767 2384/2689/4768
s 1
f 2377/2682/4754 2378/2683/4753 2386/2692/4769 2385/2691/4770
s 2
f 2378/2683/4756 2379/2684/4755 2387/2693/4771 2386/2692/4772
s 3
f 2379/2684/4758 2380/2685/4757 2388/2694/4773 2387/2693/4774
s 4
f 2380/2685/4760 2381/2686/4759 2389/2695/4775 2388/2694/4776
s 5
f 2381/2686/4762 2382/2687/4761 2390/2696/4777 2389/2695/4778
s 6
f 2382/2687/4764 2383/2688/4763 2391/2697/4779 2390/2696/4780
s 7
f 2383/2688/4766 2384/2689/4765 2392/2698/4781 2391/2697/4782
s 8
f 2384/2689/4768 2377/2690/4767 2385/2699/4783 2392/2698/4784
s 1
f 2385/2691/4770 2386/2692/4769 2394/2701/4785 2393/2700/4786
s 2
f 2386/2692/4772 2387/2693/4771 2395/2702/4787 2394/2701/4788
s 3
f 2387/2693/4774 2388/2694/4773 2396/2703/4789 2395/2702/4790
s 4
f 2388/2694/4776 2389/2695/4775 2397/2704/4791 2396/2703/4792
s 5
f 2389/2695/4778 2390/2696/4777 2398/2705/4793 2397/2704/4794
s 6
f 2390/2696/4780 2391/2697/4779 2399/2706/4795 2398/2705/4796
s 7
f 2391/2697/4782 2392/2698/4781 2400/2707/4797 2399/2706/4798
s 8
f 2392/2698/4784 2385/2699/4783 2393/2708/4799 2400/2707/4800
s 1
f 2393/2700/4786 2394/2701/4785 2402/2710/4801 2401/2709/4802
s 2
f 2394/2701/4788 2395/2702/4787 2403/2711/4803 2402/2710/4804
s 3
f 2395/2702/4790 2396/2703/4789 2404/2712/4805 2403/2711/4806
s 4
f 2396/2703/4792 2397/2704/4791 2405/2713/4807 2404/2712/4808
s 5
f 2397/2704/4794 2398/2705/4793 2406/2714/4809 2405/2713/4810
s 6
f 2398/2705/4796 2399/2706/4795 2407/2715/4811 2406/2714/4812
s 7
f 2399/2706/4798 2400/2707/4797 2408/2716/4813 2407/2715/4814
s 8
f 2400/2707/4800 2393/2708/4799 2401/2717/4815 2408/2716/4816
s off
f 1/1/4817 8/8/4818 7/7/4819 6/6/4820 5/5/4821 4/4/4822 3/3/4823 2/2/4824
f 2401/2724/4825 2402/2723/4826 2403/2722/4827 2404/2721/4828 2405/2720/4829 2406/2719/4830 2407/2718/4831 2408/2725/4832
