# This file uses centimeters as units for non-parametric coordinates.

mtllib horse.mtl
g default
v 1.901560 12.822410 4.057540
v 1.446730 10.993851 6.496370
v 2.564580 10.944621 -1.534090
v 2.663350 10.039841 -1.443510
v 0.000000 6.870910 -3.773270
v 1.126320 14.866970 -7.041570
v 0.000000 8.434470 1.650110
v 0.000000 14.218790 -10.293829
v 2.523960 11.540260 2.949320
v 0.640350 14.105770 -11.064740
v 2.280420 10.376621 1.497530
v 0.734580 14.296200 -12.745020
v 1.033850 13.090931 -8.172810
v 0.505780 7.687570 5.252060
v 1.047130 12.964700 -0.194890
v 1.200360 13.698021 3.353820
v 0.000000 7.599279 -7.607000
v 2.209190 8.192320 3.116550
v 0.000000 12.424790 -8.851050
v 1.358680 11.322120 -7.942500
v 2.456600 8.408010 -6.013080
v 0.989800 7.062760 -6.785580
v 1.283250 15.600090 -11.613170
v 0.708180 6.851850 -6.029040
v 1.349140 12.881161 -3.279610
v 0.692260 7.442460 4.145790
v 1.089830 12.850800 -1.792780
v 1.536020 5.268190 6.210970
v 2.155050 11.067180 5.850060
v 2.680890 9.530270 -6.040550
v 1.560760 7.819530 6.123650
v 0.537570 6.612579 5.449320
v 0.484650 13.727459 -9.320700
v 0.000000 13.613750 4.466560
v 2.602020 10.816899 -3.223060
v 1.183680 14.380750 -7.718990
v 2.368780 9.046309 2.334760
v 0.000000 15.411819 -13.538321
v 0.000000 13.408401 -12.578739
v 1.879520 8.704090 6.097830
v 1.661540 7.169350 -5.324800
v 1.316250 13.663569 -5.637940
v 1.619880 7.715990 -7.197629
v 1.691530 10.260850 -7.901300
v 1.808700 8.908970 2.064130
v 2.011050 12.067060 -4.772400
v 0.585650 13.459130 -14.580621
v 1.956670 12.299420 1.466690
v 0.000000 13.149020 5.411230
v 2.522050 9.294880 -4.697260
v 0.413590 8.940431 5.851699
v 0.738760 9.143240 6.324180
v 1.185850 7.427380 -4.798250
v 0.000000 12.738360 -13.704221
v 2.213310 10.626100 -7.044600
v 0.887720 16.334890 -9.760770
v 0.795170 15.488130 -10.070010
v 1.183220 16.070259 -12.181839
v 1.085080 6.333961 4.161930
v 0.488730 14.222660 -9.696071
v 0.826080 10.010500 -8.401910
v 1.868050 7.745660 5.592920
v 0.000000 8.352631 -8.232740
v 2.319470 8.593100 3.959600
v 0.920990 14.956481 -9.362120
v 1.954470 7.334010 3.917860
v 2.350540 8.850389 5.419200
v 1.264020 7.270490 -2.453980
v 1.416440 12.884580 -7.099100
v 0.000000 13.193170 -14.811309
v 2.288340 11.840859 4.500390
v 0.558270 15.154131 -12.921961
v 0.610390 17.615820 -11.151050
v 1.252920 17.829840 -11.745710
v 1.958080 8.351320 -4.159500
v 0.778870 7.825941 6.059700
v 0.635060 17.339211 -11.876339
v 0.899360 8.442460 -8.126960
v 0.000000 16.885460 -12.563790
v 2.594340 8.859180 -1.317920
v 2.185040 12.588700 2.728190
v 1.098440 11.810720 6.339820
v 1.927870 11.982749 -1.637930
v 1.735470 8.003730 2.824050
v 0.000000 14.202100 -14.732830
v 0.000000 7.426559 -1.238480
v 0.000000 6.920970 -6.251300
v 1.480100 6.253630 4.057630
v 0.993700 16.329901 -11.557610
v 0.000000 8.518180 3.866030
v 0.000000 13.366020 -3.316430
v 0.000000 8.543520 2.980200
v 0.000000 13.273400 -1.879680
v 0.000000 13.465880 -9.443180
v 0.562490 10.609891 6.487240
v 2.430390 11.104980 -0.126870
v 0.000000 13.848439 -9.775411
v 2.486780 10.982190 4.701610
v 1.859860 6.322240 4.580270
v 1.076870 6.979250 -5.290440
v 1.115980 15.069810 -8.184270
v 2.106750 7.743910 -6.761050
v 1.122050 16.340660 -12.357619
v 1.011650 13.453461 4.362090
v 1.188230 9.759291 6.654620
v 1.037680 15.707500 -8.829980
v 0.450850 12.717990 6.058930
v 0.000000 9.981820 -8.495170
v 2.462890 8.553940 -2.753400
v 2.749910 9.706760 -3.027980
v 1.851590 12.046041 5.610990
v 0.000000 8.745100 4.917850
v 0.000000 13.911050 3.345970
v 0.000000 9.169720 5.725111
v 0.000000 11.749931 -8.675469
v 0.418710 13.010700 -13.782441
v 0.000000 13.860540 2.257310
v 0.452040 17.625759 -11.747380
v 1.115630 7.185930 3.337350
v 1.501100 12.838250 -4.637470
v 1.137510 14.600141 -11.261730
v 0.950280 15.032460 -10.704151
v 0.821940 17.249140 -11.239671
v 1.164710 8.679020 1.650110
v 0.814490 16.160690 -8.569120
v 1.602990 9.892660 6.587471
v 2.352690 9.623989 -6.994210
v 1.225330 7.841440 6.281700
v 2.512930 9.748230 3.265340
v 0.000000 9.755520 6.146870
v 0.000000 12.810370 -14.335450
v 1.402850 7.691660 -1.179540
v 1.132850 12.311250 -7.985580
v 0.000000 13.356971 -0.219250
v 2.456940 9.884709 4.811900
v 1.635770 7.164950 3.357320
v 0.526310 13.754701 -12.609970
v 0.877330 7.774981 -7.416710
v 1.107340 8.098380 2.980200
v 0.606140 13.742790 -11.628200
v 1.884580 12.224521 -6.010880
v 2.361630 10.727840 -6.113569
v 0.763200 10.918429 -8.412870
v 0.927170 14.374970 -8.841320
v 1.141120 13.602180 2.335990
v 0.800390 7.095840 -5.076440
v 2.288110 9.344891 1.498100
v 0.771420 6.439430 4.536140
v 1.373030 12.823250 5.230380
v 0.528070 12.991361 -14.225881
v 1.432400 8.036640 0.206950
v 0.763540 16.744890 -9.527671
v 0.000000 6.920470 -5.097460
v 2.120700 7.535320 4.713181
v 0.860640 9.250540 -8.342150
v 0.000000 7.932920 0.182390
v 1.146230 5.519070 6.735440
v 1.763950 9.455310 -7.836960
v 1.118400 4.894430 7.007700
v 0.000000 8.568930 2.198500
v 0.935160 16.347990 -12.655341
v 1.359290 8.513929 6.404530
v 1.478760 4.995790 5.716840
v 0.000000 14.231310 -10.618151
v 1.172890 4.930140 5.552740
v 0.765980 5.177270 6.246490
v 0.844620 5.023200 5.730890
v 1.719330 11.860311 -7.057480
v 0.695020 4.510250 5.883810
v 0.521820 12.610740 -8.705720
v 2.386190 10.651859 -4.807830
v 2.239320 11.297390 1.501520
v 0.936280 7.062650 -3.860500
v 2.077410 12.031860 -3.365960
v 0.926440 13.798941 -8.490660
v 0.880860 5.344830 6.714890
v 1.307390 13.646310 -7.342350
v 2.175940 7.539910 -5.896811
v 0.942950 15.546989 -7.782370
v 0.460930 11.529100 6.488780
v 0.407010 15.360250 -13.440790
v 1.190250 15.780230 -12.297820
v 0.428990 13.838421 -14.669189
v 1.192380 8.756730 2.198490
v 0.518200 9.868149 6.554010
v 0.648380 8.298070 3.866000
v 0.715320 18.180241 -11.842270
v 0.000000 7.159130 -6.964310
v 0.472370 14.832870 -10.228749
v 0.576200 11.914241 -8.484140
v 0.000000 12.172430 7.449960
v 2.106940 9.956439 5.959291
v 0.760150 15.891721 -12.783549
v 1.831130 7.921180 -4.773060
v 1.886140 6.452909 5.241770
v 1.277710 14.215390 -6.339360
v 1.069080 6.854681 6.456270
v 0.000000 16.160570 -12.985260
v 0.381320 8.559210 5.154730
v 0.531320 16.795891 -12.461399
v 0.798910 17.197020 -11.741810
v 1.215930 16.199591 -12.426601
v 0.000000 10.787371 -8.556770
v 0.000000 13.571231 1.315330
v 0.000000 12.938841 -9.142700
v 1.019040 8.519450 6.320449
v 0.892470 13.374730 -4.260310
v 0.482290 13.182280 -9.005850
v 1.061000 14.298810 -11.884801
v 0.000000 7.006580 -2.531780
v 2.270390 8.571500 -6.954430
v 0.559430 14.615971 -10.621421
v 2.543460 10.661739 3.130540
v 1.244260 15.271609 -12.278950
v 1.166820 18.556711 -12.366820
v 0.875410 18.227600 -12.321399
v 1.088350 13.230659 1.354490
v 2.583930 10.158300 -0.091900
v 2.020780 12.096900 -0.169360
v 2.486530 9.116710 0.017030
v 0.887620 6.800160 6.248030
v 1.389960 6.727600 6.365030
v 1.686100 6.594500 5.867700
v 0.843450 4.903380 6.881690
v 1.588520 4.398880 5.836370
v 1.610950 4.663570 6.461970
v 1.200720 4.342640 5.557000
v 1.123580 4.058110 6.885241
v 0.789770 3.959890 6.047070
v 0.916080 4.090100 6.795430
v 1.402160 3.917980 6.021980
v 1.430810 3.998280 6.436900
v 1.152720 3.849780 5.893470
v 1.106380 1.435680 7.544610
v 0.761210 1.295120 6.514430
v 0.865310 1.418260 7.441220
v 1.455000 1.350010 6.550819
v 1.466520 1.447470 7.028480
v 1.189230 1.263420 6.396240
v 0.830300 2.632030 6.288661
v 1.158700 2.530800 6.194030
v 0.933560 2.709530 7.030730
v 1.381610 2.550880 6.317791
v 1.408020 2.624890 6.700250
v 1.124820 2.680040 7.113510
v 1.126150 0.910500 7.118711
v 0.858320 1.008060 6.399860
v 0.952220 0.933350 7.057360
v 1.359670 0.973080 6.399170
v 1.383680 0.947540 6.748770
v 1.156960 0.982810 6.287260
v 1.298530 0.363000 7.105619
v 0.747380 0.817430 6.290800
v 0.980010 0.376880 7.112520
v 1.446540 0.711160 6.265050
v 1.480030 0.522810 6.721760
v 1.163850 0.776210 6.119960
v 1.310740 -0.003780 6.989730
v 0.747380 0.000620 5.699500
v 0.980010 0.002890 6.966660
v 1.446540 0.000620 5.659380
v 1.480030 0.000620 6.371170
v 1.163850 0.000620 5.433240
v 0.655000 4.707770 6.407710
v 0.841860 2.663120 6.645980
v 0.793050 0.566270 6.815480
v 0.822300 4.035300 6.389190
v 0.799200 -0.001590 6.461950
v 0.891440 0.973480 6.843880
v 0.778730 1.362150 7.023540
v 1.750620 5.368910 -5.952050
v 0.956070 6.466670 -6.071580
v 1.495760 6.576750 -7.104960
v 1.741490 8.540410 -7.642460
v 1.913930 6.585860 -6.750520
v 1.125470 6.536570 -6.771540
v 1.364160 5.451970 -5.479650
v 1.336330 4.886580 -5.267059
v 1.696700 5.232250 -6.514250
v 1.390820 5.199940 -6.680300
v 0.983920 5.287700 -5.979370
v 1.062550 5.237720 -6.499300
v 0.912960 4.510250 -6.390950
v 1.098790 5.354020 -5.505990
v 1.912050 6.565410 -5.958340
v 1.209650 6.549050 -5.455660
v 1.573540 6.552870 -5.375650
v 1.061390 4.894030 -5.393070
v 1.806460 4.398880 -6.438400
v 1.828890 4.663560 -5.812799
v 1.418660 4.342640 -6.717770
v 1.341510 4.058110 -5.389520
v 1.007710 3.959890 -6.227690
v 1.134010 4.090100 -5.479330
v 1.620100 3.917980 -6.252780
v 1.648740 3.998280 -5.837860
v 1.370660 3.849780 -6.381290
v 1.324320 1.435670 -4.907320
v 0.979140 1.295120 -5.937490
v 1.083250 1.418260 -5.010710
v 1.672940 1.350010 -5.901110
v 1.684460 1.447470 -5.423450
v 1.407160 1.263420 -6.055680
v 1.048240 2.632030 -5.986100
v 1.376630 2.530800 -6.080730
v 1.151490 2.709530 -5.244030
v 1.599550 2.550880 -5.956970
v 1.625950 2.624890 -5.574511
v 1.342760 2.680040 -5.161251
v 1.344090 0.847500 -5.333220
v 1.076260 1.066150 -6.052070
v 1.170160 0.898710 -5.394570
v 1.577600 0.987740 -6.052750
v 1.601620 0.930510 -5.703160
v 1.374890 1.009560 -6.164670
v 1.516470 0.363000 -5.346310
v 0.965320 0.817430 -6.161130
v 1.197950 0.376880 -5.339409
v 1.664480 0.711160 -6.186870
v 1.697970 0.522810 -5.730170
v 1.381780 0.776210 -6.331970
v 1.528680 -0.003780 -5.462200
v 0.965320 0.000620 -6.752420
v 1.197950 0.002890 -5.485260
v 1.664480 0.000620 -6.792550
v 1.697970 0.000620 -6.080760
v 1.381780 0.000620 -7.018680
v 0.872930 4.706400 -5.867060
v 1.059800 2.663120 -5.628780
v 1.010990 0.566270 -5.636440
v 1.040240 4.035300 -5.885571
v 1.017140 -0.001590 -5.989980
v 1.109370 0.988650 -5.608050
v 0.996670 1.362150 -5.428390
v 0.000000 9.248720 -8.446850
v 0.854830 16.752630 -10.505889
v 0.730750 17.157930 -10.317741
v 0.887410 16.726780 -12.035259
v 0.000000 13.519850 -11.579330
v 0.899810 15.896990 -10.692281
v 0.000000 13.924520 -10.959399
v 0.794400 15.979750 -12.366521
v 1.015930 16.149561 -12.692181
v 0.962930 15.695721 -12.580621
v 0.418300 13.233860 -13.485080
v 0.000000 14.494260 -14.347280
v 0.000000 12.987109 -13.380110
v 0.711760 13.818320 -13.702900
v 0.410300 14.454339 -14.257119
v 0.594980 14.165890 -13.934421
v 0.561770 13.228920 -14.078049
v 0.590150 12.665030 5.980970
v 0.293170 12.819221 6.491560
v 0.000000 13.053820 6.952020
v 0.000000 13.282700 6.364880
v 0.000000 10.003579 6.508299
v 0.000000 10.609891 6.601800
v 0.000000 17.264021 -12.227050
v 0.383770 17.280041 -12.073719
v 0.555500 15.241320 -5.787350
v 0.000000 15.818681 -5.327420
v 0.999690 14.624451 -6.172050
v 0.881240 15.244150 -6.851950
v 0.469790 15.813760 -6.423990
v 1.029840 13.998211 -5.414649
v 0.737770 15.887391 -7.539579
v 0.398970 16.400560 -7.089880
v 0.630400 14.586720 -4.977020
v 0.698280 13.730361 -4.093910
v 0.265910 17.939411 -9.729300
v 0.303310 17.594521 -8.976010
v 0.637270 16.528650 -8.314050
v 0.597400 17.163860 -9.312330
v 0.334090 17.045099 -7.976690
v 0.000000 16.787920 -6.710300
v 0.000000 17.296841 -7.636600
v 0.000000 17.803492 -8.728479
v 0.000000 16.308849 -5.954639
v 0.449070 17.988909 -10.850190
v 0.192940 18.218092 -10.347060
v 0.282030 18.122631 -11.695389
v 0.000000 18.128269 -11.852980
v 0.339980 17.807718 -11.976220
v 0.000000 14.511470 -3.878490
v 0.000000 15.215470 -4.580630
v 0.000000 18.356958 -10.282280
v 0.000000 13.622449 -3.300640
v 0.000000 18.099239 -9.486350
v 0.571740 17.557829 -10.058810
v 0.000000 17.792542 -12.121479
v 0.000000 18.496929 -10.882829
v 0.185630 18.386980 -10.911960
v 0.212840 18.352570 -11.442870
v 0.000000 18.459450 -11.487330
v 0.000000 13.245049 -12.998869
v 0.450840 13.528110 -13.063880
v 0.000000 14.974290 -13.907850
v 0.690310 14.065511 -13.232289
v 0.356000 14.930620 -13.818271
v 0.496430 14.640639 -13.453170
v 0.410300 14.236329 -14.460840
v 0.673440 13.677979 -14.005960
v 0.390150 14.026739 -14.016590
v 0.565100 13.601009 -14.435960
v 0.266510 14.058110 -14.317930
v 0.381250 13.850791 -14.464370
v 0.523100 13.755891 -14.063970
v 0.000000 13.779541 -14.926021
v 0.435750 16.511080 -12.692620
v 0.000000 5.947000 11.658119
v 0.537620 9.783620 8.821090
v 0.540760 10.216531 7.670710
v 0.576100 5.979840 11.427890
v 0.000000 9.973210 9.063011
v 0.000000 9.161031 8.062340
v 0.374340 11.247429 7.606300
v 0.299470 6.846570 9.941790
v 0.572220 7.380610 10.677840
v 0.000000 7.516130 10.888890
v 0.581540 8.680480 9.617199
v 0.000000 6.890100 9.874820
v 0.684080 7.071351 10.184500
v 0.000000 11.474629 7.929369
v 0.000000 5.656150 11.266740
v 0.429040 10.597879 8.199670
v 0.573520 8.338510 9.227050
v 0.394760 11.942641 7.102090
v 0.553590 9.413240 8.331260
v 0.494310 5.864550 11.282189
v 0.000000 9.936810 7.438650
v 0.467390 10.897881 7.123370
v 0.000000 10.766079 8.478650
v 0.000000 8.831221 9.878200
v 0.000000 8.066190 8.958520
v 0.000000 11.481721 6.461770
v 0.015090 10.766410 6.912270
v 0.785720 1.769330 6.434350
v 0.889520 1.876280 7.295619
v 1.428970 1.775960 6.468161
v 1.178400 1.712960 6.324520
v 1.445770 1.865110 6.912050
v 1.112920 1.877060 7.391700
v 0.801130 1.823610 6.889620
v 1.399570 1.578600 -6.061910
v 1.669910 1.740280 -5.461020
v 1.328900 1.745130 -4.970470
v 0.996330 1.627590 -5.949580
v 1.100220 1.739380 -5.068730
v 1.654690 1.648640 -5.914999
v 1.012370 1.685680 -5.478220
v 0.000000 10.770520 6.918880
v -1.901560 12.822410 4.057540
v -1.446730 10.993851 6.496370
v -2.564580 10.944621 -1.534090
v -2.663350 10.039841 -1.443510
v -1.126320 14.866970 -7.041570
v -2.523960 11.540260 2.949320
v -0.640350 14.105770 -11.064740
v -2.280420 10.376629 1.497530
v -0.734580 14.296200 -12.745020
v -1.033850 13.090931 -8.172810
v -0.505780 7.687570 5.252060
v -1.047130 12.964700 -0.194890
v -1.200360 13.698021 3.353820
v -2.209190 8.192320 3.116550
v -1.358680 11.322120 -7.942500
v -2.456600 8.408010 -6.013080
v -0.989800 7.062760 -6.785580
v -1.283250 15.600090 -11.613170
v -0.708180 6.851850 -6.029040
v -1.349140 12.881161 -3.279610
v -0.692260 7.442460 4.145790
v -1.089830 12.850800 -1.792780
v -1.536020 5.268190 6.210970
v -2.155050 11.067180 5.850060
v -2.680890 9.530270 -6.040550
v -1.560760 7.819530 6.123650
v -0.537570 6.612579 5.449320
v -0.484650 13.727459 -9.320700
v -2.602020 10.816899 -3.223060
v -1.183680 14.380750 -7.718990
v -2.368780 9.046309 2.334760
v -1.879520 8.704090 6.097830
v -1.661540 7.169350 -5.324800
v -1.316250 13.663569 -5.637940
v -1.619880 7.715990 -7.197629
v -1.691530 10.260850 -7.901300
v -1.808700 8.908970 2.064130
v -2.011050 12.067060 -4.772400
v -0.585650 13.459130 -14.580621
v -1.956670 12.299420 1.466690
v -2.522050 9.294880 -4.697260
v -0.413590 8.940431 5.851699
v -0.738760 9.143240 6.324180
v -1.185850 7.427380 -4.798250
v -2.213310 10.626100 -7.044600
v -0.887720 16.334890 -9.760770
v -0.795170 15.488130 -10.070010
v -1.183220 16.070259 -12.181839
v -1.085080 6.333961 4.161930
v -0.488730 14.222660 -9.696071
v -0.826080 10.010500 -8.401910
v -1.868050 7.745660 5.592920
v -2.319470 8.593100 3.959600
v -0.920990 14.956481 -9.362120
v -1.954470 7.334010 3.917860
v -2.350540 8.850389 5.419200
v -1.264020 7.270490 -2.453980
v -1.416440 12.884580 -7.099100
v -2.288340 11.840859 4.500390
v -0.558270 15.154131 -12.921961
v -0.610390 17.615820 -11.151050
v -1.252920 17.829840 -11.745710
v -1.958080 8.351320 -4.159500
v -0.778870 7.825941 6.059700
v -0.635060 17.339211 -11.876339
v -0.899360 8.442460 -8.126960
v -2.594340 8.859180 -1.317920
v -2.185040 12.588700 2.728190
v -1.098440 11.810720 6.339820
v -1.927870 11.982749 -1.637930
v -1.735470 8.003730 2.824050
v -1.480100 6.253630 4.057630
v -0.993700 16.329901 -11.557610
v -0.562490 10.609891 6.487240
v -2.430390 11.104980 -0.126870
v -2.486780 10.982190 4.701610
v -1.859860 6.322240 4.580270
v -1.076870 6.979250 -5.290440
v -1.115980 15.069810 -8.184270
v -2.106750 7.743910 -6.761050
v -1.122050 16.340660 -12.357619
v -1.011650 13.453461 4.362090
v -1.188230 9.759291 6.654620
v -1.037680 15.707500 -8.829980
v -0.450850 12.717990 6.058930
v -2.462890 8.553940 -2.753400
v -2.749910 9.706760 -3.027980
v -1.851600 12.046041 5.610990
v -0.418710 13.010700 -13.782441
v -0.452040 17.625759 -11.747380
v -1.115630 7.185930 3.337350
v -1.501100 12.838250 -4.637470
v -1.137510 14.600141 -11.261730
v -0.950280 15.032460 -10.704151
v -0.821940 17.249140 -11.239671
v -1.164710 8.679020 1.650110
v -0.814490 16.160690 -8.569120
v -1.602990 9.892660 6.587471
v -2.352690 9.623989 -6.994210
v -1.225330 7.841440 6.281700
v -2.512930 9.748230 3.265340
v -1.402850 7.691660 -1.179540
v -1.132850 12.311250 -7.985580
v -2.456940 9.884709 4.811900
v -1.635770 7.164950 3.357320
v -0.526310 13.754701 -12.609970
v -0.877330 7.774981 -7.416710
v -1.107340 8.098380 2.980200
v -0.606140 13.742790 -11.628200
v -1.884580 12.224521 -6.010880
v -2.361630 10.727840 -6.113569
v -0.763200 10.918429 -8.412870
v -0.927170 14.374970 -8.841320
v -1.141120 13.602180 2.335990
v -0.800390 7.095840 -5.076440
v -2.288110 9.344891 1.498100
v -0.771420 6.439430 4.536140
v -1.373030 12.823250 5.230380
v -0.528070 12.991361 -14.225881
v -1.432400 8.036640 0.206950
v -0.763540 16.744890 -9.527671
v -2.120700 7.535320 4.713181
v -0.860640 9.250540 -8.342150
v -1.146230 5.519070 6.735440
v -1.763950 9.455310 -7.836960
v -1.118400 4.894430 7.007700
v -0.935160 16.347990 -12.655341
v -1.359290 8.513929 6.404530
v -1.478760 4.995790 5.716840
v -1.172890 4.930140 5.552740
v -0.765980 5.177270 6.246490
v -0.844620 5.023200 5.730890
v -1.719330 11.860311 -7.057480
v -0.695020 4.510250 5.883810
v -0.521820 12.610740 -8.705720
v -2.386190 10.651859 -4.807830
v -2.239320 11.297390 1.501520
v -0.936280 7.062650 -3.860500
v -2.077410 12.031860 -3.365960
v -0.926440 13.798941 -8.490660
v -0.880860 5.344830 6.714890
v -1.307390 13.646310 -7.342350
v -2.175940 7.539910 -5.896811
v -0.942950 15.546989 -7.782370
v -0.460930 11.529100 6.488780
v -0.407010 15.360250 -13.440790
v -1.190250 15.780230 -12.297820
v -0.428990 13.838421 -14.669189
v -1.192380 8.756730 2.198490
v -0.518200 9.868149 6.554010
v -0.648380 8.298070 3.866000
v -0.715320 18.180241 -11.842270
v -0.472370 14.832870 -10.228749
v -0.576200 11.914241 -8.484140
v -2.106940 9.956439 5.959291
v -0.760150 15.891721 -12.783549
v -1.831130 7.921180 -4.773060
v -1.886140 6.452909 5.241770
v -1.277710 14.215390 -6.339360
v -1.069080 6.854681 6.456270
v -0.381320 8.559210 5.154730
v -0.531320 16.795891 -12.461399
v -0.798910 17.197020 -11.741810
v -1.215930 16.199591 -12.426601
v -1.019040 8.519450 6.320449
v -0.892470 13.374730 -4.260310
v -0.482290 13.182280 -9.005850
v -1.061000 14.298810 -11.884801
v -2.270390 8.571500 -6.954430
v -0.559430 14.615971 -10.621421
v -2.543460 10.661739 3.130540
v -1.244260 15.271609 -12.278950
v -1.166820 18.556711 -12.366820
v -0.875410 18.227612 -12.321399
v -1.088350 13.230659 1.354490
v -2.583930 10.158300 -0.091900
v -2.020780 12.096900 -0.169360
v -2.486530 9.116710 0.017030
v -0.887620 6.800160 6.248030
v -1.389960 6.727600 6.365030
v -1.686100 6.594500 5.867700
v -0.843450 4.903380 6.881690
v -1.588520 4.398880 5.836370
v -1.610950 4.663570 6.461970
v -1.200720 4.342640 5.557000
v -1.123580 4.058110 6.885241
v -0.789770 3.959890 6.047070
v -0.916080 4.090100 6.795430
v -1.402160 3.917980 6.021980
v -1.430810 3.998280 6.436900
v -1.152720 3.849780 5.893470
v -1.106380 1.435670 7.544610
v -0.761210 1.295120 6.514430
v -0.865310 1.418260 7.441220
v -1.455000 1.350010 6.550819
v -1.466520 1.447470 7.028480
v -1.189230 1.263420 6.396240
v -0.830300 2.632030 6.288661
v -1.158700 2.530790 6.194030
v -0.933560 2.709530 7.030730
v -1.381610 2.550880 6.317791
v -1.408020 2.624890 6.700250
v -1.124820 2.680040 7.113510
v -1.126150 0.910500 7.118711
v -0.858320 1.008060 6.399860
v -0.952220 0.933350 7.057360
v -1.359670 0.973080 6.399170
v -1.383680 0.947540 6.748770
v -1.156960 0.982810 6.287260
v -1.298530 0.363000 7.105619
v -0.747380 0.817430 6.290800
v -0.980010 0.376880 7.112520
v -1.446540 0.711160 6.265050
v -1.480030 0.522810 6.721760
v -1.163850 0.776210 6.119960
v -1.310740 -0.003780 6.989730
v -0.747380 0.000620 5.699500
v -0.980010 0.002890 6.966660
v -1.446540 0.000620 5.659380
v -1.480030 0.000620 6.371170
v -1.163850 0.000620 5.433240
v -0.655000 4.707770 6.407710
v -0.841860 2.663120 6.645980
v -0.793050 0.566270 6.815480
v -0.822300 4.035300 6.389190
v -0.799200 -0.001590 6.461950
v -0.891440 0.973480 6.843880
v -0.778730 1.362150 7.023540
v -1.750620 5.368910 -5.952050
v -0.956070 6.466670 -6.071580
v -1.495760 6.576750 -7.104960
v -1.741490 8.540410 -7.642460
v -1.913930 6.585860 -6.750520
v -1.125470 6.536570 -6.771540
v -1.364160 5.451970 -5.479650
v -1.336330 4.886580 -5.267059
v -1.696700 5.232250 -6.514250
v -1.390820 5.199940 -6.680300
v -0.983920 5.287700 -5.979370
v -1.062550 5.237720 -6.499300
v -0.912960 4.510250 -6.390950
v -1.098790 5.354020 -5.505990
v -1.912050 6.565410 -5.958340
v -1.209650 6.549050 -5.455660
v -1.573540 6.552870 -5.375650
v -1.061390 4.894030 -5.393070
v -1.806460 4.398880 -6.438390
v -1.828890 4.663560 -5.812799
v -1.418660 4.342640 -6.717770
v -1.341510 4.058110 -5.389520
v -1.007710 3.959890 -6.227690
v -1.134010 4.090100 -5.479330
v -1.620100 3.917980 -6.252780
v -1.648740 3.998280 -5.837860
v -1.370660 3.849780 -6.381290
v -1.324320 1.435680 -4.907320
v -0.979140 1.295120 -5.937490
v -1.083250 1.418260 -5.010710
v -1.672940 1.350010 -5.901110
v -1.684460 1.447470 -5.423450
v -1.407160 1.263420 -6.055680
v -1.048240 2.632030 -5.986100
v -1.376630 2.530800 -6.080730
v -1.151490 2.709530 -5.244030
v -1.599550 2.550880 -5.956970
v -1.625950 2.624890 -5.574511
v -1.342760 2.680050 -5.161251
v -1.344090 0.847500 -5.333220
v -1.076260 1.066150 -6.052070
v -1.170160 0.898710 -5.394570
v -1.577600 0.987740 -6.052760
v -1.601620 0.930510 -5.703160
v -1.374890 1.009560 -6.164670
v -1.516470 0.363000 -5.346310
v -0.965320 0.817430 -6.161130
v -1.197950 0.376880 -5.339409
v -1.664480 0.711160 -6.186870
v -1.697970 0.522810 -5.730170
v -1.381780 0.776210 -6.331970
v -1.528680 -0.003780 -5.462200
v -0.965320 0.000620 -6.752430
v -1.197950 0.002890 -5.485260
v -1.664480 0.000620 -6.792550
v -1.697970 0.000620 -6.080760
v -1.381780 0.000620 -7.018680
v -0.872930 4.706400 -5.867051
v -1.059800 2.663120 -5.628780
v -1.010990 0.566270 -5.636440
v -1.040240 4.035310 -5.885571
v -1.017140 -0.001590 -5.989980
v -1.109370 0.988650 -5.608050
v -0.996670 1.362150 -5.428390
v -0.854830 16.752630 -10.505889
v -0.730750 17.157930 -10.317741
v -0.887410 16.726780 -12.035259
v -0.899810 15.896990 -10.692281
v -0.794400 15.979750 -12.366521
v -1.015930 16.149561 -12.692181
v -0.962930 15.695721 -12.580621
v -0.418300 13.233860 -13.485080
v -0.711760 13.818320 -13.702900
v -0.410300 14.454339 -14.257119
v -0.594980 14.165890 -13.934421
v -0.561770 13.228920 -14.078049
v -0.590150 12.665030 5.980970
v -0.293170 12.819221 6.491560
v -0.383770 17.280041 -12.073719
v -0.555500 15.241320 -5.787350
v -0.999690 14.624451 -6.172050
v -0.881240 15.244150 -6.851950
v -0.469790 15.813760 -6.423990
v -1.029840 13.998211 -5.414649
v -0.737770 15.887391 -7.539579
v -0.398970 16.400560 -7.089880
v -0.630400 14.586720 -4.977020
v -0.698280 13.730361 -4.093910
v -0.265910 17.939411 -9.729300
v -0.303310 17.594521 -8.976010
v -0.637270 16.528650 -8.314050
v -0.597400 17.163860 -9.312330
v -0.334090 17.045099 -7.976690
v -0.449070 17.988909 -10.850190
v -0.192940 18.218092 -10.347060
v -0.282030 18.122631 -11.695389
v -0.339980 17.807718 -11.976220
v -0.571740 17.557829 -10.058810
v -0.185630 18.386980 -10.911960
v -0.212840 18.352570 -11.442870
v -0.450840 13.528110 -13.063880
v -0.690310 14.065511 -13.232289
v -0.356000 14.930620 -13.818271
v -0.496430 14.640639 -13.453170
v -0.410300 14.236329 -14.460840
v -0.673440 13.677979 -14.005960
v -0.390150 14.026739 -14.016590
v -0.565100 13.601009 -14.435960
v -0.266510 14.058110 -14.317930
v -0.381250 13.850791 -14.464370
v -0.523100 13.755891 -14.063970
v -0.435750 16.511080 -12.692620
v -0.537620 9.783620 8.821090
v -0.540760 10.216531 7.670710
v -0.576100 5.979840 11.427890
v -0.374340 11.247429 7.606300
v -0.299470 6.846570 9.941790
v -0.572220 7.380610 10.677840
v -0.581540 8.680480 9.617199
v -0.684080 7.071351 10.184500
v -0.429040 10.597879 8.199670
v -0.573520 8.338510 9.227050
v -0.394760 11.942641 7.102090
v -0.553590 9.413240 8.331260
v -0.494310 5.864550 11.282189
v -0.467390 10.897881 7.123370
v -0.015090 10.766410 6.912270
v -0.785720 1.769330 6.434350
v -0.889520 1.876280 7.295619
v -1.428970 1.775960 6.468161
v -1.178400 1.712960 6.324520
v -1.445770 1.865110 6.912050
v -1.112920 1.877060 7.391700
v -0.801130 1.823610 6.889620
v -1.399570 1.578600 -6.061910
v -1.669910 1.740280 -5.461020
v -1.328900 1.745130 -4.970470
v -0.996330 1.627590 -5.949580
v -1.100220 1.739380 -5.068730
v -1.654690 1.648650 -5.914999
v -1.012370 1.685680 -5.478220
vt 0.817292 0.200623
vt 0.817302 0.200621
vt 0.817299 0.200629
vt 0.817291 0.200630
vt 0.817293 0.200795
vt 0.817286 0.200778
vt 0.817298 0.200775
vt 0.817305 0.200789
vt 0.817262 0.200816
vt 0.817273 0.200804
vt 0.817280 0.200822
vt 0.817269 0.200832
vt 0.817259 0.200843
vt 0.817272 0.200837
vt 0.817265 0.200830
vt 0.817255 0.200834
vt 0.817291 0.200687
vt 0.817278 0.200672
vt 0.817286 0.200667
vt 0.817296 0.200677
vt 0.817085 0.201437
vt 0.817081 0.201451
vt 0.817130 0.201281
vt 0.817135 0.201264
vt 0.817236 0.200825
vt 0.817235 0.200824
vt 0.817307 0.200597
vt 0.817308 0.200602
vt 0.817302 0.200600
vt 0.817273 0.200687
vt 0.817266 0.200676
vt 0.817262 0.200795
vt 0.817263 0.200784
vt 0.817222 0.200713
vt 0.817215 0.200703
vt 0.817218 0.200711
vt 0.817284 0.200653
vt 0.817277 0.200659
vt 0.817270 0.200654
vt 0.817275 0.200649
vt 0.817244 0.200773
vt 0.817256 0.200788
vt 0.817253 0.200789
vt 0.817242 0.200773
vt 0.817271 0.200605
vt 0.817274 0.200616
vt 0.817271 0.200618
vt 0.817267 0.200606
vt 0.817137 0.201256
vt 0.817238 0.200829
vt 0.817304 0.200836
vt 0.817316 0.200827
vt 0.817317 0.200828
vt 0.817281 0.200644
vt 0.817290 0.200647
vt 0.817301 0.200596
vt 0.817295 0.200596
vt 0.817301 0.200596
vt 0.817277 0.200602
vt 0.817286 0.200597
vt 0.817290 0.200604
vt 0.817279 0.200612
vt 0.817249 0.200753
vt 0.817237 0.200758
vt 0.817231 0.200743
vt 0.817242 0.200737
vt 0.860644 0.046060
vt 0.860909 0.046093
vt 0.860879 0.046234
vt 0.860798 0.046403
vt 0.817240 0.200684
vt 0.817251 0.200680
vt 0.817256 0.200691
vt 0.817243 0.200695
vt 0.817308 0.200824
vt 0.817316 0.200817
vt 0.817307 0.200834
vt 0.817243 0.200813
vt 0.817249 0.200821
vt 0.817312 0.200645
vt 0.817307 0.200656
vt 0.817300 0.200653
vt 0.817306 0.200643
vt 0.817301 0.200667
vt 0.817293 0.200660
vt 0.817226 0.200727
vt 0.817224 0.200728
vt 0.817220 0.200713
vt 0.817226 0.200715
vt 0.817236 0.200720
vt 0.817299 0.200732
vt 0.817305 0.200752
vt 0.817300 0.200753
vt 0.817294 0.200735
vt 0.817258 0.200795
vt 0.817260 0.200792
vt 0.817251 0.200804
vt 0.817253 0.200806
vt 0.817272 0.200744
vt 0.817284 0.200739
vt 0.817290 0.200756
vt 0.817279 0.200760
vt 0.817230 0.200699
vt 0.817228 0.200687
vt 0.817285 0.200746
vt 0.817161 0.201169
vt 0.817289 0.200731
vt 0.817268 0.200844
vt 0.817308 0.200771
vt 0.817255 0.200807
vt 0.817285 0.200618
vt 0.817280 0.200622
vt 0.817275 0.200781
vt 0.817268 0.200763
vt 0.817316 0.200781
vt 0.817231 0.200668
vt 0.817231 0.200668
vt 0.817222 0.200673
vt 0.817222 0.200673
vt 0.817258 0.200804
vt 0.817258 0.200816
vt 0.817261 0.200815
vt 0.822926 0.626649
vt 0.822989 0.626399
vt 0.823065 0.626642
vt 0.860737 0.046048
vt 0.859020 0.048763
vt 0.858948 0.048545
vt 0.817281 0.200586
vt 0.817281 0.200587
vt 0.817274 0.200583
vt 0.817274 0.200582
vt 0.817312 0.200804
vt 0.817302 0.200812
vt 0.817218 0.200687
vt 0.817214 0.200693
vt 0.817219 0.200683
vt 0.817266 0.200724
vt 0.817259 0.200706
vt 0.817275 0.200702
vt 0.817279 0.200719
vt 0.817267 0.200826
vt 0.817274 0.200835
vt 0.823191 0.626783
vt 0.823143 0.626874
vt 0.817285 0.200843
vt 0.817284 0.200835
vt 0.817297 0.200830
vt 0.817298 0.200838
vt 0.817282 0.200838
vt 0.871580 0.907016
vt 0.871505 0.906922
vt 0.871804 0.906778
vt 0.871898 0.906875
vt 0.817260 0.200845
vt 0.817269 0.200845
vt 0.817268 0.200664
vt 0.817262 0.200659
vt 0.822999 0.626815
vt 0.817314 0.200604
vt 0.817316 0.200610
vt 0.817304 0.200609
vt 0.817276 0.200842
vt 0.817285 0.200842
vt 0.817257 0.200838
vt 0.817270 0.200840
vt 0.817260 0.200844
vt 0.817254 0.200730
vt 0.817262 0.200748
vt 0.817243 0.200813
vt 0.817247 0.200819
vt 0.817237 0.200830
vt 0.817252 0.200828
vt 0.817269 0.200803
vt 0.817259 0.200840
vt 0.817294 0.200599
vt 0.817296 0.200602
vt 0.817251 0.200663
vt 0.817257 0.200667
vt 0.817225 0.200679
vt 0.817235 0.200674
vt 0.817219 0.200692
vt 0.817284 0.200800
vt 0.817149 0.201214
vt 0.817272 0.200795
vt 0.817310 0.200630
vt 0.817316 0.200632
vt 0.817256 0.200795
vt 0.817245 0.200711
vt 0.817229 0.200714
vt 0.817321 0.200602
vt 0.817321 0.200610
vt 0.817287 0.200626
vt 0.817248 0.200848
vt 0.817319 0.200603
vt 0.817325 0.200600
vt 0.817249 0.200662
vt 0.817240 0.200666
vt 0.817239 0.200665
vt 0.817324 0.200594
vt 0.817315 0.200602
vt 0.817314 0.200600
vt 0.868665 0.628579
vt 0.868668 0.628578
vt 0.868678 0.628596
vt 0.868669 0.628589
vt 0.817216 0.200700
vt 0.817285 0.200701
vt 0.817244 0.200671
vt 0.817296 0.200611
vt 0.817284 0.200844
vt 0.817293 0.200839
vt 0.817312 0.200769
vt 0.817299 0.200603
vt 0.871269 0.906331
vt 0.871387 0.906621
vt 0.871702 0.906431
vt 0.871578 0.906133
vt 0.817219 0.200710
vt 0.817176 0.201119
vt 0.868628 0.628569
vt 0.868643 0.628570
vt 0.868383 0.629758
vt 0.868411 0.629763
vt 0.817285 0.200638
vt 0.817295 0.200639
vt 0.817221 0.200703
vt 0.817260 0.200657
vt 0.817215 0.200690
vt 0.817105 0.201364
vt 0.817156 0.201188
vt 0.869367 0.629863
vt 0.869366 0.629851
vt 0.869382 0.629835
vt 0.869382 0.629859
vt 0.817227 0.200743
vt 0.817290 0.200717
vt 0.817295 0.200715
vt 0.817281 0.200638
vt 0.817284 0.200631
vt 0.817247 0.200850
vt 0.817123 0.201301
vt 0.817267 0.200653
vt 0.817272 0.200648
vt 0.817277 0.200643
vt 0.817109 0.201351
vt 0.817124 0.201297
vt 0.817313 0.200620
vt 0.817318 0.200621
vt 0.817292 0.200817
vt 0.817320 0.200805
vt 0.817322 0.200806
vt 0.817320 0.200819
vt 0.868637 0.628592
vt 0.868619 0.628589
vt 0.817256 0.200768
vt 0.817249 0.200850
vt 0.817233 0.200758
vt 0.871517 0.906946
vt 0.871851 0.906794
vt 0.871352 0.906612
vt 0.871638 0.906444
vt 0.817278 0.200624
vt 0.817283 0.200627
vt 0.817044 0.201577
vt 0.817038 0.201596
vt 0.817322 0.200792
vt 0.817320 0.200793
vt 0.817318 0.200779
vt 0.817094 0.201405
vt 0.817049 0.201556
vt 0.817053 0.201542
vt 0.817056 0.201532
vt 0.817267 0.200600
vt 0.817264 0.200602
vt 0.817259 0.200598
vt 0.817262 0.200596
vt 0.817299 0.200596
vt 0.817300 0.200599
vt 0.817328 0.200593
vt 0.817217 0.200681
vt 0.817052 0.201545
vt 0.874051 0.912361
vt 0.873644 0.912349
vt 0.873690 0.912256
vt 0.873849 0.912302
vt 0.873256 0.912065
vt 0.873298 0.912175
vt 0.868634 0.628602
vt 0.868386 0.629742
vt 0.817292 0.200704
vt 0.817047 0.201565
vt 0.871249 0.906260
vt 0.871545 0.906060
vt 0.816939 0.201932
vt 0.816936 0.201941
vt 0.816933 0.201955
vt 0.816928 0.201974
vt 0.817261 0.201435
vt 0.817276 0.201382
vt 0.817468 0.200727
vt 0.817453 0.200776
vt 0.816936 0.201943
vt 0.816927 0.201979
vt 0.872062 0.906553
vt 0.872112 0.906816
vt 0.872127 0.906900
vt 0.872012 0.906322
vt 0.872017 0.906272
vt 0.872024 0.906487
vt 0.872086 0.906822
vt 0.871722 0.770473
vt 0.871726 0.770481
vt 0.871726 0.770481
vt 0.871722 0.770473
vt 0.872025 0.770625
vt 0.871994 0.770611
vt 0.871994 0.770611
vt 0.872025 0.770625
vt 0.872196 0.770599
vt 0.871885 0.770627
vt 0.871885 0.770627
vt 0.872196 0.770599
vt 0.871730 0.770492
vt 0.871730 0.770492
vt 0.872194 0.770593
vt 0.872184 0.770592
vt 0.872186 0.770592
vt 0.872194 0.770593
vt 0.872241 0.770748
vt 0.872234 0.770747
vt 0.872234 0.770747
vt 0.872241 0.770748
vt 0.871730 0.770492
vt 0.871726 0.770481
vt 0.872185 0.770592
vt 0.872194 0.770593
vt 0.872234 0.770747
vt 0.872241 0.770748
vt 0.871722 0.770473
vt 0.871994 0.770611
vt 0.872025 0.770625
vt 0.871885 0.770627
vt 0.872196 0.770599
vt 0.872177 0.770590
vt 0.872177 0.770590
vt 0.872177 0.770590
vt 0.816935 0.201950
vt 0.870815 0.906965
vt 0.870908 0.907223
vt 0.817037 0.201432
vt 0.817034 0.201446
vt 0.817106 0.201198
vt 0.817104 0.201154
vt 0.817109 0.201185
vt 0.817206 0.200695
vt 0.817205 0.200692
vt 0.874110 0.916141
vt 0.874029 0.916046
vt 0.874247 0.915977
vt 0.874341 0.916074
vt 0.873796 0.915439
vt 0.873916 0.915730
vt 0.874145 0.915630
vt 0.874022 0.915333
vt 0.817113 0.201169
vt 0.817209 0.200704
vt 0.817205 0.200696
vt 0.874051 0.916067
vt 0.874295 0.915993
vt 0.817208 0.200705
vt 0.817211 0.200712
vt 0.817123 0.201083
vt 0.817115 0.201111
vt 0.817058 0.201359
vt 0.817076 0.201296
vt 0.817114 0.201113
vt 0.817062 0.201346
vt 0.817077 0.201292
vt 0.873872 0.915729
vt 0.874081 0.915643
vt 0.873772 0.915367
vt 0.873989 0.915260
vt 0.816997 0.201572
vt 0.816991 0.201590
vt 0.817047 0.201400
vt 0.817002 0.201551
vt 0.817006 0.201536
vt 0.817009 0.201527
vt 0.817005 0.201540
vt 0.817000 0.201560
vt 0.817211 0.200711
vt 0.816892 0.201927
vt 0.816889 0.201936
vt 0.816886 0.201949
vt 0.816881 0.201968
vt 0.816880 0.201973
vt 0.816888 0.201945
vt 0.816889 0.201938
vt 0.874518 0.915748
vt 0.874544 0.916018
vt 0.874550 0.916105
vt 0.874481 0.915514
vt 0.874507 0.915459
vt 0.874456 0.915690
vt 0.874486 0.916033
vt 0.871722 0.770473
vt 0.871726 0.770481
vt 0.871726 0.770481
vt 0.871722 0.770473
vt 0.872025 0.770625
vt 0.871994 0.770611
vt 0.871994 0.770611
vt 0.872025 0.770625
vt 0.872196 0.770599
vt 0.871885 0.770627
vt 0.871885 0.770627
vt 0.872196 0.770599
vt 0.871730 0.770492
vt 0.871730 0.770492
vt 0.872194 0.770593
vt 0.872184 0.770592
vt 0.872186 0.770592
vt 0.872194 0.770593
vt 0.872241 0.770748
vt 0.872234 0.770747
vt 0.872234 0.770747
vt 0.872241 0.770748
vt 0.871730 0.770492
vt 0.871726 0.770481
vt 0.872185 0.770592
vt 0.872194 0.770593
vt 0.872234 0.770747
vt 0.872241 0.770748
vt 0.871722 0.770473
vt 0.871994 0.770611
vt 0.872025 0.770625
vt 0.871885 0.770627
vt 0.872196 0.770599
vt 0.872177 0.770590
vt 0.872177 0.770590
vt 0.872177 0.770590
vt 0.873223 0.916033
vt 0.873316 0.916291
vt 0.859651 0.067849
vt 0.859709 0.067809
vt 0.859709 0.067809
vt 0.859651 0.067849
vt 0.823198 0.626586
vt 0.823204 0.626688
vt 0.817287 0.200590
vt 0.817287 0.200589
vt 0.868640 0.628612
vt 0.868626 0.628614
vt 0.868615 0.628605
vt 0.868650 0.628596
vt 0.868656 0.628590
vt 0.868667 0.629674
vt 0.868654 0.629685
vt 0.868651 0.629677
vt 0.817279 0.200592
vt 0.817273 0.200597
vt 0.868654 0.628613
vt 0.860993 0.046107
vt 0.860955 0.046060
vt 0.861001 0.046268
vt 0.861069 0.046258
vt 0.859634 0.068013
vt 0.859637 0.068013
vt 0.859637 0.068013
vt 0.859634 0.068013
vt 0.817294 0.200840
vt 0.817286 0.200841
vt 0.859641 0.067865
vt 0.859643 0.067860
vt 0.859643 0.067860
vt 0.859641 0.067865
vt 0.859700 0.067818
vt 0.859700 0.067818
vt 0.859646 0.067855
vt 0.859646 0.067855
vt 0.859636 0.067867
vt 0.859636 0.067867
vt 0.859711 0.067744
vt 0.859632 0.067868
vt 0.859632 0.067868
vt 0.859711 0.067744
vt 0.859717 0.068004
vt 0.859634 0.068014
vt 0.859634 0.068014
vt 0.859717 0.068004
vt 0.859631 0.067889
vt 0.859633 0.067885
vt 0.859633 0.067885
vt 0.859631 0.067889
vt 0.817304 0.200836
vt 0.859738 0.053562
vt 0.859723 0.053581
vt 0.859713 0.053556
vt 0.859722 0.053548
vt 0.859697 0.053436
vt 0.859757 0.053511
vt 0.859753 0.053500
vt 0.859686 0.053427
vt 0.859444 0.053549
vt 0.859443 0.053549
vt 0.859439 0.053398
vt 0.859796 0.053515
vt 0.859775 0.053529
vt 0.859681 0.053619
vt 0.859679 0.053621
vt 0.859677 0.053585
vt 0.859637 0.053535
vt 0.859639 0.053540
vt 0.859676 0.053636
vt 0.859694 0.053410
vt 0.859686 0.053407
vt 0.859790 0.053438
vt 0.859754 0.053542
vt 0.859745 0.053526
vt 0.859741 0.053513
vt 0.859709 0.053549
vt 0.859639 0.053503
vt 0.859641 0.053521
vt 0.859636 0.053532
vt 0.859650 0.053498
vt 0.859680 0.053651
vt 0.859680 0.053636
vt 0.859666 0.053630
vt 0.859681 0.053635
vt 0.859689 0.053621
vt 0.859702 0.053605
vt 0.859717 0.053420
vt 0.859714 0.053437
vt 0.859709 0.053430
vt 0.859709 0.053428
vt 0.859157 0.053570
vt 0.859156 0.053569
vt 0.859160 0.053569
vt 0.859160 0.053571
vt 0.817271 0.200582
vt 0.817269 0.200579
vt 0.859644 0.053542
vt 0.817268 0.200592
vt 0.817272 0.200588
vt 0.868655 0.628571
vt 0.868656 0.628574
vt 0.886696 0.559385
vt 0.886695 0.559385
vt 0.886695 0.559385
vt 0.886695 0.559384
vt 0.886695 0.559384
vt 0.868647 0.628573
vt 0.869382 0.629869
vt 0.817304 0.200596
vt 0.859757 0.047977
vt 0.861137 0.046920
vt 0.861172 0.046882
vt 0.859610 0.048188
vt 0.859382 0.048460
vt 0.859241 0.048195
vt 0.860841 0.047881
vt 0.860975 0.047740
vt 0.861098 0.046706
vt 0.861161 0.046583
vt 0.859314 0.048763
vt 0.859271 0.048430
vt 0.861158 0.048300
vt 0.861172 0.048689
vt 0.861065 0.048727
vt 0.861086 0.048271
vt 0.860999 0.048337
vt 0.860846 0.048397
vt 0.861139 0.047741
vt 0.861048 0.047809
vt 0.860972 0.048733
vt 0.860995 0.046892
vt 0.860866 0.046878
vt 0.860871 0.046638
vt 0.860954 0.046660
vt 0.860928 0.047301
vt 0.861047 0.047192
vt 0.860879 0.048699
vt 0.858696 0.048509
vt 0.858789 0.048486
vt 0.858879 0.048753
vt 0.858603 0.048645
vt 0.859271 0.047571
vt 0.860748 0.046917
vt 0.860838 0.047535
vt 0.860798 0.046403
vt 0.860860 0.046635
vt 0.860861 0.046635
vt 0.860866 0.046878
vt 0.871001 0.907273
vt 0.870962 0.907186
vt 0.870705 0.906690
vt 0.870832 0.906918
vt 0.870711 0.906623
vt 0.873119 0.915691
vt 0.873114 0.915758
vt 0.873241 0.915986
vt 0.873371 0.916254
vt 0.873410 0.916341
vt 0.817292 0.200623
vt 0.817291 0.200630
vt 0.817299 0.200629
vt 0.817302 0.200621
vt 0.817293 0.200795
vt 0.817305 0.200789
vt 0.817298 0.200775
vt 0.817286 0.200778
vt 0.817262 0.200816
vt 0.817269 0.200832
vt 0.817280 0.200822
vt 0.817273 0.200804
vt 0.817259 0.200843
vt 0.817255 0.200834
vt 0.817265 0.200830
vt 0.817272 0.200837
vt 0.817291 0.200687
vt 0.817296 0.200677
vt 0.817286 0.200667
vt 0.817278 0.200672
vt 0.817085 0.201437
vt 0.817135 0.201264
vt 0.817130 0.201281
vt 0.817081 0.201451
vt 0.817236 0.200825
vt 0.817235 0.200824
vt 0.817307 0.200597
vt 0.817302 0.200600
vt 0.817308 0.200602
vt 0.817273 0.200687
vt 0.817266 0.200676
vt 0.817262 0.200795
vt 0.817263 0.200784
vt 0.817222 0.200713
vt 0.817218 0.200711
vt 0.817215 0.200703
vt 0.817284 0.200653
vt 0.817275 0.200649
vt 0.817270 0.200654
vt 0.817277 0.200659
vt 0.817244 0.200773
vt 0.817256 0.200788
vt 0.817271 0.200605
vt 0.817274 0.200616
vt 0.817137 0.201256
vt 0.817238 0.200829
vt 0.817304 0.200836
vt 0.817317 0.200828
vt 0.817316 0.200827
vt 0.817281 0.200644
vt 0.817290 0.200647
vt 0.817301 0.200596
vt 0.817295 0.200596
vt 0.817277 0.200602
vt 0.817279 0.200612
vt 0.817290 0.200604
vt 0.817286 0.200597
vt 0.817249 0.200753
vt 0.817242 0.200737
vt 0.817231 0.200743
vt 0.817237 0.200758
vt 0.860644 0.046060
vt 0.860798 0.046403
vt 0.860879 0.046234
vt 0.860909 0.046093
vt 0.817240 0.200684
vt 0.817243 0.200695
vt 0.817256 0.200691
vt 0.817251 0.200680
vt 0.817308 0.200824
vt 0.817307 0.200834
vt 0.817316 0.200817
vt 0.817243 0.200813
vt 0.817249 0.200821
vt 0.817312 0.200645
vt 0.817306 0.200643
vt 0.817300 0.200653
vt 0.817307 0.200656
vt 0.817293 0.200660
vt 0.817301 0.200667
vt 0.817226 0.200727
vt 0.817236 0.200720
vt 0.817226 0.200715
vt 0.817294 0.200735
vt 0.817300 0.200753
vt 0.817258 0.200795
vt 0.817253 0.200806
vt 0.817251 0.200804
vt 0.817260 0.200792
vt 0.817272 0.200744
vt 0.817279 0.200760
vt 0.817290 0.200756
vt 0.817284 0.200739
vt 0.817228 0.200687
vt 0.817230 0.200699
vt 0.817285 0.200746
vt 0.817289 0.200731
vt 0.817161 0.201169
vt 0.817268 0.200844
vt 0.817308 0.200771
vt 0.817255 0.200807
vt 0.817280 0.200622
vt 0.817285 0.200618
vt 0.817275 0.200781
vt 0.817268 0.200763
vt 0.817316 0.200781
vt 0.817222 0.200673
vt 0.817231 0.200668
vt 0.817258 0.200816
vt 0.822926 0.626649
vt 0.823065 0.626642
vt 0.822989 0.626399
vt 0.860737 0.046048
vt 0.817274 0.200583
vt 0.817281 0.200587
vt 0.817302 0.200812
vt 0.817312 0.200804
vt 0.817218 0.200687
vt 0.817219 0.200683
vt 0.817214 0.200693
vt 0.817266 0.200724
vt 0.817279 0.200719
vt 0.817275 0.200702
vt 0.817259 0.200706
vt 0.823191 0.626783
vt 0.823143 0.626874
vt 0.817285 0.200843
vt 0.817298 0.200838
vt 0.817297 0.200830
vt 0.817284 0.200835
vt 0.871580 0.907016
vt 0.871898 0.906875
vt 0.871804 0.906778
vt 0.871505 0.906922
vt 0.817269 0.200845
vt 0.817260 0.200845
vt 0.817262 0.200659
vt 0.817268 0.200664
vt 0.822999 0.626815
vt 0.817304 0.200609
vt 0.817316 0.200610
vt 0.817314 0.200604
vt 0.817276 0.200842
vt 0.817285 0.200842
vt 0.817257 0.200838
vt 0.817260 0.200844
vt 0.817270 0.200840
vt 0.817254 0.200730
vt 0.817262 0.200748
vt 0.817243 0.200813
vt 0.817237 0.200830
vt 0.817247 0.200819
vt 0.817252 0.200828
vt 0.817259 0.200840
vt 0.817269 0.200803
vt 0.817296 0.200602
vt 0.817294 0.200599
vt 0.817251 0.200663
vt 0.817257 0.200667
vt 0.817235 0.200674
vt 0.817225 0.200679
vt 0.817219 0.200692
vt 0.817284 0.200800
vt 0.817149 0.201214
vt 0.817272 0.200795
vt 0.817310 0.200630
vt 0.817316 0.200632
vt 0.817245 0.200711
vt 0.817229 0.200714
vt 0.817321 0.200610
vt 0.817321 0.200602
vt 0.817287 0.200626
vt 0.817248 0.200848
vt 0.817319 0.200603
vt 0.817325 0.200600
vt 0.817240 0.200666
vt 0.817315 0.200602
vt 0.817324 0.200594
vt 0.817314 0.200600
vt 0.868665 0.628579
vt 0.868669 0.628589
vt 0.868678 0.628596
vt 0.868668 0.628578
vt 0.817285 0.200701
vt 0.817244 0.200671
vt 0.817296 0.200611
vt 0.817293 0.200839
vt 0.817284 0.200844
vt 0.817299 0.200603
vt 0.871269 0.906331
vt 0.871578 0.906133
vt 0.871702 0.906431
vt 0.871387 0.906621
vt 0.817219 0.200710
vt 0.817176 0.201119
vt 0.868383 0.629758
vt 0.868643 0.628570
vt 0.817285 0.200638
vt 0.817295 0.200639
vt 0.817221 0.200703
vt 0.817105 0.201364
vt 0.817156 0.201188
vt 0.869367 0.629863
vt 0.869366 0.629851
vt 0.817290 0.200717
vt 0.817247 0.200850
vt 0.817123 0.201301
vt 0.817124 0.201297
vt 0.817109 0.201351
vt 0.817318 0.200621
vt 0.817313 0.200620
vt 0.817292 0.200817
vt 0.817320 0.200805
vt 0.868619 0.628589
vt 0.868637 0.628592
vt 0.817256 0.200768
vt 0.817249 0.200850
vt 0.871517 0.906946
vt 0.871851 0.906794
vt 0.871638 0.906444
vt 0.871352 0.906612
vt 0.817038 0.201596
vt 0.817044 0.201577
vt 0.817320 0.200793
vt 0.817094 0.201405
vt 0.817049 0.201556
vt 0.817053 0.201542
vt 0.817056 0.201532
vt 0.817267 0.200600
vt 0.817262 0.200596
vt 0.817299 0.200596
vt 0.817300 0.200599
vt 0.817328 0.200593
vt 0.817052 0.201545
vt 0.873849 0.912302
vt 0.873690 0.912256
vt 0.873256 0.912065
vt 0.868634 0.628602
vt 0.817292 0.200704
vt 0.817047 0.201565
vt 0.871545 0.906060
vt 0.871249 0.906260
vt 0.816936 0.201941
vt 0.816939 0.201932
vt 0.816933 0.201955
vt 0.816928 0.201974
vt 0.817261 0.201435
vt 0.817453 0.200776
vt 0.817468 0.200727
vt 0.817276 0.201382
vt 0.816936 0.201943
vt 0.816927 0.201979
vt 0.872112 0.906816
vt 0.872062 0.906553
vt 0.872127 0.906900
vt 0.872017 0.906272
vt 0.872012 0.906322
vt 0.872024 0.906487
vt 0.872086 0.906822
vt 0.871722 0.770473
vt 0.871722 0.770473
vt 0.871726 0.770481
vt 0.871726 0.770481
vt 0.872025 0.770625
vt 0.872025 0.770625
vt 0.871994 0.770611
vt 0.871994 0.770611
vt 0.872196 0.770599
vt 0.872196 0.770599
vt 0.871885 0.770627
vt 0.871885 0.770627
vt 0.871730 0.770492
vt 0.871730 0.770492
vt 0.872194 0.770593
vt 0.872194 0.770593
vt 0.872186 0.770592
vt 0.872184 0.770592
vt 0.872241 0.770748
vt 0.872241 0.770748
vt 0.872234 0.770747
vt 0.872234 0.770747
vt 0.871726 0.770481
vt 0.871730 0.770492
vt 0.872194 0.770593
vt 0.872185 0.770592
vt 0.872241 0.770748
vt 0.872234 0.770747
vt 0.871722 0.770473
vt 0.872025 0.770625
vt 0.871994 0.770611
vt 0.872196 0.770599
vt 0.871885 0.770627
vt 0.872177 0.770590
vt 0.872177 0.770590
vt 0.872177 0.770590
vt 0.816935 0.201950
vt 0.870908 0.907223
vt 0.870815 0.906965
vt 0.817037 0.201432
vt 0.817104 0.201154
vt 0.817106 0.201198
vt 0.817034 0.201446
vt 0.817109 0.201185
vt 0.817205 0.200692
vt 0.817206 0.200695
vt 0.874110 0.916141
vt 0.874341 0.916074
vt 0.874247 0.915977
vt 0.874029 0.916046
vt 0.873796 0.915439
vt 0.874022 0.915333
vt 0.874145 0.915630
vt 0.873916 0.915730
vt 0.817113 0.201169
vt 0.817209 0.200704
vt 0.817205 0.200696
vt 0.874051 0.916067
vt 0.874295 0.915993
vt 0.817208 0.200705
vt 0.817115 0.201111
vt 0.817123 0.201083
vt 0.817211 0.200712
vt 0.817058 0.201359
vt 0.817076 0.201296
vt 0.817114 0.201113
vt 0.817077 0.201292
vt 0.817062 0.201346
vt 0.874081 0.915643
vt 0.873872 0.915729
vt 0.873989 0.915260
vt 0.873772 0.915367
vt 0.816991 0.201590
vt 0.816997 0.201572
vt 0.817047 0.201400
vt 0.817002 0.201551
vt 0.817006 0.201536
vt 0.817009 0.201527
vt 0.817005 0.201540
vt 0.817000 0.201560
vt 0.817211 0.200711
vt 0.816889 0.201936
vt 0.816892 0.201927
vt 0.816886 0.201949
vt 0.816881 0.201968
vt 0.816888 0.201945
vt 0.816880 0.201973
vt 0.816889 0.201938
vt 0.874544 0.916018
vt 0.874518 0.915748
vt 0.874550 0.916105
vt 0.874507 0.915459
vt 0.874481 0.915514
vt 0.874456 0.915690
vt 0.874486 0.916033
vt 0.871722 0.770473
vt 0.871722 0.770473
vt 0.871726 0.770481
vt 0.871726 0.770481
vt 0.872025 0.770625
vt 0.872025 0.770625
vt 0.871994 0.770611
vt 0.871994 0.770611
vt 0.872196 0.770599
vt 0.872196 0.770599
vt 0.871885 0.770627
vt 0.871885 0.770627
vt 0.871730 0.770492
vt 0.871730 0.770492
vt 0.872194 0.770593
vt 0.872194 0.770593
vt 0.872186 0.770592
vt 0.872184 0.770592
vt 0.872241 0.770748
vt 0.872241 0.770748
vt 0.872234 0.770747
vt 0.872234 0.770747
vt 0.871726 0.770481
vt 0.871730 0.770492
vt 0.872194 0.770593
vt 0.872185 0.770592
vt 0.872241 0.770748
vt 0.872234 0.770747
vt 0.871722 0.770473
vt 0.872025 0.770625
vt 0.871994 0.770611
vt 0.872196 0.770599
vt 0.871885 0.770627
vt 0.872177 0.770590
vt 0.872177 0.770590
vt 0.872177 0.770590
vt 0.873316 0.916291
vt 0.873223 0.916033
vt 0.859651 0.067849
vt 0.859651 0.067849
vt 0.859709 0.067809
vt 0.859709 0.067809
vt 0.823198 0.626586
vt 0.823204 0.626688
vt 0.817287 0.200590
vt 0.868640 0.628612
vt 0.868650 0.628596
vt 0.868656 0.628590
vt 0.868651 0.629677
vt 0.868654 0.629685
vt 0.817279 0.200592
vt 0.817273 0.200597
vt 0.868654 0.628613
vt 0.861001 0.046268
vt 0.859634 0.068013
vt 0.859634 0.068013
vt 0.859641 0.067865
vt 0.859641 0.067865
vt 0.859643 0.067860
vt 0.859643 0.067860
vt 0.859700 0.067818
vt 0.859700 0.067818
vt 0.859646 0.067855
vt 0.859646 0.067855
vt 0.859636 0.067867
vt 0.859636 0.067867
vt 0.859711 0.067744
vt 0.859711 0.067744
vt 0.859632 0.067868
vt 0.859632 0.067868
vt 0.859717 0.068004
vt 0.859717 0.068004
vt 0.859634 0.068014
vt 0.859634 0.068014
vt 0.859633 0.067885
vt 0.859633 0.067885
vt 0.859738 0.053562
vt 0.859722 0.053548
vt 0.859713 0.053556
vt 0.859723 0.053581
vt 0.859697 0.053436
vt 0.859757 0.053511
vt 0.859444 0.053549
vt 0.859439 0.053398
vt 0.859443 0.053549
vt 0.859775 0.053529
vt 0.859796 0.053515
vt 0.859681 0.053619
vt 0.859637 0.053535
vt 0.859676 0.053636
vt 0.859639 0.053540
vt 0.859694 0.053410
vt 0.859754 0.053542
vt 0.859745 0.053526
vt 0.859641 0.053521
vt 0.859650 0.053498
vt 0.859689 0.053621
vt 0.859681 0.053635
vt 0.859666 0.053630
vt 0.859702 0.053605
vt 0.859717 0.053420
vt 0.859709 0.053428
vt 0.859157 0.053570
vt 0.859156 0.053569
vt 0.817271 0.200582
vt 0.859644 0.053542
vt 0.817268 0.200592
vt 0.817272 0.200588
vt 0.868655 0.628571
vt 0.868656 0.628574
vt 0.886696 0.559385
vt 0.886695 0.559384
vt 0.886695 0.559385
vt 0.886695 0.559385
vt 0.886695 0.559384
vt 0.868647 0.628573
vt 0.817304 0.200596
vt 0.859757 0.047977
vt 0.861137 0.046920
vt 0.859382 0.048460
vt 0.860975 0.047740
vt 0.861098 0.046706
vt 0.861086 0.048271
vt 0.861065 0.048727
vt 0.860999 0.048337
vt 0.860846 0.048397
vt 0.861048 0.047809
vt 0.860972 0.048733
vt 0.860995 0.046892
vt 0.860954 0.046660
vt 0.860871 0.046638
vt 0.860866 0.046878
vt 0.860928 0.047301
vt 0.861047 0.047192
vt 0.858696 0.048509
vt 0.858789 0.048486
vt 0.860860 0.046635
vt 0.871001 0.907273
vt 0.870962 0.907186
vt 0.870705 0.906690
vt 0.870832 0.906918
vt 0.870711 0.906623
vt 0.873119 0.915691
vt 0.873114 0.915758
vt 0.873241 0.915986
vt 0.873371 0.916254
vt 0.873410 0.916341
vn 0.866019 -0.230505 0.443710
vn 0.980327 0.022401 0.196105
vn 0.988421 -0.150903 -0.015900
vn 0.866060 -0.499177 -0.027599
vn 0.979051 0.194390 -0.060597
vn 0.981829 0.179005 -0.063002
vn 0.853257 0.498575 -0.152892
vn 0.865394 0.490096 -0.104399
vn 0.979140 -0.202908 0.010600
vn 0.996066 -0.081497 -0.034799
vn 0.989201 -0.034700 0.142400
vn 0.940531 -0.143505 0.307910
vn -0.775087 -0.047199 0.630089
vn -0.694094 -0.438796 0.570695
vn -0.822382 -0.530488 0.205596
vn -0.991592 -0.110099 0.067999
vn 0.936236 0.349613 0.035101
vn 0.952897 0.186599 -0.239099
vn 0.982726 0.077402 -0.168104
vn 0.991590 0.127399 -0.022800
vn 0.872383 -0.207296 -0.442692
vn 0.026299 -0.297790 -0.954269
vn -0.036000 -0.421302 -0.906206
vn 0.894997 -0.217599 -0.389399
vn -0.536129 -0.560230 -0.631434
vn 0.295506 -0.671013 -0.680013
vn -0.036000 -0.421302 -0.906206
vn 0.412200 0.609500 -0.677200
vn 0.864877 0.448988 -0.224494
vn 0.821620 0.550914 -0.146404
vn 0.931158 0.351284 -0.097696
vn 0.890086 0.290895 -0.350894
vn 0.952897 0.186599 -0.239099
vn 0.936236 0.349613 0.035101
vn 0.862702 -0.414301 -0.290001
vn 0.900856 -0.433279 0.026999
vn 0.996066 -0.081497 -0.034799
vn 0.197392 -0.959562 0.200692
vn -0.446292 -0.894885 -0.002200
vn -0.115805 -0.717630 0.686729
vn 0.914383 -0.134397 -0.381893
vn 0.883462 -0.060497 -0.464580
vn 0.602813 -0.246605 -0.758816
vn 0.654219 -0.337910 -0.676620
vn 0.421985 -0.856370 0.297590
vn 0.325400 -0.920599 0.215900
vn 0.000000 -0.958318 0.285705
vn 0.000000 -0.943460 0.331486
vn 0.744188 -0.667089 0.034299
vn 0.605537 -0.772948 0.189412
vn 0.000000 -0.955805 0.294002
vn 0.000000 -0.979386 0.201997
vn -0.865492 -0.169998 -0.471195
vn -0.875398 -0.316599 -0.365299
vn -0.536129 -0.560230 -0.631434
vn -0.036000 -0.421302 -0.906206
vn 0.071699 0.168498 0.983091
vn 0.427425 0.648838 0.629537
vn 0.543001 0.655301 0.525101
vn 0.700505 -0.408303 -0.585304
vn 0.936043 -0.187909 -0.297514
vn 0.914383 -0.134397 -0.381893
vn 0.654219 -0.337910 -0.676620
vn 0.480912 0.512313 -0.711518
vn 0.516703 0.181501 -0.836705
vn 0.000000 0.513113 -0.858321
vn 0.939870 -0.217293 -0.263492
vn 0.898699 -0.041500 -0.436599
vn 0.925397 -0.081200 -0.370199
vn 0.903958 -0.415081 -0.102795
vn 0.906132 -0.411414 0.098303
vn 0.462911 -0.857319 0.225205
vn 0.488891 -0.865684 0.107598
vn 0.870009 -0.492205 -0.028600
vn 0.899663 0.433182 0.054398
vn 0.885923 0.416511 0.204105
vn 0.912413 0.240703 0.331005
vn 0.947458 -0.201191 -0.248689
vn 0.908808 0.009600 -0.417104
vn 0.890203 0.223801 -0.396801
vn 0.961422 0.250706 -0.113203
vn 0.995766 0.012300 -0.091097
vn 0.722396 0.474698 0.502798
vn 0.538699 0.709198 0.454799
vn 0.427425 0.648838 0.629537
vn 0.310104 0.387805 0.868011
vn -0.543590 -0.442092 -0.713487
vn -0.536129 -0.560230 -0.631434
vn -0.875398 -0.316599 -0.365299
vn -0.935248 -0.183009 -0.303016
vn 0.942273 0.313591 0.117397
vn 0.962833 0.257509 0.081503
vn 0.994303 0.094400 -0.049500
vn 0.989538 0.143106 -0.018301
vn 0.962833 0.257509 0.081503
vn 0.983863 0.178293 -0.014999
vn 0.988023 0.071002 -0.137003
vn 0.994303 0.094400 -0.049500
vn 0.483990 -0.874681 -0.026199
vn 0.000000 -0.999425 0.033901
vn 0.000000 -0.999337 0.036401
vn 0.197392 -0.959562 0.200692
vn 0.483990 -0.874681 -0.026199
vn 0.596510 -0.743212 0.303005
vn 0.830909 -0.556406 -0.001400
vn 0.000000 0.999918 0.012800
vn 0.000000 0.994173 -0.107797
vn 0.531609 0.841813 -0.093502
vn 0.543091 0.839485 0.017800
vn 0.042499 -0.962788 -0.266897
vn 0.353597 -0.834393 -0.422797
vn 0.274696 -0.624891 -0.730790
vn -0.377407 -0.707913 -0.597011
vn 0.991590 0.127399 -0.022800
vn 0.982726 0.077402 -0.168104
vn 0.988023 0.071002 -0.137003
vn 0.983863 0.178293 -0.014999
vn 0.954686 0.296695 0.023400
vn 0.810517 0.585612 0.011000
vn 0.828188 0.559092 -0.038999
vn 0.963678 0.261994 0.051799
vn 0.995766 0.012300 -0.091097
vn 0.958939 -0.283612 -0.001000
vn 0.871081 -0.223595 -0.437291
vn 0.908808 0.009600 -0.417104
vn -0.832478 0.111197 0.542786
vn -0.715074 0.262290 0.647976
vn -0.193997 0.199097 0.960586
vn -0.775087 -0.047199 0.630089
vn -0.460403 -0.176901 0.869905
vn -0.694094 -0.438796 0.570695
vn 0.853257 0.498575 -0.152892
vn 0.828188 0.559092 -0.038999
vn 0.531609 0.841813 -0.093502
vn 0.525172 0.821856 -0.220788
vn 0.862702 -0.414301 -0.290001
vn 0.855703 -0.418101 -0.304901
vn 0.274696 -0.624891 -0.730790
vn 0.353597 -0.834393 -0.422797
vn 0.903958 -0.415081 -0.102795
vn 0.892291 -0.323897 0.314497
vn 0.552912 -0.647114 0.524911
vn 0.605537 -0.772948 0.189412
vn 0.999821 0.018800 -0.002200
vn 0.993219 0.035201 0.110802
vn 0.963678 0.261994 0.051799
vn 0.981829 0.179005 -0.063002
vn 0.865394 0.490096 -0.104399
vn 0.853257 0.498575 -0.152892
vn 0.525172 0.821856 -0.220788
vn 0.494087 0.848977 -0.187395
vn 0.000000 -0.155197 -0.987884
vn 0.318102 -0.141701 -0.937407
vn 0.333495 -0.449693 -0.828587
vn 0.000000 -0.483323 -0.875442
vn 0.862702 -0.414301 -0.290001
vn 0.996066 -0.081497 -0.034799
vn 0.979140 -0.202908 0.010600
vn 0.855703 -0.418101 -0.304901
vn 0.000000 -0.976613 -0.215003
vn -0.377407 -0.707913 -0.597011
vn -0.746584 -0.652486 -0.129897
vn 0.000000 -0.996803 0.079900
vn 0.629503 0.670104 -0.393302
vn 0.992358 -0.108595 -0.058597
vn 0.836970 -0.138695 -0.529381
vn 0.885923 0.416511 0.204105
vn 0.899663 0.433182 0.054398
vn 0.000000 0.999574 -0.029199
vn 0.000000 0.992883 0.119098
vn 0.000000 0.664972 -0.746868
vn 0.672493 0.502795 -0.543094
vn 0.671366 0.548172 -0.498774
vn 0.000000 0.722876 -0.690977
vn 0.865394 0.490096 -0.104399
vn 0.789465 0.588174 0.175492
vn 0.920038 0.343614 0.188308
vn 0.979051 0.194390 -0.060597
vn 0.399699 -0.385599 -0.831598
vn -0.365994 -0.598791 -0.712389
vn 0.226492 -0.656878 -0.719175
vn 0.965981 0.253495 -0.051199
vn 0.974746 0.217510 -0.050602
vn 0.913251 0.407178 -0.013399
vn 0.856428 0.516117 0.012400
vn 0.000000 -0.959002 0.283401
vn -0.822382 -0.530488 0.205596
vn -0.694094 -0.438796 0.570695
vn 0.000000 -0.734600 0.678500
vn 0.411392 -0.866282 -0.283394
vn 0.467391 -0.361893 -0.806585
vn 0.836970 -0.138695 -0.529381
vn 0.485121 -0.004200 0.874437
vn 0.862461 0.012199 0.505977
vn 0.835401 0.204700 0.510101
vn 0.385009 0.193404 0.902421
vn 0.000000 -0.734600 0.678500
vn -0.694094 -0.438796 0.570695
vn 0.000000 -0.661522 0.749925
vn 0.123396 -0.152495 -0.980571
vn 0.858598 -0.048000 -0.510398
vn 0.903598 -0.056800 -0.424599
vn 0.136807 0.110205 -0.984448
vn -0.460403 -0.176901 0.869905
vn -0.775087 -0.047199 0.630089
vn -0.016001 -0.026101 0.999531
vn 0.131300 -0.210200 0.968801
vn 0.883462 -0.060497 -0.464580
vn 0.817779 0.060098 -0.572386
vn 0.501901 -0.082300 -0.861001
vn 0.602813 -0.246605 -0.758816
vn 0.394905 0.523606 -0.754909
vn 0.629503 0.670104 -0.393302
vn 0.836970 -0.138695 -0.529381
vn 0.864877 0.448988 -0.224494
vn 0.917703 -0.007200 -0.397201
vn 0.966389 0.127399 0.223297
vn 0.957704 0.262401 0.118101
vn -0.505080 -0.335087 0.795369
vn -0.230403 -0.259303 0.937911
vn 0.000000 -0.661522 0.749925
vn -0.694094 -0.438796 0.570695
vn 0.940531 -0.143505 0.307910
vn 0.989201 -0.034700 0.142400
vn 0.862461 0.012199 0.505977
vn 0.913181 -0.161497 0.374192
vn 0.940531 -0.143505 0.307910
vn 0.691630 -0.193208 0.695930
vn 0.675530 -0.103505 0.730032
vn 0.994188 -0.086199 -0.064499
vn 0.998851 0.017299 0.044698
vn 0.906132 -0.411414 0.098303
vn 0.870009 -0.492205 -0.028600
vn 0.483990 -0.874681 -0.026199
vn 0.830909 -0.556406 -0.001400
vn 0.870009 -0.492205 -0.028600
vn 0.488891 -0.865684 0.107598
vn 0.352985 -0.580376 -0.733870
vn 0.897975 -0.356990 -0.257293
vn 0.871921 -0.407810 -0.271007
vn 0.295506 -0.671013 -0.680013
vn 0.976182 -0.204196 0.073299
vn 0.913181 -0.161497 0.374192
vn 0.906787 -0.022400 0.420994
vn 0.978777 -0.155396 0.133597
vn 0.925397 -0.081200 -0.370199
vn 0.708981 -0.025099 -0.704781
vn 0.949182 0.081498 -0.303994
vn 0.397222 0.017801 -0.917550
vn 0.501901 -0.082300 -0.861001
vn 0.817779 0.060098 -0.572386
vn 0.713960 0.168290 -0.679662
vn 0.908808 0.009600 -0.417104
vn 0.871081 -0.223595 -0.437291
vn 0.612486 -0.324993 -0.720584
vn 0.679509 -0.070101 -0.730310
vn 0.333495 -0.449693 -0.828587
vn 0.318102 -0.141701 -0.937407
vn 0.679509 -0.070101 -0.730310
vn 0.612486 -0.324993 -0.720584
vn 0.399699 -0.385599 -0.831598
vn 0.612486 -0.324993 -0.720584
vn 0.871081 -0.223595 -0.437291
vn 0.870236 -0.264011 -0.415917
vn 0.900856 -0.433279 0.026999
vn 0.999821 0.018800 -0.002200
vn 0.998328 0.027001 -0.051101
vn 0.996066 -0.081497 -0.034799
vn -0.993988 0.086599 0.066999
vn -0.994925 -0.077802 0.063802
vn -0.875398 -0.316599 -0.365299
vn -0.865492 -0.169998 -0.471195
vn 0.991059 0.131994 0.019499
vn 0.954126 0.282808 0.098303
vn 0.942273 0.313591 0.117397
vn 0.989538 0.143106 -0.018301
vn 0.042499 -0.962788 -0.266897
vn -0.377407 -0.707913 -0.597011
vn 0.000000 -0.976613 -0.215003
vn 0.000000 -0.993515 -0.113702
vn 0.985783 -0.167497 0.013300
vn 0.724469 -0.571376 0.385584
vn 0.958939 -0.283612 -0.001000
vn 0.966389 0.127399 0.223297
vn 0.995840 0.011400 0.090404
vn 0.522180 0.580178 0.625077
vn 0.866019 -0.230505 0.443710
vn 0.866060 -0.499177 -0.027599
vn 0.621858 -0.590961 0.513866
vn -0.832478 0.111197 0.542786
vn -0.775087 -0.047199 0.630089
vn -0.991592 -0.110099 0.067999
vn -0.994925 -0.077802 0.063802
vn 0.917703 -0.007200 -0.397201
vn 0.995840 0.011400 0.090404
vn 0.966389 0.127399 0.223297
vn -0.837109 0.342803 -0.426304
vn 0.522180 0.580178 0.625077
vn -0.564496 0.774895 0.284398
vn 0.485121 -0.004200 0.874437
vn 0.691630 -0.193208 0.695930
vn 0.940531 -0.143505 0.307910
vn 0.862461 0.012199 0.505977
vn 0.000000 -0.052202 -0.998637
vn 0.397222 0.017801 -0.917550
vn 0.330213 -0.017901 -0.943737
vn 0.000000 -0.053399 -0.998573
vn -0.837109 0.342803 -0.426304
vn -0.365083 0.038998 -0.930158
vn 0.420795 0.203698 -0.883990
vn 0.420795 0.203698 -0.883990
vn 0.412200 0.609500 -0.677200
vn 0.338595 0.635290 -0.694089
vn 0.914383 -0.134397 -0.381893
vn 0.988023 0.071002 -0.137003
vn 0.982726 0.077402 -0.168104
vn 0.883462 -0.060497 -0.464580
vn 0.985783 -0.167497 0.013300
vn 0.830909 -0.556406 -0.001400
vn 0.724469 -0.571376 0.385584
vn 0.995766 0.012300 -0.091097
vn 0.961422 0.250706 -0.113203
vn 0.974746 0.217510 -0.050602
vn 0.985783 -0.167497 0.013300
vn -0.935248 -0.183009 -0.303016
vn -0.875398 -0.316599 -0.365299
vn -0.994925 -0.077802 0.063802
vn -0.991592 -0.110099 0.067999
vn 0.961422 0.250706 -0.113203
vn 0.890203 0.223801 -0.396801
vn 0.890086 0.290895 -0.350894
vn 0.931158 0.351284 -0.097696
vn 0.860128 -0.508917 0.034401
vn 0.822970 0.282990 -0.492582
vn 0.923765 0.131195 -0.359786
vn 0.589202 -0.362701 -0.722003
vn -0.935248 -0.183009 -0.303016
vn -0.991592 -0.110099 0.067999
vn -0.822382 -0.530488 0.205596
vn -0.746584 -0.652486 -0.129897
vn 0.197392 -0.959562 0.200692
vn 0.000000 -0.999337 0.036401
vn 0.000000 -0.990860 -0.134895
vn -0.446292 -0.894885 -0.002200
vn -0.935248 -0.183009 -0.303016
vn -0.746584 -0.652486 -0.129897
vn -0.377407 -0.707913 -0.597011
vn -0.543590 -0.442092 -0.713487
vn 0.871921 -0.407810 -0.271007
vn 0.894997 -0.217599 -0.389399
vn -0.036000 -0.421302 -0.906206
vn 0.295506 -0.671013 -0.680013
vn 0.913251 0.407178 -0.013399
vn 0.931158 0.351284 -0.097696
vn 0.936236 0.349613 0.035101
vn 0.811611 0.572707 0.115301
vn 0.679509 -0.070101 -0.730310
vn 0.688701 0.095700 -0.718702
vn 0.890203 0.223801 -0.396801
vn 0.908808 0.009600 -0.417104
vn 0.903958 -0.415081 -0.102795
vn 0.925397 -0.081200 -0.370199
vn 0.985498 0.100400 0.136800
vn 0.892291 -0.323897 0.314497
vn -0.230403 -0.259303 0.937911
vn 0.022799 -0.093496 0.995359
vn 0.026999 0.072898 0.996974
vn 0.000000 0.968630 -0.248508
vn 0.525172 0.821856 -0.220788
vn 0.531609 0.841813 -0.093502
vn 0.000000 0.994173 -0.107797
vn 0.947158 0.304586 0.100596
vn 0.821620 0.550914 -0.146404
vn 0.864877 0.448988 -0.224494
vn 0.957704 0.262401 0.118101
vn -0.759409 0.233403 0.607307
vn -0.989911 0.083601 0.114401
vn -0.980663 -0.129995 0.146294
vn -0.715490 -0.160698 0.679890
vn 0.197392 -0.959562 0.200692
vn 0.596510 -0.743212 0.303005
vn 0.483990 -0.874681 -0.026199
vn 0.724469 -0.571376 0.385584
vn 0.596510 -0.743212 0.303005
vn -0.115805 -0.717630 0.686729
vn 0.613968 -0.412179 0.673165
vn 0.353802 0.240001 0.904004
vn -0.193997 0.199097 0.960586
vn -0.715074 0.262290 0.647976
vn 0.022799 -0.093496 0.995359
vn -0.230403 -0.259303 0.937911
vn -0.505080 -0.335087 0.795369
vn 0.000000 -0.479910 -0.877318
vn 0.839522 -0.112203 -0.531614
vn 0.756414 -0.626911 -0.186603
vn 0.000000 -0.921196 -0.389098
vn 0.746689 -0.443894 -0.495393
vn 0.942768 -0.183694 -0.278291
vn 0.936043 -0.187909 -0.297514
vn 0.700505 -0.408303 -0.585304
vn 0.000000 -0.959002 0.283401
vn 0.000000 -0.996803 0.079900
vn -0.746584 -0.652486 -0.129897
vn -0.822382 -0.530488 0.205596
vn 0.871081 -0.223595 -0.437291
vn 0.958939 -0.283612 -0.001000
vn 0.941977 -0.285593 0.176396
vn 0.870236 -0.264011 -0.415917
vn 0.000000 -0.052202 -0.998637
vn 0.000000 -0.154807 -0.987945
vn 0.501901 -0.082300 -0.861001
vn 0.397222 0.017801 -0.917550
vn -0.365994 -0.598791 -0.712389
vn -0.446292 -0.894885 -0.002200
vn 0.000000 -0.990860 -0.134895
vn 0.000000 -0.852091 -0.523394
vn 0.944354 -0.005600 0.328884
vn 0.872383 -0.207296 -0.442692
vn 0.894997 -0.217599 -0.389399
vn 0.958703 0.042600 0.281201
vn 0.799230 0.237009 -0.552321
vn 0.839522 -0.112203 -0.531614
vn 0.000000 -0.479910 -0.877318
vn 0.000000 0.118901 -0.992906
vn 0.483990 -0.874681 -0.026199
vn 0.488891 -0.865684 0.107598
vn 0.000000 -0.980202 0.198000
vn 0.000000 -0.999425 0.033901
vn 0.385009 0.193404 0.902421
vn 0.026999 0.072898 0.996974
vn 0.022799 -0.093496 0.995359
vn 0.485121 -0.004200 0.874437
vn 0.538699 0.709198 0.454799
vn 0.722396 0.474698 0.502798
vn 0.920038 0.343614 0.188308
vn 0.789465 0.588174 0.175492
vn 0.605178 0.788371 0.110596
vn 0.543091 0.839485 0.017800
vn 0.810517 0.585612 0.011000
vn 0.856428 0.516117 0.012400
vn 0.913251 0.407178 -0.013399
vn 0.974746 0.217510 -0.050602
vn 0.961422 0.250706 -0.113203
vn 0.931158 0.351284 -0.097696
vn 0.325400 -0.920599 0.215900
vn 0.900856 -0.433279 0.026999
vn 0.353597 -0.834393 -0.422797
vn 0.988421 -0.150903 -0.015900
vn 0.942768 -0.183694 -0.278291
vn 0.746689 -0.443894 -0.495393
vn 0.866060 -0.499177 -0.027599
vn 0.467391 -0.361893 -0.806585
vn 0.394905 0.523606 -0.754909
vn 0.836970 -0.138695 -0.529381
vn 0.722396 0.474698 0.502798
vn 0.310104 0.387805 0.868011
vn 0.385009 0.193404 0.902421
vn 0.835401 0.204700 0.510101
vn 0.543091 0.839485 0.017800
vn 0.605178 0.788371 0.110596
vn 0.000000 0.985771 0.168095
vn 0.000000 0.999918 0.012800
vn 0.000000 -0.666081 -0.745879
vn 0.000000 -0.967284 -0.253696
vn 0.866060 -0.499177 -0.027599
vn 0.746689 -0.443894 -0.495393
vn 0.998851 0.017299 0.044698
vn 0.994188 -0.086199 -0.064499
vn 0.965981 0.253495 -0.051199
vn 0.954686 0.296695 0.023400
vn 0.042499 -0.962788 -0.266897
vn 0.325400 -0.920599 0.215900
vn 0.353597 -0.834393 -0.422797
vn 0.994303 0.094400 -0.049500
vn 0.936043 -0.187909 -0.297514
vn 0.942768 -0.183694 -0.278291
vn 0.989538 0.143106 -0.018301
vn -0.543590 -0.442092 -0.713487
vn 0.352985 -0.580376 -0.733870
vn 0.295506 -0.671013 -0.680013
vn -0.536129 -0.560230 -0.631434
vn -0.193997 0.199097 0.960586
vn 0.353802 0.240001 0.904004
vn 0.643579 0.090797 0.759975
vn 0.274696 -0.624891 -0.730790
vn 0.352985 -0.580376 -0.733870
vn -0.543590 -0.442092 -0.713487
vn -0.377407 -0.707913 -0.597011
vn 0.222000 0.127300 0.966701
vn 0.944354 -0.005600 0.328884
vn 0.958703 0.042600 0.281201
vn 0.353802 0.240001 0.904004
vn 0.988023 0.071002 -0.137003
vn 0.914383 -0.134397 -0.381893
vn 0.936043 -0.187909 -0.297514
vn 0.994303 0.094400 -0.049500
vn 0.000000 -0.353183 -0.935554
vn 0.602813 -0.246605 -0.758816
vn 0.501901 -0.082300 -0.861001
vn 0.000000 -0.154807 -0.987945
vn 0.979140 -0.202908 0.010600
vn 0.976182 -0.204196 0.073299
vn 0.897975 -0.356990 -0.257293
vn 0.855703 -0.418101 -0.304901
vn 0.866019 -0.230505 0.443710
vn 0.621858 -0.590961 0.513866
vn 0.552912 -0.647114 0.524911
vn 0.892291 -0.323897 0.314497
vn 0.903958 -0.415081 -0.102795
vn 0.605537 -0.772948 0.189412
vn 0.744188 -0.667089 0.034299
vn 0.939870 -0.217293 -0.263492
vn 0.894997 -0.217599 -0.389399
vn 0.871921 -0.407810 -0.271007
vn 0.978777 -0.155396 0.133597
vn 0.958703 0.042600 0.281201
vn 0.000000 -0.479518 -0.877532
vn 0.000000 -0.554192 -0.832389
vn 0.700505 -0.408303 -0.585304
vn 0.654219 -0.337910 -0.676620
vn -0.715074 0.262290 0.647976
vn -0.993988 0.086599 0.066999
vn -0.991788 0.015100 0.126998
vn -0.727081 0.115997 0.676682
vn 0.131300 -0.210200 0.968801
vn -0.016001 -0.026101 0.999531
vn 0.675530 -0.103505 0.730032
vn 0.691630 -0.193208 0.695930
vn 0.954126 0.282808 0.098303
vn 0.991059 0.131994 0.019499
vn 0.986176 0.141397 0.086398
vn 0.954650 0.277215 0.108606
vn 0.920038 0.343614 0.188308
vn 0.978864 0.112496 0.170794
vn 0.998328 0.027001 -0.051101
vn 0.979051 0.194390 -0.060597
vn 0.380605 0.858611 0.343405
vn 0.000000 0.926414 0.376506
vn 0.000000 0.884829 0.465915
vn 0.538699 0.709198 0.454799
vn -0.115805 -0.717630 0.686729
vn 0.596510 -0.743212 0.303005
vn 0.197392 -0.959562 0.200692
vn 0.862702 -0.414301 -0.290001
vn 0.353597 -0.834393 -0.422797
vn 0.900856 -0.433279 0.026999
vn 0.940531 -0.143505 0.307910
vn 0.913181 -0.161497 0.374192
vn 0.976182 -0.204196 0.073299
vn 0.979140 -0.202908 0.010600
vn 0.985498 0.100400 0.136800
vn 0.947158 0.304586 0.100596
vn 0.957704 0.262401 0.118101
vn 0.839522 -0.112203 -0.531614
vn 0.960988 -0.256897 0.102499
vn 0.756414 -0.626911 -0.186603
vn 0.897975 -0.356990 -0.257293
vn 0.976182 -0.204196 0.073299
vn 0.978777 -0.155396 0.133597
vn 0.871921 -0.407810 -0.271007
vn 0.000000 -0.479518 -0.877532
vn 0.654219 -0.337910 -0.676620
vn 0.602813 -0.246605 -0.758816
vn 0.000000 -0.353183 -0.935554
vn 0.421985 -0.856370 0.297590
vn 0.462911 -0.857319 0.225205
vn 0.906132 -0.411414 0.098303
vn 0.896824 -0.398211 0.192705
vn 0.855703 -0.418101 -0.304901
vn 0.897975 -0.356990 -0.257293
vn 0.352985 -0.580376 -0.733870
vn 0.274696 -0.624891 -0.730790
vn 0.675530 -0.103505 0.730032
vn -0.016001 -0.026101 0.999531
vn -0.193997 0.199097 0.960586
vn 0.643579 0.090797 0.759975
vn 0.330213 -0.017901 -0.943737
vn 0.318102 -0.141701 -0.937407
vn 0.000000 -0.155197 -0.987884
vn 0.000000 -0.053399 -0.998573
vn 0.000000 -0.980202 0.198000
vn 0.488891 -0.865684 0.107598
vn 0.462911 -0.857319 0.225205
vn 0.000000 -0.955067 0.296390
vn -0.812993 -0.059799 -0.579195
vn 0.123396 -0.152495 -0.980571
vn 0.136807 0.110205 -0.984448
vn -0.875835 -0.089604 -0.474219
vn 0.310104 0.387805 0.868011
vn 0.071699 0.168498 0.983091
vn 0.026999 0.072898 0.996974
vn 0.385009 0.193404 0.902421
vn 0.858598 -0.048000 -0.510398
vn 0.956059 0.121995 0.266588
vn 0.937257 -0.090005 0.336821
vn 0.903598 -0.056800 -0.424599
vn 0.000000 -0.958318 0.285705
vn 0.325400 -0.920599 0.215900
vn 0.042499 -0.962788 -0.266897
vn 0.000000 -0.993515 -0.113702
vn 0.000000 -0.767565 0.640971
vn 0.552912 -0.647114 0.524911
vn 0.621858 -0.590961 0.513866
vn 0.000000 -0.793571 0.608478
vn 0.131300 -0.210200 0.968801
vn 0.022799 -0.093496 0.995359
vn -0.460403 -0.176901 0.869905
vn 0.000000 0.884829 0.465915
vn 0.543001 0.655301 0.525101
vn 0.427425 0.648838 0.629537
vn 0.026299 -0.297790 -0.954269
vn 0.872383 -0.207296 -0.442692
vn 0.845397 -0.306999 -0.437099
vn 0.020300 -0.360895 -0.932386
vn 0.000000 0.995740 0.092204
vn 0.475283 0.875669 0.085497
vn 0.494087 0.848977 -0.187395
vn 0.000000 0.978469 -0.206393
vn 0.965981 0.253495 -0.051199
vn 0.994188 -0.086199 -0.064499
vn 0.985783 -0.167497 0.013300
vn 0.974746 0.217510 -0.050602
vn -0.715074 0.262290 0.647976
vn -0.727081 0.115997 0.676682
vn 0.222000 0.127300 0.966701
vn 0.353802 0.240001 0.904004
vn 0.026299 -0.297790 -0.954269
vn -0.878295 -0.121599 -0.462397
vn -0.865492 -0.169998 -0.471195
vn -0.036000 -0.421302 -0.906206
vn 0.531609 0.841813 -0.093502
vn 0.828188 0.559092 -0.038999
vn 0.810517 0.585612 0.011000
vn 0.543091 0.839485 0.017800
vn 0.995766 0.012300 -0.091097
vn 0.985783 -0.167497 0.013300
vn 0.958939 -0.283612 -0.001000
vn 0.872383 -0.207296 -0.442692
vn 0.944354 -0.005600 0.328884
vn 0.945199 -0.112500 0.306500
vn 0.845397 -0.306999 -0.437099
vn 0.944354 -0.005600 0.328884
vn 0.222000 0.127300 0.966701
vn 0.267898 -0.010200 0.963393
vn 0.945199 -0.112500 0.306500
vn 0.222000 0.127300 0.966701
vn -0.727081 0.115997 0.676682
vn -0.759480 -0.050299 0.648583
vn 0.267898 -0.010200 0.963393
vn 0.605178 0.788371 0.110596
vn 0.856428 0.516117 0.012400
vn 0.913251 0.407178 -0.013399
vn 0.811611 0.572707 0.115301
vn 0.765010 -0.584408 0.270604
vn 0.000000 -0.884580 0.466389
vn 0.000000 -0.814773 0.579781
vn 0.749596 -0.549497 0.368998
vn 0.789465 0.588174 0.175492
vn 0.865394 0.490096 -0.104399
vn 0.494087 0.848977 -0.187395
vn 0.475283 0.875669 0.085497
vn 0.981829 0.179005 -0.063002
vn 0.979051 0.194390 -0.060597
vn 0.998328 0.027001 -0.051101
vn 0.999821 0.018800 -0.002200
vn 0.318102 -0.141701 -0.937407
vn 0.330213 -0.017901 -0.943737
vn 0.688701 0.095700 -0.718702
vn 0.679509 -0.070101 -0.730310
vn 0.485121 -0.004200 0.874437
vn 0.022799 -0.093496 0.995359
vn 0.131300 -0.210200 0.968801
vn 0.691630 -0.193208 0.695930
vn 0.994188 -0.086199 -0.064499
vn 0.870009 -0.492205 -0.028600
vn 0.830909 -0.556406 -0.001400
vn 0.985783 -0.167497 0.013300
vn 0.900856 -0.433279 0.026999
vn 0.896824 -0.398211 0.192705
vn 0.993219 0.035201 0.110802
vn 0.999821 0.018800 -0.002200
vn 0.890086 0.290895 -0.350894
vn 0.713960 0.168290 -0.679662
vn 0.817779 0.060098 -0.572386
vn 0.952897 0.186599 -0.239099
vn 0.906787 -0.022400 0.420994
vn 0.643579 0.090797 0.759975
vn 0.353802 0.240001 0.904004
vn 0.958703 0.042600 0.281201
vn 0.985498 0.100400 0.136800
vn 0.980327 0.022401 0.196105
vn 0.866019 -0.230505 0.443710
vn 0.892291 -0.323897 0.314497
vn 0.394881 0.380882 -0.836061
vn 0.480912 0.512313 -0.711518
vn 0.821620 0.550914 -0.146404
vn 0.849922 0.512613 -0.121903
vn 0.722396 0.474698 0.502798
vn 0.835401 0.204700 0.510101
vn 0.978864 0.112496 0.170794
vn 0.920038 0.343614 0.188308
vn 0.420795 0.203698 -0.883990
vn -0.365083 0.038998 -0.930158
vn 0.995840 0.011400 0.090404
vn 0.995840 0.011400 0.090404
vn 0.410175 0.733356 -0.542167
vn 0.522180 0.580178 0.625077
vn 0.226492 -0.656878 -0.719175
vn 0.000000 -0.710698 -0.703498
vn 0.000000 -0.483323 -0.875442
vn 0.333495 -0.449693 -0.828587
vn 0.000000 -0.710698 -0.703498
vn 0.226492 -0.656878 -0.719175
vn -0.365994 -0.598791 -0.712389
vn 0.000000 -0.852091 -0.523394
vn 0.991059 0.131994 0.019499
vn 0.988421 -0.150903 -0.015900
vn 0.980327 0.022401 0.196105
vn 0.986176 0.141397 0.086398
vn 0.883462 -0.060497 -0.464580
vn 0.982726 0.077402 -0.168104
vn 0.952897 0.186599 -0.239099
vn 0.817779 0.060098 -0.572386
vn 0.985498 0.100400 0.136800
vn 0.957704 0.262401 0.118101
vn 0.980327 0.022401 0.196105
vn 0.394881 0.380882 -0.836061
vn 0.516703 0.181501 -0.836705
vn 0.480912 0.512313 -0.711518
vn 0.596510 -0.743212 0.303005
vn 0.724469 -0.571376 0.385584
vn 0.830909 -0.556406 -0.001400
vn 0.724469 -0.571376 0.385584
vn 0.613968 -0.412179 0.673165
vn 0.941977 -0.285593 0.176396
vn 0.958939 -0.283612 -0.001000
vn -0.727081 0.115997 0.676682
vn -0.991788 0.015100 0.126998
vn -0.981208 -0.094901 0.168001
vn -0.759480 -0.050299 0.648583
vn 0.913181 -0.161497 0.374192
vn 0.675530 -0.103505 0.730032
vn 0.643579 0.090797 0.759975
vn 0.906787 -0.022400 0.420994
vn 0.700505 -0.408303 -0.585304
vn 0.000000 -0.554192 -0.832389
vn 0.000000 -0.666081 -0.745879
vn 0.746689 -0.443894 -0.495393
vn 0.906787 -0.022400 0.420994
vn 0.958703 0.042600 0.281201
vn 0.978777 -0.155396 0.133597
vn 0.000000 0.513113 -0.858321
vn 0.000000 0.601934 -0.798546
vn 0.412200 0.609500 -0.677200
vn 0.214998 0.508495 -0.833792
vn 0.821620 0.550914 -0.146404
vn 0.480912 0.512313 -0.711518
vn 0.412200 0.609500 -0.677200
vn 0.917703 -0.007200 -0.397201
vn 0.420795 0.203698 -0.883990
vn 0.995840 0.011400 0.090404
vn 0.338595 0.635290 -0.694089
vn 0.412200 0.609500 -0.677200
vn 0.000000 0.601934 -0.798546
vn 0.000000 0.668926 -0.743329
vn 0.475283 0.875669 0.085497
vn 0.000000 0.995740 0.092204
vn 0.000000 0.926414 0.376506
vn 0.380605 0.858611 0.343405
vn 0.947158 0.304586 0.100596
vn 0.849922 0.512613 -0.121903
vn 0.821620 0.550914 -0.146404
vn 0.756414 -0.626911 -0.186603
vn 0.709098 -0.655898 0.258799
vn 0.000000 -0.950635 0.310311
vn 0.000000 -0.921196 -0.389098
vn 0.525172 0.821856 -0.220788
vn 0.000000 0.968630 -0.248508
vn 0.000000 0.978469 -0.206393
vn 0.494087 0.848977 -0.187395
vn 0.978864 0.112496 0.170794
vn 0.989201 -0.034700 0.142400
vn 0.996066 -0.081497 -0.034799
vn 0.998328 0.027001 -0.051101
vn 0.890203 0.223801 -0.396801
vn 0.688701 0.095700 -0.718702
vn 0.713960 0.168290 -0.679662
vn 0.890086 0.290895 -0.350894
vn 0.330213 -0.017901 -0.943737
vn 0.397222 0.017801 -0.917550
vn 0.713960 0.168290 -0.679662
vn 0.688701 0.095700 -0.718702
vn 0.810517 0.585612 0.011000
vn 0.954686 0.296695 0.023400
vn 0.965981 0.253495 -0.051199
vn 0.856428 0.516117 0.012400
vn -0.694094 -0.438796 0.570695
vn -0.460403 -0.176901 0.869905
vn -0.505080 -0.335087 0.795369
vn -0.505080 -0.335087 0.795369
vn -0.460403 -0.176901 0.869905
vn 0.022799 -0.093496 0.995359
vn 0.593961 0.770950 0.229885
vn 0.000000 0.985771 0.168095
vn 0.605178 0.788371 0.110596
vn 0.917703 -0.007200 -0.397201
vn 0.864877 0.448988 -0.224494
vn 0.412200 0.609500 -0.677200
vn 0.420795 0.203698 -0.883990
vn 0.380605 0.858611 0.343405
vn 0.538699 0.709198 0.454799
vn 0.789465 0.588174 0.175492
vn 0.475283 0.875669 0.085497
vn 0.989201 -0.034700 0.142400
vn 0.978864 0.112496 0.170794
vn 0.835401 0.204700 0.510101
vn 0.862461 0.012199 0.505977
vn 0.985498 0.100400 0.136800
vn 0.925397 -0.081200 -0.370199
vn 0.949182 0.081498 -0.303994
vn 0.947158 0.304586 0.100596
vn -0.564496 0.774895 0.284398
vn 0.522180 0.580178 0.625077
vn 0.410175 0.733356 -0.542167
vn 0.410175 0.733356 -0.542167
vn 0.995840 0.011400 0.090404
vn -0.365083 0.038998 -0.930158
vn 0.896824 -0.398211 0.192705
vn 0.906132 -0.411414 0.098303
vn 0.998851 0.017299 0.044698
vn 0.993219 0.035201 0.110802
vn 0.410175 0.733356 -0.542167
vn -0.365083 0.038998 -0.930158
vn -0.564496 0.774895 0.284398
vn -0.837109 0.342803 -0.426304
vn -0.564496 0.774895 0.284398
vn -0.365083 0.038998 -0.930158
vn 0.963678 0.261994 0.051799
vn 0.828188 0.559092 -0.038999
vn 0.853257 0.498575 -0.152892
vn 0.981829 0.179005 -0.063002
vn 0.963678 0.261994 0.051799
vn 0.993219 0.035201 0.110802
vn 0.998851 0.017299 0.044698
vn 0.954686 0.296695 0.023400
vn 0.421985 -0.856370 0.297590
vn 0.896824 -0.398211 0.192705
vn 0.900856 -0.433279 0.026999
vn 0.325400 -0.920599 0.215900
vn 0.462911 -0.857319 0.225205
vn 0.421985 -0.856370 0.297590
vn 0.000000 -0.943460 0.331486
vn 0.000000 -0.955067 0.296390
vn -0.878295 -0.121599 -0.462397
vn 0.026299 -0.297790 -0.954269
vn 0.020300 -0.360895 -0.932386
vn -0.864008 -0.242002 -0.441504
vn -0.715074 0.262290 0.647976
vn -0.832478 0.111197 0.542786
vn -0.994925 -0.077802 0.063802
vn -0.993988 0.086599 0.066999
vn -0.193997 0.199097 0.960586
vn -0.016001 -0.026101 0.999531
vn -0.775087 -0.047199 0.630089
vn -0.832478 0.111197 0.542786
vn 0.956059 0.121995 0.266588
vn 0.276809 0.311810 0.908929
vn 0.229996 -0.139198 0.963185
vn 0.937257 -0.090005 0.336821
vn 0.267898 -0.010200 0.963393
vn -0.759480 -0.050299 0.648583
vn -0.763703 0.162801 0.624703
vn 0.303097 0.242497 0.921590
vn 0.945199 -0.112500 0.306500
vn 0.267898 -0.010200 0.963393
vn 0.303097 0.242497 0.921590
vn 0.964509 0.074901 0.253202
vn 0.845397 -0.306999 -0.437099
vn 0.945199 -0.112500 0.306500
vn 0.964509 0.074901 0.253202
vn 0.848286 -0.087899 -0.522192
vn -0.864008 -0.242002 -0.441504
vn 0.020300 -0.360895 -0.932386
vn 0.087504 -0.181208 -0.979544
vn -0.831363 -0.095996 -0.547376
vn -0.759480 -0.050299 0.648583
vn -0.981208 -0.094901 0.168001
vn -0.990629 0.046001 0.128604
vn -0.763703 0.162801 0.624703
vn 0.020300 -0.360895 -0.932386
vn 0.845397 -0.306999 -0.437099
vn 0.848286 -0.087899 -0.522192
vn 0.087504 -0.181208 -0.979544
vn 0.903598 -0.056800 -0.424599
vn 0.937257 -0.090005 0.336821
vn 0.938664 -0.283789 0.195892
vn 0.776303 0.093400 -0.623402
vn 0.136807 0.110205 -0.984448
vn 0.903598 -0.056800 -0.424599
vn 0.776303 0.093400 -0.623402
vn 0.080898 0.312790 -0.946371
vn 0.229996 -0.139198 0.963185
vn -0.715490 -0.160698 0.679890
vn -0.701375 -0.515682 0.492083
vn 0.346996 -0.592394 0.727092
vn 0.937257 -0.090005 0.336821
vn 0.229996 -0.139198 0.963185
vn 0.346996 -0.592394 0.727092
vn 0.938664 -0.283789 0.195892
vn -0.715490 -0.160698 0.679890
vn -0.980663 -0.129995 0.146294
vn -0.933450 -0.334318 0.130007
vn -0.701375 -0.515682 0.492083
vn -0.875835 -0.089604 -0.474219
vn 0.136807 0.110205 -0.984448
vn 0.080898 0.312790 -0.946371
vn -0.700298 0.101500 -0.706598
vn 0.822321 0.437611 -0.363709
vn 0.928592 0.240298 0.282797
vn 0.967249 0.081796 0.240287
vn 0.855367 0.369086 -0.363486
vn 0.105704 0.610120 -0.785226
vn 0.822321 0.437611 -0.363709
vn 0.855367 0.369086 -0.363486
vn 0.094402 0.625715 -0.774318
vn 0.336290 0.114497 0.934772
vn -0.626206 0.059201 0.777407
vn -0.531912 -0.150503 0.833318
vn 0.524286 -0.103097 0.845278
vn 0.928592 0.240298 0.282797
vn 0.336290 0.114497 0.934772
vn 0.524286 -0.103097 0.845278
vn 0.967249 0.081796 0.240287
vn -0.626206 0.059201 0.777407
vn -0.929313 0.189603 0.316904
vn -0.955935 0.019801 0.292911
vn -0.531912 -0.150503 0.833318
vn -0.767398 0.543099 -0.340799
vn 0.105704 0.610120 -0.785226
vn 0.094402 0.625715 -0.774318
vn -0.841329 0.411214 -0.350812
vn 0.967249 0.081796 0.240287
vn 0.524286 -0.103097 0.845278
vn 0.617719 -0.285809 0.732623
vn 0.997761 -0.020399 0.063698
vn -0.531912 -0.150503 0.833318
vn -0.955935 0.019801 0.292911
vn -0.980546 -0.101005 0.168308
vn -0.605511 -0.306105 0.734613
vn -0.841329 0.411214 -0.350812
vn 0.094402 0.625715 -0.774318
vn 0.066101 0.638814 -0.766517
vn -0.690513 0.453608 -0.563410
vn 0.855367 0.369086 -0.363486
vn 0.967249 0.081796 0.240287
vn 0.997761 -0.020399 0.063698
vn 0.720179 0.454387 -0.524285
vn 0.094402 0.625715 -0.774318
vn 0.855367 0.369086 -0.363486
vn 0.720179 0.454387 -0.524285
vn 0.066101 0.638814 -0.766517
vn 0.524286 -0.103097 0.845278
vn -0.531912 -0.150503 0.833318
vn -0.605511 -0.306105 0.734613
vn 0.617719 -0.285809 0.732623
vn 0.001100 -0.999999 -0.001200
vn 0.000000 -1.000000 0.000000
vn 0.001000 -0.999999 -0.001100
vn -0.004400 -0.999990 0.000100
vn -0.001300 -0.999999 -0.000800
vn -0.001000 -0.999999 -0.000900
vn -0.004400 -0.999990 0.000100
vn -0.980546 -0.101005 0.168308
vn -0.955935 0.019801 0.292911
vn -0.841329 0.411214 -0.350812
vn -0.690513 0.453608 -0.563410
vn -0.955935 0.019801 0.292911
vn -0.929313 0.189603 0.316904
vn -0.767398 0.543099 -0.340799
vn -0.841329 0.411214 -0.350812
vn -0.933450 -0.334318 0.130007
vn -0.980663 -0.129995 0.146294
vn -0.875835 -0.089604 -0.474219
vn -0.700298 0.101500 -0.706598
vn -0.981208 -0.094901 0.168001
vn -0.991788 0.015100 0.126998
vn -0.878295 -0.121599 -0.462397
vn -0.864008 -0.242002 -0.441504
vn -0.990629 0.046001 0.128604
vn -0.981208 -0.094901 0.168001
vn -0.864008 -0.242002 -0.441504
vn -0.831363 -0.095996 -0.547376
vn -0.989911 0.083601 0.114401
vn -0.990629 0.046001 0.128604
vn -0.831363 -0.095996 -0.547376
vn -0.812993 -0.059799 -0.579195
vn -0.001300 -0.999999 -0.000800
vn 0.001100 -0.999999 -0.001200
vn 0.001000 -0.999999 -0.001100
vn -0.001000 -0.999999 -0.000900
vn -0.991788 0.015100 0.126998
vn -0.993988 0.086599 0.066999
vn -0.865492 -0.169998 -0.471195
vn -0.878295 -0.121599 -0.462397
vn 0.868227 -0.198306 -0.454814
vn 0.025500 -0.268696 -0.962887
vn -0.016600 -0.117603 -0.992922
vn 0.862056 -0.075396 -0.501174
vn -0.833497 -0.005400 -0.552498
vn -0.779909 -0.167702 -0.603007
vn 0.018700 -0.182004 -0.983120
vn -0.016600 -0.117603 -0.992922
vn 0.122701 -0.016600 -0.992305
vn 0.852515 0.024900 -0.522109
vn 0.893376 -0.017000 -0.448988
vn 0.139196 0.190994 -0.971672
vn -0.767876 0.152095 0.622281
vn -0.990969 0.068298 0.115396
vn -0.981712 -0.136402 0.132802
vn -0.732187 -0.182897 0.656088
vn -0.993790 0.099899 0.049000
vn -0.975414 -0.216103 0.043201
vn -0.779909 -0.167702 -0.603007
vn -0.833497 -0.005400 -0.552498
vn 0.865353 -0.200912 -0.459128
vn 0.862056 -0.075396 -0.501174
vn -0.016600 -0.117603 -0.992922
vn 0.018700 -0.182004 -0.983120
vn -0.805666 0.018699 -0.592075
vn 0.122701 -0.016600 -0.992305
vn 0.139196 0.190994 -0.971672
vn -0.870388 -0.063199 -0.488293
vn 0.945854 -0.192991 0.260987
vn 0.432714 -0.184606 0.882428
vn 0.354016 0.066903 0.932843
vn 0.961921 -0.003400 0.273306
vn 0.943596 -0.025700 0.330099
vn 0.868227 -0.198306 -0.454814
vn 0.862056 -0.075396 -0.501174
vn 0.961921 -0.003400 0.273306
vn 0.221207 0.081303 0.971832
vn 0.943596 -0.025700 0.330099
vn 0.961921 -0.003400 0.273306
vn 0.354016 0.066903 0.932843
vn 0.862056 -0.075396 -0.501174
vn 0.865353 -0.200912 -0.459128
vn 0.945854 -0.192991 0.260987
vn 0.961921 -0.003400 0.273306
vn -0.711985 0.165197 0.682486
vn -0.993790 0.099899 0.049000
vn -0.991098 -0.003200 0.133100
vn -0.720526 0.078903 0.688925
vn 0.852515 0.024900 -0.522109
vn 0.958742 0.083904 0.271612
vn 0.942419 -0.102602 0.318307
vn 0.893376 -0.017000 -0.448988
vn 0.958742 0.083904 0.271612
vn 0.276198 0.189199 0.942294
vn 0.229796 -0.181397 0.956185
vn 0.942419 -0.102602 0.318307
vn 0.025500 -0.268696 -0.962887
vn 0.868227 -0.198306 -0.454814
vn 0.845397 -0.306999 -0.437099
vn 0.020300 -0.360895 -0.932386
vn -0.711985 0.165197 0.682486
vn -0.720526 0.078903 0.688925
vn 0.221207 0.081303 0.971832
vn 0.354016 0.066903 0.932843
vn 0.025500 -0.268696 -0.962887
vn -0.870076 -0.117997 -0.478587
vn -0.833497 -0.005400 -0.552498
vn -0.016600 -0.117603 -0.992922
vn 0.868227 -0.198306 -0.454814
vn 0.943596 -0.025700 0.330099
vn 0.945236 -0.112704 0.306312
vn 0.845397 -0.306999 -0.437099
vn 0.943596 -0.025700 0.330099
vn 0.221207 0.081303 0.971832
vn 0.268200 -0.010900 0.963302
vn 0.945236 -0.112704 0.306312
vn 0.221207 0.081303 0.971832
vn -0.720526 0.078903 0.688925
vn -0.759682 -0.051099 0.648284
vn 0.268200 -0.010900 0.963302
vn -0.720526 0.078903 0.688925
vn -0.991098 -0.003200 0.133100
vn -0.981220 -0.095302 0.167703
vn -0.759682 -0.051099 0.648284
vn -0.870076 -0.117997 -0.478587
vn 0.025500 -0.268696 -0.962887
vn 0.020300 -0.360895 -0.932386
vn -0.863970 -0.241991 -0.441584
vn -0.711985 0.165197 0.682486
vn -0.536291 -0.223196 0.813987
vn -0.975414 -0.216103 0.043201
vn -0.993790 0.099899 0.049000
vn 0.276198 0.189199 0.942294
vn -0.767876 0.152095 0.622281
vn -0.732187 -0.182897 0.656088
vn 0.229796 -0.181397 0.956185
vn 0.268200 -0.010900 0.963302
vn -0.759682 -0.051099 0.648284
vn -0.757924 0.126704 0.639920
vn 0.291983 0.174090 0.940446
vn 0.945236 -0.112704 0.306312
vn 0.268200 -0.010900 0.963302
vn 0.291983 0.174090 0.940446
vn 0.961127 0.059102 0.269708
vn 0.845397 -0.306999 -0.437099
vn 0.945236 -0.112704 0.306312
vn 0.961127 0.059102 0.269708
vn 0.857104 -0.048000 -0.512902
vn -0.863970 -0.241991 -0.441584
vn 0.020300 -0.360895 -0.932386
vn 0.094197 -0.106197 -0.989873
vn -0.840116 -0.060601 -0.539010
vn -0.759682 -0.051099 0.648284
vn -0.981220 -0.095302 0.167703
vn -0.990349 0.039302 0.132907
vn -0.757924 0.126704 0.639920
vn 0.020300 -0.360895 -0.932386
vn 0.845397 -0.306999 -0.437099
vn 0.857104 -0.048000 -0.512902
vn 0.094197 -0.106197 -0.989873
vn 0.893376 -0.017000 -0.448988
vn 0.942419 -0.102602 0.318307
vn 0.939312 -0.274103 0.206303
vn 0.789810 0.095901 -0.605808
vn 0.139196 0.190994 -0.971672
vn 0.893376 -0.017000 -0.448988
vn 0.789810 0.095901 -0.605808
vn 0.110299 0.346898 -0.931395
vn 0.229796 -0.181397 0.956185
vn -0.732187 -0.182897 0.656088
vn -0.699713 -0.497009 0.513209
vn 0.350084 -0.563374 0.748366
vn 0.942419 -0.102602 0.318307
vn 0.229796 -0.181397 0.956185
vn 0.350084 -0.563374 0.748366
vn 0.939312 -0.274103 0.206303
vn -0.732187 -0.182897 0.656088
vn -0.981712 -0.136402 0.132802
vn -0.932628 -0.341310 0.117103
vn -0.699713 -0.497009 0.513209
vn -0.870388 -0.063199 -0.488293
vn 0.139196 0.190994 -0.971672
vn 0.110299 0.346898 -0.931395
vn -0.667686 0.147497 -0.729685
vn 0.820019 0.426010 -0.382209
vn 0.927704 0.248601 0.278501
vn 0.965576 0.085998 0.245494
vn 0.859427 0.360111 -0.362911
vn 0.098096 0.554975 -0.826063
vn 0.820019 0.426010 -0.382209
vn 0.859427 0.360111 -0.362911
vn 0.098398 0.603087 -0.791583
vn 0.320015 0.120306 0.939743
vn -0.665200 0.064200 0.743900
vn -0.529687 -0.149696 0.834879
vn 0.526708 -0.097701 0.844413
vn 0.927704 0.248601 0.278501
vn 0.320015 0.120306 0.939743
vn 0.526708 -0.097701 0.844413
vn 0.965576 0.085998 0.245494
vn -0.665200 0.064200 0.743900
vn -0.934095 0.184099 0.305898
vn -0.955208 0.014000 0.295603
vn -0.529687 -0.149696 0.834879
vn -0.785509 0.488905 -0.379404
vn 0.098096 0.554975 -0.826063
vn 0.098398 0.603087 -0.791583
vn -0.850215 0.382307 -0.361906
vn 0.965576 0.085998 0.245494
vn 0.526708 -0.097701 0.844413
vn 0.617719 -0.285809 0.732623
vn 0.997761 -0.020399 0.063698
vn -0.529687 -0.149696 0.834879
vn -0.955208 0.014000 0.295603
vn -0.980546 -0.101005 0.168308
vn -0.605511 -0.306105 0.734613
vn -0.850215 0.382307 -0.361906
vn 0.098398 0.603087 -0.791583
vn 0.066101 0.638814 -0.766517
vn -0.690513 0.453608 -0.563410
vn 0.859427 0.360111 -0.362911
vn 0.965576 0.085998 0.245494
vn 0.997761 -0.020399 0.063698
vn 0.720179 0.454387 -0.524285
vn 0.098398 0.603087 -0.791583
vn 0.859427 0.360111 -0.362911
vn 0.720179 0.454387 -0.524285
vn 0.066101 0.638814 -0.766517
vn 0.526708 -0.097701 0.844413
vn -0.529687 -0.149696 0.834879
vn -0.605511 -0.306105 0.734613
vn 0.617719 -0.285809 0.732623
vn 0.001100 -0.999999 -0.001200
vn 0.000000 -1.000000 0.000000
vn 0.001000 -0.999999 -0.001100
vn -0.004400 -0.999990 0.000100
vn -0.001300 -0.999999 -0.000800
vn -0.001000 -0.999999 -0.000900
vn -0.004400 -0.999990 0.000100
vn -0.980546 -0.101005 0.168308
vn -0.955208 0.014000 0.295603
vn -0.850215 0.382307 -0.361906
vn -0.690513 0.453608 -0.563410
vn -0.955208 0.014000 0.295603
vn -0.934095 0.184099 0.305898
vn -0.785509 0.488905 -0.379404
vn -0.850215 0.382307 -0.361906
vn -0.932628 -0.341310 0.117103
vn -0.981712 -0.136402 0.132802
vn -0.870388 -0.063199 -0.488293
vn -0.667686 0.147497 -0.729685
vn -0.981220 -0.095302 0.167703
vn -0.991098 -0.003200 0.133100
vn -0.870076 -0.117997 -0.478587
vn -0.863970 -0.241991 -0.441584
vn -0.990349 0.039302 0.132907
vn -0.981220 -0.095302 0.167703
vn -0.863970 -0.241991 -0.441584
vn -0.840116 -0.060601 -0.539010
vn -0.990969 0.068298 0.115396
vn -0.990349 0.039302 0.132907
vn -0.840116 -0.060601 -0.539010
vn -0.805666 0.018699 -0.592075
vn -0.001300 -0.999999 -0.000800
vn 0.001100 -0.999999 -0.001200
vn 0.001000 -0.999999 -0.001100
vn -0.001000 -0.999999 -0.000900
vn -0.991098 -0.003200 0.133100
vn -0.993790 0.099899 0.049000
vn -0.833497 -0.005400 -0.552498
vn -0.870076 -0.117997 -0.478587
vn -0.975414 -0.216103 0.043201
vn -0.536291 -0.223196 0.813987
vn -0.115805 -0.717630 0.686729
vn -0.446292 -0.894885 -0.002200
vn 0.354016 0.066903 0.932843
vn 0.432714 -0.184606 0.882428
vn -0.536291 -0.223196 0.813987
vn -0.711985 0.165197 0.682486
vn -0.536291 -0.223196 0.813987
vn 0.432714 -0.184606 0.882428
vn 0.613968 -0.412179 0.673165
vn -0.115805 -0.717630 0.686729
vn 0.432714 -0.184606 0.882428
vn 0.945854 -0.192991 0.260987
vn 0.941977 -0.285593 0.176396
vn 0.613968 -0.412179 0.673165
vn 0.945854 -0.192991 0.260987
vn 0.865353 -0.200912 -0.459128
vn 0.870236 -0.264011 -0.415917
vn 0.941977 -0.285593 0.176396
vn 0.865353 -0.200912 -0.459128
vn 0.018700 -0.182004 -0.983120
vn 0.399699 -0.385599 -0.831598
vn 0.870236 -0.264011 -0.415917
vn 0.018700 -0.182004 -0.983120
vn -0.779909 -0.167702 -0.603007
vn -0.365994 -0.598791 -0.712389
vn 0.399699 -0.385599 -0.831598
vn -0.779909 -0.167702 -0.603007
vn -0.975414 -0.216103 0.043201
vn -0.446292 -0.894885 -0.002200
vn -0.365994 -0.598791 -0.712389
vn 0.226492 -0.656878 -0.719175
vn 0.333495 -0.449693 -0.828587
vn 0.612486 -0.324993 -0.720584
vn 0.942768 -0.183694 -0.278291
vn 0.988421 -0.150903 -0.015900
vn 0.991059 0.131994 0.019499
vn 0.989538 0.143106 -0.018301
vn 0.000000 -0.967284 -0.253696
vn 0.000000 -0.793571 0.608478
vn 0.621858 -0.590961 0.513866
vn 0.866060 -0.499177 -0.027599
vn 0.986176 0.141397 0.086398
vn 0.980327 0.022401 0.196105
vn 0.957704 0.262401 0.118101
vn 0.966389 0.127399 0.223297
vn 0.954650 0.277215 0.108606
vn 0.986176 0.141397 0.086398
vn 0.966389 0.127399 0.223297
vn 0.940393 0.310298 0.139199
vn 0.940708 0.328003 0.086501
vn 0.897788 0.419994 0.132598
vn 0.909005 0.379502 0.172301
vn 0.954650 0.277215 0.108606
vn 0.966389 0.127399 0.223297
vn 0.522180 0.580178 0.625077
vn 0.552912 -0.647114 0.524911
vn 0.000000 -0.767565 0.640971
vn 0.000000 -0.955805 0.294002
vn 0.605537 -0.772948 0.189412
vn 0.992358 -0.108595 -0.058597
vn 0.563612 -0.824718 -0.046701
vn 0.836970 -0.138695 -0.529381
vn 0.563612 -0.824718 -0.046701
vn 0.411392 -0.866282 -0.283394
vn 0.836970 -0.138695 -0.529381
vn 0.898699 -0.041500 -0.436599
vn 0.516703 0.181501 -0.836705
vn 0.708981 -0.025099 -0.704781
vn 0.925397 -0.081200 -0.370199
vn 0.898699 -0.041500 -0.436599
vn 0.708981 -0.025099 -0.704781
vn 0.898699 -0.041500 -0.436599
vn 0.694509 0.387205 -0.606408
vn 0.516703 0.181501 -0.836705
vn 0.694509 0.387205 -0.606408
vn 0.000000 0.637525 -0.770430
vn 0.000000 0.513113 -0.858321
vn 0.516703 0.181501 -0.836705
vn 0.811611 0.572707 0.115301
vn 0.936236 0.349613 0.035101
vn 0.593961 0.770950 0.229885
vn 0.749596 -0.549497 0.368998
vn 0.000000 -0.814773 0.579781
vn 0.000000 -0.950635 0.310311
vn 0.709098 -0.655898 0.258799
vn 0.946721 0.103102 -0.305107
vn 0.703215 0.479210 -0.525211
vn 0.589202 -0.362701 -0.722003
vn 0.923765 0.131195 -0.359786
vn 0.000000 0.575501 -0.817801
vn 0.822970 0.282990 -0.492582
vn 0.799230 0.237009 -0.552321
vn 0.955970 0.216793 -0.197794
vn 0.672493 0.502795 -0.543094
vn 0.694509 0.387205 -0.606408
vn 0.898699 -0.041500 -0.436599
vn 0.765010 -0.584408 0.270604
vn 0.997599 -0.066900 -0.017900
vn 0.939870 -0.217293 -0.263492
vn 0.744188 -0.667089 0.034299
vn 0.997599 -0.066900 -0.017900
vn 0.955970 0.216793 -0.197794
vn 0.898699 -0.041500 -0.436599
vn 0.939870 -0.217293 -0.263492
vn 0.960988 -0.256897 0.102499
vn 0.998259 -0.057198 0.014399
vn 0.749596 -0.549497 0.368998
vn 0.709098 -0.655898 0.258799
vn 0.756414 -0.626911 -0.186603
vn 0.960988 -0.256897 0.102499
vn 0.709098 -0.655898 0.258799
vn 0.960988 -0.256897 0.102499
vn 0.839522 -0.112203 -0.531614
vn 0.946721 0.103102 -0.305107
vn 0.998259 -0.057198 0.014399
vn 0.427425 0.648838 0.629537
vn 0.071699 0.168498 0.983091
vn 0.310104 0.387805 0.868011
vn 0.427425 0.648838 0.629537
vn 0.538699 0.709198 0.454799
vn 0.000000 0.884829 0.465915
vn 0.000000 0.745315 0.666713
vn 0.885923 0.416511 0.204105
vn 0.000000 0.992883 0.119098
vn 0.912413 0.240703 0.331005
vn 0.885923 0.416511 0.204105
vn 0.000000 0.745315 0.666713
vn 0.000000 0.576613 0.817018
vn 0.560317 0.189006 -0.806425
vn 0.000000 0.204589 -0.978848
vn 0.000000 0.418589 -0.908176
vn 0.680576 0.388687 -0.621079
vn -0.230403 -0.259303 0.937911
vn 0.026999 0.072898 0.996974
vn 0.000000 0.029899 0.999553
vn 0.000000 -0.425282 0.905061
vn 0.864915 0.445808 0.230604
vn 0.894975 0.406089 0.184695
vn 0.891974 0.402888 0.205094
vn 0.868999 0.434799 0.236200
vn 0.940708 0.328003 0.086501
vn 0.919215 0.386606 -0.074701
vn 0.883693 0.466896 0.033100
vn 0.897788 0.419994 0.132598
vn 0.924234 0.346313 0.160806
vn 0.940393 0.310298 0.139199
vn 0.909005 0.379502 0.172301
vn 0.907939 0.374416 0.188308
vn 0.838768 0.455382 0.298489
vn 0.864915 0.445808 0.230604
vn 0.868999 0.434799 0.236200
vn 0.853492 0.440696 0.278097
vn 0.840180 0.293393 0.456089
vn 0.838286 0.436593 0.326594
vn 0.853932 0.417815 0.310211
vn 0.787517 0.305907 0.535012
vn 0.919215 0.386606 -0.074701
vn 0.925396 0.296399 -0.236199
vn 0.692386 0.576489 -0.433892
vn 0.883693 0.466896 0.033100
vn 0.000000 0.047598 0.998867
vn 0.840180 0.293393 0.456089
vn 0.787517 0.305907 0.535012
vn 0.000000 0.265596 0.964085
vn 0.894975 0.406089 0.184695
vn 0.924234 0.346313 0.160806
vn 0.907939 0.374416 0.188308
vn 0.891974 0.402888 0.205094
vn 0.071699 0.168498 0.983091
vn 0.000000 0.081696 0.996657
vn 0.000000 0.029899 0.999553
vn 0.026999 0.072898 0.996974
vn 0.811611 0.572707 0.115301
vn 0.593961 0.770950 0.229885
vn 0.605178 0.788371 0.110596
vn 0.399699 -0.385599 -0.831598
vn 0.226492 -0.656878 -0.719175
vn 0.612486 -0.324993 -0.720584
vn 0.000000 -0.425282 0.905061
vn 0.000000 -0.661522 0.749925
vn -0.230403 -0.259303 0.937911
vn 0.838286 0.436593 0.326594
vn 0.838768 0.455382 0.298489
vn 0.853492 0.440696 0.278097
vn 0.853932 0.417815 0.310211
vn 0.925396 0.296399 -0.236199
vn 0.560317 0.189006 -0.806425
vn 0.680576 0.388687 -0.621079
vn -0.837109 0.342803 -0.426304
vn 0.420795 0.203698 -0.883990
vn 0.338595 0.635290 -0.694089
vn 0.891974 0.402888 0.205094
vn 0.907939 0.374416 0.188308
vn 0.823911 0.501207 0.264504
vn 0.842714 0.462407 0.275704
vn 0.817688 0.451993 0.356495
vn 0.830527 0.459615 0.314610
vn 0.000000 0.807909 0.589307
vn 0.000000 0.773904 0.633303
vn 0.853932 0.417815 0.310211
vn 0.817688 0.451993 0.356495
vn 0.787517 0.305907 0.535012
vn 0.817688 0.451993 0.356495
vn 0.853932 0.417815 0.310211
vn 0.853492 0.440696 0.278097
vn 0.830527 0.459615 0.314610
vn 0.793874 0.555082 0.248292
vn 0.000000 0.911592 0.411096
vn 0.000000 0.878369 0.477983
vn 0.823911 0.501207 0.264504
vn 0.671684 0.697383 -0.249994
vn 0.679004 0.730304 0.074900
vn 0.883693 0.466896 0.033100
vn 0.787517 0.305907 0.535012
vn 0.000000 0.669296 0.742996
vn 0.000000 0.265596 0.964085
vn 0.868999 0.434799 0.236200
vn 0.891974 0.402888 0.205094
vn 0.842714 0.462407 0.275704
vn 0.841144 0.454424 0.293215
vn 0.830527 0.459615 0.314610
vn 0.841144 0.454424 0.293215
vn 0.000000 0.820030 0.572321
vn 0.000000 0.807909 0.589307
vn 0.823911 0.501207 0.264504
vn 0.000000 0.878369 0.477983
vn 0.000000 0.846613 0.532208
vn 0.842714 0.462407 0.275704
vn 0.830527 0.459615 0.314610
vn 0.853492 0.440696 0.278097
vn 0.868999 0.434799 0.236200
vn 0.841144 0.454424 0.293215
vn 0.000000 0.958290 0.285797
vn 0.717169 0.668772 0.195992
vn 0.679004 0.730304 0.074900
vn 0.000000 0.994344 0.106205
vn 0.758672 0.613277 0.219792
vn 0.717169 0.668772 0.195992
vn 0.000000 0.958290 0.285797
vn 0.000000 0.936189 0.351496
vn 0.883693 0.466896 0.033100
vn 0.717169 0.668772 0.195992
vn 0.758672 0.613277 0.219792
vn 0.897788 0.419994 0.132598
vn 0.842714 0.462407 0.275704
vn 0.000000 0.846613 0.532208
vn 0.000000 0.820030 0.572321
vn 0.841144 0.454424 0.293215
vn 0.679004 0.730304 0.074900
vn 0.717169 0.668772 0.195992
vn 0.883693 0.466896 0.033100
vn 0.000000 0.773904 0.633303
vn 0.000000 0.669296 0.742996
vn 0.787517 0.305907 0.535012
vn 0.817688 0.451993 0.356495
vn 0.909005 0.379502 0.172301
vn 0.793874 0.555082 0.248292
vn 0.823911 0.501207 0.264504
vn 0.907939 0.374416 0.188308
vn 0.897788 0.419994 0.132598
vn 0.758672 0.613277 0.219792
vn 0.793874 0.555082 0.248292
vn 0.909005 0.379502 0.172301
vn 0.758672 0.613277 0.219792
vn 0.000000 0.936189 0.351496
vn 0.000000 0.911592 0.411096
vn 0.793874 0.555082 0.248292
vn 0.692386 0.576489 -0.433892
vn 0.000000 0.704201 -0.710001
vn 0.000000 0.927827 -0.373011
vn 0.671684 0.697383 -0.249994
vn 0.692386 0.576489 -0.433892
vn 0.680576 0.388687 -0.621079
vn 0.000000 0.418589 -0.908176
vn 0.000000 0.704201 -0.710001
vn 0.000000 0.927827 -0.373011
vn 0.000000 0.994344 0.106205
vn 0.679004 0.730304 0.074900
vn 0.671684 0.697383 -0.249994
vn 0.000000 0.722876 -0.690977
vn 0.671366 0.548172 -0.498774
vn 0.822970 0.282990 -0.492582
vn 0.000000 0.575501 -0.817801
vn 0.692386 0.576489 -0.433892
vn 0.671684 0.697383 -0.249994
vn 0.883693 0.466896 0.033100
vn 0.998259 -0.057198 0.014399
vn 0.923765 0.131195 -0.359786
vn 0.955970 0.216793 -0.197794
vn 0.997599 -0.066900 -0.017900
vn 0.749596 -0.549497 0.368998
vn 0.998259 -0.057198 0.014399
vn 0.997599 -0.066900 -0.017900
vn 0.765010 -0.584408 0.270604
vn 0.923765 0.131195 -0.359786
vn 0.671366 0.548172 -0.498774
vn 0.672493 0.502795 -0.543094
vn 0.955970 0.216793 -0.197794
vn 0.744188 -0.667089 0.034299
vn 0.000000 -0.979386 0.201997
vn 0.000000 -0.884580 0.466389
vn 0.765010 -0.584408 0.270604
vn 0.000000 0.637525 -0.770430
vn 0.694509 0.387205 -0.606408
vn 0.672493 0.502795 -0.543094
vn 0.000000 0.664972 -0.746868
vn 0.799230 0.237009 -0.552321
vn 0.822970 0.282990 -0.492582
vn 0.860128 -0.508917 0.034401
vn 0.935087 0.347795 0.068199
vn 0.923765 0.131195 -0.359786
vn 0.822970 0.282990 -0.492582
vn 0.671366 0.548172 -0.498774
vn 0.946721 0.103102 -0.305107
vn 0.923765 0.131195 -0.359786
vn 0.998259 -0.057198 0.014399
vn 0.797350 0.574564 -0.184688
vn 0.935087 0.347795 0.068199
vn 0.782888 0.573591 -0.240996
vn 0.823988 0.534192 -0.188897
vn 0.823988 0.534192 -0.188897
vn 0.703215 0.479210 -0.525211
vn 0.797350 0.574564 -0.184688
vn 0.839522 -0.112203 -0.531614
vn 0.797350 0.574564 -0.184688
vn 0.703215 0.479210 -0.525211
vn 0.946721 0.103102 -0.305107
vn 0.839522 -0.112203 -0.531614
vn 0.799230 0.237009 -0.552321
vn 0.935087 0.347795 0.068199
vn 0.797350 0.574564 -0.184688
vn 0.692386 0.576489 -0.433892
vn 0.925396 0.296399 -0.236199
vn 0.680576 0.388687 -0.621079
vn 0.000000 0.118901 -0.992906
vn 0.000000 0.575501 -0.817801
vn 0.799230 0.237009 -0.552321
vn 0.412200 0.609500 -0.677200
vn 0.480912 0.512313 -0.711518
vn 0.214998 0.508495 -0.833792
vn 0.214998 0.508495 -0.833792
vn 0.480912 0.512313 -0.711518
vn 0.000000 0.513113 -0.858321
vn 0.855970 0.332788 0.395686
vn 0.858028 0.356512 0.369712
vn 0.000000 0.644610 0.764512
vn 0.000000 0.608923 0.793230
vn 0.397107 -0.620411 -0.676311
vn 0.000000 -0.646399 -0.762999
vn 0.000000 -0.592018 -0.805925
vn 0.883682 -0.264795 -0.385992
vn 0.893665 0.293521 0.339425
vn 0.912413 0.240703 0.331005
vn 0.000000 0.576613 0.817018
vn 0.000000 0.619106 0.785308
vn 0.000000 -0.999726 -0.023401
vn 0.000000 -0.646399 -0.762999
vn 0.397107 -0.620411 -0.676311
vn 0.000000 0.539377 0.842064
vn 0.000000 -0.233396 0.972382
vn 0.753991 -0.110099 0.647592
vn 0.801340 0.318416 0.506425
vn 0.902829 -0.294510 -0.313310
vn 0.397107 -0.620411 -0.676311
vn 0.883682 -0.264795 -0.385992
vn 0.000000 0.605808 0.795611
vn 0.000000 0.539377 0.842064
vn 0.801340 0.318416 0.506425
vn 0.845271 0.335989 0.415486
vn 0.893665 0.293521 0.339425
vn 0.000000 0.619106 0.785308
vn 0.000000 0.644610 0.764512
vn 0.858028 0.356512 0.369712
vn 0.855970 0.332788 0.395686
vn 0.000000 0.608923 0.793230
vn 0.000000 0.605808 0.795611
vn 0.845271 0.335989 0.415486
vn 0.753991 -0.110099 0.647592
vn 0.716595 -0.695495 0.052700
vn 0.902829 -0.294510 -0.313310
vn 0.801340 0.318416 0.506425
vn 0.858028 0.356512 0.369712
vn 0.904420 -0.215005 -0.368508
vn 0.882510 -0.258003 -0.393205
vn 0.893665 0.293521 0.339425
vn 0.893007 -0.265202 -0.363603
vn 0.855970 0.332788 0.395686
vn 0.845271 0.335989 0.415486
vn 0.883682 -0.264795 -0.385992
vn 0.902829 -0.294510 -0.313310
vn 0.716595 -0.695495 0.052700
vn 0.000000 -0.999726 -0.023401
vn 0.397107 -0.620411 -0.676311
vn 0.716595 -0.695495 0.052700
vn 0.753991 -0.110099 0.647592
vn 0.000000 -0.233396 0.972382
vn 0.000000 -0.999726 -0.023401
vn 0.904420 -0.215005 -0.368508
vn 0.858028 0.356512 0.369712
vn 0.855970 0.332788 0.395686
vn 0.893007 -0.265202 -0.363603
vn 0.893665 0.293521 0.339425
vn 0.882510 -0.258003 -0.393205
vn 0.947458 -0.201191 -0.248689
vn 0.912413 0.240703 0.331005
vn 0.000000 -0.630495 -0.776193
vn 0.000000 -0.595526 -0.803336
vn 0.904420 -0.215005 -0.368508
vn 0.893007 -0.265202 -0.363603
vn 0.883682 -0.264795 -0.385992
vn 0.000000 -0.592018 -0.805925
vn 0.000000 -0.630495 -0.776193
vn 0.893007 -0.265202 -0.363603
vn 0.902829 -0.294510 -0.313310
vn 0.883682 -0.264795 -0.385992
vn 0.845271 0.335989 0.415486
vn 0.801340 0.318416 0.506425
vn -0.458205 -0.480605 -0.747708
vn -0.458211 -0.475411 -0.751018
vn -0.458211 -0.475411 -0.751018
vn -0.458211 -0.475411 -0.751018
vn -0.458211 -0.475411 -0.751018
vn -0.458178 -0.470277 -0.754263
vn 0.087504 -0.181208 -0.979544
vn 0.848286 -0.087899 -0.522192
vn 0.858598 -0.048000 -0.510398
vn 0.123396 -0.152495 -0.980571
vn -0.763703 0.162801 0.624703
vn -0.990629 0.046001 0.128604
vn -0.989911 0.083601 0.114401
vn -0.759409 0.233403 0.607307
vn -0.831363 -0.095996 -0.547376
vn 0.087504 -0.181208 -0.979544
vn 0.123396 -0.152495 -0.980571
vn -0.812993 -0.059799 -0.579195
vn 0.848286 -0.087899 -0.522192
vn 0.964509 0.074901 0.253202
vn 0.956059 0.121995 0.266588
vn 0.858598 -0.048000 -0.510398
vn 0.964509 0.074901 0.253202
vn 0.303097 0.242497 0.921590
vn 0.276809 0.311810 0.908929
vn 0.956059 0.121995 0.266588
vn 0.303097 0.242497 0.921590
vn -0.763703 0.162801 0.624703
vn -0.759409 0.233403 0.607307
vn 0.276809 0.311810 0.908929
vn 0.276809 0.311810 0.908929
vn -0.759409 0.233403 0.607307
vn -0.715490 -0.160698 0.679890
vn 0.229996 -0.139198 0.963185
vn -0.980663 -0.129995 0.146294
vn -0.989911 0.083601 0.114401
vn -0.812993 -0.059799 -0.579195
vn -0.875835 -0.089604 -0.474219
vn -0.981712 -0.136402 0.132802
vn -0.990969 0.068298 0.115396
vn -0.805666 0.018699 -0.592075
vn -0.870388 -0.063199 -0.488293
vn 0.291983 0.174090 0.940446
vn -0.757924 0.126704 0.639920
vn -0.767876 0.152095 0.622281
vn 0.276198 0.189199 0.942294
vn 0.961127 0.059102 0.269708
vn 0.291983 0.174090 0.940446
vn 0.276198 0.189199 0.942294
vn 0.958742 0.083904 0.271612
vn 0.857104 -0.048000 -0.512902
vn 0.961127 0.059102 0.269708
vn 0.958742 0.083904 0.271612
vn 0.852515 0.024900 -0.522109
vn -0.840116 -0.060601 -0.539010
vn 0.094197 -0.106197 -0.989873
vn 0.122701 -0.016600 -0.992305
vn -0.805666 0.018699 -0.592075
vn -0.757924 0.126704 0.639920
vn -0.990349 0.039302 0.132907
vn -0.990969 0.068298 0.115396
vn -0.767876 0.152095 0.622281
vn 0.094197 -0.106197 -0.989873
vn 0.857104 -0.048000 -0.512902
vn 0.852515 0.024900 -0.522109
vn 0.122701 -0.016600 -0.992305
vn 0.947458 -0.201191 -0.248689
vn 0.882510 -0.258003 -0.393205
vn 0.404086 -0.545081 -0.734575
vn 0.298089 -0.601379 -0.741274
vn 0.882510 -0.258003 -0.393205
vn 0.904420 -0.215005 -0.368508
vn 0.000000 -0.595526 -0.803336
vn 0.404086 -0.545081 -0.734575
vn -0.866019 -0.230505 0.443710
vn -0.866060 -0.499177 -0.027599
vn -0.988421 -0.150903 -0.015900
vn -0.980327 0.022401 0.196105
vn -0.979051 0.194390 -0.060597
vn -0.865394 0.490096 -0.104399
vn -0.853257 0.498575 -0.152892
vn -0.981829 0.179005 -0.063002
vn -0.979140 -0.202908 0.010600
vn -0.940531 -0.143505 0.307910
vn -0.989201 -0.034700 0.142400
vn -0.996066 -0.081497 -0.034799
vn 0.775087 -0.047199 0.630089
vn 0.991592 -0.110099 0.067999
vn 0.822382 -0.530488 0.205596
vn 0.694094 -0.438796 0.570695
vn -0.936236 0.349613 0.035101
vn -0.991590 0.127399 -0.022800
vn -0.982726 0.077402 -0.168104
vn -0.952897 0.186599 -0.239099
vn -0.872383 -0.207296 -0.442692
vn -0.894997 -0.217599 -0.389399
vn 0.036000 -0.421302 -0.906206
vn -0.026299 -0.297790 -0.954269
vn 0.536129 -0.560230 -0.631434
vn 0.036000 -0.421302 -0.906206
vn -0.295506 -0.671013 -0.680013
vn -0.412200 0.609500 -0.677200
vn -0.821620 0.550914 -0.146404
vn -0.864877 0.448988 -0.224494
vn -0.931158 0.351284 -0.097696
vn -0.936236 0.349613 0.035101
vn -0.952897 0.186599 -0.239099
vn -0.890086 0.290895 -0.350894
vn -0.862702 -0.414301 -0.290001
vn -0.996066 -0.081497 -0.034799
vn -0.900856 -0.433279 0.026999
vn -0.197392 -0.959562 0.200692
vn 0.115805 -0.717630 0.686729
vn 0.446292 -0.894885 -0.002200
vn -0.914383 -0.134397 -0.381893
vn -0.654219 -0.337910 -0.676620
vn -0.602813 -0.246605 -0.758816
vn -0.883462 -0.060497 -0.464580
vn -0.421985 -0.856370 0.297590
vn 0.000000 -0.943460 0.331486
vn 0.000000 -0.958318 0.285705
vn -0.325400 -0.920599 0.215900
vn -0.744188 -0.667089 0.034299
vn 0.000000 -0.979386 0.201997
vn 0.000000 -0.955805 0.294002
vn -0.605537 -0.772948 0.189412
vn 0.865492 -0.169998 -0.471195
vn 0.036000 -0.421302 -0.906206
vn 0.536129 -0.560230 -0.631434
vn 0.875398 -0.316599 -0.365299
vn -0.071699 0.168498 0.983091
vn -0.543001 0.655301 0.525101
vn -0.427425 0.648838 0.629537
vn -0.700505 -0.408303 -0.585304
vn -0.654219 -0.337910 -0.676620
vn -0.914383 -0.134397 -0.381893
vn -0.936043 -0.187909 -0.297514
vn -0.480912 0.512313 -0.711518
vn 0.000000 0.513113 -0.858321
vn -0.516703 0.181501 -0.836705
vn -0.939870 -0.217293 -0.263492
vn -0.903958 -0.415081 -0.102795
vn -0.925397 -0.081200 -0.370199
vn -0.898699 -0.041500 -0.436599
vn -0.906132 -0.411414 0.098303
vn -0.870009 -0.492205 -0.028600
vn -0.488891 -0.865684 0.107598
vn -0.462911 -0.857319 0.225205
vn -0.899663 0.433182 0.054398
vn -0.947458 -0.201191 -0.248689
vn -0.912413 0.240703 0.331005
vn -0.885923 0.416511 0.204105
vn -0.908808 0.009600 -0.417104
vn -0.995766 0.012300 -0.091097
vn -0.961422 0.250706 -0.113203
vn -0.890203 0.223801 -0.396801
vn -0.722396 0.474698 0.502798
vn -0.310104 0.387805 0.868011
vn -0.427425 0.648838 0.629537
vn -0.538699 0.709198 0.454799
vn 0.543590 -0.442092 -0.713487
vn 0.935248 -0.183009 -0.303016
vn 0.875398 -0.316599 -0.365299
vn 0.536129 -0.560230 -0.631434
vn -0.942273 0.313591 0.117397
vn -0.989538 0.143106 -0.018301
vn -0.994303 0.094400 -0.049500
vn -0.962833 0.257509 0.081503
vn -0.962833 0.257509 0.081503
vn -0.994303 0.094400 -0.049500
vn -0.988023 0.071002 -0.137003
vn -0.983863 0.178293 -0.014999
vn -0.483990 -0.874681 -0.026199
vn -0.197392 -0.959562 0.200692
vn 0.000000 -0.999337 0.036401
vn 0.000000 -0.999425 0.033901
vn -0.483990 -0.874681 -0.026199
vn -0.830909 -0.556406 -0.001400
vn -0.596510 -0.743212 0.303005
vn 0.000000 0.999918 0.012800
vn -0.543091 0.839485 0.017800
vn -0.531609 0.841813 -0.093502
vn 0.000000 0.994173 -0.107797
vn -0.042499 -0.962788 -0.266897
vn 0.377407 -0.707913 -0.597011
vn -0.274696 -0.624891 -0.730790
vn -0.353597 -0.834393 -0.422797
vn -0.991590 0.127399 -0.022800
vn -0.983863 0.178293 -0.014999
vn -0.988023 0.071002 -0.137003
vn -0.982726 0.077402 -0.168104
vn -0.954686 0.296695 0.023400
vn -0.963678 0.261994 0.051799
vn -0.828188 0.559092 -0.038999
vn -0.810517 0.585612 0.011000
vn -0.995766 0.012300 -0.091097
vn -0.908808 0.009600 -0.417104
vn -0.871081 -0.223595 -0.437291
vn -0.958939 -0.283612 -0.001000
vn 0.832478 0.111197 0.542786
vn 0.193997 0.199097 0.960586
vn 0.715074 0.262290 0.647976
vn 0.775087 -0.047199 0.630089
vn 0.694094 -0.438796 0.570695
vn 0.460403 -0.176901 0.869905
vn -0.853257 0.498575 -0.152892
vn -0.525172 0.821856 -0.220788
vn -0.531609 0.841813 -0.093502
vn -0.828188 0.559092 -0.038999
vn -0.862702 -0.414301 -0.290001
vn -0.353597 -0.834393 -0.422797
vn -0.274696 -0.624891 -0.730790
vn -0.855703 -0.418101 -0.304901
vn -0.903958 -0.415081 -0.102795
vn -0.605537 -0.772948 0.189412
vn -0.552912 -0.647114 0.524911
vn -0.892291 -0.323897 0.314497
vn -0.999821 0.018800 -0.002200
vn -0.981829 0.179005 -0.063002
vn -0.963678 0.261994 0.051799
vn -0.993219 0.035201 0.110802
vn -0.865394 0.490096 -0.104399
vn -0.494087 0.848977 -0.187395
vn -0.525172 0.821856 -0.220788
vn -0.853257 0.498575 -0.152892
vn 0.000000 -0.155197 -0.987884
vn 0.000000 -0.483323 -0.875442
vn -0.333495 -0.449693 -0.828587
vn -0.318102 -0.141701 -0.937407
vn -0.862702 -0.414301 -0.290001
vn -0.855703 -0.418101 -0.304901
vn -0.979140 -0.202908 0.010600
vn -0.996066 -0.081497 -0.034799
vn 0.000000 -0.976613 -0.215003
vn 0.000000 -0.996803 0.079900
vn 0.746584 -0.652486 -0.129897
vn 0.377407 -0.707913 -0.597011
vn -0.629503 0.670104 -0.393302
vn -0.836970 -0.138695 -0.529381
vn -0.992358 -0.108595 -0.058597
vn -0.885923 0.416511 0.204105
vn 0.000000 0.992883 0.119098
vn 0.000000 0.999574 -0.029199
vn -0.899663 0.433182 0.054398
vn 0.000000 0.664972 -0.746868
vn 0.000000 0.722876 -0.690977
vn -0.671366 0.548172 -0.498774
vn -0.672493 0.502795 -0.543094
vn -0.865394 0.490096 -0.104399
vn -0.979051 0.194390 -0.060597
vn -0.920038 0.343614 0.188308
vn -0.789465 0.588174 0.175492
vn -0.399699 -0.385599 -0.831598
vn -0.226492 -0.656878 -0.719175
vn 0.365994 -0.598791 -0.712389
vn -0.965981 0.253495 -0.051199
vn -0.856428 0.516117 0.012400
vn -0.913251 0.407178 -0.013399
vn -0.974746 0.217510 -0.050602
vn 0.000000 -0.959002 0.283401
vn 0.000000 -0.734600 0.678500
vn 0.694094 -0.438796 0.570695
vn 0.822382 -0.530488 0.205596
vn -0.411392 -0.866282 -0.283394
vn -0.836970 -0.138695 -0.529381
vn -0.467391 -0.361893 -0.806585
vn -0.485121 -0.004200 0.874437
vn -0.385009 0.193404 0.902421
vn -0.835401 0.204700 0.510101
vn -0.862461 0.012199 0.505977
vn 0.000000 -0.734600 0.678500
vn 0.000000 -0.661522 0.749925
vn 0.694094 -0.438796 0.570695
vn -0.123396 -0.152495 -0.980571
vn -0.136807 0.110205 -0.984448
vn -0.903598 -0.056800 -0.424599
vn -0.858598 -0.048000 -0.510398
vn 0.460403 -0.176901 0.869905
vn -0.131300 -0.210200 0.968801
vn 0.016001 -0.026101 0.999531
vn 0.775087 -0.047199 0.630089
vn -0.883462 -0.060497 -0.464580
vn -0.602813 -0.246605 -0.758816
vn -0.501901 -0.082300 -0.861001
vn -0.817779 0.060098 -0.572386
vn -0.394905 0.523606 -0.754909
vn -0.836970 -0.138695 -0.529381
vn -0.629503 0.670104 -0.393302
vn -0.864877 0.448988 -0.224494
vn -0.957704 0.262401 0.118101
vn -0.966389 0.127399 0.223297
vn -0.917703 -0.007200 -0.397201
vn 0.505080 -0.335087 0.795369
vn 0.694094 -0.438796 0.570695
vn 0.000000 -0.661522 0.749925
vn 0.230403 -0.259303 0.937911
vn -0.940531 -0.143505 0.307910
vn -0.862461 0.012199 0.505977
vn -0.989201 -0.034700 0.142400
vn -0.913181 -0.161497 0.374192
vn -0.675530 -0.103505 0.730032
vn -0.691630 -0.193208 0.695930
vn -0.940531 -0.143505 0.307910
vn -0.994188 -0.086199 -0.064499
vn -0.870009 -0.492205 -0.028600
vn -0.906132 -0.411414 0.098303
vn -0.998851 0.017299 0.044698
vn -0.483990 -0.874681 -0.026199
vn -0.488891 -0.865684 0.107598
vn -0.870009 -0.492205 -0.028600
vn -0.830909 -0.556406 -0.001400
vn -0.352985 -0.580376 -0.733870
vn -0.295506 -0.671013 -0.680013
vn -0.871921 -0.407810 -0.271007
vn -0.897975 -0.356990 -0.257293
vn -0.976182 -0.204196 0.073299
vn -0.978777 -0.155396 0.133597
vn -0.906787 -0.022400 0.420994
vn -0.913181 -0.161497 0.374192
vn -0.925397 -0.081200 -0.370199
vn -0.949182 0.081498 -0.303994
vn -0.708981 -0.025099 -0.704781
vn -0.397222 0.017801 -0.917550
vn -0.713960 0.168290 -0.679662
vn -0.817779 0.060098 -0.572386
vn -0.501901 -0.082300 -0.861001
vn -0.908808 0.009600 -0.417104
vn -0.679509 -0.070101 -0.730310
vn -0.612486 -0.324993 -0.720584
vn -0.871081 -0.223595 -0.437291
vn -0.333495 -0.449693 -0.828587
vn -0.612486 -0.324993 -0.720584
vn -0.679509 -0.070101 -0.730310
vn -0.318102 -0.141701 -0.937407
vn -0.399699 -0.385599 -0.831598
vn -0.870236 -0.264011 -0.415917
vn -0.871081 -0.223595 -0.437291
vn -0.612486 -0.324993 -0.720584
vn -0.900856 -0.433279 0.026999
vn -0.996066 -0.081497 -0.034799
vn -0.998328 0.027001 -0.051101
vn -0.999821 0.018800 -0.002200
vn 0.993988 0.086599 0.066999
vn 0.865492 -0.169998 -0.471195
vn 0.875398 -0.316599 -0.365299
vn 0.994925 -0.077802 0.063802
vn -0.991059 0.131994 0.019499
vn -0.989538 0.143106 -0.018301
vn -0.942273 0.313591 0.117397
vn -0.954126 0.282808 0.098303
vn -0.042499 -0.962788 -0.266897
vn 0.000000 -0.993515 -0.113702
vn 0.000000 -0.976613 -0.215003
vn 0.377407 -0.707913 -0.597011
vn -0.985783 -0.167497 0.013300
vn -0.958939 -0.283612 -0.001000
vn -0.724469 -0.571376 0.385584
vn -0.966389 0.127399 0.223297
vn -0.522180 0.580178 0.625077
vn -0.995840 0.011400 0.090404
vn -0.866019 -0.230505 0.443710
vn -0.621858 -0.590961 0.513866
vn -0.866060 -0.499177 -0.027599
vn 0.832478 0.111197 0.542786
vn 0.994925 -0.077802 0.063802
vn 0.991592 -0.110099 0.067999
vn 0.775087 -0.047199 0.630089
vn -0.917703 -0.007200 -0.397201
vn -0.966389 0.127399 0.223297
vn -0.995840 0.011400 0.090404
vn 0.837109 0.342803 -0.426304
vn 0.564496 0.774895 0.284398
vn -0.522180 0.580178 0.625077
vn -0.485121 -0.004200 0.874437
vn -0.862461 0.012199 0.505977
vn -0.940531 -0.143505 0.307910
vn -0.691630 -0.193208 0.695930
vn 0.000000 -0.052202 -0.998637
vn 0.000000 -0.053399 -0.998573
vn -0.330213 -0.017901 -0.943737
vn -0.397222 0.017801 -0.917550
vn 0.837109 0.342803 -0.426304
vn -0.420795 0.203698 -0.883990
vn 0.365083 0.038998 -0.930158
vn -0.420795 0.203698 -0.883990
vn -0.338595 0.635290 -0.694089
vn -0.412200 0.609500 -0.677200
vn -0.914383 -0.134397 -0.381893
vn -0.883462 -0.060497 -0.464580
vn -0.982726 0.077402 -0.168104
vn -0.988023 0.071002 -0.137003
vn -0.985783 -0.167497 0.013300
vn -0.724469 -0.571376 0.385584
vn -0.830909 -0.556406 -0.001400
vn -0.995766 0.012300 -0.091097
vn -0.985783 -0.167497 0.013300
vn -0.974746 0.217510 -0.050602
vn -0.961422 0.250706 -0.113203
vn 0.935248 -0.183009 -0.303016
vn 0.991592 -0.110099 0.067999
vn 0.994925 -0.077802 0.063802
vn 0.875398 -0.316599 -0.365299
vn -0.961422 0.250706 -0.113203
vn -0.931158 0.351284 -0.097696
vn -0.890086 0.290895 -0.350894
vn -0.890203 0.223801 -0.396801
vn -0.860128 -0.508917 0.034401
vn -0.589202 -0.362701 -0.722003
vn -0.923765 0.131195 -0.359786
vn -0.822970 0.282990 -0.492582
vn 0.935248 -0.183009 -0.303016
vn 0.746584 -0.652486 -0.129897
vn 0.822382 -0.530488 0.205596
vn 0.991592 -0.110099 0.067999
vn -0.197392 -0.959562 0.200692
vn 0.446292 -0.894885 -0.002200
vn 0.000000 -0.990860 -0.134895
vn 0.000000 -0.999337 0.036401
vn 0.935248 -0.183009 -0.303016
vn 0.543590 -0.442092 -0.713487
vn 0.377407 -0.707913 -0.597011
vn 0.746584 -0.652486 -0.129897
vn -0.871921 -0.407810 -0.271007
vn -0.295506 -0.671013 -0.680013
vn 0.036000 -0.421302 -0.906206
vn -0.894997 -0.217599 -0.389399
vn -0.913251 0.407178 -0.013399
vn -0.811611 0.572707 0.115301
vn -0.936236 0.349613 0.035101
vn -0.931158 0.351284 -0.097696
vn -0.679509 -0.070101 -0.730310
vn -0.908808 0.009600 -0.417104
vn -0.890203 0.223801 -0.396801
vn -0.688701 0.095700 -0.718702
vn -0.903958 -0.415081 -0.102795
vn -0.892291 -0.323897 0.314497
vn -0.985498 0.100400 0.136800
vn -0.925397 -0.081200 -0.370199
vn 0.230403 -0.259303 0.937911
vn -0.026999 0.072898 0.996974
vn -0.022799 -0.093496 0.995359
vn 0.000000 0.968630 -0.248508
vn 0.000000 0.994173 -0.107797
vn -0.531609 0.841813 -0.093502
vn -0.525172 0.821856 -0.220788
vn -0.947158 0.304586 0.100596
vn -0.957704 0.262401 0.118101
vn -0.864877 0.448988 -0.224494
vn -0.821620 0.550914 -0.146404
vn 0.759409 0.233403 0.607307
vn 0.715490 -0.160698 0.679890
vn 0.980663 -0.129995 0.146294
vn 0.989911 0.083601 0.114401
vn -0.197392 -0.959562 0.200692
vn -0.483990 -0.874681 -0.026199
vn -0.596510 -0.743212 0.303005
vn -0.724469 -0.571376 0.385584
vn -0.613968 -0.412179 0.673165
vn 0.115805 -0.717630 0.686729
vn -0.596510 -0.743212 0.303005
vn -0.353802 0.240001 0.904004
vn 0.715074 0.262290 0.647976
vn 0.193997 0.199097 0.960586
vn -0.022799 -0.093496 0.995359
vn 0.505080 -0.335087 0.795369
vn 0.230403 -0.259303 0.937911
vn 0.000000 -0.479910 -0.877318
vn 0.000000 -0.921196 -0.389098
vn -0.756414 -0.626911 -0.186603
vn -0.839522 -0.112203 -0.531614
vn -0.746689 -0.443894 -0.495393
vn -0.700505 -0.408303 -0.585304
vn -0.936043 -0.187909 -0.297514
vn -0.942768 -0.183694 -0.278291
vn 0.000000 -0.959002 0.283401
vn 0.822382 -0.530488 0.205596
vn 0.746584 -0.652486 -0.129897
vn 0.000000 -0.996803 0.079900
vn -0.871081 -0.223595 -0.437291
vn -0.870236 -0.264011 -0.415917
vn -0.941977 -0.285593 0.176396
vn -0.958939 -0.283612 -0.001000
vn 0.000000 -0.052202 -0.998637
vn -0.397222 0.017801 -0.917550
vn -0.501901 -0.082300 -0.861001
vn 0.000000 -0.154807 -0.987945
vn 0.365994 -0.598791 -0.712389
vn 0.000000 -0.852091 -0.523394
vn 0.000000 -0.990860 -0.134895
vn 0.446292 -0.894885 -0.002200
vn -0.944354 -0.005600 0.328884
vn -0.958703 0.042600 0.281201
vn -0.894997 -0.217599 -0.389399
vn -0.872383 -0.207296 -0.442692
vn -0.799230 0.237009 -0.552321
vn 0.000000 0.118901 -0.992906
vn 0.000000 -0.479910 -0.877318
vn -0.839522 -0.112203 -0.531614
vn -0.483990 -0.874681 -0.026199
vn 0.000000 -0.999425 0.033901
vn 0.000000 -0.980202 0.198000
vn -0.488891 -0.865684 0.107598
vn -0.385009 0.193404 0.902421
vn -0.485121 -0.004200 0.874437
vn -0.022799 -0.093496 0.995359
vn -0.026999 0.072898 0.996974
vn -0.538699 0.709198 0.454799
vn -0.789465 0.588174 0.175492
vn -0.920038 0.343614 0.188308
vn -0.722396 0.474698 0.502798
vn -0.605178 0.788371 0.110596
vn -0.856428 0.516117 0.012400
vn -0.810517 0.585612 0.011000
vn -0.543091 0.839485 0.017800
vn -0.913251 0.407178 -0.013399
vn -0.931158 0.351284 -0.097696
vn -0.961422 0.250706 -0.113203
vn -0.974746 0.217510 -0.050602
vn -0.325400 -0.920599 0.215900
vn -0.353597 -0.834393 -0.422797
vn -0.900856 -0.433279 0.026999
vn -0.988421 -0.150903 -0.015900
vn -0.866060 -0.499177 -0.027599
vn -0.746689 -0.443894 -0.495393
vn -0.942768 -0.183694 -0.278291
vn -0.467391 -0.361893 -0.806585
vn -0.836970 -0.138695 -0.529381
vn -0.394905 0.523606 -0.754909
vn -0.722396 0.474698 0.502798
vn -0.835401 0.204700 0.510101
vn -0.385009 0.193404 0.902421
vn -0.310104 0.387805 0.868011
vn -0.543091 0.839485 0.017800
vn 0.000000 0.999918 0.012800
vn 0.000000 0.985771 0.168095
vn -0.605178 0.788371 0.110596
vn 0.000000 -0.666081 -0.745879
vn -0.746689 -0.443894 -0.495393
vn -0.866060 -0.499177 -0.027599
vn 0.000000 -0.967284 -0.253696
vn -0.998851 0.017299 0.044698
vn -0.954686 0.296695 0.023400
vn -0.965981 0.253495 -0.051199
vn -0.994188 -0.086199 -0.064499
vn -0.042499 -0.962788 -0.266897
vn -0.353597 -0.834393 -0.422797
vn -0.325400 -0.920599 0.215900
vn -0.994303 0.094400 -0.049500
vn -0.989538 0.143106 -0.018301
vn -0.942768 -0.183694 -0.278291
vn -0.936043 -0.187909 -0.297514
vn 0.543590 -0.442092 -0.713487
vn 0.536129 -0.560230 -0.631434
vn -0.295506 -0.671013 -0.680013
vn -0.352985 -0.580376 -0.733870
vn 0.193997 0.199097 0.960586
vn -0.643579 0.090797 0.759975
vn -0.353802 0.240001 0.904004
vn -0.274696 -0.624891 -0.730790
vn 0.377407 -0.707913 -0.597011
vn 0.543590 -0.442092 -0.713487
vn -0.352985 -0.580376 -0.733870
vn -0.222000 0.127300 0.966701
vn -0.353802 0.240001 0.904004
vn -0.958703 0.042600 0.281201
vn -0.944354 -0.005600 0.328884
vn -0.988023 0.071002 -0.137003
vn -0.994303 0.094400 -0.049500
vn -0.936043 -0.187909 -0.297514
vn -0.914383 -0.134397 -0.381893
vn 0.000000 -0.353183 -0.935554
vn 0.000000 -0.154807 -0.987945
vn -0.501901 -0.082300 -0.861001
vn -0.602813 -0.246605 -0.758816
vn -0.979140 -0.202908 0.010600
vn -0.855703 -0.418101 -0.304901
vn -0.897975 -0.356990 -0.257293
vn -0.976182 -0.204196 0.073299
vn -0.866019 -0.230505 0.443710
vn -0.892291 -0.323897 0.314497
vn -0.552912 -0.647114 0.524911
vn -0.621858 -0.590961 0.513866
vn -0.903958 -0.415081 -0.102795
vn -0.939870 -0.217293 -0.263492
vn -0.744188 -0.667089 0.034299
vn -0.605537 -0.772948 0.189412
vn -0.894997 -0.217599 -0.389399
vn -0.958703 0.042600 0.281201
vn -0.978777 -0.155396 0.133597
vn -0.871921 -0.407810 -0.271007
vn 0.000000 -0.479518 -0.877532
vn -0.654219 -0.337910 -0.676620
vn -0.700505 -0.408303 -0.585304
vn 0.000000 -0.554192 -0.832389
vn 0.715074 0.262290 0.647976
vn 0.727081 0.115997 0.676682
vn 0.991788 0.015100 0.126998
vn 0.993988 0.086599 0.066999
vn -0.131300 -0.210200 0.968801
vn -0.691630 -0.193208 0.695930
vn -0.675530 -0.103505 0.730032
vn 0.016001 -0.026101 0.999531
vn -0.954126 0.282808 0.098303
vn -0.954650 0.277215 0.108606
vn -0.986176 0.141397 0.086398
vn -0.991059 0.131994 0.019499
vn -0.920038 0.343614 0.188308
vn -0.979051 0.194390 -0.060597
vn -0.998328 0.027001 -0.051101
vn -0.978864 0.112496 0.170794
vn -0.380605 0.858611 0.343405
vn -0.538699 0.709198 0.454799
vn 0.000000 0.884829 0.465915
vn 0.000000 0.926414 0.376506
vn 0.115805 -0.717630 0.686729
vn -0.197392 -0.959562 0.200692
vn -0.596510 -0.743212 0.303005
vn -0.862702 -0.414301 -0.290001
vn -0.900856 -0.433279 0.026999
vn -0.353597 -0.834393 -0.422797
vn -0.940531 -0.143505 0.307910
vn -0.979140 -0.202908 0.010600
vn -0.976182 -0.204196 0.073299
vn -0.913181 -0.161497 0.374192
vn -0.985498 0.100400 0.136800
vn -0.957704 0.262401 0.118101
vn -0.947158 0.304586 0.100596
vn -0.839522 -0.112203 -0.531614
vn -0.756414 -0.626911 -0.186603
vn -0.960988 -0.256897 0.102499
vn -0.897975 -0.356990 -0.257293
vn -0.871921 -0.407810 -0.271007
vn -0.978777 -0.155396 0.133597
vn -0.976182 -0.204196 0.073299
vn 0.000000 -0.479518 -0.877532
vn 0.000000 -0.353183 -0.935554
vn -0.602813 -0.246605 -0.758816
vn -0.654219 -0.337910 -0.676620
vn -0.421985 -0.856370 0.297590
vn -0.896824 -0.398211 0.192705
vn -0.906132 -0.411414 0.098303
vn -0.462911 -0.857319 0.225205
vn -0.855703 -0.418101 -0.304901
vn -0.274696 -0.624891 -0.730790
vn -0.352985 -0.580376 -0.733870
vn -0.897975 -0.356990 -0.257293
vn -0.675530 -0.103505 0.730032
vn -0.643579 0.090797 0.759975
vn 0.193997 0.199097 0.960586
vn 0.016001 -0.026101 0.999531
vn -0.330213 -0.017901 -0.943737
vn 0.000000 -0.053399 -0.998573
vn 0.000000 -0.155197 -0.987884
vn -0.318102 -0.141701 -0.937407
vn 0.000000 -0.980202 0.198000
vn 0.000000 -0.955067 0.296390
vn -0.462911 -0.857319 0.225205
vn -0.488891 -0.865684 0.107598
vn 0.812993 -0.059799 -0.579195
vn 0.875835 -0.089604 -0.474219
vn -0.136807 0.110205 -0.984448
vn -0.123396 -0.152495 -0.980571
vn -0.310104 0.387805 0.868011
vn -0.385009 0.193404 0.902421
vn -0.026999 0.072898 0.996974
vn -0.071699 0.168498 0.983091
vn -0.858598 -0.048000 -0.510398
vn -0.903598 -0.056800 -0.424599
vn -0.937257 -0.090005 0.336821
vn -0.956059 0.121995 0.266588
vn 0.000000 -0.958318 0.285705
vn 0.000000 -0.993515 -0.113702
vn -0.042499 -0.962788 -0.266897
vn -0.325400 -0.920599 0.215900
vn 0.000000 -0.767565 0.640971
vn 0.000000 -0.793571 0.608478
vn -0.621858 -0.590961 0.513866
vn -0.552912 -0.647114 0.524911
vn -0.131300 -0.210200 0.968801
vn 0.460403 -0.176901 0.869905
vn -0.022799 -0.093496 0.995359
vn 0.000000 0.884829 0.465915
vn -0.427425 0.648838 0.629537
vn -0.543001 0.655301 0.525101
vn -0.026299 -0.297790 -0.954269
vn -0.020300 -0.360895 -0.932386
vn -0.845397 -0.306999 -0.437099
vn -0.872383 -0.207296 -0.442692
vn 0.000000 0.995740 0.092204
vn 0.000000 0.978469 -0.206393
vn -0.494087 0.848977 -0.187395
vn -0.475283 0.875669 0.085497
vn -0.965981 0.253495 -0.051199
vn -0.974746 0.217510 -0.050602
vn -0.985783 -0.167497 0.013300
vn -0.994188 -0.086199 -0.064499
vn 0.715074 0.262290 0.647976
vn -0.353802 0.240001 0.904004
vn -0.222000 0.127300 0.966701
vn 0.727081 0.115997 0.676682
vn -0.026299 -0.297790 -0.954269
vn 0.036000 -0.421302 -0.906206
vn 0.865492 -0.169998 -0.471195
vn 0.878295 -0.121599 -0.462397
vn -0.531609 0.841813 -0.093502
vn -0.543091 0.839485 0.017800
vn -0.810517 0.585612 0.011000
vn -0.828188 0.559092 -0.038999
vn -0.995766 0.012300 -0.091097
vn -0.958939 -0.283612 -0.001000
vn -0.985783 -0.167497 0.013300
vn -0.872383 -0.207296 -0.442692
vn -0.845397 -0.306999 -0.437099
vn -0.945199 -0.112500 0.306500
vn -0.944354 -0.005600 0.328884
vn -0.944354 -0.005600 0.328884
vn -0.945199 -0.112500 0.306500
vn -0.267898 -0.010200 0.963393
vn -0.222000 0.127300 0.966701
vn -0.222000 0.127300 0.966701
vn -0.267898 -0.010200 0.963393
vn 0.759480 -0.050299 0.648583
vn 0.727081 0.115997 0.676682
vn -0.605178 0.788371 0.110596
vn -0.811611 0.572707 0.115301
vn -0.913251 0.407178 -0.013399
vn -0.856428 0.516117 0.012400
vn -0.765010 -0.584408 0.270604
vn -0.749596 -0.549497 0.368998
vn 0.000000 -0.814773 0.579781
vn 0.000000 -0.884580 0.466389
vn -0.789465 0.588174 0.175492
vn -0.475283 0.875669 0.085497
vn -0.494087 0.848977 -0.187395
vn -0.865394 0.490096 -0.104399
vn -0.981829 0.179005 -0.063002
vn -0.999821 0.018800 -0.002200
vn -0.998328 0.027001 -0.051101
vn -0.979051 0.194390 -0.060597
vn -0.318102 -0.141701 -0.937407
vn -0.679509 -0.070101 -0.730310
vn -0.688701 0.095700 -0.718702
vn -0.330213 -0.017901 -0.943737
vn -0.485121 -0.004200 0.874437
vn -0.691630 -0.193208 0.695930
vn -0.131300 -0.210200 0.968801
vn -0.022799 -0.093496 0.995359
vn -0.994188 -0.086199 -0.064499
vn -0.985783 -0.167497 0.013300
vn -0.830909 -0.556406 -0.001400
vn -0.870009 -0.492205 -0.028600
vn -0.900856 -0.433279 0.026999
vn -0.999821 0.018800 -0.002200
vn -0.993219 0.035201 0.110802
vn -0.896824 -0.398211 0.192705
vn -0.890086 0.290895 -0.350894
vn -0.952897 0.186599 -0.239099
vn -0.817779 0.060098 -0.572386
vn -0.713960 0.168290 -0.679662
vn -0.906787 -0.022400 0.420994
vn -0.958703 0.042600 0.281201
vn -0.353802 0.240001 0.904004
vn -0.643579 0.090797 0.759975
vn -0.985498 0.100400 0.136800
vn -0.892291 -0.323897 0.314497
vn -0.866019 -0.230505 0.443710
vn -0.980327 0.022401 0.196105
vn -0.394881 0.380882 -0.836061
vn -0.849922 0.512613 -0.121903
vn -0.821620 0.550914 -0.146404
vn -0.480912 0.512313 -0.711518
vn -0.722396 0.474698 0.502798
vn -0.920038 0.343614 0.188308
vn -0.978864 0.112496 0.170794
vn -0.835401 0.204700 0.510101
vn -0.420795 0.203698 -0.883990
vn -0.995840 0.011400 0.090404
vn 0.365083 0.038998 -0.930158
vn -0.995840 0.011400 0.090404
vn -0.522180 0.580178 0.625077
vn -0.410092 0.733386 -0.542190
vn -0.226492 -0.656878 -0.719175
vn -0.333495 -0.449693 -0.828587
vn 0.000000 -0.483323 -0.875442
vn 0.000000 -0.710698 -0.703498
vn 0.000000 -0.710698 -0.703498
vn 0.000000 -0.852091 -0.523394
vn 0.365994 -0.598791 -0.712389
vn -0.226492 -0.656878 -0.719175
vn -0.991059 0.131994 0.019499
vn -0.986176 0.141397 0.086398
vn -0.980327 0.022401 0.196105
vn -0.988421 -0.150903 -0.015900
vn -0.883462 -0.060497 -0.464580
vn -0.817779 0.060098 -0.572386
vn -0.952897 0.186599 -0.239099
vn -0.982726 0.077402 -0.168104
vn -0.985498 0.100400 0.136800
vn -0.980327 0.022401 0.196105
vn -0.957704 0.262401 0.118101
vn -0.394881 0.380882 -0.836061
vn -0.480912 0.512313 -0.711518
vn -0.516703 0.181501 -0.836705
vn -0.596510 -0.743212 0.303005
vn -0.830909 -0.556406 -0.001400
vn -0.724469 -0.571376 0.385584
vn -0.724469 -0.571376 0.385584
vn -0.958939 -0.283612 -0.001000
vn -0.941977 -0.285593 0.176396
vn -0.613968 -0.412179 0.673165
vn 0.727081 0.115997 0.676682
vn 0.759480 -0.050299 0.648583
vn 0.981208 -0.094901 0.168001
vn 0.991788 0.015100 0.126998
vn -0.913181 -0.161497 0.374192
vn -0.906787 -0.022400 0.420994
vn -0.643579 0.090797 0.759975
vn -0.675530 -0.103505 0.730032
vn -0.700505 -0.408303 -0.585304
vn -0.746689 -0.443894 -0.495393
vn 0.000000 -0.666081 -0.745879
vn 0.000000 -0.554192 -0.832389
vn -0.906787 -0.022400 0.420994
vn -0.978777 -0.155396 0.133597
vn -0.958703 0.042600 0.281201
vn 0.000000 0.513113 -0.858321
vn -0.214998 0.508495 -0.833792
vn -0.412200 0.609500 -0.677200
vn 0.000000 0.601934 -0.798546
vn -0.821620 0.550914 -0.146404
vn -0.412200 0.609500 -0.677200
vn -0.480912 0.512313 -0.711518
vn -0.917703 -0.007200 -0.397201
vn -0.995840 0.011400 0.090404
vn -0.420795 0.203698 -0.883990
vn -0.338595 0.635290 -0.694089
vn 0.000000 0.668926 -0.743329
vn 0.000000 0.601934 -0.798546
vn -0.412200 0.609500 -0.677200
vn -0.475283 0.875669 0.085497
vn -0.380605 0.858611 0.343405
vn 0.000000 0.926414 0.376506
vn 0.000000 0.995740 0.092204
vn -0.947158 0.304586 0.100596
vn -0.821620 0.550914 -0.146404
vn -0.849922 0.512613 -0.121903
vn -0.756414 -0.626911 -0.186603
vn 0.000000 -0.921196 -0.389098
vn 0.000000 -0.950635 0.310311
vn -0.709098 -0.655898 0.258799
vn -0.525172 0.821856 -0.220788
vn -0.494087 0.848977 -0.187395
vn 0.000000 0.978469 -0.206393
vn 0.000000 0.968630 -0.248508
vn -0.978864 0.112496 0.170794
vn -0.998328 0.027001 -0.051101
vn -0.996066 -0.081497 -0.034799
vn -0.989201 -0.034700 0.142400
vn -0.890203 0.223801 -0.396801
vn -0.890086 0.290895 -0.350894
vn -0.713960 0.168290 -0.679662
vn -0.688701 0.095700 -0.718702
vn -0.330213 -0.017901 -0.943737
vn -0.688701 0.095700 -0.718702
vn -0.713960 0.168290 -0.679662
vn -0.397222 0.017801 -0.917550
vn -0.810517 0.585612 0.011000
vn -0.856428 0.516117 0.012400
vn -0.965981 0.253495 -0.051199
vn -0.954686 0.296695 0.023400
vn 0.694094 -0.438796 0.570695
vn 0.505080 -0.335087 0.795369
vn 0.460403 -0.176901 0.869905
vn 0.505080 -0.335087 0.795369
vn -0.022799 -0.093496 0.995359
vn 0.460403 -0.176901 0.869905
vn -0.593961 0.770950 0.229885
vn -0.605178 0.788371 0.110596
vn 0.000000 0.985771 0.168095
vn -0.917703 -0.007200 -0.397201
vn -0.420795 0.203698 -0.883990
vn -0.412200 0.609500 -0.677200
vn -0.864877 0.448988 -0.224494
vn -0.380605 0.858611 0.343405
vn -0.475283 0.875669 0.085497
vn -0.789465 0.588174 0.175492
vn -0.538699 0.709198 0.454799
vn -0.989201 -0.034700 0.142400
vn -0.862461 0.012199 0.505977
vn -0.835401 0.204700 0.510101
vn -0.978864 0.112496 0.170794
vn -0.985498 0.100400 0.136800
vn -0.947158 0.304586 0.100596
vn -0.949182 0.081498 -0.303994
vn -0.925397 -0.081200 -0.370199
vn 0.564496 0.774895 0.284398
vn -0.410092 0.733386 -0.542190
vn -0.522180 0.580178 0.625077
vn -0.410092 0.733386 -0.542190
vn 0.365083 0.038998 -0.930158
vn -0.995840 0.011400 0.090404
vn -0.896824 -0.398211 0.192705
vn -0.993219 0.035201 0.110802
vn -0.998851 0.017299 0.044698
vn -0.906132 -0.411414 0.098303
vn -0.410092 0.733386 -0.542190
vn 0.564496 0.774895 0.284398
vn 0.365083 0.038998 -0.930158
vn 0.837109 0.342803 -0.426304
vn 0.365083 0.038998 -0.930158
vn 0.564496 0.774895 0.284398
vn -0.963678 0.261994 0.051799
vn -0.981829 0.179005 -0.063002
vn -0.853257 0.498575 -0.152892
vn -0.828188 0.559092 -0.038999
vn -0.963678 0.261994 0.051799
vn -0.954686 0.296695 0.023400
vn -0.998851 0.017299 0.044698
vn -0.993219 0.035201 0.110802
vn -0.421985 -0.856370 0.297590
vn -0.325400 -0.920599 0.215900
vn -0.900856 -0.433279 0.026999
vn -0.896824 -0.398211 0.192705
vn -0.462911 -0.857319 0.225205
vn 0.000000 -0.955067 0.296390
vn 0.000000 -0.943460 0.331486
vn -0.421985 -0.856370 0.297590
vn 0.878295 -0.121599 -0.462397
vn 0.864008 -0.242002 -0.441504
vn -0.020300 -0.360895 -0.932386
vn -0.026299 -0.297790 -0.954269
vn 0.715074 0.262290 0.647976
vn 0.993988 0.086599 0.066999
vn 0.994925 -0.077802 0.063802
vn 0.832478 0.111197 0.542786
vn 0.193997 0.199097 0.960586
vn 0.832478 0.111197 0.542786
vn 0.775087 -0.047199 0.630089
vn 0.016001 -0.026101 0.999531
vn -0.956059 0.121995 0.266588
vn -0.937257 -0.090005 0.336821
vn -0.229996 -0.139198 0.963185
vn -0.276809 0.311810 0.908929
vn -0.267898 -0.010200 0.963393
vn -0.303097 0.242497 0.921590
vn 0.763703 0.162801 0.624703
vn 0.759480 -0.050299 0.648583
vn -0.945199 -0.112500 0.306500
vn -0.964509 0.074901 0.253202
vn -0.303097 0.242497 0.921590
vn -0.267898 -0.010200 0.963393
vn -0.845397 -0.306999 -0.437099
vn -0.848286 -0.087899 -0.522192
vn -0.964509 0.074901 0.253202
vn -0.945199 -0.112500 0.306500
vn 0.864008 -0.242002 -0.441504
vn 0.831363 -0.095996 -0.547376
vn -0.087504 -0.181208 -0.979544
vn -0.020300 -0.360895 -0.932386
vn 0.759480 -0.050299 0.648583
vn 0.763703 0.162801 0.624703
vn 0.990629 0.046001 0.128604
vn 0.981208 -0.094901 0.168001
vn -0.020300 -0.360895 -0.932386
vn -0.087504 -0.181208 -0.979544
vn -0.848286 -0.087899 -0.522192
vn -0.845397 -0.306999 -0.437099
vn -0.903598 -0.056800 -0.424599
vn -0.776303 0.093400 -0.623402
vn -0.938664 -0.283789 0.195892
vn -0.937257 -0.090005 0.336821
vn -0.136807 0.110205 -0.984448
vn -0.080898 0.312790 -0.946371
vn -0.776303 0.093400 -0.623402
vn -0.903598 -0.056800 -0.424599
vn -0.229996 -0.139198 0.963185
vn -0.346996 -0.592394 0.727092
vn 0.701375 -0.515682 0.492083
vn 0.715490 -0.160698 0.679890
vn -0.937257 -0.090005 0.336821
vn -0.938664 -0.283789 0.195892
vn -0.346996 -0.592394 0.727092
vn -0.229996 -0.139198 0.963185
vn 0.715490 -0.160698 0.679890
vn 0.701375 -0.515682 0.492083
vn 0.933450 -0.334318 0.130007
vn 0.980663 -0.129995 0.146294
vn 0.875835 -0.089604 -0.474219
vn 0.700298 0.101500 -0.706598
vn -0.080898 0.312790 -0.946371
vn -0.136807 0.110205 -0.984448
vn -0.822321 0.437611 -0.363709
vn -0.855367 0.369086 -0.363486
vn -0.967249 0.081796 0.240287
vn -0.928592 0.240298 0.282797
vn -0.105704 0.610120 -0.785226
vn -0.094402 0.625715 -0.774318
vn -0.855367 0.369086 -0.363486
vn -0.822321 0.437611 -0.363709
vn -0.336290 0.114497 0.934772
vn -0.524286 -0.103097 0.845278
vn 0.531912 -0.150503 0.833318
vn 0.626206 0.059201 0.777407
vn -0.928592 0.240298 0.282797
vn -0.967249 0.081796 0.240287
vn -0.524286 -0.103097 0.845278
vn -0.336290 0.114497 0.934772
vn 0.626206 0.059201 0.777407
vn 0.531912 -0.150503 0.833318
vn 0.955935 0.019801 0.292911
vn 0.929313 0.189603 0.316904
vn 0.767398 0.543099 -0.340799
vn 0.841329 0.411214 -0.350812
vn -0.094402 0.625715 -0.774318
vn -0.105704 0.610120 -0.785226
vn -0.967249 0.081796 0.240287
vn -0.997761 -0.020399 0.063698
vn -0.617719 -0.285809 0.732623
vn -0.524286 -0.103097 0.845278
vn 0.531912 -0.150503 0.833318
vn 0.605511 -0.306105 0.734613
vn 0.980546 -0.101005 0.168308
vn 0.955935 0.019801 0.292911
vn 0.841329 0.411214 -0.350812
vn 0.690513 0.453608 -0.563410
vn -0.066101 0.638814 -0.766517
vn -0.094402 0.625715 -0.774318
vn -0.855367 0.369086 -0.363486
vn -0.720179 0.454387 -0.524285
vn -0.997761 -0.020399 0.063698
vn -0.967249 0.081796 0.240287
vn -0.094402 0.625715 -0.774318
vn -0.066101 0.638814 -0.766517
vn -0.720179 0.454387 -0.524285
vn -0.855367 0.369086 -0.363486
vn -0.524286 -0.103097 0.845278
vn -0.617719 -0.285809 0.732623
vn 0.605511 -0.306105 0.734613
vn 0.531912 -0.150503 0.833318
vn -0.001100 -0.999999 -0.001200
vn -0.001000 -0.999999 -0.001100
vn 0.000000 -1.000000 0.000000
vn 0.004400 -0.999990 0.000100
vn 0.004400 -0.999990 0.000100
vn 0.001000 -0.999999 -0.000900
vn 0.001300 -0.999999 -0.000800
vn 0.980546 -0.101005 0.168308
vn 0.690513 0.453608 -0.563410
vn 0.841329 0.411214 -0.350812
vn 0.955935 0.019801 0.292911
vn 0.955935 0.019801 0.292911
vn 0.841329 0.411214 -0.350812
vn 0.767398 0.543099 -0.340799
vn 0.929313 0.189603 0.316904
vn 0.933450 -0.334318 0.130007
vn 0.700298 0.101500 -0.706598
vn 0.875835 -0.089604 -0.474219
vn 0.980663 -0.129995 0.146294
vn 0.981208 -0.094901 0.168001
vn 0.864008 -0.242002 -0.441504
vn 0.878295 -0.121599 -0.462397
vn 0.991788 0.015100 0.126998
vn 0.990629 0.046001 0.128604
vn 0.831363 -0.095996 -0.547376
vn 0.864008 -0.242002 -0.441504
vn 0.981208 -0.094901 0.168001
vn 0.989911 0.083601 0.114401
vn 0.812993 -0.059799 -0.579195
vn 0.831363 -0.095996 -0.547376
vn 0.990629 0.046001 0.128604
vn 0.001300 -0.999999 -0.000800
vn 0.001000 -0.999999 -0.000900
vn -0.001000 -0.999999 -0.001100
vn -0.001100 -0.999999 -0.001200
vn 0.991788 0.015100 0.126998
vn 0.878295 -0.121599 -0.462397
vn 0.865492 -0.169998 -0.471195
vn 0.993988 0.086599 0.066999
vn -0.868227 -0.198306 -0.454814
vn -0.862056 -0.075396 -0.501174
vn 0.016600 -0.117603 -0.992922
vn -0.025500 -0.268696 -0.962887
vn 0.833497 -0.005400 -0.552498
vn 0.016600 -0.117603 -0.992922
vn -0.018700 -0.182004 -0.983120
vn 0.779909 -0.167702 -0.603007
vn -0.122701 -0.016600 -0.992305
vn -0.139196 0.190994 -0.971672
vn -0.893376 -0.017000 -0.448988
vn -0.852515 0.024900 -0.522109
vn 0.767876 0.152095 0.622281
vn 0.732187 -0.182897 0.656088
vn 0.981712 -0.136402 0.132802
vn 0.990969 0.068298 0.115396
vn 0.993790 0.099899 0.049000
vn 0.833497 -0.005400 -0.552498
vn 0.779909 -0.167702 -0.603007
vn 0.975414 -0.216103 0.043201
vn -0.865353 -0.200912 -0.459128
vn -0.018700 -0.182004 -0.983120
vn 0.016600 -0.117603 -0.992922
vn -0.862056 -0.075396 -0.501174
vn 0.805666 0.018699 -0.592075
vn 0.870388 -0.063199 -0.488293
vn -0.139196 0.190994 -0.971672
vn -0.122701 -0.016600 -0.992305
vn -0.945854 -0.192991 0.260987
vn -0.961921 -0.003400 0.273306
vn -0.354016 0.066903 0.932843
vn -0.432714 -0.184606 0.882428
vn -0.943596 -0.025700 0.330099
vn -0.961921 -0.003400 0.273306
vn -0.862056 -0.075396 -0.501174
vn -0.868227 -0.198306 -0.454814
vn -0.221207 0.081303 0.971832
vn -0.354016 0.066903 0.932843
vn -0.961921 -0.003400 0.273306
vn -0.943596 -0.025700 0.330099
vn -0.862056 -0.075396 -0.501174
vn -0.961921 -0.003400 0.273306
vn -0.945854 -0.192991 0.260987
vn -0.865353 -0.200912 -0.459128
vn 0.711985 0.165197 0.682486
vn 0.720526 0.078903 0.688925
vn 0.991098 -0.003200 0.133100
vn 0.993790 0.099899 0.049000
vn -0.852515 0.024900 -0.522109
vn -0.893376 -0.017000 -0.448988
vn -0.942419 -0.102602 0.318307
vn -0.958742 0.083904 0.271612
vn -0.958742 0.083904 0.271612
vn -0.942419 -0.102602 0.318307
vn -0.229796 -0.181397 0.956185
vn -0.276198 0.189199 0.942294
vn -0.025500 -0.268696 -0.962887
vn -0.020300 -0.360895 -0.932386
vn -0.845397 -0.306999 -0.437099
vn -0.868227 -0.198306 -0.454814
vn 0.711985 0.165197 0.682486
vn -0.354016 0.066903 0.932843
vn -0.221207 0.081303 0.971832
vn 0.720526 0.078903 0.688925
vn -0.025500 -0.268696 -0.962887
vn 0.016600 -0.117603 -0.992922
vn 0.833497 -0.005400 -0.552498
vn 0.870076 -0.117997 -0.478587
vn -0.868227 -0.198306 -0.454814
vn -0.845397 -0.306999 -0.437099
vn -0.945236 -0.112704 0.306312
vn -0.943596 -0.025700 0.330099
vn -0.943596 -0.025700 0.330099
vn -0.945236 -0.112704 0.306312
vn -0.268200 -0.010900 0.963302
vn -0.221207 0.081303 0.971832
vn -0.221207 0.081303 0.971832
vn -0.268200 -0.010900 0.963302
vn 0.759682 -0.051099 0.648284
vn 0.720526 0.078903 0.688925
vn 0.720526 0.078903 0.688925
vn 0.759682 -0.051099 0.648284
vn 0.981220 -0.095302 0.167703
vn 0.991098 -0.003200 0.133100
vn 0.870076 -0.117997 -0.478587
vn 0.863970 -0.241991 -0.441584
vn -0.020300 -0.360895 -0.932386
vn -0.025500 -0.268696 -0.962887
vn 0.711985 0.165197 0.682486
vn 0.993790 0.099899 0.049000
vn 0.975414 -0.216103 0.043201
vn 0.536291 -0.223196 0.813987
vn -0.276198 0.189199 0.942294
vn -0.229796 -0.181397 0.956185
vn 0.732187 -0.182897 0.656088
vn 0.767876 0.152095 0.622281
vn -0.268200 -0.010900 0.963302
vn -0.291983 0.174090 0.940446
vn 0.757924 0.126704 0.639920
vn 0.759682 -0.051099 0.648284
vn -0.945236 -0.112704 0.306312
vn -0.961127 0.059102 0.269708
vn -0.291983 0.174090 0.940446
vn -0.268200 -0.010900 0.963302
vn -0.845397 -0.306999 -0.437099
vn -0.857104 -0.048000 -0.512902
vn -0.961127 0.059102 0.269708
vn -0.945236 -0.112704 0.306312
vn 0.863970 -0.241991 -0.441584
vn 0.840116 -0.060601 -0.539010
vn -0.094197 -0.106197 -0.989873
vn -0.020300 -0.360895 -0.932386
vn 0.759682 -0.051099 0.648284
vn 0.757924 0.126704 0.639920
vn 0.990349 0.039302 0.132907
vn 0.981220 -0.095302 0.167703
vn -0.020300 -0.360895 -0.932386
vn -0.094197 -0.106197 -0.989873
vn -0.857104 -0.048000 -0.512902
vn -0.845397 -0.306999 -0.437099
vn -0.893376 -0.017000 -0.448988
vn -0.789810 0.095901 -0.605808
vn -0.939312 -0.274103 0.206303
vn -0.942419 -0.102602 0.318307
vn -0.139196 0.190994 -0.971672
vn -0.110299 0.346898 -0.931395
vn -0.789810 0.095901 -0.605808
vn -0.893376 -0.017000 -0.448988
vn -0.229796 -0.181397 0.956185
vn -0.350084 -0.563374 0.748366
vn 0.699713 -0.497009 0.513209
vn 0.732187 -0.182897 0.656088
vn -0.942419 -0.102602 0.318307
vn -0.939312 -0.274103 0.206303
vn -0.350084 -0.563374 0.748366
vn -0.229796 -0.181397 0.956185
vn 0.732187 -0.182897 0.656088
vn 0.699713 -0.497009 0.513209
vn 0.932628 -0.341310 0.117103
vn 0.981712 -0.136402 0.132802
vn 0.870388 -0.063199 -0.488293
vn 0.667686 0.147497 -0.729685
vn -0.110299 0.346898 -0.931395
vn -0.139196 0.190994 -0.971672
vn -0.820019 0.426010 -0.382209
vn -0.859427 0.360111 -0.362911
vn -0.965576 0.085998 0.245494
vn -0.927704 0.248601 0.278501
vn -0.098096 0.554975 -0.826063
vn -0.098398 0.603087 -0.791583
vn -0.859427 0.360111 -0.362911
vn -0.820019 0.426010 -0.382209
vn -0.320015 0.120306 0.939743
vn -0.526708 -0.097701 0.844413
vn 0.529687 -0.149696 0.834879
vn 0.665200 0.064200 0.743900
vn -0.927704 0.248601 0.278501
vn -0.965576 0.085998 0.245494
vn -0.526708 -0.097701 0.844413
vn -0.320015 0.120306 0.939743
vn 0.665200 0.064200 0.743900
vn 0.529687 -0.149696 0.834879
vn 0.955208 0.014000 0.295603
vn 0.934095 0.184099 0.305898
vn 0.785509 0.488905 -0.379404
vn 0.850215 0.382307 -0.361906
vn -0.098398 0.603087 -0.791583
vn -0.098096 0.554975 -0.826063
vn -0.965576 0.085998 0.245494
vn -0.997761 -0.020399 0.063698
vn -0.617719 -0.285809 0.732623
vn -0.526708 -0.097701 0.844413
vn 0.529687 -0.149696 0.834879
vn 0.605511 -0.306105 0.734613
vn 0.980546 -0.101005 0.168308
vn 0.955208 0.014000 0.295603
vn 0.850215 0.382307 -0.361906
vn 0.690513 0.453608 -0.563410
vn -0.066101 0.638814 -0.766517
vn -0.098398 0.603087 -0.791583
vn -0.859427 0.360111 -0.362911
vn -0.720179 0.454387 -0.524285
vn -0.997761 -0.020399 0.063698
vn -0.965576 0.085998 0.245494
vn -0.098398 0.603087 -0.791583
vn -0.066101 0.638814 -0.766517
vn -0.720179 0.454387 -0.524285
vn -0.859427 0.360111 -0.362911
vn -0.526708 -0.097701 0.844413
vn -0.617719 -0.285809 0.732623
vn 0.605511 -0.306105 0.734613
vn 0.529687 -0.149696 0.834879
vn -0.001100 -0.999999 -0.001200
vn -0.001000 -0.999999 -0.001100
vn 0.000000 -1.000000 0.000000
vn 0.004400 -0.999990 0.000100
vn 0.004400 -0.999990 0.000100
vn 0.001000 -0.999999 -0.000900
vn 0.001300 -0.999999 -0.000800
vn 0.980546 -0.101005 0.168308
vn 0.690513 0.453608 -0.563410
vn 0.850215 0.382307 -0.361906
vn 0.955208 0.014000 0.295603
vn 0.955208 0.014000 0.295603
vn 0.850215 0.382307 -0.361906
vn 0.785509 0.488905 -0.379404
vn 0.934095 0.184099 0.305898
vn 0.932628 -0.341310 0.117103
vn 0.667686 0.147497 -0.729685
vn 0.870388 -0.063199 -0.488293
vn 0.981712 -0.136402 0.132802
vn 0.981220 -0.095302 0.167703
vn 0.863970 -0.241991 -0.441584
vn 0.870076 -0.117997 -0.478587
vn 0.991098 -0.003200 0.133100
vn 0.990349 0.039302 0.132907
vn 0.840116 -0.060601 -0.539010
vn 0.863970 -0.241991 -0.441584
vn 0.981220 -0.095302 0.167703
vn 0.990969 0.068298 0.115396
vn 0.805666 0.018699 -0.592075
vn 0.840116 -0.060601 -0.539010
vn 0.990349 0.039302 0.132907
vn 0.001300 -0.999999 -0.000800
vn 0.001000 -0.999999 -0.000900
vn -0.001000 -0.999999 -0.001100
vn -0.001100 -0.999999 -0.001200
vn 0.991098 -0.003200 0.133100
vn 0.870076 -0.117997 -0.478587
vn 0.833497 -0.005400 -0.552498
vn 0.993790 0.099899 0.049000
vn 0.975414 -0.216103 0.043201
vn 0.446292 -0.894885 -0.002200
vn 0.115805 -0.717630 0.686729
vn 0.536291 -0.223196 0.813987
vn -0.354016 0.066903 0.932843
vn 0.711985 0.165197 0.682486
vn 0.536291 -0.223196 0.813987
vn -0.432714 -0.184606 0.882428
vn 0.536291 -0.223196 0.813987
vn 0.115805 -0.717630 0.686729
vn -0.613968 -0.412179 0.673165
vn -0.432714 -0.184606 0.882428
vn -0.432714 -0.184606 0.882428
vn -0.613968 -0.412179 0.673165
vn -0.941977 -0.285593 0.176396
vn -0.945854 -0.192991 0.260987
vn -0.945854 -0.192991 0.260987
vn -0.941977 -0.285593 0.176396
vn -0.870236 -0.264011 -0.415917
vn -0.865353 -0.200912 -0.459128
vn -0.865353 -0.200912 -0.459128
vn -0.870236 -0.264011 -0.415917
vn -0.399699 -0.385599 -0.831598
vn -0.018700 -0.182004 -0.983120
vn -0.018700 -0.182004 -0.983120
vn -0.399699 -0.385599 -0.831598
vn 0.365994 -0.598791 -0.712389
vn 0.779909 -0.167702 -0.603007
vn 0.779909 -0.167702 -0.603007
vn 0.365994 -0.598791 -0.712389
vn 0.446292 -0.894885 -0.002200
vn 0.975414 -0.216103 0.043201
vn -0.226492 -0.656878 -0.719175
vn -0.612486 -0.324993 -0.720584
vn -0.333495 -0.449693 -0.828587
vn -0.942768 -0.183694 -0.278291
vn -0.989538 0.143106 -0.018301
vn -0.991059 0.131994 0.019499
vn -0.988421 -0.150903 -0.015900
vn 0.000000 -0.967284 -0.253696
vn -0.866060 -0.499177 -0.027599
vn -0.621858 -0.590961 0.513866
vn 0.000000 -0.793571 0.608478
vn -0.986176 0.141397 0.086398
vn -0.966389 0.127399 0.223297
vn -0.957704 0.262401 0.118101
vn -0.980327 0.022401 0.196105
vn -0.954650 0.277215 0.108606
vn -0.966389 0.127399 0.223297
vn -0.986176 0.141397 0.086398
vn -0.940393 0.310298 0.139199
vn -0.909005 0.379502 0.172301
vn -0.897788 0.419994 0.132598
vn -0.940708 0.328003 0.086501
vn -0.954650 0.277215 0.108606
vn -0.522180 0.580178 0.625077
vn -0.966389 0.127399 0.223297
vn -0.552912 -0.647114 0.524911
vn -0.605537 -0.772948 0.189412
vn 0.000000 -0.955805 0.294002
vn 0.000000 -0.767565 0.640971
vn -0.992358 -0.108595 -0.058597
vn -0.836970 -0.138695 -0.529381
vn -0.563612 -0.824718 -0.046701
vn -0.563612 -0.824718 -0.046701
vn -0.836970 -0.138695 -0.529381
vn -0.411392 -0.866282 -0.283394
vn -0.898699 -0.041500 -0.436599
vn -0.708981 -0.025099 -0.704781
vn -0.516703 0.181501 -0.836705
vn -0.925397 -0.081200 -0.370199
vn -0.708981 -0.025099 -0.704781
vn -0.898699 -0.041500 -0.436599
vn -0.898699 -0.041500 -0.436599
vn -0.516703 0.181501 -0.836705
vn -0.694509 0.387205 -0.606408
vn -0.694509 0.387205 -0.606408
vn -0.516703 0.181501 -0.836705
vn 0.000000 0.513113 -0.858321
vn 0.000000 0.637525 -0.770430
vn -0.811611 0.572707 0.115301
vn -0.593961 0.770950 0.229885
vn -0.936236 0.349613 0.035101
vn -0.749596 -0.549497 0.368998
vn -0.709098 -0.655898 0.258799
vn 0.000000 -0.950635 0.310311
vn 0.000000 -0.814773 0.579781
vn -0.946721 0.103102 -0.305107
vn -0.923765 0.131195 -0.359786
vn -0.589202 -0.362701 -0.722003
vn -0.703215 0.479210 -0.525211
vn 0.000000 0.575501 -0.817801
vn -0.799230 0.237009 -0.552321
vn -0.822970 0.282990 -0.492582
vn -0.955970 0.216793 -0.197794
vn -0.898699 -0.041500 -0.436599
vn -0.694509 0.387205 -0.606408
vn -0.672493 0.502795 -0.543094
vn -0.765010 -0.584408 0.270604
vn -0.744188 -0.667089 0.034299
vn -0.939870 -0.217293 -0.263492
vn -0.997599 -0.066900 -0.017900
vn -0.997599 -0.066900 -0.017900
vn -0.939870 -0.217293 -0.263492
vn -0.898699 -0.041500 -0.436599
vn -0.955970 0.216793 -0.197794
vn -0.960988 -0.256897 0.102499
vn -0.709098 -0.655898 0.258799
vn -0.749596 -0.549497 0.368998
vn -0.998259 -0.057198 0.014399
vn -0.756414 -0.626911 -0.186603
vn -0.709098 -0.655898 0.258799
vn -0.960988 -0.256897 0.102499
vn -0.960988 -0.256897 0.102499
vn -0.998259 -0.057198 0.014399
vn -0.946721 0.103102 -0.305107
vn -0.839522 -0.112203 -0.531614
vn -0.427425 0.648838 0.629537
vn -0.310104 0.387805 0.868011
vn -0.071699 0.168498 0.983091
vn -0.427425 0.648838 0.629537
vn 0.000000 0.884829 0.465915
vn -0.538699 0.709198 0.454799
vn 0.000000 0.745315 0.666713
vn 0.000000 0.992883 0.119098
vn -0.885923 0.416511 0.204105
vn -0.912413 0.240703 0.331005
vn 0.000000 0.576613 0.817018
vn 0.000000 0.745315 0.666713
vn -0.885923 0.416511 0.204105
vn -0.560317 0.189006 -0.806425
vn -0.680576 0.388687 -0.621079
vn 0.000000 0.418589 -0.908176
vn 0.000000 0.204589 -0.978848
vn 0.230403 -0.259303 0.937911
vn 0.000000 -0.425282 0.905061
vn 0.000000 0.029899 0.999553
vn -0.026999 0.072898 0.996974
vn -0.864915 0.445808 0.230604
vn -0.868999 0.434799 0.236200
vn -0.891974 0.402888 0.205094
vn -0.894975 0.406089 0.184695
vn -0.940708 0.328003 0.086501
vn -0.897788 0.419994 0.132598
vn -0.883693 0.466896 0.033100
vn -0.919215 0.386606 -0.074701
vn -0.924234 0.346313 0.160806
vn -0.907939 0.374416 0.188308
vn -0.909005 0.379502 0.172301
vn -0.940393 0.310298 0.139199
vn -0.838768 0.455382 0.298489
vn -0.853492 0.440696 0.278097
vn -0.868999 0.434799 0.236200
vn -0.864915 0.445808 0.230604
vn -0.840180 0.293393 0.456089
vn -0.787517 0.305907 0.535012
vn -0.853932 0.417815 0.310211
vn -0.838286 0.436593 0.326594
vn -0.919215 0.386606 -0.074701
vn -0.883693 0.466896 0.033100
vn -0.692386 0.576489 -0.433892
vn -0.925396 0.296399 -0.236199
vn 0.000000 0.047598 0.998867
vn 0.000000 0.265596 0.964085
vn -0.787517 0.305907 0.535012
vn -0.840180 0.293393 0.456089
vn -0.894975 0.406089 0.184695
vn -0.891974 0.402888 0.205094
vn -0.907939 0.374416 0.188308
vn -0.924234 0.346313 0.160806
vn -0.071699 0.168498 0.983091
vn -0.026999 0.072898 0.996974
vn 0.000000 0.029899 0.999553
vn 0.000000 0.081696 0.996657
vn -0.811611 0.572707 0.115301
vn -0.605178 0.788371 0.110596
vn -0.593961 0.770950 0.229885
vn -0.399699 -0.385599 -0.831598
vn -0.612486 -0.324993 -0.720584
vn -0.226492 -0.656878 -0.719175
vn 0.000000 -0.425282 0.905061
vn 0.230403 -0.259303 0.937911
vn 0.000000 -0.661522 0.749925
vn -0.838286 0.436593 0.326594
vn -0.853932 0.417815 0.310211
vn -0.853492 0.440696 0.278097
vn -0.838768 0.455382 0.298489
vn -0.925396 0.296399 -0.236199
vn -0.680576 0.388687 -0.621079
vn -0.560317 0.189006 -0.806425
vn 0.837109 0.342803 -0.426304
vn -0.338595 0.635290 -0.694089
vn -0.420795 0.203698 -0.883990
vn -0.891974 0.402888 0.205094
vn -0.842714 0.462407 0.275704
vn -0.823911 0.501207 0.264504
vn -0.907939 0.374416 0.188308
vn -0.817688 0.451993 0.356495
vn 0.000000 0.773904 0.633303
vn 0.000000 0.807909 0.589307
vn -0.830527 0.459615 0.314610
vn -0.853932 0.417815 0.310211
vn -0.787517 0.305907 0.535012
vn -0.817688 0.451993 0.356495
vn -0.817688 0.451993 0.356495
vn -0.830527 0.459615 0.314610
vn -0.853492 0.440696 0.278097
vn -0.853932 0.417815 0.310211
vn -0.793874 0.555082 0.248292
vn -0.823911 0.501207 0.264504
vn 0.000000 0.878369 0.477983
vn 0.000000 0.911592 0.411096
vn -0.671684 0.697383 -0.249994
vn -0.883693 0.466896 0.033100
vn -0.679004 0.730304 0.074900
vn -0.787517 0.305907 0.535012
vn 0.000000 0.265596 0.964085
vn 0.000000 0.669296 0.742996
vn -0.868999 0.434799 0.236200
vn -0.841144 0.454424 0.293215
vn -0.842714 0.462407 0.275704
vn -0.891974 0.402888 0.205094
vn -0.830527 0.459615 0.314610
vn 0.000000 0.807909 0.589307
vn 0.000000 0.820030 0.572321
vn -0.841144 0.454424 0.293215
vn -0.823911 0.501207 0.264504
vn -0.842714 0.462407 0.275704
vn 0.000000 0.846613 0.532208
vn 0.000000 0.878369 0.477983
vn -0.830527 0.459615 0.314610
vn -0.841144 0.454424 0.293215
vn -0.868999 0.434799 0.236200
vn -0.853492 0.440696 0.278097
vn 0.000000 0.958290 0.285797
vn 0.000000 0.994344 0.106205
vn -0.679004 0.730304 0.074900
vn -0.717169 0.668772 0.195992
vn -0.758672 0.613277 0.219792
vn 0.000000 0.936189 0.351496
vn 0.000000 0.958290 0.285797
vn -0.717169 0.668772 0.195992
vn -0.883693 0.466896 0.033100
vn -0.897788 0.419994 0.132598
vn -0.758672 0.613277 0.219792
vn -0.717169 0.668772 0.195992
vn -0.842714 0.462407 0.275704
vn -0.841144 0.454424 0.293215
vn 0.000000 0.820030 0.572321
vn 0.000000 0.846613 0.532208
vn -0.679004 0.730304 0.074900
vn -0.883693 0.466896 0.033100
vn -0.717169 0.668772 0.195992
vn 0.000000 0.773904 0.633303
vn -0.817688 0.451993 0.356495
vn -0.787517 0.305907 0.535012
vn 0.000000 0.669296 0.742996
vn -0.909005 0.379502 0.172301
vn -0.907939 0.374416 0.188308
vn -0.823911 0.501207 0.264504
vn -0.793874 0.555082 0.248292
vn -0.897788 0.419994 0.132598
vn -0.909005 0.379502 0.172301
vn -0.793874 0.555082 0.248292
vn -0.758672 0.613277 0.219792
vn -0.758672 0.613277 0.219792
vn -0.793874 0.555082 0.248292
vn 0.000000 0.911592 0.411096
vn 0.000000 0.936189 0.351496
vn -0.692386 0.576489 -0.433892
vn -0.671684 0.697383 -0.249994
vn 0.000000 0.927827 -0.373011
vn 0.000000 0.704201 -0.710001
vn -0.692386 0.576489 -0.433892
vn 0.000000 0.704201 -0.710001
vn 0.000000 0.418589 -0.908176
vn -0.680576 0.388687 -0.621079
vn 0.000000 0.927827 -0.373011
vn -0.671684 0.697383 -0.249994
vn -0.679004 0.730304 0.074900
vn 0.000000 0.994344 0.106205
vn 0.000000 0.722876 -0.690977
vn 0.000000 0.575501 -0.817801
vn -0.822970 0.282990 -0.492582
vn -0.671366 0.548172 -0.498774
vn -0.692386 0.576489 -0.433892
vn -0.883693 0.466896 0.033100
vn -0.671684 0.697383 -0.249994
vn -0.998259 -0.057198 0.014399
vn -0.997599 -0.066900 -0.017900
vn -0.955970 0.216793 -0.197794
vn -0.923765 0.131195 -0.359786
vn -0.749596 -0.549497 0.368998
vn -0.765010 -0.584408 0.270604
vn -0.997599 -0.066900 -0.017900
vn -0.998259 -0.057198 0.014399
vn -0.923765 0.131195 -0.359786
vn -0.955970 0.216793 -0.197794
vn -0.672493 0.502795 -0.543094
vn -0.671366 0.548172 -0.498774
vn -0.744188 -0.667089 0.034299
vn -0.765010 -0.584408 0.270604
vn 0.000000 -0.884580 0.466389
vn 0.000000 -0.979386 0.201997
vn 0.000000 0.637525 -0.770430
vn 0.000000 0.664972 -0.746868
vn -0.672493 0.502795 -0.543094
vn -0.694509 0.387205 -0.606408
vn -0.799230 0.237009 -0.552321
vn -0.935087 0.347795 0.068199
vn -0.860128 -0.508917 0.034401
vn -0.822970 0.282990 -0.492582
vn -0.923765 0.131195 -0.359786
vn -0.671366 0.548172 -0.498774
vn -0.822970 0.282990 -0.492582
vn -0.946721 0.103102 -0.305107
vn -0.998259 -0.057198 0.014399
vn -0.923765 0.131195 -0.359786
vn -0.797350 0.574564 -0.184688
vn -0.823988 0.534192 -0.188897
vn -0.782888 0.573591 -0.240996
vn -0.935087 0.347795 0.068199
vn -0.823988 0.534192 -0.188897
vn -0.797350 0.574564 -0.184688
vn -0.703215 0.479210 -0.525211
vn -0.839522 -0.112203 -0.531614
vn -0.946721 0.103102 -0.305107
vn -0.703215 0.479210 -0.525211
vn -0.797350 0.574564 -0.184688
vn -0.839522 -0.112203 -0.531614
vn -0.797350 0.574564 -0.184688
vn -0.935087 0.347795 0.068199
vn -0.799230 0.237009 -0.552321
vn -0.692386 0.576489 -0.433892
vn -0.680576 0.388687 -0.621079
vn -0.925396 0.296399 -0.236199
vn 0.000000 0.118901 -0.992906
vn -0.799230 0.237009 -0.552321
vn 0.000000 0.575501 -0.817801
vn -0.412200 0.609500 -0.677200
vn -0.214998 0.508495 -0.833792
vn -0.480912 0.512313 -0.711518
vn -0.214998 0.508495 -0.833792
vn 0.000000 0.513113 -0.858321
vn -0.480912 0.512313 -0.711518
vn -0.855970 0.332788 0.395686
vn 0.000000 0.608923 0.793230
vn 0.000000 0.644610 0.764512
vn -0.858028 0.356512 0.369712
vn -0.397107 -0.620411 -0.676311
vn -0.883682 -0.264795 -0.385992
vn 0.000000 -0.592018 -0.805925
vn 0.000000 -0.646399 -0.762999
vn -0.893665 0.293521 0.339425
vn 0.000000 0.619106 0.785308
vn 0.000000 0.576613 0.817018
vn -0.912413 0.240703 0.331005
vn 0.000000 -0.999726 -0.023401
vn -0.397107 -0.620411 -0.676311
vn 0.000000 -0.646399 -0.762999
vn 0.000000 0.539377 0.842064
vn -0.801340 0.318416 0.506425
vn -0.753991 -0.110099 0.647592
vn 0.000000 -0.233396 0.972382
vn -0.902829 -0.294510 -0.313310
vn -0.883682 -0.264795 -0.385992
vn -0.397107 -0.620411 -0.676311
vn 0.000000 0.605808 0.795611
vn -0.845271 0.335989 0.415486
vn -0.801340 0.318416 0.506425
vn 0.000000 0.539377 0.842064
vn -0.893665 0.293521 0.339425
vn -0.858028 0.356512 0.369712
vn 0.000000 0.644610 0.764512
vn 0.000000 0.619106 0.785308
vn -0.855970 0.332788 0.395686
vn -0.845271 0.335989 0.415486
vn 0.000000 0.605808 0.795611
vn 0.000000 0.608923 0.793230
vn -0.753991 -0.110099 0.647592
vn -0.801340 0.318416 0.506425
vn -0.902829 -0.294510 -0.313310
vn -0.716595 -0.695495 0.052700
vn -0.858028 0.356512 0.369712
vn -0.893665 0.293521 0.339425
vn -0.882510 -0.258003 -0.393205
vn -0.904420 -0.215005 -0.368508
vn -0.893007 -0.265202 -0.363603
vn -0.883682 -0.264795 -0.385992
vn -0.845271 0.335989 0.415486
vn -0.855970 0.332788 0.395686
vn -0.902829 -0.294510 -0.313310
vn -0.397107 -0.620411 -0.676311
vn 0.000000 -0.999726 -0.023401
vn -0.716595 -0.695495 0.052700
vn -0.716595 -0.695495 0.052700
vn 0.000000 -0.999726 -0.023401
vn 0.000000 -0.233396 0.972382
vn -0.753991 -0.110099 0.647592
vn -0.904420 -0.215005 -0.368508
vn -0.893007 -0.265202 -0.363603
vn -0.855970 0.332788 0.395686
vn -0.858028 0.356512 0.369712
vn -0.893665 0.293521 0.339425
vn -0.912413 0.240703 0.331005
vn -0.947458 -0.201191 -0.248689
vn -0.882510 -0.258003 -0.393205
vn 0.000000 -0.630495 -0.776193
vn -0.893007 -0.265202 -0.363603
vn -0.904420 -0.215005 -0.368508
vn 0.000000 -0.595526 -0.803336
vn -0.883682 -0.264795 -0.385992
vn -0.893007 -0.265202 -0.363603
vn 0.000000 -0.630495 -0.776193
vn 0.000000 -0.592018 -0.805925
vn -0.902829 -0.294510 -0.313310
vn -0.801340 0.318416 0.506425
vn -0.845271 0.335989 0.415486
vn -0.883682 -0.264795 -0.385992
vn 0.458205 -0.480605 -0.747708
vn 0.458211 -0.475411 -0.751018
vn 0.458211 -0.475411 -0.751018
vn 0.458211 -0.475411 -0.751018
vn 0.458178 -0.470277 -0.754263
vn 0.458211 -0.475411 -0.751018
vn -0.087504 -0.181208 -0.979544
vn -0.123396 -0.152495 -0.980571
vn -0.858598 -0.048000 -0.510398
vn -0.848286 -0.087899 -0.522192
vn 0.763703 0.162801 0.624703
vn 0.759409 0.233403 0.607307
vn 0.989911 0.083601 0.114401
vn 0.990629 0.046001 0.128604
vn 0.831363 -0.095996 -0.547376
vn 0.812993 -0.059799 -0.579195
vn -0.123396 -0.152495 -0.980571
vn -0.087504 -0.181208 -0.979544
vn -0.848286 -0.087899 -0.522192
vn -0.858598 -0.048000 -0.510398
vn -0.956059 0.121995 0.266588
vn -0.964509 0.074901 0.253202
vn -0.964509 0.074901 0.253202
vn -0.956059 0.121995 0.266588
vn -0.276809 0.311810 0.908929
vn -0.303097 0.242497 0.921590
vn -0.303097 0.242497 0.921590
vn -0.276809 0.311810 0.908929
vn 0.759409 0.233403 0.607307
vn 0.763703 0.162801 0.624703
vn -0.276809 0.311810 0.908929
vn -0.229996 -0.139198 0.963185
vn 0.715490 -0.160698 0.679890
vn 0.759409 0.233403 0.607307
vn 0.980663 -0.129995 0.146294
vn 0.875835 -0.089604 -0.474219
vn 0.812993 -0.059799 -0.579195
vn 0.989911 0.083601 0.114401
vn 0.981712 -0.136402 0.132802
vn 0.870388 -0.063199 -0.488293
vn 0.805666 0.018699 -0.592075
vn 0.990969 0.068298 0.115396
vn -0.291983 0.174090 0.940446
vn -0.276198 0.189199 0.942294
vn 0.767876 0.152095 0.622281
vn 0.757924 0.126704 0.639920
vn -0.961127 0.059102 0.269708
vn -0.958742 0.083904 0.271612
vn -0.276198 0.189199 0.942294
vn -0.291983 0.174090 0.940446
vn -0.857104 -0.048000 -0.512902
vn -0.852515 0.024900 -0.522109
vn -0.958742 0.083904 0.271612
vn -0.961127 0.059102 0.269708
vn 0.840116 -0.060601 -0.539010
vn 0.805666 0.018699 -0.592075
vn -0.122701 -0.016600 -0.992305
vn -0.094197 -0.106197 -0.989873
vn 0.757924 0.126704 0.639920
vn 0.767876 0.152095 0.622281
vn 0.990969 0.068298 0.115396
vn 0.990349 0.039302 0.132907
vn -0.094197 -0.106197 -0.989873
vn -0.122701 -0.016600 -0.992305
vn -0.852515 0.024900 -0.522109
vn -0.857104 -0.048000 -0.512902
vn -0.947458 -0.201191 -0.248689
vn -0.298089 -0.601379 -0.741274
vn -0.404086 -0.545081 -0.734575
vn -0.882510 -0.258003 -0.393205
vn -0.882510 -0.258003 -0.393205
vn -0.404086 -0.545081 -0.734575
vn 0.000000 -0.595526 -0.803336
vn -0.904420 -0.215005 -0.368508
s off
g polySurface1
usemtl horse_initialShadingGroup
f 122/1/1 340/2/2 57/3/3 189/4/4
f 9/5/5 172/6/6 48/7/7 81/8/8
f 64/9/9 129/10/10 135/11/11 67/12/12
f 76/13/13 51/14/14 199/15/15 14/16/16
f 42/17/17 69/18/18 177/19/19 196/20/20
f 225/21/21 227/22/22 165/23/23 163/24/24
f 59/25/25 88/26/26 165/23/27
f 200/27/28 338/28/29 103/29/30
f 141/30/31 168/31/32 69/18/33 42/17/34
f 37/32/35 147/33/36 129/10/37
f 146/34/38 24/35/39 100/36/40
f 175/37/41 13/38/42 170/39/43 208/40/44
f 151/41/45 124/42/46 7/43/47 156/44/48
f 137/45/49 140/46/50 339/47/51 39/48/52
f 167/49/53 148/50/54 59/25/55 165/23/56
f 180/51/57 352/52/58 107/53/59
f 33/54/60 144/55/61 175/37/62 208/40/63
f 161/56/64 193/57/65 198/58/66
f 12/59/67 72/60/68 214/61/69 209/62/70
f 80/63/71 132/64/72 68/65/73 109/66/74
f 107/67/75 353/68/76 427/69/77 180/70/78
f 127/71/79 55/72/80 142/73/81 30/74/82
f 111/75/83 149/76/84 352/52/85 82/77/86
f 119/78/87 59/25/88 148/50/89 26/79/90
f 125/80/91 179/81/92 101/82/93 106/83/94
f 179/81/95 6/84/96 36/85/97 101/82/98
f 173/86/99 5/87/100 153/88/101 146/34/102
f 173/86/103 53/89/104 75/90/105
f 93/91/106 134/92/107 15/93/108 27/94/109
f 184/95/110 45/96/111 84/97/112 139/98/113
f 196/20/114 177/19/115 36/85/116 6/84/117
f 3/99/118 83/100/119 219/101/120 96/102/121
f 30/74/122 21/103/123 211/104/124 127/71/125
f 221/105/126 176/106/127 197/107/128
f 76/13/129 206/108/130 51/14/131
f 48/7/132 219/101/133 15/93/134 217/109/135
f 37/32/136 18/110/137 84/97/138 45/96/139
f 209/62/140 121/111/141 10/112/142 140/46/143
f 11/113/144 218/114/145 96/102/146 172/6/147
f 81/8/148 48/7/149 217/109/150 145/115/151
f 335/116/152 155/117/153 78/118/154 63/119/155
f 37/32/156 129/10/157 64/9/158 18/110/159
f 92/120/160 139/98/161 186/121/162 90/122/163
f 344/123/164 193/124/165 342/125/166
f 353/126/167 107/67/168 49/127/169 355/128/170
f 397/129/171 399/130/172 349/131/173 346/132/174
f 81/8/175 1/133/176 71/134/177 9/5/178
f 43/135/179 22/136/180 138/137/181
f 35/138/182 171/139/183 46/140/184 174/141/185
f 112/142/186 199/15/187 51/14/188 114/143/189
f 202/144/190 58/145/191 342/125/192
f 126/146/193 192/147/194 29/148/195 2/149/196
f 114/143/197 51/14/198 130/150/199
f 440/151/200 439/152/201 237/153/202 239/154/203
f 206/108/204 76/13/205 128/155/206 162/156/207
f 13/38/208 133/157/209 190/158/210 170/39/211
f 182/159/212 344/123/213 342/125/214
f 338/28/215 201/160/216 123/161/217 89/162/218
f 52/163/219 185/164/220 130/150/221 51/14/222
f 67/12/223 135/11/224 192/147/225
f 62/165/226 67/12/227 40/166/228 31/167/229
f 110/168/230 4/169/231 80/63/232 109/66/233
f 173/86/234 75/90/235 109/66/236 68/65/237
f 136/170/238 66/171/239 99/172/240 88/26/241
f 154/173/242 62/165/243 223/174/244 195/175/245
f 214/61/246 344/176/247 182/177/248
f 143/178/249 190/158/250 133/157/251 20/179/252
f 127/71/253 211/104/254 274/180/255 158/181/256
f 78/118/257 155/117/258 158/181/259 274/180/260
f 43/135/261 274/180/262 211/104/263 102/182/264
f 147/33/265 11/113/266 213/183/267 129/10/268
f 166/184/269 32/185/270 148/50/271 167/49/272
f 56/186/273 152/187/274 125/80/275 106/83/276
f 184/95/277 139/98/278 92/120/279 160/188/280
f 50/189/281 194/190/282 21/103/283
f 123/161/284 74/191/285 73/192/286
f 122/1/287 189/4/288 212/193/289
f 221/194/290 76/13/291 14/16/292 32/185/293
f 201/160/294 74/191/295 123/161/296
f 118/195/297 73/192/298 187/196/299
f 126/146/300 40/166/301 67/12/302 192/147/303
f 203/197/304 143/178/305 61/198/306 108/199/307
f 118/195/308 216/200/309 77/201/310
f 77/201/311 200/27/312 359/202/313
f 175/37/314 36/85/315 177/19/316 13/38/317
f 50/189/318 75/90/319 194/190/320
f 30/74/321 142/73/322 171/139/323 50/189/324
f 26/79/325 148/50/326 32/185/327 14/16/328
f 142/73/329 55/72/330 168/31/331 141/30/332
f 405/203/333 401/204/334 350/205/335 403/206/336
f 26/79/337 14/16/338 199/15/339 186/121/340
f 146/34/341 153/88/342 87/207/343 24/35/344
f 26/79/345 186/121/346 139/98/347 119/78/348
f 99/172/349 163/24/350 165/23/351 88/26/352
f 46/140/353 141/30/354 42/17/355 120/208/356
f 158/181/357 44/209/358 55/72/359 127/71/360
f 209/62/361 214/61/362 23/210/363 121/111/364
f 185/164/365 105/211/366 95/212/367
f 204/213/368 217/109/369 15/93/370 134/92/371
f 58/214/372 103/29/373 338/28/374 89/162/375
f 438/215/376 443/216/377 270/217/378 236/218/379
f 146/34/380 53/89/381 173/86/382
f 194/190/383 53/89/384 100/36/385 41/219/386
f 157/220/387 197/107/388 176/106/389
f 105/211/390 185/164/391 52/163/392
f 70/221/393 47/222/394 150/223/395 131/224/396
f 60/225/397 65/226/398 144/55/399 33/54/400
f 112/142/401 90/122/402 186/121/403 199/15/404
f 211/104/405 21/103/406 178/227/407 102/182/408
f 203/197/409 115/228/410 190/158/411 143/178/412
f 22/136/413 24/35/414 87/207/415 188/229/416
f 226/230/417 225/21/418 163/24/419 28/231/420
f 183/232/421 47/233/422 70/234/423 408/235/424
f 173/86/425 68/65/426 210/236/427 5/87/428
f 2/149/429 95/212/430 105/211/431 126/146/432
f 149/76/433 111/75/434 71/134/435 1/133/436
f 25/237/437 27/94/438 83/100/439 174/141/440
f 46/140/441 171/139/442 142/73/443 141/30/444
f 124/42/445 147/33/446 45/96/447
f 57/3/448 65/226/449 60/225/450 189/4/451
f 58/145/452 182/159/453 342/125/454
f 111/75/455 82/77/456 2/149/457 29/148/458
f 27/94/459 25/237/460 91/238/461 93/91/462
f 97/239/463 8/240/464 189/4/465 60/225/466
f 4/169/467 110/168/468 35/138/469 3/99/470
f 184/95/471 124/42/472 45/96/473
f 101/82/474 144/55/475 65/226/476 106/83/477
f 119/78/478 136/170/479 88/26/480 59/25/481
f 197/107/482 157/220/483 222/241/484
f 84/97/485 136/170/486 119/78/487 139/98/488
f 159/242/489 226/230/490 28/231/491 157/220/492
f 36/85/493 175/37/494 144/55/495 101/82/496
f 19/243/497 170/39/498 190/158/499 115/228/500
f 64/9/501 154/173/502 66/171/503 18/110/504
f 122/1/505 212/193/506 10/112/507 121/111/508
f 209/62/509 140/46/510 137/45/511 12/59/512
f 163/24/513 99/172/514 195/175/515 28/231/516
f 205/244/517 94/245/518 33/54/519 208/40/520
f 176/106/521 166/184/522 264/246/523 224/247/524
f 162/156/525 128/155/526 31/167/527 40/166/528
f 152/187/529 56/186/530 336/248/531 337/249/532
f 71/134/533 98/250/534 213/183/535 9/5/536
f 104/251/537 34/252/538 49/253/539 149/76/540
f 100/36/541 53/89/542 146/34/543
f 37/32/544 45/96/545 147/33/546
f 67/12/547 62/165/548 154/173/549 64/9/550
f 23/210/551 58/214/552 89/162/553
f 47/222/554 351/254/555 150/255/556
f 66/171/557 154/173/558 195/175/559 99/172/560
f 205/244/561 208/40/562 170/39/563 19/243/564
f 151/41/565 132/64/566 80/63/567 220/256/568
f 18/110/569 66/171/570 136/170/571 84/97/572
f 31/167/573 128/155/574 197/257/575 222/241/576
f 61/198/577 155/117/578 335/116/579 108/199/580
f 210/236/581 68/65/582 132/64/583 86/258/584
f 437/259/585 440/151/586 239/154/587 235/260/588
f 82/77/589 180/51/590 95/212/591 2/149/592
f 439/152/593 441/261/594 238/262/595 237/153/596
f 7/43/597 124/42/598 184/95/599 160/188/600
f 341/263/601 10/112/602 212/193/603 164/264/604
f 162/156/605 105/211/606 206/108/607
f 49/253/608 107/53/609 352/52/610
f 227/22/611 225/21/612 231/265/613 233/266/614
f 113/267/615 16/268/616 145/115/617 117/269/618
f 35/138/619 110/168/620 50/189/621 171/139/622
f 176/106/623 224/247/624 159/242/625 157/220/626
f 227/22/627 169/270/628 167/49/629 165/23/630
f 15/93/631 219/101/632 83/100/633 27/94/634
f 30/74/635 50/189/636 21/103/637
f 225/21/638 226/230/639 232/271/640 231/265/641
f 226/230/642 159/242/643 228/272/644 232/271/645
f 159/242/646 224/247/647 230/273/648 228/272/649
f 25/237/650 174/141/651 46/140/652 120/208/653
f 396/274/654 395/275/655 347/276/656 345/277/657
f 1/133/658 81/8/659 145/115/660 16/268/661
f 172/6/662 9/5/663 213/183/664 11/113/665
f 155/117/666 61/198/667 44/209/668 158/181/669
f 126/146/670 105/211/671 162/156/672 40/166/673
f 110/168/674 109/66/675 75/90/676 50/189/677
f 147/33/678 220/256/679 218/114/680 11/113/681
f 168/31/682 20/179/683 133/157/684 69/18/685
f 223/174/686 222/241/687 157/220/688 28/231/689
f 23/210/690 340/2/691 122/1/692 121/111/693
f 343/278/694 161/56/695 103/29/696 202/279/697
f 111/75/698 29/148/699 98/250/700 71/134/701
f 77/201/702 216/200/703 74/191/704
f 74/191/705 215/280/706 73/192/707
f 138/137/708 17/281/709 63/119/710 78/118/711
f 17/281/712 138/137/713 22/136/714 188/229/715
f 56/186/716 57/3/717 340/2/718 336/248/719
f 13/38/720 177/19/721 69/18/722 133/157/723
f 23/210/724 89/162/725 340/2/726
f 343/278/727 193/57/728 161/56/729
f 53/89/730 194/190/731 75/90/732
f 194/190/733 41/219/734 178/227/735 21/103/736
f 224/247/737 264/246/738 267/282/739 230/273/740
f 62/165/741 31/167/742 222/241/743 223/174/744
f 33/54/745 94/245/746 97/239/747 60/225/748
f 223/174/749 28/231/750 195/175/751
f 198/283/752 79/284/753 200/285/754 409/286/755
f 103/29/756 161/56/757 200/27/758
f 201/160/759 77/201/760 74/191/761
f 359/287/762 200/285/763 79/284/764 358/288/765
f 16/268/766 113/267/767 34/252/768 104/251/769
f 58/214/770 202/279/771 103/29/772
f 150/255/773 116/289/774 54/290/775 131/224/776
f 217/109/777 204/213/778 117/269/779 145/115/780
f 98/250/781 135/11/782 129/10/783 213/183/784
f 55/72/785 44/209/786 20/179/787 168/31/788
f 61/198/789 143/178/790 20/179/791 44/209/792
f 83/100/793 3/99/794 35/138/795 174/141/796
f 51/14/797 206/108/798 52/163/799
f 52/163/800 206/108/801 105/211/802
f 207/291/803 91/238/804 25/237/805
f 201/160/806 338/28/807 200/27/808 77/201/809
f 104/251/810 149/76/811 1/133/812 16/268/813
f 135/11/814 98/250/815 29/148/816 192/147/817
f 23/210/818 214/61/819 182/177/820 58/214/821
f 187/196/822 73/192/823 215/280/824
f 215/280/825 74/191/826 216/200/827
f 220/256/828 80/63/829 4/169/830 218/114/831
f 215/280/832 216/200/833 187/196/834
f 118/195/835 187/196/836 216/200/837
f 96/102/838 219/101/839 48/7/840 172/6/841
f 96/102/842 218/114/843 4/169/844 3/99/845
f 151/41/846 220/256/847 147/33/848 124/42/849
f 132/64/850 151/41/851 156/44/852 86/258/853
f 169/270/854 227/22/855 233/266/856 229/292/857
f 176/106/858 221/105/859 32/185/860 166/184/861
f 197/257/862 128/155/863 76/13/864 221/194/865
f 441/261/866 442/293/867 234/294/868 238/262/869
f 228/272/870 230/273/871 242/295/872 245/296/873
f 232/271/874 228/272/875 245/296/876 244/297/877
f 231/265/878 232/271/879 244/297/880 243/298/881
f 229/299/882 233/300/883 241/301/884 240/302/885
f 230/273/886 267/282/887 265/303/888 242/295/889
f 233/266/890 231/265/891 243/298/892 241/304/893
f 237/153/894 238/262/895 250/305/896 249/306/897
f 239/154/898 237/153/899 249/306/900 251/307/901
f 234/294/902 236/218/903 248/308/904 246/309/905
f 238/262/906 234/294/907 246/309/908 250/305/909
f 236/218/910 270/217/911 269/310/912 248/308/913
f 235/260/914 239/154/915 251/307/916 247/311/917
f 249/312/918 250/313/919 256/314/920 255/315/921
f 251/316/922 249/317/923 255/318/924 257/319/925
f 246/320/926 248/321/927 254/322/928 252/323/929
f 250/313/930 246/324/931 252/325/932 256/314/933
f 248/326/934 269/327/935 266/328/936 254/329/937
f 247/330/938 251/331/939 257/332/940 253/333/941
f 256/314/942 252/325/943 258/334/944 262/335/945
f 254/329/946 266/328/947 268/336/948 260/337/949
f 253/333/950 257/332/951 263/338/952 259/339/953
f 255/315/954 256/314/955 262/335/956 261/340/957
f 257/319/958 255/318/959 261/341/960 263/342/961
f 252/323/962 254/322/963 260/343/964 258/344/965
f 259/345/966 263/338/967 261/341/968
f 260/337/969 268/336/970 262/335/971 258/334/972
f 268/336/973 266/328/974 253/346/975 259/345/976
f 266/328/977 269/327/978 247/347/979 253/346/980
f 269/310/981 270/217/982 235/260/983 247/311/984
f 267/282/985 264/246/986 169/270/987 229/292/988
f 265/303/989 267/282/990 229/292/991 240/348/992
f 443/216/993 265/349/994 240/350/995 437/259/996
f 268/336/997 259/345/998 261/341/999 262/335/1000
f 264/246/1001 166/184/1002 167/49/1003 169/270/1004
f 289/351/1005 291/352/1006 280/353/1007 279/354/1008
f 282/355/1009 276/356/1010 273/357/1011 280/353/1012
f 444/358/1013 449/359/1014 301/360/1015 303/361/1016
f 448/362/1017 450/363/1018 334/364/1019 300/365/1020
f 281/366/1021 272/367/1022 276/356/1023 282/355/1024
f 275/368/1025 279/354/1026 280/353/1027 273/357/1028
f 447/369/1029 444/358/1030 303/361/1031 299/370/1032
f 285/371/1033 287/372/1034 277/373/1035 271/374/1036
f 290/375/1037 289/351/1038 279/354/1039 271/374/1040
f 278/376/1041 290/375/1042 271/374/1043 277/373/1044
f 279/354/1045 275/368/1046 285/371/1047 271/374/1048
f 284/377/1049 281/366/1050 328/378/1051 288/379/1052
f 449/359/1053 445/380/1054 302/381/1055 301/360/1056
f 445/380/1057 446/382/1058 298/383/1059 302/381/1060
f 291/352/1061 289/351/1062 295/384/1063 297/385/1064
f 284/377/1065 288/379/1066 278/376/1067 277/373/1068
f 291/352/1069 283/386/1070 282/355/1071 280/353/1072
f 289/351/1073 290/375/1074 296/387/1075 295/384/1076
f 290/375/1077 278/376/1078 292/388/1079 296/387/1080
f 278/376/1081 288/379/1082 294/389/1083 292/388/1084
f 288/379/1085 328/378/1086 331/390/1087 294/389/1088
f 283/386/1089 291/352/1090 297/385/1091 293/391/1092
f 284/377/1093 286/392/1094 272/367/1095 281/366/1096
f 446/382/1097 448/362/1098 300/365/1099 298/383/1100
f 292/388/1101 294/389/1102 306/393/1103 309/394/1104
f 296/387/1105 292/388/1106 309/394/1107 308/395/1108
f 295/384/1109 296/387/1110 308/395/1111 307/396/1112
f 293/391/1113 297/385/1114 305/397/1115 304/398/1116
f 294/389/1117 331/390/1118 329/399/1119 306/393/1120
f 297/385/1121 295/384/1122 307/396/1123 305/397/1124
f 301/360/1125 302/381/1126 314/400/1127 313/401/1128
f 303/361/1129 301/360/1130 313/401/1131 315/402/1132
f 298/383/1133 300/365/1134 312/403/1135 310/404/1136
f 302/381/1137 298/383/1138 310/404/1139 314/400/1140
f 300/365/1141 334/364/1142 333/405/1143 312/403/1144
f 299/370/1145 303/361/1146 315/402/1147 311/406/1148
f 313/407/1149 314/408/1150 320/409/1151 319/410/1152
f 315/411/1153 313/412/1154 319/413/1155 321/414/1156
f 310/415/1157 312/416/1158 318/417/1159 316/418/1160
f 314/408/1161 310/419/1162 316/420/1163 320/409/1164
f 312/421/1165 333/422/1166 330/423/1167 318/424/1168
f 311/425/1169 315/426/1170 321/427/1171 317/428/1172
f 320/409/1173 316/420/1174 322/429/1175 326/430/1176
f 318/424/1177 330/423/1178 332/431/1179 324/432/1180
f 317/428/1181 321/427/1182 327/433/1183 323/434/1184
f 319/410/1185 320/409/1186 326/430/1187 325/435/1188
f 321/414/1189 319/413/1190 325/436/1191 327/437/1192
f 316/418/1193 318/417/1194 324/438/1195 322/439/1196
f 323/440/1197 327/433/1198 325/436/1199
f 324/432/1200 332/431/1201 326/430/1202 322/429/1203
f 332/431/1204 330/423/1205 317/441/1206 323/440/1207
f 330/423/1208 333/422/1209 311/442/1210 317/441/1211
f 333/405/1212 334/364/1213 299/370/1214 311/406/1215
f 331/390/1216 328/378/1217 283/386/1218 293/391/1219
f 329/399/1220 331/390/1221 293/391/1222 304/398/1223
f 450/363/1224 329/443/1225 304/444/1226 447/369/1227
f 332/431/1228 323/440/1229 325/436/1230 326/430/1231
f 328/378/1232 281/366/1233 282/355/1234 283/386/1235
f 272/367/1236 286/392/1237 100/36/1238 24/35/1239
f 277/373/1240 287/372/1241 286/392/1242 284/377/1243
f 286/392/1244 287/372/1245 41/219/1246 100/36/1247
f 287/372/1248 285/371/1249 178/227/1250 41/219/1251
f 285/371/1252 275/368/1253 102/182/1254 178/227/1255
f 275/368/1256 273/357/1257 43/135/1258 102/182/1259
f 273/357/1260 276/356/1261 22/136/1262 43/135/1263
f 276/356/1264 272/367/1265 24/35/1266 22/136/1267
f 138/137/1268 78/118/1269 274/180/1270
f 65/226/1271 57/3/1272 56/186/1273 106/83/1274
f 8/240/1275 164/264/1276 212/193/1277 189/4/1278
f 336/248/1279 340/2/1280 89/162/1281 123/161/1282
f 337/249/1283 336/248/1284 123/161/1285
f 152/445/1286 337/446/1287 389/447/1288 373/448/1289
f 337/249/1290 123/161/1291 73/192/1292
f 10/112/1293 341/263/1294 339/47/1295 140/46/1296
f 193/124/1297 343/449/1298 342/125/1299
f 343/450/1300 202/144/1301 342/125/1302
f 72/60/1303 193/57/1304 344/176/1305
f 214/61/1306 72/60/1307 344/176/1308
f 72/60/1309 181/451/1310 193/57/1311
f 181/451/1312 38/452/1313 198/58/1314 193/57/1315
f 120/208/1316 42/17/1317 207/291/1318
f 345/453/1319 347/454/1320 54/455/1321 116/289/1322
f 402/456/1323 407/457/1324 403/206/1325 350/205/1326
f 85/458/1327 401/459/1328 183/460/1329
f 400/461/1330 399/130/1331 181/451/1332 72/60/1333
f 396/274/1334 398/462/1335 12/59/1336 137/45/1337
f 398/462/1338 400/461/1339 72/60/1340 12/59/1341
f 351/254/1342 348/463/1343 345/453/1344 116/289/1345
f 150/255/1346 351/254/1347 116/289/1348
f 351/254/1349 47/222/1350 402/456/1351 348/463/1352
f 352/52/1353 180/51/1354 82/77/1355
f 352/52/1356 149/76/1357 49/253/1358
f 354/464/1359 353/68/1360 355/465/1361
f 427/466/1362 353/68/1363 354/464/1364 191/467/1365
f 359/468/1366 358/469/1367 390/470/1368 383/471/1369
f 185/164/1370 95/212/1371 357/472/1372 356/473/1373
f 6/474/1374 179/475/1375 366/476/1376 363/477/1377
f 337/446/1378 73/478/1379 379/479/1380 389/447/1381
f 125/480/1382 152/445/1383 373/448/1384 372/481/1385
f 196/482/1386 6/474/1387 363/477/1388 362/483/1389
f 207/484/1390 42/485/1391 365/486/1392 369/487/1393
f 73/488/1394 118/489/1395 381/490/1396 379/491/1397
f 91/492/1398 207/493/1399 369/494/1400 387/495/1401
f 179/475/1402 125/480/1403 372/481/1404 366/476/1405
f 180/51/1406 435/496/1407 357/472/1408 95/212/1409
f 120/208/1410 207/291/1411 25/237/1412
f 43/135/1413 138/137/1414 274/180/1415
f 356/473/1416 130/150/1417 185/164/1418
f 42/485/1419 196/482/1420 362/483/1421 365/486/1422
f 118/489/1423 359/468/1424 383/471/1425
f 118/195/1426 77/201/1427 359/202/1428
f 366/497/1429 372/498/1430 374/499/1431 367/500/1432
f 368/501/1433 360/502/1434 361/503/1435 385/504/1436
f 365/505/1437 368/506/1438 369/507/1439
f 368/501/1440 365/508/1441 362/509/1442 360/502/1443
f 371/510/1444 377/511/1445 376/512/1446 374/499/1447
f 393/513/1448 392/514/1449 379/515/1450
f 369/516/1451 384/517/1452 387/518/1453
f 363/519/1454 366/497/1455 367/500/1456 364/520/1457
f 360/502/1458 364/520/1459 378/521/1460 361/503/1461
f 374/499/1462 376/512/1463 375/522/1464 367/500/1465
f 360/502/1466 362/509/1467 363/519/1468 364/520/1469
f 386/523/1470 380/524/1471 392/514/1472 391/525/1473
f 370/526/1474 380/524/1475 386/527/1476 388/528/1477
f 379/515/1478 380/529/1479 370/530/1480 389/531/1481
f 367/500/1482 375/522/1483 378/521/1484 364/520/1485
f 392/514/1486 380/529/1487 379/515/1488
f 385/504/1489 384/517/1490 369/516/1491 368/501/1492
f 373/532/1493 371/510/1494 374/499/1495 372/498/1496
f 389/531/1497 370/530/1498 371/510/1499 373/532/1500
f 370/530/1501 388/528/1502 377/511/1503 371/510/1504
f 381/533/1505 382/534/1506 394/535/1507 393/536/1508
f 381/537/1509 383/538/1510 390/539/1511 382/540/1512
f 394/535/1513 391/525/1514 392/514/1515 393/513/1516
f 346/132/1517 349/131/1518 401/541/1519 85/542/1520
f 381/543/1521 393/513/1522 379/515/1523
f 348/544/1524 350/545/1525 400/461/1526 398/462/1527
f 345/277/1528 348/544/1529 398/462/1530 396/274/1531
f 350/545/1532 349/131/1533 399/130/1534 400/461/1535
f 137/45/1536 39/48/1537 395/275/1538 396/274/1539
f 38/452/1540 181/451/1541 399/130/1542 397/129/1543
f 183/546/1544 401/204/1545 405/203/1546 406/547/1547
f 350/545/1548 401/541/1549 349/131/1550
f 402/456/1551 350/205/1552 348/463/1553
f 404/548/1554 406/549/1555 405/550/1556 403/551/1557
f 403/551/1558 407/552/1559 404/548/1560
f 47/222/1561 404/553/1562 407/457/1563 402/456/1564
f 47/222/1565 183/546/1566 406/547/1567 404/553/1568
f 381/490/1569 118/489/1570 383/471/1571
f 408/235/1572 85/554/1573 183/232/1574
f 200/27/1575 161/56/1576 409/555/1577
f 409/555/1578 161/56/1579 198/58/1580
f 411/556/1581 425/557/1582 432/558/1583 414/559/1584
f 417/560/1585 421/561/1586 434/562/1587 426/563/1588
f 416/564/1589 427/466/1590 191/467/1591 423/565/1592
f 424/566/1593 421/567/1594 417/560/1595
f 419/568/1596 410/569/1597 413/570/1598 418/571/1599
f 422/572/1600 417/573/1601 426/563/1602
f 433/574/1603 419/568/1604 418/571/1605 420/575/1606
f 416/564/1607 423/565/1608 432/558/1609 425/557/1610
f 411/556/1611 414/559/1612 433/574/1613 420/575/1614
f 413/570/1615 429/576/1616 422/572/1617 418/571/1618
f 425/577/1619 412/578/1620 431/579/1621 416/580/1622
f 428/581/1623 411/582/1624 420/575/1625 426/563/1626
f 422/572/1627 429/576/1628 424/583/1629 417/573/1630
f 429/584/1631 413/585/1632 410/586/1633 424/587/1634
f 412/578/1635 425/577/1636 411/582/1637 428/581/1638
f 416/580/1639 431/579/1640 180/70/1641 427/69/1642
f 415/588/1643 430/589/1644 412/578/1645 428/581/1646
f 426/563/1647 434/562/1648 415/590/1649 428/581/1650
f 422/572/1651 426/563/1652 420/575/1653 418/571/1654
f 435/591/1655 436/592/1656 451/593/1657
f 451/593/1658 436/592/1659 430/594/1660
f 241/595/1661 243/596/1662 439/152/1663 440/151/1664
f 242/597/1665 265/349/1666 443/216/1667 438/215/1668
f 240/350/1669 241/595/1670 440/151/1671 437/259/1672
f 243/596/1673 244/598/1674 441/261/1675 439/152/1676
f 244/598/1677 245/599/1678 442/293/1679 441/261/1680
f 245/599/1681 242/597/1682 438/215/1683 442/293/1684
f 442/293/1685 438/215/1686 236/218/1687 234/294/1688
f 270/217/1689 443/216/1690 437/259/1691 235/260/1692
f 334/364/1693 450/363/1694 447/369/1695 299/370/1696
f 309/600/1697 306/601/1698 448/362/1699 446/382/1700
f 308/602/1701 309/600/1702 446/382/1703 445/380/1704
f 307/603/1705 308/602/1706 445/380/1707 449/359/1708
f 304/444/1709 305/604/1710 444/358/1711 447/369/1712
f 306/601/1713 329/443/1714 450/363/1715 448/362/1716
f 305/604/1717 307/603/1718 449/359/1719 444/358/1720
f 180/70/1721 431/579/1722 451/593/1723 435/591/1724
f 431/579/1725 412/578/1726 430/594/1727 451/593/1728
f 545/605/1729 604/606/1730 498/607/1731 747/608/1732
f 457/609/1733 519/610/1734 491/611/1735 588/612/1736
f 504/613/1737 507/614/1738 555/615/1739 552/616/1740
f 515/617/1741 462/618/1742 612/619/1743 493/620/1744
f 485/621/1745 610/622/1746 593/623/1747 509/624/1748
f 634/625/1749 580/626/1750 581/627/1751 636/628/1752
f 500/629/1753 581/627/1754 523/630/1755
f 613/631/1756 532/632/1757 746/633/1758
f 561/634/1759 485/621/1760 509/624/1761 584/635/1762
f 482/636/1763 552/616/1764 567/637/1765
f 566/638/1766 529/639/1767 470/640/1768
f 591/641/1769 618/642/1770 586/643/1771 461/644/1772
f 571/645/1773 156/44/1774 7/43/1775 547/646/1776
f 557/647/1777 39/48/1778 339/47/1779 560/648/1780
f 583/649/1781 581/627/1782 500/629/1783 568/650/1784
f 596/651/1785 536/652/1786 756/653/1787
f 479/654/1788 618/642/1789 591/641/1790 564/655/1791
f 578/656/1792 198/58/1793 607/657/1794
f 460/658/1795 619/659/1796 623/660/1797 511/661/1798
f 518/662/1799 537/663/1800 508/664/1801 553/665/1802
f 536/666/1803 596/667/1804 802/668/1805 757/669/1806
f 550/670/1807 476/671/1808 562/672/1809 496/673/1810
f 539/674/1811 520/675/1812 756/653/1813 569/676/1814
f 542/677/1815 472/678/1816 568/650/1817 500/629/1818
f 548/679/1819 535/680/1820 530/681/1821 595/682/1822
f 595/682/1823 530/681/1824 481/683/1825 456/684/1826
f 589/685/1827 566/638/1828 153/88/1829 5/87/1830
f 589/685/1831 514/686/1832 495/687/1833
f 93/91/1834 473/688/1835 463/689/1836 134/92/1837
f 600/690/1838 559/691/1839 522/692/1840 488/693/1841
f 610/622/1842 456/684/1843 481/683/1844 593/623/1845
f 454/694/1846 526/695/1847 628/696/1848 521/697/1849
f 476/671/1850 550/670/1851 620/698/1852 467/699/1853
f 630/700/1854 611/701/1855 592/702/1856
f 515/617/1857 493/620/1858 616/703/1859
f 491/611/1860 626/704/1861 463/689/1862 628/696/1863
f 482/636/1864 488/693/1865 522/692/1866 465/705/1867
f 619/659/1868 560/648/1869 458/706/1870 544/707/1871
f 459/708/1872 588/612/1873 526/695/1874 627/709/1875
f 519/610/1876 565/710/1877 626/704/1878 491/611/1879
f 335/116/1880 63/119/1881 517/711/1882 574/712/1883
f 482/636/1884 465/705/1885 504/613/1886 552/616/1887
f 92/120/1888 90/122/1889 602/713/1890 559/691/1891
f 750/714/1892 748/715/1893 607/716/1894
f 757/717/1895 355/128/1896 49/127/1897 536/666/1898
f 397/129/1899 346/132/1900 753/718/1901 782/719/1902
f 519/610/1903 457/609/1904 510/720/1905 452/721/1906
f 486/722/1907 558/723/1908 468/724/1909
f 480/725/1910 590/726/1911 489/727/1912 587/728/1913
f 112/142/1914 114/143/1915 493/620/1916 612/619/1917
f 615/729/1918 748/715/1919 499/730/1920
f 549/731/1921 453/732/1922 475/733/1923 606/734/1924
f 114/143/1925 130/150/1926 493/620/1927
f 810/735/1928 648/736/1929 646/737/1930 809/738/1931
f 616/703/1932 579/739/1933 551/740/1934 515/617/1935
f 461/644/1936 586/643/1937 605/741/1938 554/742/1939
f 598/743/1940 748/715/1941 750/714/1942
f 746/633/1943 524/744/1944 546/745/1945 614/746/1946
f 494/747/1947 493/620/1948 130/150/1949 601/748/1950
f 507/614/1951 606/734/1952 555/615/1953
f 503/749/1954 477/750/1955 483/751/1956 507/614/1957
f 538/752/1958 537/663/1959 518/662/1960 455/753/1961
f 589/685/1962 508/664/1963 537/663/1964 514/686/1965
f 556/754/1966 523/630/1967 528/755/1968 506/756/1969
f 573/757/1970 609/758/1971 632/759/1972 503/749/1973
f 623/660/1974 598/760/1975 750/761/1976
f 563/762/1977 466/763/1978 554/742/1979 605/741/1980
f 550/670/1981 576/764/1982 683/765/1983 620/698/1984
f 517/711/1985 683/765/1986 576/764/1987 574/712/1988
f 486/722/1989 531/766/1990 620/698/1991 683/765/1992
f 567/637/1993 552/616/1994 622/767/1995 459/708/1996
f 582/768/1997 583/649/1998 568/650/1999 478/769/2000
f 497/770/2001 535/680/2002 548/679/2003 572/771/2004
f 600/690/2005 160/188/2006 92/120/2007 559/691/2008
f 492/772/2009 467/699/2010 608/773/2011
f 546/745/2012 512/774/2013 513/775/2014
f 545/605/2015 621/776/2016 604/606/2017
f 630/777/2018 478/769/2019 462/618/2020 515/617/2021
f 614/746/2022 546/745/2023 513/775/2024
f 541/778/2025 603/779/2026 512/774/2027
f 549/731/2028 606/734/2029 507/614/2030 483/751/2031
f 203/197/2032 108/199/2033 502/780/2034 563/762/2035
f 541/778/2036 516/781/2037 625/782/2038
f 516/781/2039 758/783/2040 613/631/2041
f 591/641/2042 461/644/2043 593/623/2044 481/683/2045
f 492/772/2046 608/773/2047 514/686/2048
f 476/671/2049 492/772/2050 587/728/2051 562/672/2052
f 472/678/2053 462/618/2054 478/769/2055 568/650/2056
f 562/672/2057 561/634/2058 584/635/2059 496/673/2060
f 788/784/2061 786/785/2062 754/786/2063 784/787/2064
f 472/678/2065 602/713/2066 612/619/2067 462/618/2068
f 566/638/2069 470/640/2070 87/207/2071 153/88/2072
f 472/678/2073 542/677/2074 559/691/2075 602/713/2076
f 528/755/2077 523/630/2078 581/627/2079 580/626/2080
f 489/727/2081 543/788/2082 485/621/2083 561/634/2084
f 576/764/2085 550/670/2086 496/673/2087 487/789/2088
f 619/659/2089 544/707/2090 469/790/2091 623/660/2092
f 601/748/2093 525/791/2094 534/792/2095
f 204/213/2096 134/92/2097 463/689/2098 626/704/2099
f 499/793/2100 524/744/2101 746/633/2102 532/632/2103
f 808/794/2104 645/795/2105 679/796/2106 813/797/2107
f 566/638/2108 589/685/2109 495/687/2110
f 608/773/2111 484/798/2112 529/639/2113 495/687/2114
f 575/799/2115 592/702/2116 611/701/2117
f 534/792/2118 494/747/2119 601/748/2120
f 70/221/2121 131/224/2122 570/800/2123 490/801/2124
f 501/802/2125 479/654/2126 564/655/2127 505/803/2128
f 112/142/2129 612/619/2130 602/713/2131 90/122/2132
f 620/698/2133 531/766/2134 594/804/2135 467/699/2136
f 203/197/2137 563/762/2138 605/741/2139 115/228/2140
f 468/724/2141 188/229/2142 87/207/2143 470/640/2144
f 635/805/2145 474/806/2146 580/626/2147 634/625/2148
f 599/807/2149 408/235/2150 70/234/2151 490/808/2152
f 589/685/2153 5/87/2154 210/236/2155 508/664/2156
f 453/732/2157 549/731/2158 534/792/2159 525/791/2160
f 569/676/2161 452/721/2162 510/720/2163 539/674/2164
f 471/809/2165 590/726/2166 521/697/2167 473/688/2168
f 489/727/2169 561/634/2170 562/672/2171 587/728/2172
f 547/646/2173 488/693/2174 567/637/2175
f 498/607/2176 604/606/2177 501/802/2178 505/803/2179
f 499/730/2180 748/715/2181 598/743/2182
f 539/674/2183 475/733/2184 453/732/2185 520/675/2186
f 473/688/2187 93/91/2188 91/238/2189 471/809/2190
f 97/239/2191 501/802/2192 604/606/2193 8/240/2194
f 455/753/2195 454/694/2196 480/725/2197 538/752/2198
f 600/690/2199 488/693/2200 547/646/2201
f 530/681/2202 535/680/2203 505/803/2204 564/655/2205
f 542/677/2206 500/629/2207 523/630/2208 556/754/2209
f 611/701/2210 631/810/2211 575/799/2212
f 522/692/2213 559/691/2214 542/677/2215 556/754/2216
f 577/811/2217 575/799/2218 474/806/2219 635/805/2220
f 481/683/2221 530/681/2222 564/655/2223 591/641/2224
f 19/243/2225 115/228/2226 605/741/2227 586/643/2228
f 504/613/2229 465/705/2230 506/756/2231 573/757/2232
f 545/605/2233 544/707/2234 458/706/2235 621/776/2236
f 619/659/2237 460/658/2238 557/647/2239 560/648/2240
f 580/626/2241 474/806/2242 609/758/2243 528/755/2244
f 205/244/2245 618/642/2246 479/654/2247 94/245/2248
f 592/702/2249 633/812/2250 673/813/2251 582/768/2252
f 579/739/2253 483/751/2254 477/750/2255 551/740/2256
f 572/771/2257 745/814/2258 744/815/2259 497/770/2260
f 510/720/2261 457/609/2262 622/767/2263 527/816/2264
f 533/817/2265 569/676/2266 49/253/2267 34/252/2268
f 529/639/2269 566/638/2270 495/687/2271
f 482/636/2272 567/637/2273 488/693/2274
f 507/614/2275 504/613/2276 573/757/2277 503/749/2278
f 469/790/2279 524/744/2280 499/793/2281
f 490/801/2282 570/818/2283 755/819/2284
f 506/756/2285 528/755/2286 609/758/2287 573/757/2288
f 205/244/2289 19/243/2290 586/643/2291 618/642/2292
f 571/645/2293 629/820/2294 518/662/2295 553/665/2296
f 465/705/2297 522/692/2298 556/754/2299 506/756/2300
f 477/750/2301 631/810/2302 611/821/2303 551/740/2304
f 502/780/2305 108/199/2306 335/116/2307 574/712/2308
f 210/236/2309 86/258/2310 553/665/2311 508/664/2312
f 807/822/2313 644/823/2314 648/736/2315 810/735/2316
f 520/675/2317 453/732/2318 525/791/2319 596/651/2320
f 809/738/2321 646/737/2322 647/824/2323 811/825/2324
f 7/43/2325 160/188/2326 600/690/2327 547/646/2328
f 341/263/2329 164/264/2330 621/776/2331 458/706/2332
f 579/739/2333 616/703/2334 534/792/2335
f 49/253/2336 756/653/2337 536/652/2338
f 636/628/2339 642/826/2340 640/827/2341 634/625/2342
f 113/267/2343 117/269/2344 565/710/2345 464/828/2346
f 480/725/2347 587/728/2348 492/772/2349 538/752/2350
f 592/702/2351 575/799/2352 577/811/2353 633/812/2354
f 636/628/2355 581/627/2356 583/649/2357 585/829/2358
f 463/689/2359 473/688/2360 521/697/2361 628/696/2362
f 476/671/2363 467/699/2364 492/772/2365
f 634/625/2366 640/827/2367 641/830/2368 635/805/2369
f 635/805/2370 641/830/2371 637/831/2372 577/811/2373
f 577/811/2374 637/831/2375 639/832/2376 633/812/2377
f 471/809/2378 543/788/2379 489/727/2380 590/726/2381
f 780/833/2382 751/834/2383 347/276/2384 395/275/2385
f 452/721/2386 464/828/2387 565/710/2388 519/610/2389
f 588/612/2390 459/708/2391 622/767/2392 457/609/2393
f 574/712/2394 576/764/2395 487/789/2396 502/780/2397
f 549/731/2398 483/751/2399 579/739/2400 534/792/2401
f 538/752/2402 492/772/2403 514/686/2404 537/663/2405
f 567/637/2406 459/708/2407 627/709/2408 629/820/2409
f 584/635/2410 509/624/2411 554/742/2412 466/763/2413
f 632/759/2414 474/806/2415 575/799/2416 631/810/2417
f 469/790/2418 544/707/2419 545/605/2420 747/608/2421
f 749/835/2422 615/836/2423 532/632/2424 578/656/2425
f 539/674/2426 510/720/2427 527/816/2428 475/733/2429
f 516/781/2430 513/775/2431 625/782/2432
f 513/775/2433 512/774/2434 624/837/2435
f 558/723/2436 517/711/2437 63/119/2438 17/281/2439
f 17/281/2440 188/229/2441 468/724/2442 558/723/2443
f 497/770/2444 744/815/2445 747/608/2446 498/607/2447
f 461/644/2448 554/742/2449 509/624/2450 593/623/2451
f 469/790/2452 747/608/2453 524/744/2454
f 749/835/2455 578/656/2456 607/657/2457
f 495/687/2458 514/686/2459 608/773/2460
f 608/773/2461 467/699/2462 594/804/2463 484/798/2464
f 633/812/2465 639/832/2466 676/838/2467 673/813/2468
f 503/749/2469 632/759/2470 631/810/2471 477/750/2472
f 479/654/2473 501/802/2474 97/239/2475 94/245/2476
f 632/759/2477 609/758/2478 474/806/2479
f 198/283/2480 791/839/2481 613/840/2482 79/284/2483
f 532/632/2484 613/631/2485 578/656/2486
f 614/746/2487 513/775/2488 516/781/2489
f 758/841/2490 358/288/2491 79/284/2492 613/840/2493
f 464/828/2494 533/817/2495 34/252/2496 113/267/2497
f 499/793/2498 532/632/2499 615/836/2500
f 570/818/2501 131/224/2502 54/290/2503 540/842/2504
f 626/704/2505 565/710/2506 117/269/2507 204/213/2508
f 527/816/2509 622/767/2510 552/616/2511 555/615/2512
f 496/673/2513 584/635/2514 466/763/2515 487/789/2516
f 502/780/2517 487/789/2518 466/763/2519 563/762/2520
f 521/697/2521 590/726/2522 480/725/2523 454/694/2524
f 493/620/2525 494/747/2526 616/703/2527
f 494/747/2528 534/792/2529 616/703/2530
f 617/843/2531 471/809/2532 91/238/2533
f 614/746/2534 516/781/2535 613/631/2536 746/633/2537
f 533/817/2538 464/828/2539 452/721/2540 569/676/2541
f 555/615/2542 606/734/2543 475/733/2544 527/816/2545
f 469/790/2546 499/793/2547 598/760/2548 623/660/2549
f 603/779/2550 624/837/2551 512/774/2552
f 624/837/2553 625/782/2554 513/775/2555
f 629/820/2556 627/709/2557 455/753/2558 518/662/2559
f 624/837/2560 603/779/2561 625/782/2562
f 541/778/2563 625/782/2564 603/779/2565
f 526/695/2566 588/612/2567 491/611/2568 628/696/2569
f 526/695/2570 454/694/2571 455/753/2572 627/709/2573
f 571/645/2574 547/646/2575 567/637/2576 629/820/2577
f 553/665/2578 86/258/2579 156/44/2580 571/645/2581
f 585/829/2582 638/844/2583 642/826/2584 636/628/2585
f 592/702/2586 582/768/2587 478/769/2588 630/700/2589
f 611/821/2590 630/777/2591 515/617/2592 551/740/2593
f 811/825/2594 647/824/2595 643/845/2596 812/846/2597
f 637/831/2598 654/847/2599 651/848/2600 639/832/2601
f 641/830/2602 653/849/2603 654/847/2604 637/831/2605
f 640/827/2606 652/850/2607 653/849/2608 641/830/2609
f 638/851/2610 649/852/2611 650/853/2612 642/854/2613
f 639/832/2614 651/848/2615 674/855/2616 676/838/2617
f 642/826/2618 650/856/2619 652/850/2620 640/827/2621
f 646/737/2622 658/857/2623 659/858/2624 647/824/2625
f 648/736/2626 660/859/2627 658/857/2628 646/737/2629
f 643/845/2630 655/860/2631 657/861/2632 645/795/2633
f 647/824/2634 659/858/2635 655/860/2636 643/845/2637
f 645/795/2638 657/861/2639 678/862/2640 679/796/2641
f 644/823/2642 656/863/2643 660/859/2644 648/736/2645
f 658/864/2646 664/865/2647 665/866/2648 659/867/2649
f 660/868/2650 666/869/2651 664/870/2652 658/871/2653
f 655/872/2654 661/873/2655 663/874/2656 657/875/2657
f 659/867/2658 665/866/2659 661/876/2660 655/877/2661
f 657/878/2662 663/879/2663 675/880/2664 678/881/2665
f 656/882/2666 662/883/2667 666/884/2668 660/885/2669
f 665/866/2670 671/886/2671 667/887/2672 661/876/2673
f 663/879/2674 669/888/2675 677/889/2676 675/880/2677
f 662/883/2678 668/890/2679 672/891/2680 666/884/2681
f 664/865/2682 670/892/2683 671/886/2684 665/866/2685
f 666/869/2686 672/893/2687 670/894/2688 664/870/2689
f 661/873/2690 667/895/2691 669/896/2692 663/874/2693
f 668/897/2694 670/894/2695 672/891/2696
f 669/888/2697 667/887/2698 671/886/2699 677/889/2700
f 677/889/2701 668/897/2702 662/898/2703 675/880/2704
f 675/880/2705 662/898/2706 656/899/2707 678/881/2708
f 678/862/2709 656/863/2710 644/823/2711 679/796/2712
f 676/838/2713 638/844/2714 585/829/2715 673/813/2716
f 674/855/2717 649/900/2718 638/844/2719 676/838/2720
f 813/797/2721 807/822/2722 649/901/2723 674/902/2724
f 677/889/2725 671/886/2726 670/894/2727 668/897/2728
f 673/813/2729 585/829/2730 583/649/2731 582/768/2732
f 698/903/2733 688/904/2734 689/905/2735 700/906/2736
f 691/907/2737 689/905/2738 682/908/2739 685/909/2740
f 814/910/2741 712/911/2742 710/912/2743 819/913/2744
f 818/914/2745 709/915/2746 743/916/2747 820/917/2748
f 690/918/2749 691/907/2750 685/909/2751 681/919/2752
f 684/920/2753 682/908/2754 689/905/2755 688/904/2756
f 817/921/2757 708/922/2758 712/911/2759 814/910/2760
f 694/923/2761 680/924/2762 686/925/2763 696/926/2764
f 699/927/2765 680/924/2766 688/904/2767 698/903/2768
f 687/928/2769 686/925/2770 680/924/2771 699/927/2772
f 688/904/2773 680/924/2774 694/923/2775 684/920/2776
f 693/929/2777 697/930/2778 737/931/2779 690/918/2780
f 819/913/2781 710/912/2782 711/932/2783 815/933/2784
f 815/933/2785 711/932/2786 707/934/2787 816/935/2788
f 700/906/2789 706/936/2790 704/937/2791 698/903/2792
f 693/929/2793 686/925/2794 687/928/2795 697/930/2796
f 700/906/2797 689/905/2798 691/907/2799 692/938/2800
f 698/903/2801 704/937/2802 705/939/2803 699/927/2804
f 699/927/2805 705/939/2806 701/940/2807 687/928/2808
f 687/928/2809 701/940/2810 703/941/2811 697/930/2812
f 697/930/2813 703/941/2814 740/942/2815 737/931/2816
f 692/938/2817 702/943/2818 706/936/2819 700/906/2820
f 693/929/2821 690/918/2822 681/919/2823 695/944/2824
f 816/935/2825 707/934/2826 709/915/2827 818/914/2828
f 701/940/2829 718/945/2830 715/946/2831 703/941/2832
f 705/939/2833 717/947/2834 718/945/2835 701/940/2836
f 704/937/2837 716/948/2838 717/947/2839 705/939/2840
f 702/943/2841 713/949/2842 714/950/2843 706/936/2844
f 703/941/2845 715/946/2846 738/951/2847 740/942/2848
f 706/936/2849 714/950/2850 716/948/2851 704/937/2852
f 710/912/2853 722/952/2854 723/953/2855 711/932/2856
f 712/911/2857 724/954/2858 722/952/2859 710/912/2860
f 707/934/2861 719/955/2862 721/956/2863 709/915/2864
f 711/932/2865 723/953/2866 719/955/2867 707/934/2868
f 709/915/2869 721/956/2870 742/957/2871 743/916/2872
f 708/922/2873 720/958/2874 724/954/2875 712/911/2876
f 722/959/2877 728/960/2878 729/961/2879 723/962/2880
f 724/963/2881 730/964/2882 728/965/2883 722/966/2884
f 719/967/2885 725/968/2886 727/969/2887 721/970/2888
f 723/962/2889 729/961/2890 725/971/2891 719/972/2892
f 721/973/2893 727/974/2894 739/975/2895 742/976/2896
f 720/977/2897 726/978/2898 730/979/2899 724/980/2900
f 729/961/2901 735/981/2902 731/982/2903 725/971/2904
f 727/974/2905 733/983/2906 741/984/2907 739/975/2908
f 726/978/2909 732/985/2910 736/986/2911 730/979/2912
f 728/960/2913 734/987/2914 735/981/2915 729/961/2916
f 730/964/2917 736/988/2918 734/989/2919 728/965/2920
f 725/968/2921 731/990/2922 733/991/2923 727/969/2924
f 732/992/2925 734/989/2926 736/986/2927
f 733/983/2928 731/982/2929 735/981/2930 741/984/2931
f 741/984/2932 732/992/2933 726/993/2934 739/975/2935
f 739/975/2936 726/993/2937 720/994/2938 742/976/2939
f 742/957/2940 720/958/2941 708/922/2942 743/916/2943
f 740/942/2944 702/943/2945 692/938/2946 737/931/2947
f 738/951/2948 713/949/2949 702/943/2950 740/942/2951
f 820/917/2952 817/921/2953 713/995/2954 738/996/2955
f 741/984/2956 735/981/2957 734/989/2958 732/992/2959
f 737/931/2960 692/938/2961 691/907/2962 690/918/2963
f 681/919/2964 470/640/2965 529/639/2966 695/944/2967
f 686/925/2968 693/929/2969 695/944/2970 696/926/2971
f 695/944/2972 529/639/2973 484/798/2974 696/926/2975
f 696/926/2976 484/798/2977 594/804/2978 694/923/2979
f 694/923/2980 594/804/2981 531/766/2982 684/920/2983
f 684/920/2984 531/766/2985 486/722/2986 682/908/2987
f 682/908/2988 486/722/2989 468/724/2990 685/909/2991
f 685/909/2992 468/724/2993 470/640/2994 681/919/2995
f 558/723/2996 683/765/2997 517/711/2998
f 505/803/2999 535/680/3000 497/770/3001 498/607/3002
f 8/240/3003 604/606/3004 621/776/3005 164/264/3006
f 744/815/3007 546/745/3008 524/744/3009 747/608/3010
f 745/814/3011 546/745/3012 744/815/3013
f 572/997/3014 771/998/3015 777/999/3016 745/1000/3017
f 745/814/3018 512/774/3019 546/745/3020
f 458/706/3021 560/648/3022 339/47/3023 341/263/3024
f 607/716/3025 748/715/3026 749/1001/3027
f 749/1002/3028 748/715/3029 615/729/3030
f 511/661/3031 750/761/3032 607/657/3033
f 623/660/3034 750/761/3035 511/661/3036
f 511/661/3037 607/657/3038 597/1003/3039
f 597/1003/3040 607/657/3041 198/58/3042 38/452/3043
f 543/788/3044 617/843/3045 485/621/3046
f 751/1004/3047 540/842/3048 54/455/3049 347/454/3050
f 785/1005/3051 754/786/3052 786/785/3053 790/1006/3054
f 85/458/3055 599/1007/3056 784/1008/3057
f 783/1009/3058 511/661/3059 597/1003/3060 782/719/3061
f 780/833/3062 557/647/3063 460/658/3064 781/1010/3065
f 781/1010/3066 460/658/3067 511/661/3068 783/1009/3069
f 755/819/3070 540/842/3071 751/1004/3072 752/1011/3073
f 570/818/3074 540/842/3075 755/819/3076
f 755/819/3077 752/1011/3078 785/1005/3079 490/801/3080
f 756/653/3081 520/675/3082 596/651/3083
f 756/653/3084 49/253/3085 569/676/3086
f 354/464/3087 355/465/3088 757/669/3089
f 802/1012/3090 191/467/3091 354/464/3092 757/669/3093
f 758/1013/3094 776/1014/3095 390/470/3096 358/469/3097
f 601/748/3098 356/473/3099 357/472/3100 525/791/3101
f 456/1015/3102 761/1016/3103 764/1017/3104 595/1018/3105
f 745/1000/3106 777/999/3107 773/1019/3108 512/1020/3109
f 548/1021/3110 770/1022/3111 771/998/3112 572/997/3113
f 610/1023/3114 760/1024/3115 761/1016/3116 456/1015/3117
f 617/1025/3118 767/1026/3119 763/1027/3120 485/1028/3121
f 512/1029/3122 773/1030/3123 775/1031/3124 541/1032/3125
f 91/492/3126 387/495/3127 767/1033/3128 617/1034/3129
f 595/1018/3130 764/1017/3131 770/1022/3132 548/1021/3133
f 596/651/3134 525/791/3135 357/472/3136 435/496/3137
f 543/788/3138 471/809/3139 617/843/3140
f 486/722/3141 683/765/3142 558/723/3143
f 356/473/3144 601/748/3145 130/150/3146
f 485/1028/3147 763/1027/3148 760/1024/3149 610/1023/3150
f 541/1032/3151 776/1014/3152 758/1013/3153
f 541/778/3154 758/783/3155 516/781/3156
f 764/1035/3157 765/1036/3158 772/1037/3159 770/1038/3160
f 766/1039/3161 385/504/3162 361/503/3163 759/1040/3164
f 763/1041/3165 767/1042/3166 766/1043/3167
f 766/1039/3168 759/1040/3169 760/1044/3170 763/1045/3171
f 769/1046/3172 772/1037/3173 376/512/3174 377/511/3175
f 779/1047/3176 773/1048/3177 778/1049/3178
f 767/1050/3179 387/518/3180 384/517/3181
f 761/1051/3182 762/1052/3183 765/1036/3184 764/1035/3185
f 759/1040/3186 361/503/3187 378/521/3188 762/1052/3189
f 772/1037/3190 765/1036/3191 375/522/3192 376/512/3193
f 759/1040/3194 762/1052/3195 761/1051/3196 760/1044/3197
f 386/523/3198 391/525/3199 778/1049/3200 774/1053/3201
f 768/1054/3202 388/528/3203 386/527/3204 774/1053/3205
f 773/1048/3206 777/1055/3207 768/1056/3208 774/1057/3209
f 765/1036/3210 762/1052/3211 378/521/3212 375/522/3213
f 778/1049/3214 773/1048/3215 774/1057/3216
f 385/504/3217 766/1039/3218 767/1050/3219 384/517/3220
f 771/1058/3221 770/1038/3222 772/1037/3223 769/1046/3224
f 777/1055/3225 771/1058/3226 769/1046/3227 768/1056/3228
f 768/1056/3229 769/1046/3230 377/511/3231 388/528/3232
f 775/1059/3233 779/1060/3234 394/535/3235 382/534/3236
f 775/1061/3237 382/540/3238 390/539/3239 776/1062/3240
f 394/535/3241 779/1047/3242 778/1049/3243 391/525/3244
f 346/132/3245 85/542/3246 784/1063/3247 753/718/3248
f 775/1064/3249 773/1048/3250 779/1047/3251
f 752/1065/3252 781/1010/3253 783/1009/3254 754/1066/3255
f 751/834/3256 780/833/3257 781/1010/3258 752/1065/3259
f 754/1066/3260 783/1009/3261 782/719/3262 753/718/3263
f 557/647/3264 780/833/3265 395/275/3266 39/48/3267
f 38/452/3268 397/129/3269 782/719/3270 597/1003/3271
f 599/1067/3272 789/1068/3273 788/784/3274 784/787/3275
f 754/1066/3276 753/718/3277 784/1063/3278
f 785/1005/3279 752/1011/3280 754/786/3281
f 787/1069/3282 786/1070/3283 788/1071/3284 789/1072/3285
f 786/1070/3286 787/1069/3287 790/1073/3288
f 490/801/3289 785/1005/3290 790/1006/3291 787/1074/3292
f 490/801/3293 787/1074/3294 789/1068/3295 599/1067/3296
f 775/1031/3297 776/1014/3298 541/1032/3299
f 408/235/3300 599/807/3301 85/554/3302
f 613/631/3303 791/1075/3304 578/656/3305
f 791/1075/3306 198/58/3307 578/656/3308
f 792/1076/3309 414/559/3310 432/558/3311 800/1077/3312
f 796/1078/3313 801/1079/3314 434/562/3315 421/561/3316
f 795/1080/3317 423/565/3318 191/467/3319 802/1012/3320
f 424/566/3321 796/1078/3322 421/567/3323
f 419/568/3324 797/1081/3325 794/1082/3326 410/569/3327
f 799/1083/3328 801/1079/3329 796/1084/3330
f 433/574/3331 798/1085/3332 797/1081/3333 419/568/3334
f 795/1080/3335 800/1077/3336 432/558/3337 423/565/3338
f 792/1076/3339 798/1085/3340 433/574/3341 414/559/3342
f 794/1082/3343 797/1081/3344 799/1083/3345 804/1086/3346
f 800/1087/3347 795/1088/3348 805/1089/3349 793/1090/3350
f 803/1091/3351 801/1079/3352 798/1085/3353 792/1092/3354
f 799/1083/3355 796/1084/3356 424/583/3357 804/1086/3358
f 804/1093/3359 424/587/3360 410/586/3361 794/1094/3362
f 793/1090/3363 803/1091/3364 792/1092/3365 800/1087/3366
f 795/1088/3367 802/668/3368 596/667/3369 805/1089/3370
f 415/588/3371 803/1091/3372 793/1090/3373 430/589/3374
f 801/1079/3375 803/1091/3376 415/590/3377 434/562/3378
f 799/1083/3379 797/1081/3380 798/1085/3381 801/1079/3382
f 435/591/3383 451/593/3384 806/1095/3385
f 451/593/3386 430/594/3387 806/1095/3388
f 650/1096/3389 810/735/3390 809/738/3391 652/1097/3392
f 651/1098/3393 808/794/3394 813/797/3395 674/902/3396
f 649/901/3397 807/822/3398 810/735/3399 650/1096/3400
f 652/1097/3401 809/738/3402 811/825/3403 653/1099/3404
f 653/1099/3405 811/825/3406 812/846/3407 654/1100/3408
f 654/1100/3409 812/846/3410 808/794/3411 651/1098/3412
f 812/846/3413 643/845/3414 645/795/3415 808/794/3416
f 679/796/3417 644/823/3418 807/822/3419 813/797/3420
f 743/916/3421 708/922/3422 817/921/3423 820/917/3424
f 718/1101/3425 816/935/3426 818/914/3427 715/1102/3428
f 717/1103/3429 815/933/3430 816/935/3431 718/1101/3432
f 716/1104/3433 819/913/3434 815/933/3435 717/1103/3436
f 713/995/3437 817/921/3438 814/910/3439 714/1105/3440
f 715/1102/3441 818/914/3442 820/917/3443 738/996/3444
f 714/1105/3445 814/910/3446 819/913/3447 716/1104/3448
f 596/667/3449 435/591/3450 451/593/3451 805/1089/3452
f 805/1089/3453 451/593/3454 430/594/3455 793/1090/3456
