# This file uses centimeters as units for non-parametric coordinates.

mtllib Obese.mtl
g default
v 0.295030 0.220010 1.111080
v 0.341320 0.265650 1.004420
v 0.162450 0.242900 0.965500
v 0.154870 0.215120 1.098430
v 0.154250 0.186820 1.204500
v 0.299230 0.192100 1.204240
v 0.300740 0.164590 1.292780
v 0.163890 0.162020 1.295320
v 0.191170 0.145230 1.378850
v 0.282650 0.143780 1.377930
v 0.193130 0.070530 1.369800
v 0.288940 0.067980 1.368480
v 0.314140 0.046820 1.271910
v 0.313140 0.053130 1.166450
v 0.165450 0.048530 1.274800
v 0.152480 0.052960 1.163200
v 0.344630 0.363000 0.791520
v 0.168860 0.287370 0.766450
v 0.538520 0.259010 0.984509
v 0.526200 0.348890 0.787550
v 0.378980 0.230330 1.110750
v 0.510010 0.226790 1.099350
v 0.505490 0.195620 1.188090
v 0.373170 0.197980 1.197110
v 0.152810 0.081300 1.067640
v 0.158040 0.098890 0.953730
v 0.153300 0.102400 0.757490
v 0.177370 0.121500 0.523890
v 0.173920 0.343200 0.548490
v 0.339400 0.463930 0.604180
v 0.214610 0.131210 0.326110
v 0.163630 0.389330 0.363110
v 0.323340 0.571630 0.439820
v 0.299880 0.080980 1.087790
v 0.332620 0.075580 1.011220
v 0.328970 0.021960 0.792910
v 0.368690 0.088770 1.105850
v 0.363510 0.066070 1.177110
v 0.376510 0.158210 1.286120
v 0.367520 0.049880 1.274050
v 0.391880 0.063200 1.350460
v 0.397580 0.131600 1.354300
v 0.472630 0.056660 1.353170
v 0.474470 0.129500 1.355060
v 0.505980 0.050330 1.167480
v 0.499680 0.154260 1.281280
v 0.500140 0.034910 1.271670
v 0.502130 0.074680 1.093210
v 0.528100 0.059440 0.999450
v 0.563320 0.220340 1.058330
v 0.546730 0.074440 1.056130
v 0.690710 0.199130 1.033910
v 0.706600 0.240510 0.924560
v 0.518440 0.005930 0.799020
v 0.564970 0.192530 1.134020
v 0.541570 0.052800 1.119840
v 0.691770 0.163730 1.117840
v 0.571590 0.148270 1.217810
v 0.590290 0.110870 1.287560
v 0.657600 0.102170 1.277990
v 0.681370 0.127780 1.203660
v 0.549980 0.035630 1.208150
v 0.580550 0.047900 1.283760
v 0.654130 0.043990 1.275400
v 0.671600 0.028730 1.199790
v 0.675180 0.039280 1.111920
v 0.348040 0.015860 0.553170
v 0.530430 -0.008050 0.572450
v 0.682450 0.315090 0.744070
v 0.703560 0.062330 0.939600
v 0.675890 0.065430 1.037539
v 0.855590 0.222690 0.803710
v 0.835370 0.270450 0.651480
v 0.844230 0.178390 0.999340
v 0.837530 0.204340 0.916820
v 0.726610 0.207500 0.970370
v 0.729640 0.178590 1.032640
v 0.745870 0.135540 1.112270
v 0.842420 0.131850 1.091870
v 0.823340 0.099080 1.163770
v 0.768160 0.101120 1.175190
v 0.766720 0.048250 1.174870
v 0.822570 0.048290 1.163239
v 0.684220 0.002700 0.759210
v 0.728810 0.071800 0.967810
v 0.849260 0.054200 0.811780
v 0.830880 0.006050 0.662560
v 0.742270 0.035140 1.109010
v 0.840130 0.034710 1.090980
v 0.730220 0.048310 1.020550
v 0.837100 0.065740 0.921500
v 0.842220 0.046070 0.995049
v 0.980220 0.179700 0.710690
v 0.960730 0.184460 0.565930
v 1.001840 0.151730 0.849980
v 0.996650 0.176120 0.785430
v 0.879590 0.192100 0.830540
v 0.876640 0.171370 0.874150
v 0.984310 0.113950 0.928730
v 0.871480 0.133340 0.939080
v 0.952650 0.086040 0.995940
v 0.884270 0.095680 1.000370
v 0.968820 0.056420 0.763440
v 0.971539 0.034220 0.814290
v 0.956900 0.056020 0.573990
v 0.966450 0.058340 0.710560
v 0.964700 0.014770 0.895840
v 0.943720 0.025210 0.979540
v 0.874730 0.032700 0.984000
v 0.858120 0.070130 0.805970
v 0.851500 0.047770 0.838500
v 0.853660 0.027320 0.907190
v 0.520180 0.458880 0.628150
v 0.680540 0.411510 0.594600
v 0.835520 0.325750 0.494720
v 0.949430 0.206890 0.402950
v 0.946750 0.070390 0.414320
v 0.689620 -0.008210 0.556850
v 0.831980 0.006280 0.491310
v 0.843890 0.412600 0.306830
v 0.940090 0.239400 0.228600
v 0.689600 0.543700 0.422990
v 0.513730 0.593450 0.468700
v 0.508480 0.684510 0.324870
v 0.308100 0.642630 0.292280
v 0.923270 0.089810 0.069460
v 0.929900 0.256490 0.046400
v 0.939570 0.082970 0.248860
v 0.701930 0.624680 0.246590
v 0.861190 0.457470 0.102690
v 0.164210 0.397520 0.179150
v 0.832760 0.018710 0.125050
v 0.838880 0.010300 0.318810
v 0.715180 -0.001830 0.158430
v 0.706330 -0.014910 0.366860
v 0.265290 0.132700 0.125510
v 0.556440 -0.020210 0.371210
v 0.385580 0.011190 0.348720
v 0.433530 0.025920 0.142580
v 0.584690 -0.002420 0.161010
v 0.913040 0.252240 -0.161730
v 0.868470 0.506380 -0.157410
v 0.683820 0.821850 -0.016380
v 0.820770 0.713070 -0.206010
v 0.791280 0.914530 -0.209190
v 0.647890 0.979080 -0.032070
v 0.714990 0.704990 0.052870
v 0.505760 0.773460 0.166340
v 0.277630 0.694670 0.072500
v 0.187250 0.360070 -0.055550
v 0.212470 0.521870 -0.294400
v 0.224180 0.301820 -0.318820
v 0.311840 0.831240 -0.002560
v 0.494130 0.861390 0.074240
v 0.478660 1.004590 0.025640
v 0.310470 0.993870 -0.050560
v 0.888190 0.083340 -0.130880
v 0.297860 0.133930 -0.097680
v 0.310600 0.117450 -0.335500
v 0.874030 0.422470 -0.416990
v 0.876720 0.234390 -0.398100
v 0.832860 0.075620 -0.369190
v 0.800840 0.019820 -0.095680
v 0.698240 0.004530 -0.062820
v 0.584390 0.005600 -0.060350
v 0.451620 0.035430 -0.085660
v 0.475130 0.031550 -0.345590
v 0.214760 0.743980 -0.267310
v 0.572130 0.009100 -0.223600
v 0.657970 0.008050 -0.226960
v 0.707650 0.022130 -0.356500
v 0.780760 0.088000 -0.552160
v 0.804460 0.226070 -0.606700
v 0.659760 0.067660 -0.603550
v 0.472930 0.069710 -0.594690
v 0.339720 0.105670 -0.521530
v 0.795110 0.410830 -0.621060
v 0.855200 0.631890 -0.428880
v 0.767830 0.617410 -0.624980
v 0.300800 0.260120 -0.549040
v 0.277830 0.474160 -0.555990
v 0.271190 0.681080 -0.567180
v 0.841240 0.872940 -0.430560
v 0.221180 0.968610 -0.274380
v 0.763000 0.866700 -0.627670
v 0.272000 0.914340 -0.569890
v 0.823050 1.176080 -0.216650
v 0.659980 1.213640 -0.047780
v 0.474750 1.235190 -0.000390
v 0.299960 1.238800 -0.086330
v 0.219630 1.233809 -0.303680
v 0.888280 1.160810 -0.444950
v 0.817760 1.165080 -0.656720
v 0.467420 0.239570 -0.689030
v 0.654600 0.230790 -0.705700
v 0.455630 0.450360 -0.692300
v 0.451550 0.662190 -0.696760
v 0.443170 1.189070 -0.741970
v 0.446630 0.891580 -0.711800
v 0.270160 1.210270 -0.577660
v 0.642450 0.427310 -0.716120
v 0.625040 0.636600 -0.716960
v 0.620480 0.876500 -0.727570
v 0.652740 1.176240 -0.765720
v 0.940790 1.586570 -0.204790
v 0.727360 1.606080 -0.029120
v 0.282950 1.637560 -0.092710
v 0.491100 1.624680 0.013320
v 1.037810 1.584920 -0.476810
v 0.187620 1.651100 -0.328650
v 0.962160 1.602850 -0.726060
v 0.238670 1.662080 -0.627820
v 0.743450 1.629640 -0.849490
v 0.451560 1.653730 -0.817860
v 0.818060 1.959539 -0.015340
v 1.096580 1.948919 -0.210580
v 1.236810 1.962629 -0.546630
v 1.132700 2.011770 -0.852890
v 0.837540 2.065580 -1.006200
v 0.463500 2.105640 -0.943370
v 0.208090 2.089390 -0.718790
v 0.151460 2.034830 -0.371290
v 0.270110 1.995600 -0.089930
v 0.520720 1.975580 0.034640
v 1.322020 3.910229 -0.006870
v 0.908830 3.869839 0.281570
v 0.918850 3.308910 0.171790
v 1.391680 3.358009 -0.103000
v 1.481730 3.965279 -0.487550
v 1.553710 3.445040 -0.604560
v 1.319570 4.004890 -0.912100
v 1.344050 3.509260 -1.054480
v 0.945240 4.042542 -1.111130
v 0.932950 3.549799 -1.229290
v 0.451340 3.555080 -1.137680
v 0.471220 4.059391 -1.039160
v 0.135140 3.524540 -0.828800
v 0.143790 4.040668 -0.726420
v 0.065920 3.445700 -0.332170
v 0.072600 3.986198 -0.246260
v 0.173750 3.357840 0.071870
v 0.187880 3.910431 0.148270
v 0.481780 3.320450 0.251550
v 0.499810 3.873901 0.340230
v 1.255470 4.746868 0.175790
v 0.975650 4.678570 0.534340
v 0.939440 4.282162 0.398500
v 1.259170 4.340530 0.088790
v 1.461560 4.780930 -0.309200
v 1.426130 4.385330 -0.360110
v 1.368180 4.811020 -0.747020
v 1.321340 4.433311 -0.790230
v 0.958730 4.472790 -1.007230
v 0.998610 4.838951 -0.943089
v 0.474330 4.487831 -0.954360
v 0.513940 4.835430 -0.910630
v 0.158740 4.465679 -0.643640
v 0.177760 4.823090 -0.619910
v 0.099440 4.421669 -0.144990
v 0.112940 4.812691 -0.070020
v 0.239580 4.343182 0.244620
v 0.256010 4.750069 0.365950
v 0.585360 4.664070 0.600110
v 0.557300 4.273022 0.455060
v 1.379000 5.144749 0.293060
v 1.251410 5.379978 0.573290
v 0.994410 5.379360 0.757940
v 0.969060 5.135941 0.654450
v 1.625680 5.400558 0.015550
v 1.756790 5.642338 0.037760
v 1.560210 5.633869 0.386980
v 1.524910 5.169918 -0.818860
v 1.703740 5.394100 -0.607430
v 1.725900 5.405231 -0.322780
v 1.610150 5.172821 -0.306410
v 1.117080 5.191891 -1.072450
v 1.176840 5.414650 -1.154370
v 1.417510 5.399139 -1.036080
v 0.861900 5.418110 -1.139359
v 0.549160 5.197559 -1.026510
v 0.428670 5.677479 -1.088920
v 0.807530 5.654140 -1.247120
v 0.167190 5.204670 -0.645110
v 0.137640 5.734241 -0.682900
v 0.060800 5.821430 0.169770
v 0.091360 5.245911 0.022610
v 0.217220 5.781078 0.677820
v 0.230340 5.225620 0.497550
v 0.574920 5.159969 0.721970
v 0.464800 5.714371 0.884060
v 0.737300 5.659019 0.929280
v 0.745170 5.352638 0.804440
v 1.019770 5.622791 0.861430
v 1.116400 6.259399 1.037580
v 1.463260 6.251610 0.792230
v 1.567180 6.883499 0.958670
v 1.201070 6.906528 1.203720
v 1.720280 6.254421 0.440320
v 1.936859 6.235298 0.056880
v 2.061150 6.832939 0.152540
v 1.832930 6.865631 0.585810
v 1.864950 6.179611 -1.038520
v 1.963850 6.812321 -1.216969
v 2.147181 6.800690 -0.800320
v 2.012590 6.185902 -0.719990
v 1.607080 6.202728 -1.306030
v 1.651890 6.830269 -1.516120
v 0.802920 6.272442 -1.401540
v 0.751320 6.945240 -1.508960
v 1.264050 6.861649 -1.635950
v 1.278180 6.231880 -1.441940
v 0.077260 7.162331 -0.546420
v 0.342270 7.046139 -1.160960
v 0.399550 6.330311 -1.160040
v 0.110360 6.444050 -0.641540
v 0.030140 7.139328 0.262810
v 0.039320 6.525051 0.255820
v 0.158220 7.038330 0.914800
v 0.170890 6.429470 0.830280
v 0.462130 6.352749 1.082530
v 0.471180 6.979301 1.201600
v 0.784920 6.295818 1.130730
v 0.829730 6.937431 1.281260
v 2.142931 7.533730 0.253210
v 2.154631 8.241989 0.259680
v 1.917200 8.180779 0.769570
v 1.916269 7.534210 0.739190
v 2.221340 7.530731 -0.267610
v 2.213860 7.530380 -0.831170
v 2.245180 8.194450 -0.886080
v 2.241850 8.251770 -0.285350
v 0.503350 7.520508 1.275170
v 0.539460 7.944901 1.328720
v 0.217180 7.948997 1.037890
v 0.169930 7.548149 0.970170
v 1.654630 8.123291 1.119040
v 1.650540 7.530991 1.083580
v 0.907140 7.987297 1.412380
v 0.882960 7.518250 1.366630
v 1.280070 7.525909 1.298290
v 1.288400 8.052551 1.339860
v 2.016821 7.524078 -1.299640
v 1.641630 7.499512 -1.638990
v 1.608710 7.997124 -1.706100
v 2.040979 8.101204 -1.369610
v 0.681910 7.536293 -1.551270
v 0.629910 7.901512 -1.550050
v 1.101870 7.928619 -1.768520
v 1.188190 7.488274 -1.744100
v 0.245930 8.047050 -1.052620
v 0.295190 7.614876 -1.139030
v 0.064970 7.706139 -0.519040
v 0.065830 8.180046 -0.425610
v 0.064290 8.100899 0.305250
v 0.032440 7.660439 0.261140
v 2.157850 6.807610 -0.308120
v 1.328790 5.619610 0.672820
v 1.841640 5.637638 -0.339150
v 1.839960 5.616829 -0.652230
v 2.030701 6.209019 -0.350960
v 1.514020 5.617371 -1.126490
v 1.728350 5.603321 -0.920110
v 1.236600 5.637409 -1.236290
v 0.891870 2.291830 0.022660
v 1.252850 2.293840 -0.204930
v 1.367480 2.754141 -0.161830
v 0.928950 2.719660 0.100160
v 1.406899 2.348930 -0.610290
v 1.531530 2.844629 -0.644260
v 1.257060 2.431110 -0.997930
v 1.326920 2.941410 -1.083590
v 0.881390 2.505470 -1.174340
v 0.905100 3.013470 -1.249280
v 0.450790 2.543810 -1.086860
v 0.445520 3.030670 -1.146610
v 0.178270 2.510201 -0.811350
v 0.146920 2.980680 -0.860060
v 0.115460 2.406740 -0.406990
v 0.082000 2.853230 -0.393930
v 0.245380 2.330971 -0.074150
v 0.204630 2.750971 -0.009870
v 0.531290 2.304960 0.076610
v 0.515050 2.721701 0.161250
v 6.415810 9.924599 1.981230
v 6.454639 9.926743 1.932890
v 6.506439 9.973518 1.977230
v 6.468708 9.971382 2.025480
v 6.579739 9.916481 1.807421
v 6.599689 9.923897 1.773780
v 6.633869 9.957680 1.795980
v 6.614632 9.953636 1.834200
v 6.631359 9.986023 1.598700
v 6.650101 9.987297 1.558450
v 6.694271 10.025703 1.583500
v 6.675480 10.025200 1.624010
v 6.478539 10.040031 1.289750
v 6.490139 10.041443 1.248020
v 6.540298 10.070992 1.263470
v 6.532070 10.070000 1.303490
v 5.290611 10.690437 1.378710
v 5.372379 10.623901 1.249220
v 5.539330 10.489853 1.319720
v 5.397808 10.483063 1.475720
v 5.517849 10.615440 1.104090
v 5.690281 10.508614 1.163370
v 5.813461 10.538849 1.028890
v 5.651588 10.657600 0.979150
v 5.934830 10.656097 0.962880
v 5.788410 10.779686 0.918700
v 5.670681 10.414917 1.598290
v 5.744820 10.435532 1.420890
v 5.858051 10.450737 1.241590
v 5.965488 10.469177 1.099560
v 6.063919 10.565346 1.021000
v 5.904850 10.389046 1.503510
v 5.821232 10.432968 1.657200
v 6.014980 10.386383 1.327580
v 6.102589 10.400742 1.175490
v 6.173771 10.483238 1.083220
v 6.015709 10.818413 1.024590
v 5.873478 10.952522 0.970490
v 6.132771 10.705841 1.068610
v 6.232300 10.609688 1.117100
v 5.836750 11.059547 1.110880
v 5.985500 10.900078 1.175270
v 5.702900 11.074898 1.280650
v 5.870880 10.915527 1.349550
v 5.514191 11.005013 1.417190
v 5.683029 10.866280 1.497710
v 5.344101 10.853157 1.446300
v 5.433609 10.711807 1.582530
v 6.103588 10.776848 1.217440
v 6.004921 10.804138 1.396510
v 5.852772 10.778107 1.564880
v 5.681782 10.639740 1.696880
v 6.209919 10.667557 1.256220
v 6.125828 10.696083 1.436740
v 5.994129 10.695290 1.611120
v 5.853378 10.600906 1.717240
v 5.515350 10.149406 1.956301
v 5.546471 10.111122 1.890100
v 5.612980 10.132668 1.906120
v 5.577770 10.169151 1.973959
v 5.426369 10.410049 1.589210
v 5.618832 10.396980 1.650620
v 5.617260 10.349632 1.691270
v 5.452751 10.334831 1.656070
v 5.592480 10.555511 1.753560
v 5.582249 10.482277 1.807039
v 5.408878 10.572151 1.696540
v 5.421791 10.470970 1.770600
v 6.229031 10.102974 1.889130
v 6.133881 10.200020 1.823351
v 6.230450 10.202850 1.718360
v 6.317909 10.108078 1.785419
v 6.291759 10.022850 1.938061
v 6.381119 10.029221 1.830839
v 6.322178 10.345879 1.787519
v 6.406342 10.228851 1.849630
v 6.479271 10.116837 1.916969
v 6.221508 10.335701 1.894621
v 6.312180 10.220230 1.956739
v 6.396690 10.110146 2.015699
v 5.495918 10.197319 1.779510
v 5.635429 10.250511 1.793921
v 5.635139 10.178253 1.856560
v 5.510479 10.126793 1.846230
v 5.583820 10.294861 1.927179
v 5.592571 10.229736 1.947380
v 5.463310 10.255760 1.900480
v 5.484001 10.195427 1.918221
v 6.361969 10.105133 1.740530
v 6.273819 10.203293 1.685140
v 6.359379 10.196770 1.565410
v 6.439838 10.105110 1.625250
v 6.427769 10.010468 1.788691
v 6.509441 10.021751 1.675360
v 6.433689 10.330223 1.627990
v 6.516930 10.210686 1.681360
v 6.606049 10.089394 1.745970
v 6.349541 10.335838 1.753940
v 6.439800 10.211067 1.802830
v 6.548779 10.091812 1.849409
v 6.368431 10.209373 1.499580
v 6.430630 10.209328 1.363090
v 6.506859 10.135887 1.420580
v 6.442558 10.130890 1.544539
v 6.565441 10.070297 1.466969
v 6.507881 10.066559 1.580790
v 6.512051 10.352921 1.423200
v 6.590839 10.252388 1.469510
v 6.670189 10.149361 1.534330
v 6.444489 10.344742 1.556950
v 6.523838 10.246658 1.600820
v 6.621300 10.148140 1.639540
v 6.328548 10.237846 1.278520
v 6.369751 10.241127 1.136480
v 6.414902 10.170052 1.166260
v 6.373970 10.171516 1.293910
v 6.441250 10.116501 1.188630
v 6.404362 10.118248 1.303360
v 6.479881 10.351768 1.166860
v 6.516758 10.255257 1.194060
v 6.536560 10.166679 1.221270
v 6.443569 10.356773 1.309590
v 6.482498 10.263649 1.320110
v 6.511421 10.171410 1.320560
v 6.347858 9.957924 1.969709
v 6.427761 9.962433 1.871870
v 6.138432 10.301117 1.661839
v 6.033871 10.304092 1.761530
v 6.074589 10.349670 1.594130
v 5.935879 10.391006 1.712450
v 6.500568 10.037399 1.949261
v 6.213978 10.460838 1.730490
v 6.133801 10.561943 1.662780
v 6.437698 10.034027 2.027290
v 6.109982 10.451408 1.827620
v 5.984509 10.537178 1.762959
v 6.515011 9.933632 1.809969
v 6.569271 9.952797 1.722250
v 6.187672 10.296486 1.627880
v 6.276180 10.280090 1.506440
v 6.197819 10.318878 1.422020
v 6.628601 10.009598 1.774040
v 6.336300 10.438988 1.567120
v 6.258671 10.545547 1.482670
v 6.587502 10.004478 1.855619
v 6.249611 10.451637 1.692090
v 6.572708 10.014709 1.597800
v 6.614491 10.017609 1.511550
v 6.286892 10.278572 1.459650
v 6.342838 10.277496 1.312510
v 6.247250 10.325562 1.235500
v 6.689240 10.075531 1.562480
v 6.415348 10.446831 1.371290
v 6.327061 10.542030 1.283270
v 6.655602 10.074417 1.635440
v 6.352032 10.440178 1.513320
v 6.435551 10.069847 1.304460
v 6.463219 10.070549 1.211490
v 6.286678 10.301933 1.257010
v 6.318611 10.318588 1.120580
v 6.263359 10.395729 1.113190
v 6.550461 10.117142 1.243860
v 6.410660 10.448502 1.151310
v 6.325691 10.531288 1.143120
v 6.533279 10.118103 1.321830
v 6.382469 10.444748 1.293070
v 5.477421 10.292007 1.728490
v 5.615780 10.320023 1.758200
v 5.577919 10.400780 1.854719
v 5.441078 10.374977 1.822910
v 5.055088 10.859337 1.271550
v 5.121300 11.056458 1.334929
v 5.280861 11.240898 1.288340
v 5.471230 11.311684 1.129640
v 5.629391 11.261948 0.935510
v 5.696209 11.109787 0.768140
v 5.601120 10.900780 0.719000
v 5.430019 10.771538 0.798800
v 5.258068 10.727837 0.949010
v 5.111320 10.752144 1.130300
v 4.635151 11.025833 1.054760
v 4.748501 11.318092 1.119670
v 4.939678 11.577248 1.049140
v 5.143879 11.650414 0.852120
v 5.322128 11.552933 0.618540
v 5.417011 11.324272 0.398600
v 5.301701 11.036240 0.332240
v 5.088970 10.870232 0.413490
v 4.866661 10.815147 0.599590
v 4.678280 10.863274 0.867890
v 3.293890 11.829460 0.251820
v 3.454470 11.640602 0.316140
v 3.625198 11.986740 0.524150
v 3.469641 12.243057 0.520150
v 3.912579 12.358101 0.501680
v 3.695190 12.539742 0.338330
v 4.186150 12.532959 0.242090
v 3.879162 12.665657 0.082510
v 4.308029 12.429062 -0.078890
v 3.967201 12.588577 -0.232950
v 4.274860 12.160454 -0.340700
v 3.928101 12.366539 -0.482810
v 4.089272 11.778008 -0.501690
v 3.747108 12.006119 -0.654370
v 3.550169 11.736977 -0.652420
v 3.873840 11.527969 -0.493790
v 3.381029 11.613876 -0.452740
v 3.657902 11.424988 -0.302110
v 3.261311 11.633987 -0.113190
v 3.471859 11.434578 0.007930
v 2.797960 12.391502 0.645580
v 3.049240 12.154541 0.542360
v 3.188299 12.528992 0.623030
v 2.936110 12.701134 0.713790
v 3.418030 12.784752 0.403880
v 3.158939 12.987091 0.477220
v 3.604382 12.852997 0.025480
v 3.351570 13.086357 0.033670
v 3.689201 12.779877 -0.339000
v 3.447340 13.015541 -0.395760
v 3.649429 12.555099 -0.616940
v 3.390730 12.776268 -0.741150
v 3.179520 12.354607 -0.946570
v 3.475960 12.177582 -0.783910
v 2.959700 11.990639 -0.907430
v 3.274820 11.874969 -0.753820
v 2.841970 11.853363 -0.630120
v 3.145229 11.745506 -0.540620
v 2.734390 12.028183 0.125750
v 3.077101 11.809349 -0.097930
v 1.808321 13.329643 0.431370
v 1.951820 13.091911 0.576130
v 2.097919 13.338081 0.655160
v 1.917931 13.508820 0.507950
v 2.351721 13.616013 0.415670
v 2.081720 13.810280 0.332580
v 2.547050 13.739891 -0.052160
v 2.224030 14.025208 -0.127610
v 2.577190 13.762466 -0.516230
v 2.236929 14.022858 -0.576730
v 2.474930 13.607758 -0.915810
v 2.125790 13.806969 -0.964420
v 1.970789 13.444473 -1.231530
v 2.265760 13.160141 -1.212850
v 1.950911 12.651932 -1.280780
v 1.725680 12.912857 -1.326170
v 1.589590 12.839409 -0.695180
v 1.801451 12.519691 -0.794280
v 1.851460 12.879723 -0.055520
v 1.694980 13.213387 -0.018740
v 1.516030 14.091072 0.261990
v 1.626630 13.597343 0.530800
v 1.745080 13.570969 0.478420
v 1.791800 13.970428 0.277460
v 1.871830 14.288162 -0.175570
v 1.494730 14.454086 -0.125030
v 1.191650 13.902122 -1.150660
v 1.387690 14.282196 -0.849880
v 1.779480 14.049011 -0.915610
v 1.576470 13.657562 -1.197160
v 1.500010 14.539047 -0.502810
v 1.901020 14.337708 -0.587780
v 1.083260 14.447372 -0.746810
v 1.207820 14.606934 -0.421850
v 1.215350 14.500763 -0.054630
v 0.905670 13.778580 0.773770
v 0.914800 14.180359 0.471540
v 0.662130 14.134117 0.555910
v 0.622460 13.807007 0.832860
v 0.000000 13.774940 0.781800
v 0.167140 13.811386 0.814000
v 0.215210 14.050148 0.677540
v 0.000000 13.989166 0.659900
v 1.220310 14.159637 0.315390
v 1.352450 13.740761 0.627660
v 0.443020 14.112778 0.641110
v 0.380810 13.841072 0.847880
v 0.456680 14.404343 0.449910
v 0.231420 14.287506 0.551380
v 0.734980 14.501083 0.218460
v 0.968440 14.472855 0.079630
v 1.012870 14.628525 -0.329340
v 0.867480 14.662277 -0.229020
v 0.926310 14.603043 -0.656280
v 0.809780 14.716812 -0.529040
v 0.918240 14.107651 -1.035380
v 0.623780 14.296082 -0.963700
v 0.236040 14.233078 -1.044780
v 0.255110 14.551178 -0.849280
v 0.595030 14.661362 -0.755010
v 0.504630 14.808167 -0.595640
v 0.684500 14.794876 -0.410010
v 0.000000 14.526093 -0.865630
v 0.000000 14.761658 -0.724480
v 0.236860 14.771271 -0.688720
v 0.731860 15.502213 -0.102160
v 0.791030 15.731308 -0.229180
v 0.768380 15.761505 -0.028020
v 0.757740 15.567810 0.042860
v 0.821040 15.973038 -0.199500
v 0.791100 15.988754 -0.068170
v 0.583470 15.536163 -0.306320
v 0.583620 15.747833 -0.344470
v 0.656690 15.753052 -0.203700
v 0.684840 15.511063 -0.039590
v 0.723980 15.583954 0.139060
v 0.705020 15.974686 -0.165450
v 0.734240 16.004349 -0.001250
v 0.731470 15.808975 0.101450
v 0.427260 14.950104 -0.493390
v 0.576300 14.936447 -0.315400
v 0.454140 15.150467 -0.533910
v 0.612530 15.140625 -0.320510
v 0.213240 14.956894 -0.601860
v 0.440240 15.372345 -0.535590
v 0.615660 15.360672 -0.318080
v 0.399510 15.544754 -0.493870
v 0.230070 15.146744 -0.662390
v 0.000000 14.957047 -0.632090
v 0.213790 15.363739 -0.665350
v 0.000000 15.137146 -0.697010
v 0.000000 15.362015 -0.705480
v 0.194020 15.546875 -0.620690
v 0.428270 15.755112 -0.518240
v 0.000000 15.543549 -0.649650
v 0.227290 15.764343 -0.661140
v 0.619040 15.964386 -0.360920
v 0.457460 15.969635 -0.545860
v 0.250460 16.152588 0.969050
v 0.260200 16.318054 0.952910
v 0.165080 16.300079 0.981770
v 0.149980 16.130600 0.985930
v 0.350120 16.172134 0.930170
v 0.356490 16.332031 0.902670
v 0.431400 16.181442 0.873420
v 0.435320 16.334305 0.835730
v 0.501170 16.183975 0.802510
v 0.496630 16.328201 0.757690
v 0.552010 16.175186 0.712700
v 0.545420 16.315048 0.668140
v 0.601300 16.153046 0.591600
v 0.597010 16.304840 0.548050
v 0.641440 16.128464 0.473040
v 0.642750 16.288757 0.422280
v 0.674000 16.102905 0.334810
v 0.682710 16.275894 0.281120
v 0.709540 16.059006 0.170500
v 0.716250 16.250443 0.124420
v 0.729150 16.214981 -0.022750
v 0.708170 16.182144 -0.188310
v 0.619160 16.180923 -0.366440
v 0.251910 15.985764 -0.696780
v 0.000000 15.764801 -0.708250
v 0.463860 16.190964 -0.557370
v 0.258870 16.213226 -0.709190
v 0.000000 16.225601 -0.761630
v 0.000000 15.994080 -0.747040
v 0.000000 14.220009 -1.045770
v 0.000000 16.500992 -0.707500
v 0.259120 16.489655 -0.656810
v 0.176640 16.510040 0.936000
v 0.094280 16.504303 0.948680
v 0.083970 16.284409 0.993180
v 0.000000 16.501511 0.953259
v 0.093280 16.706863 0.838710
v 0.000000 16.708221 0.841640
v 0.267470 16.513306 0.901230
v 0.175210 16.702927 0.825700
v 0.086400 16.846680 0.709540
v 0.000000 16.846939 0.715300
v 0.355090 16.513504 0.847420
v 0.464690 16.459763 -0.508200
v 0.612190 16.413895 -0.325860
v 0.690560 16.345367 -0.199050
v 0.637060 16.584183 -0.179320
v 0.708160 16.424500 -0.081280
v 0.435360 16.498215 0.776700
v 0.496850 16.462463 0.705430
v 0.541390 16.419693 0.640090
v 0.581840 16.468155 0.527490
v 0.523860 16.584488 0.580670
v 0.630510 16.491791 0.386980
v 0.673450 16.498215 0.240060
v 0.703270 16.481415 0.083570
v 0.580300 16.663818 0.394940
v 0.656280 16.674911 0.032280
v 0.627530 16.696487 0.214840
v 0.440680 16.657242 0.658940
v 0.348840 16.690201 0.735260
v 0.261910 16.699677 0.791810
v 0.472420 16.780685 0.477690
v 0.353540 16.831070 0.563740
v 0.247120 16.843964 0.642340
v 0.506480 16.690872 -0.316410
v 0.549140 16.838547 -0.041390
v 0.523620 16.859085 0.215390
v 0.359650 16.966507 0.270740
v 0.161020 16.848404 0.684540
v 0.000000 16.279083 0.997220
v 0.278670 16.762283 -0.473220
v 0.000000 16.780472 -0.538240
v 0.329680 16.979706 -0.117580
v 0.249470 16.941254 0.481150
v 0.192040 17.033035 0.275600
v 0.147230 16.961365 0.511450
v 0.076610 16.917938 0.613570
v 0.198110 17.059647 0.059480
v 0.071830 15.620132 1.054090
v 0.080430 15.516388 1.069819
v 0.138540 15.512161 0.994950
v 0.132880 15.594131 0.985270
v 0.070750 15.456329 0.976790
v 0.154660 15.470078 0.934100
v 0.131720 15.690872 0.963520
v 0.065550 15.729736 1.011520
v 0.202780 15.667587 0.934750
v 0.196100 15.566040 0.943170
v 0.059120 15.365356 1.016720
v 0.140200 15.352341 0.968850
v 0.222870 15.293518 0.916580
v 0.295890 15.380814 0.910280
v 0.249660 15.237808 0.890080
v 0.348110 15.240921 0.879170
v 0.228430 15.208405 0.899080
v 0.335270 15.132507 0.874070
v 0.172770 15.169754 0.935250
v 0.216130 15.077209 0.943080
v 0.092060 15.138855 0.983040
v 0.104840 15.048950 0.983930
v 0.200800 15.764679 0.910000
v 0.135620 15.779480 0.930190
v 0.073500 15.850586 0.968010
v 0.137680 15.931335 0.944680
v 0.125870 15.855087 0.911540
v 0.157540 15.896454 0.907460
v 0.161100 15.849396 0.886860
v 0.147610 15.825455 0.904480
v 0.201300 15.822617 0.893620
v 0.204540 15.859055 0.875070
v 0.151860 15.858948 0.892180
v 0.179700 15.876984 0.896740
v 0.239820 15.911163 0.905010
v 0.231500 15.938263 0.913980
v 0.294490 15.809952 0.881610
v 0.285870 15.851578 0.866180
v 0.417330 15.820999 0.843480
v 0.387370 15.862137 0.839450
v 0.485550 15.840057 0.809740
v 0.447690 15.872452 0.833450
v 0.531290 15.884094 0.807320
v 0.469160 15.917053 0.844910
v 0.401830 15.952225 0.872330
v 0.396700 15.914246 0.863790
v 0.324510 15.932358 0.890040
v 0.323360 15.961914 0.903030
v 0.136310 16.012192 0.976010
v 0.229370 15.977432 0.937920
v 0.239050 16.040955 0.971120
v 0.338840 16.063141 0.942240
v 0.327620 16.001602 0.919260
v 0.411940 16.005402 0.888100
v 0.425710 16.074860 0.898540
v 0.487970 15.994797 0.847970
v 0.503110 16.080048 0.838100
v 0.561090 15.979202 0.789880
v 0.564180 16.076981 0.752850
v 0.303190 15.763138 0.884190
v 0.316950 15.670212 0.911000
v 0.318530 15.551025 0.930600
v 0.487570 15.431992 0.881800
v 0.482120 15.597595 0.883360
v 0.483240 15.220886 0.842630
v 0.513960 15.131516 0.779110
v 0.242070 14.967529 0.939500
v 0.354090 15.015274 0.851780
v 0.725660 15.349594 0.588710
v 0.686570 15.531509 0.680880
v 0.460280 15.718353 0.855060
v 0.436370 15.785294 0.833650
v 0.000000 15.978058 0.984090
v 0.060070 15.986053 0.981410
v 0.067990 16.115067 0.990730
v 0.000000 16.107178 0.991940
v 0.523620 15.812302 0.781290
v 0.614000 15.671967 0.751750
v 0.561610 15.763199 0.764230
v 0.584820 15.846100 0.752950
v 0.632190 15.806778 0.688950
v 0.623590 15.949844 0.697380
v 0.656180 15.900299 0.597680
v 0.677470 15.736053 0.597200
v 0.191130 15.858795 0.854030
v 0.155660 15.849976 0.862300
v 0.147840 15.860947 0.867510
v 0.165960 15.883942 0.851540
v 0.237930 15.932144 0.835930
v 0.275940 15.857025 0.811880
v 0.372650 15.868774 0.785570
v 0.420660 15.875488 0.806120
v 0.381330 15.928772 0.817560
v 0.320750 15.950317 0.823160
v 0.234050 15.923752 0.774550
v 0.150720 15.875000 0.813610
v 0.170180 15.846054 0.815400
v 0.260870 15.860336 0.762110
v 0.360640 15.876251 0.742800
v 0.324160 15.942993 0.761170
v 0.401400 15.881485 0.769890
v 0.374330 15.927063 0.778720
v 0.047930 15.292130 1.017500
v 0.000000 15.352203 1.023370
v 0.000000 15.276596 1.018770
v 0.115210 15.285583 0.987180
v 0.164140 15.250351 0.913120
v 0.180100 15.247314 0.867870
v 0.164210 15.254669 0.895920
v 0.119060 15.235245 0.928960
v 0.059710 15.223694 0.964360
v 0.000000 15.352600 0.752610
v 0.054740 15.347290 0.752640
v 0.043410 15.291153 0.898310
v 0.000000 15.288605 0.894600
v 0.110140 15.289658 0.771030
v 0.086740 15.281784 0.879280
v 0.141510 15.263535 0.780760
v 0.139190 15.258423 0.848380
v 0.153300 15.251663 0.789920
v 0.158910 15.243164 0.830910
v 0.136620 15.253693 0.834250
v 0.142980 15.252823 0.779420
v 0.103610 15.243134 0.851920
v 0.124310 15.230133 0.768900
v 0.062760 15.222885 0.773580
v 0.051670 15.235825 0.872850
v 0.133650 15.271011 0.754090
v 0.119410 15.279144 0.709760
v 0.051870 15.294769 0.684850
v 0.000000 15.296738 0.678510
v 0.719270 15.607620 0.454430
v 0.676990 15.831894 0.469570
v 0.611050 16.052292 0.637730
v 0.646790 16.007233 0.528370
v 0.674690 15.956665 0.392470
v 0.708340 15.721924 0.311160
v 0.703700 15.882294 0.228660
v 0.737190 15.486008 0.348910
v 0.719280 15.242020 0.572320
v 0.745770 15.386185 0.312700
v 0.125190 14.937943 0.983910
v 0.000000 15.040100 1.001970
v 0.000000 14.926773 1.000470
v 0.000000 15.853821 0.993780
v 0.000000 15.746201 1.031170
v 0.000000 15.624924 1.087910
v 0.000000 15.508377 1.108360
v 0.000000 15.446243 1.004240
v 0.000000 15.125305 1.002890
v 0.000000 15.215652 0.978660
v 0.000000 15.224060 0.773060
v 0.000000 15.233047 0.881440
v 0.725740 15.266174 0.068850
v 0.743230 15.276688 0.319560
v 2.229691 12.775566 0.685370
v 2.516090 12.552841 0.686980
v 2.664841 12.856712 0.769630
v 2.383141 13.073441 0.751760
v 2.909660 13.166679 0.532110
v 2.636620 13.393593 0.515050
v 3.104639 13.319412 0.045180
v 2.826620 13.541512 0.006610
v 3.183331 13.285461 -0.426950
v 2.883310 13.540497 -0.459270
v 3.105089 13.060059 -0.815490
v 2.798161 13.357582 -0.874840
v 2.860750 12.625648 -1.070920
v 2.553049 12.919838 -1.184260
v 2.587790 12.175240 -1.061940
v 2.217291 12.411201 -1.207710
v 2.432920 11.993889 -0.747070
v 2.049959 12.245918 -0.810310
v 2.444401 12.214119 0.166570
v 2.139349 12.458366 0.045290
v 3.761330 11.358223 0.514370
v 4.187458 11.145187 0.791830
v 4.350479 11.513847 0.875710
v 3.933468 11.710716 0.677800
v 4.587132 11.821266 0.839330
v 4.234470 12.063782 0.690550
v 4.821690 11.958008 0.654850
v 4.522659 12.266502 0.478670
v 5.001869 11.878242 0.368470
v 4.688801 12.184433 0.141750
v 5.069321 11.579872 0.074560
v 4.681610 11.855423 -0.166890
v 4.922112 11.201950 -0.040460
v 4.504349 11.438950 -0.320030
v 4.664200 10.989189 0.054800
v 4.258579 11.207726 -0.261620
v 4.417000 10.902100 0.246890
v 4.007961 11.136528 -0.052310
v 4.215569 10.944458 0.563880
v 3.799381 11.168037 0.243420
v 0.000000 14.236923 0.576690
v 0.000000 16.990875 -0.241650
v 0.000000 16.923004 0.611350
v 0.000000 16.981033 0.492910
v 0.000000 17.043716 0.292340
v 0.000000 17.068466 0.041680
v 0.741230 14.731247 -0.160540
v 0.666680 14.879974 -0.090250
v 0.703040 15.080826 -0.011930
v 0.520910 15.071121 0.740230
v 0.709700 15.162567 0.536480
v 0.164310 14.856766 0.872870
v 0.281210 14.933304 0.837260
v 0.224160 14.915100 0.902850
v 0.135760 14.881516 0.918420
v 0.217000 14.816025 0.843000
v 0.461080 14.950180 0.730690
v 0.381810 14.569565 0.297160
v 0.180590 14.474197 0.446550
v 0.698210 15.072006 0.442210
v 0.670480 14.945236 0.325910
v 0.000000 14.860504 0.922260
v 0.000000 14.825607 0.883960
v 0.631530 14.647705 0.127170
v 0.634120 14.792282 0.208670
v 0.466020 14.681213 0.455520
v 0.506420 14.827652 0.624230
v 0.259810 14.719528 0.783350
v 0.000000 14.768631 0.872770
v 0.000000 14.657288 0.837890
v 0.248900 14.589966 0.640670
v 0.000000 14.547836 0.706410
v 0.000000 14.433441 0.487220
v -0.295030 0.220010 1.111080
v -0.154870 0.215120 1.098430
v -0.162450 0.242900 0.965500
v -0.341320 0.265650 1.004420
v -0.299230 0.192100 1.204240
v -0.154250 0.186820 1.204500
v -0.300740 0.164590 1.292780
v -0.282650 0.143780 1.377930
v -0.191170 0.145230 1.378850
v -0.163890 0.162020 1.295320
v -0.288940 0.067980 1.368480
v -0.193130 0.070530 1.369800
v -0.313140 0.053130 1.166450
v -0.314140 0.046820 1.271910
v -0.152480 0.052960 1.163200
v -0.165450 0.048530 1.274800
v -0.168860 0.287370 0.766450
v -0.344630 0.363000 0.791520
v -0.526200 0.348890 0.787550
v -0.538520 0.259010 0.984509
v -0.510010 0.226790 1.099350
v -0.378980 0.230330 1.110750
v -0.505490 0.195620 1.188090
v -0.373170 0.197980 1.197110
v -0.152810 0.081300 1.067640
v -0.158040 0.098890 0.953730
v -0.153300 0.102400 0.757490
v -0.177370 0.121500 0.523890
v -0.173920 0.343200 0.548490
v -0.339400 0.463930 0.604180
v -0.214610 0.131210 0.326110
v -0.163630 0.389330 0.363110
v -0.323340 0.571630 0.439820
v -0.299880 0.080980 1.087790
v -0.332620 0.075580 1.011220
v -0.328970 0.021960 0.792910
v -0.368690 0.088770 1.105850
v -0.363510 0.066070 1.177110
v -0.376510 0.158210 1.286120
v -0.397580 0.131600 1.354300
v -0.391880 0.063200 1.350460
v -0.367520 0.049880 1.274050
v -0.472630 0.056660 1.353170
v -0.474470 0.129500 1.355060
v -0.505980 0.050330 1.167480
v -0.500140 0.034910 1.271670
v -0.499680 0.154260 1.281280
v -0.502130 0.074680 1.093210
v -0.528100 0.059440 0.999450
v -0.563320 0.220340 1.058330
v -0.546730 0.074440 1.056130
v -0.690710 0.199130 1.033910
v -0.706600 0.240510 0.924560
v -0.518440 0.005930 0.799020
v -0.564970 0.192530 1.134020
v -0.541570 0.052800 1.119840
v -0.691770 0.163730 1.117840
v -0.571590 0.148270 1.217810
v -0.681370 0.127780 1.203660
v -0.657600 0.102170 1.277990
v -0.590290 0.110870 1.287560
v -0.580550 0.047900 1.283760
v -0.549980 0.035630 1.208150
v -0.654130 0.043990 1.275400
v -0.671600 0.028730 1.199790
v -0.675180 0.039280 1.111920
v -0.348040 0.015860 0.553170
v -0.530430 -0.008050 0.572450
v -0.682450 0.315090 0.744070
v -0.703560 0.062330 0.939600
v -0.675890 0.065430 1.037539
v -0.835370 0.270450 0.651480
v -0.855590 0.222690 0.803710
v -0.844230 0.178390 0.999340
v -0.729640 0.178590 1.032640
v -0.726610 0.207500 0.970370
v -0.837530 0.204340 0.916820
v -0.842420 0.131850 1.091870
v -0.745870 0.135540 1.112270
v -0.823340 0.099080 1.163770
v -0.768160 0.101120 1.175190
v -0.822570 0.048290 1.163239
v -0.766720 0.048250 1.174870
v -0.684220 0.002700 0.759210
v -0.728810 0.071800 0.967810
v -0.849260 0.054200 0.811780
v -0.830880 0.006050 0.662560
v -0.840130 0.034710 1.090980
v -0.742270 0.035140 1.109010
v -0.730220 0.048310 1.020550
v -0.837100 0.065740 0.921500
v -0.842220 0.046070 0.995049
v -0.960730 0.184460 0.565930
v -0.980220 0.179700 0.710690
v -1.001840 0.151730 0.849980
v -0.876640 0.171370 0.874150
v -0.879590 0.192100 0.830540
v -0.996650 0.176120 0.785430
v -0.984310 0.113950 0.928730
v -0.871480 0.133340 0.939080
v -0.952650 0.086040 0.995940
v -0.884270 0.095680 1.000370
v -0.968820 0.056420 0.763440
v -0.971539 0.034220 0.814290
v -0.956900 0.056020 0.573990
v -0.966450 0.058340 0.710560
v -0.964700 0.014770 0.895840
v -0.943720 0.025210 0.979540
v -0.874730 0.032700 0.984000
v -0.851500 0.047770 0.838500
v -0.858120 0.070130 0.805970
v -0.853660 0.027320 0.907190
v -0.520180 0.458880 0.628150
v -0.680540 0.411510 0.594600
v -0.835520 0.325750 0.494720
v -0.949430 0.206890 0.402950
v -0.946750 0.070390 0.414320
v -0.689620 -0.008210 0.556850
v -0.831980 0.006280 0.491310
v -0.843890 0.412600 0.306830
v -0.940090 0.239400 0.228600
v -0.689600 0.543700 0.422990
v -0.513730 0.593450 0.468700
v -0.308100 0.642630 0.292280
v -0.508480 0.684510 0.324870
v -0.923270 0.089810 0.069460
v -0.939570 0.082970 0.248860
v -0.929900 0.256490 0.046400
v -0.701930 0.624680 0.246590
v -0.861190 0.457470 0.102690
v -0.164210 0.397520 0.179150
v -0.832760 0.018710 0.125050
v -0.838880 0.010300 0.318810
v -0.715180 -0.001830 0.158430
v -0.706330 -0.014910 0.366860
v -0.265290 0.132700 0.125510
v -0.556440 -0.020210 0.371210
v -0.584690 -0.002420 0.161010
v -0.433530 0.025920 0.142580
v -0.385580 0.011190 0.348720
v -0.868470 0.506380 -0.157410
v -0.913040 0.252240 -0.161730
v -0.683820 0.821850 -0.016380
v -0.647890 0.979080 -0.032070
v -0.791280 0.914530 -0.209190
v -0.820770 0.713070 -0.206010
v -0.714990 0.704990 0.052870
v -0.505760 0.773460 0.166340
v -0.277630 0.694670 0.072500
v -0.187250 0.360070 -0.055550
v -0.224180 0.301820 -0.318820
v -0.212470 0.521870 -0.294400
v -0.311840 0.831240 -0.002560
v -0.310470 0.993870 -0.050560
v -0.478660 1.004590 0.025640
v -0.494130 0.861390 0.074240
v -0.888190 0.083340 -0.130880
v -0.297860 0.133930 -0.097680
v -0.310600 0.117450 -0.335500
v -0.874030 0.422470 -0.416990
v -0.876720 0.234390 -0.398100
v -0.832860 0.075620 -0.369190
v -0.800840 0.019820 -0.095680
v -0.698240 0.004530 -0.062820
v -0.584390 0.005600 -0.060350
v -0.451620 0.035430 -0.085660
v -0.475130 0.031550 -0.345590
v -0.214760 0.743980 -0.267310
v -0.572130 0.009100 -0.223600
v -0.657970 0.008050 -0.226960
v -0.707650 0.022130 -0.356500
v -0.804460 0.226070 -0.606700
v -0.780760 0.088000 -0.552160
v -0.659760 0.067660 -0.603550
v -0.472930 0.069710 -0.594690
v -0.339720 0.105670 -0.521530
v -0.795110 0.410830 -0.621060
v -0.855200 0.631890 -0.428880
v -0.767830 0.617410 -0.624980
v -0.300800 0.260120 -0.549040
v -0.277830 0.474160 -0.555990
v -0.271190 0.681080 -0.567180
v -0.841240 0.872940 -0.430560
v -0.221180 0.968610 -0.274380
v -0.763000 0.866700 -0.627670
v -0.272000 0.914340 -0.569890
v -0.659980 1.213640 -0.047780
v -0.823050 1.176080 -0.216650
v -0.299960 1.238800 -0.086330
v -0.474750 1.235190 -0.000390
v -0.219630 1.233809 -0.303680
v -0.888280 1.160810 -0.444950
v -0.817760 1.165080 -0.656720
v -0.654600 0.230790 -0.705700
v -0.467420 0.239570 -0.689030
v -0.455630 0.450360 -0.692300
v -0.451550 0.662190 -0.696760
v -0.443170 1.189070 -0.741970
v -0.270160 1.210270 -0.577660
v -0.446630 0.891580 -0.711800
v -0.642450 0.427310 -0.716120
v -0.625040 0.636600 -0.716960
v -0.620480 0.876500 -0.727570
v -0.652740 1.176240 -0.765720
v -0.727360 1.606080 -0.029120
v -0.940790 1.586570 -0.204790
v -0.282950 1.637560 -0.092710
v -0.491100 1.624680 0.013320
v -1.037810 1.584920 -0.476810
v -0.187620 1.651100 -0.328650
v -0.962160 1.602850 -0.726060
v -0.238670 1.662080 -0.627820
v -0.743450 1.629640 -0.849490
v -0.451560 1.653730 -0.817860
v -0.818060 1.959539 -0.015340
v -1.096580 1.948919 -0.210580
v -1.236810 1.962629 -0.546630
v -1.132700 2.011770 -0.852890
v -0.837540 2.065580 -1.006200
v -0.463500 2.105640 -0.943370
v -0.208090 2.089390 -0.718790
v -0.151460 2.034830 -0.371290
v -0.270110 1.995600 -0.089930
v -0.520720 1.975580 0.034640
v -1.322020 3.910229 -0.006870
v -1.391680 3.358009 -0.103000
v -0.918850 3.308910 0.171790
v -0.908830 3.869839 0.281570
v -1.481730 3.965279 -0.487550
v -1.553710 3.445040 -0.604560
v -1.319570 4.004890 -0.912100
v -1.344050 3.509260 -1.054480
v -0.945240 4.042542 -1.111130
v -0.932950 3.549799 -1.229290
v -0.471220 4.059391 -1.039160
v -0.451340 3.555080 -1.137680
v -0.143790 4.040668 -0.726420
v -0.135140 3.524540 -0.828800
v -0.072600 3.986198 -0.246260
v -0.065920 3.445700 -0.332170
v -0.187880 3.910431 0.148270
v -0.173750 3.357840 0.071870
v -0.499810 3.873901 0.340230
v -0.481780 3.320450 0.251550
v -1.255470 4.746868 0.175790
v -1.259170 4.340530 0.088790
v -0.939440 4.282162 0.398500
v -0.975650 4.678570 0.534340
v -1.461560 4.780930 -0.309200
v -1.426130 4.385330 -0.360110
v -1.368180 4.811020 -0.747020
v -1.321340 4.433311 -0.790230
v -0.998610 4.838951 -0.943089
v -0.958730 4.472790 -1.007230
v -0.513940 4.835430 -0.910630
v -0.474330 4.487831 -0.954360
v -0.177760 4.823090 -0.619910
v -0.158740 4.465679 -0.643640
v -0.112940 4.812691 -0.070020
v -0.099440 4.421669 -0.144990
v -0.256010 4.750069 0.365950
v -0.239580 4.343182 0.244620
v -0.585360 4.664070 0.600110
v -0.557300 4.273022 0.455060
v -1.379000 5.144749 0.293060
v -0.969060 5.135941 0.654450
v -0.994410 5.379360 0.757940
v -1.251410 5.379978 0.573290
v -1.560210 5.633869 0.386980
v -1.756790 5.642338 0.037760
v -1.625680 5.400558 0.015550
v -1.524910 5.169918 -0.818860
v -1.610150 5.172821 -0.306410
v -1.725900 5.405231 -0.322780
v -1.703740 5.394100 -0.607430
v -1.117080 5.191891 -1.072450
v -1.417510 5.399139 -1.036080
v -1.176840 5.414650 -1.154370
v -0.861900 5.418110 -1.139359
v -0.807530 5.654140 -1.247120
v -0.428670 5.677479 -1.088920
v -0.549160 5.197559 -1.026510
v -0.137640 5.734241 -0.682900
v -0.167190 5.204670 -0.645110
v -0.060800 5.821430 0.169770
v -0.091360 5.245911 0.022610
v -0.217220 5.781078 0.677820
v -0.230340 5.225620 0.497550
v -0.574920 5.159969 0.721970
v -0.464800 5.714371 0.884060
v -0.737300 5.659019 0.929280
v -1.019770 5.622791 0.861430
v -0.745170 5.352638 0.804440
v -1.116400 6.259399 1.037580
v -1.201070 6.906528 1.203720
v -1.567180 6.883499 0.958670
v -1.463260 6.251610 0.792230
v -1.720280 6.254421 0.440320
v -1.832930 6.865631 0.585810
v -2.061150 6.832939 0.152540
v -1.936859 6.235298 0.056880
v -1.864950 6.179611 -1.038520
v -2.012590 6.185902 -0.719990
v -2.147181 6.800690 -0.800320
v -1.963850 6.812321 -1.216969
v -1.607080 6.202728 -1.306030
v -1.651890 6.830269 -1.516120
v -0.802920 6.272442 -1.401540
v -1.278180 6.231880 -1.441940
v -1.264050 6.861649 -1.635950
v -0.751320 6.945240 -1.508960
v -0.077260 7.162331 -0.546420
v -0.110360 6.444050 -0.641540
v -0.399550 6.330311 -1.160040
v -0.342270 7.046139 -1.160960
v -0.030140 7.139328 0.262810
v -0.039320 6.525051 0.255820
v -0.158220 7.038330 0.914800
v -0.170890 6.429470 0.830280
v -0.471180 6.979301 1.201600
v -0.462130 6.352749 1.082530
v -0.829730 6.937431 1.281260
v -0.784920 6.295818 1.130730
v -2.142931 7.533730 0.253210
v -1.916269 7.534210 0.739190
v -1.917200 8.180779 0.769570
v -2.154631 8.241989 0.259680
v -2.221340 7.530731 -0.267610
v -2.241850 8.251770 -0.285350
v -2.245180 8.194450 -0.886080
v -2.213860 7.530380 -0.831170
v -0.503350 7.520508 1.275170
v -0.169930 7.548149 0.970170
v -0.217180 7.948997 1.037890
v -0.539460 7.944901 1.328720
v -1.654630 8.123291 1.119040
v -1.650540 7.530991 1.083580
v -0.907140 7.987297 1.412380
v -1.288400 8.052551 1.339860
v -1.280070 7.525909 1.298290
v -0.882960 7.518250 1.366630
v -2.016821 7.524078 -1.299640
v -2.040979 8.101204 -1.369610
v -1.608710 7.997124 -1.706100
v -1.641630 7.499512 -1.638990
v -0.681910 7.536293 -1.551270
v -1.188190 7.488274 -1.744100
v -1.101870 7.928619 -1.768520
v -0.629910 7.901512 -1.550050
v -0.245930 8.047050 -1.052620
v -0.065830 8.180046 -0.425610
v -0.064970 7.706139 -0.519040
v -0.295190 7.614876 -1.139030
v -0.032440 7.660439 0.261140
v -0.064290 8.100899 0.305250
v -2.157850 6.807610 -0.308120
v -1.328790 5.619610 0.672820
v -1.841640 5.637638 -0.339150
v -2.030701 6.209019 -0.350960
v -1.839960 5.616829 -0.652230
v -1.514020 5.617371 -1.126490
v -1.728350 5.603321 -0.920110
v -1.236600 5.637409 -1.236290
v -0.891870 2.291830 0.022660
v -0.928950 2.719660 0.100160
v -1.367480 2.754141 -0.161830
v -1.252850 2.293840 -0.204930
v -1.531530 2.844629 -0.644260
v -1.406899 2.348930 -0.610290
v -1.326920 2.941410 -1.083590
v -1.257060 2.431110 -0.997930
v -0.905100 3.013470 -1.249280
v -0.881390 2.505470 -1.174340
v -0.445520 3.030670 -1.146610
v -0.450790 2.543810 -1.086860
v -0.146920 2.980680 -0.860060
v -0.178270 2.510201 -0.811350
v -0.082000 2.853230 -0.393930
v -0.115460 2.406740 -0.406990
v -0.204630 2.750971 -0.009870
v -0.245380 2.330971 -0.074150
v -0.515050 2.721701 0.161250
v -0.531290 2.304960 0.076610
v -6.415810 9.924599 1.981230
v -6.468708 9.971382 2.025480
v -6.506439 9.973518 1.977230
v -6.454639 9.926743 1.932890
v -6.579739 9.916481 1.807421
v -6.614632 9.953636 1.834200
v -6.633869 9.957680 1.795980
v -6.599689 9.923897 1.773780
v -6.631359 9.986023 1.598700
v -6.675480 10.025200 1.624010
v -6.694271 10.025703 1.583500
v -6.650101 9.987297 1.558450
v -6.478539 10.040031 1.289750
v -6.532070 10.070000 1.303490
v -6.540298 10.070992 1.263470
v -6.490139 10.041443 1.248020
v -5.290611 10.690437 1.378710
v -5.397808 10.483063 1.475720
v -5.539330 10.489853 1.319720
v -5.372379 10.623901 1.249220
v -5.690281 10.508614 1.163370
v -5.517849 10.615440 1.104090
v -5.813461 10.538849 1.028890
v -5.651588 10.657600 0.979150
v -5.934830 10.656097 0.962880
v -5.788410 10.779686 0.918700
v -5.670681 10.414917 1.598290
v -5.744820 10.435532 1.420890
v -5.858051 10.450737 1.241590
v -5.965488 10.469177 1.099560
v -6.063919 10.565346 1.021000
v -5.821232 10.432968 1.657200
v -5.904850 10.389046 1.503510
v -6.014980 10.386383 1.327580
v -6.102589 10.400742 1.175490
v -6.173771 10.483238 1.083220
v -6.015709 10.818413 1.024590
v -5.873478 10.952522 0.970490
v -6.132771 10.705841 1.068610
v -6.232300 10.609688 1.117100
v -5.985500 10.900078 1.175270
v -5.836750 11.059547 1.110880
v -5.870880 10.915527 1.349550
v -5.702900 11.074898 1.280650
v -5.683029 10.866280 1.497710
v -5.514191 11.005013 1.417190
v -5.433609 10.711807 1.582530
v -5.344101 10.853157 1.446300
v -6.103588 10.776848 1.217440
v -6.004921 10.804138 1.396510
v -5.852772 10.778107 1.564880
v -5.681782 10.639740 1.696880
v -6.209919 10.667557 1.256220
v -6.125828 10.696083 1.436740
v -5.994129 10.695290 1.611120
v -5.853378 10.600906 1.717240
v -5.515350 10.149406 1.956301
v -5.577770 10.169151 1.973959
v -5.612980 10.132668 1.906120
v -5.546471 10.111122 1.890100
v -5.426369 10.410049 1.589210
v -5.618832 10.396980 1.650620
v -5.452751 10.334831 1.656070
v -5.617260 10.349632 1.691270
v -5.592480 10.555511 1.753560
v -5.582249 10.482277 1.807039
v -5.408878 10.572151 1.696540
v -5.421791 10.470970 1.770600
v -6.229031 10.102974 1.889130
v -6.317909 10.108078 1.785419
v -6.230450 10.202850 1.718360
v -6.133881 10.200020 1.823351
v -6.291759 10.022850 1.938061
v -6.381119 10.029221 1.830839
v -6.406342 10.228851 1.849630
v -6.322178 10.345879 1.787519
v -6.479271 10.116837 1.916969
v -6.312180 10.220230 1.956739
v -6.221508 10.335701 1.894621
v -6.396690 10.110146 2.015699
v -5.495918 10.197319 1.779510
v -5.510479 10.126793 1.846230
v -5.635139 10.178253 1.856560
v -5.635429 10.250511 1.793921
v -5.592571 10.229736 1.947380
v -5.583820 10.294861 1.927179
v -5.484001 10.195427 1.918221
v -5.463310 10.255760 1.900480
v -6.361969 10.105133 1.740530
v -6.439838 10.105110 1.625250
v -6.359379 10.196770 1.565410
v -6.273819 10.203293 1.685140
v -6.427769 10.010468 1.788691
v -6.509441 10.021751 1.675360
v -6.516930 10.210686 1.681360
v -6.433689 10.330223 1.627990
v -6.606049 10.089394 1.745970
v -6.439800 10.211067 1.802830
v -6.349541 10.335838 1.753940
v -6.548779 10.091812 1.849409
v -6.368431 10.209373 1.499580
v -6.442558 10.130890 1.544539
v -6.506859 10.135887 1.420580
v -6.430630 10.209328 1.363090
v -6.507881 10.066559 1.580790
v -6.565441 10.070297 1.466969
v -6.590839 10.252388 1.469510
v -6.512051 10.352921 1.423200
v -6.670189 10.149361 1.534330
v -6.523838 10.246658 1.600820
v -6.444489 10.344742 1.556950
v -6.621300 10.148140 1.639540
v -6.328548 10.237846 1.278520
v -6.373970 10.171516 1.293910
v -6.414902 10.170052 1.166260
v -6.369751 10.241127 1.136480
v -6.404362 10.118248 1.303360
v -6.441250 10.116501 1.188630
v -6.516758 10.255257 1.194060
v -6.479881 10.351768 1.166860
v -6.536560 10.166679 1.221270
v -6.482498 10.263649 1.320110
v -6.443569 10.356773 1.309590
v -6.511421 10.171410 1.320560
v -6.347858 9.957924 1.969709
v -6.427761 9.962433 1.871870
v -6.138432 10.301117 1.661839
v -6.033871 10.304092 1.761530
v -6.074589 10.349670 1.594130
v -5.935879 10.391006 1.712450
v -6.500568 10.037399 1.949261
v -6.213978 10.460838 1.730490
v -6.133801 10.561943 1.662780
v -6.437698 10.034027 2.027290
v -6.109982 10.451408 1.827620
v -5.984509 10.537178 1.762959
v -6.515011 9.933632 1.809969
v -6.569271 9.952797 1.722250
v -6.276180 10.280090 1.506440
v -6.187672 10.296486 1.627880
v -6.197819 10.318878 1.422020
v -6.628601 10.009598 1.774040
v -6.336300 10.438988 1.567120
v -6.258671 10.545547 1.482670
v -6.587502 10.004478 1.855619
v -6.249611 10.451637 1.692090
v -6.572708 10.014709 1.597800
v -6.614491 10.017609 1.511550
v -6.342838 10.277496 1.312510
v -6.286892 10.278572 1.459650
v -6.247250 10.325562 1.235500
v -6.689240 10.075531 1.562480
v -6.415348 10.446831 1.371290
v -6.327061 10.542030 1.283270
v -6.655602 10.074417 1.635440
v -6.352032 10.440178 1.513320
v -6.435551 10.069847 1.304460
v -6.463219 10.070549 1.211490
v -6.318611 10.318588 1.120580
v -6.286678 10.301933 1.257010
v -6.263359 10.395729 1.113190
v -6.550461 10.117142 1.243860
v -6.410660 10.448502 1.151310
v -6.325691 10.531288 1.143120
v -6.533279 10.118103 1.321830
v -6.382469 10.444748 1.293070
v -5.477421 10.292007 1.728490
v -5.615780 10.320023 1.758200
v -5.577919 10.400780 1.854719
v -5.441078 10.374977 1.822910
v -5.055088 10.859337 1.271550
v -5.121300 11.056458 1.334929
v -5.280861 11.240898 1.288340
v -5.471230 11.311684 1.129640
v -5.629391 11.261948 0.935510
v -5.696209 11.109787 0.768140
v -5.601120 10.900780 0.719000
v -5.430019 10.771538 0.798800
v -5.258068 10.727837 0.949010
v -5.111320 10.752144 1.130300
v -4.635151 11.025833 1.054760
v -4.748501 11.318092 1.119670
v -4.939678 11.577248 1.049140
v -5.143879 11.650414 0.852120
v -5.322128 11.552933 0.618540
v -5.417011 11.324272 0.398600
v -5.301701 11.036240 0.332240
v -5.088970 10.870232 0.413490
v -4.866661 10.815147 0.599590
v -4.678280 10.863274 0.867890
v -3.293890 11.829460 0.251820
v -3.469641 12.243057 0.520150
v -3.625198 11.986740 0.524150
v -3.454470 11.640602 0.316140
v -3.695190 12.539742 0.338330
v -3.912579 12.358101 0.501680
v -3.879162 12.665657 0.082510
v -4.186150 12.532959 0.242090
v -3.967201 12.588577 -0.232950
v -4.308029 12.429062 -0.078890
v -3.928101 12.366539 -0.482810
v -4.274860 12.160454 -0.340700
v -3.747108 12.006119 -0.654370
v -4.089272 11.778008 -0.501690
v -3.550169 11.736977 -0.652420
v -3.873840 11.527969 -0.493790
v -3.381029 11.613876 -0.452740
v -3.657902 11.424988 -0.302110
v -3.261311 11.633987 -0.113190
v -3.471859 11.434578 0.007930
v -2.797960 12.391502 0.645580
v -2.936110 12.701134 0.713790
v -3.188299 12.528992 0.623030
v -3.049240 12.154541 0.542360
v -3.158939 12.987091 0.477220
v -3.418030 12.784752 0.403880
v -3.351570 13.086357 0.033670
v -3.604382 12.852997 0.025480
v -3.447340 13.015541 -0.395760
v -3.689201 12.779877 -0.339000
v -3.390730 12.776268 -0.741150
v -3.649429 12.555099 -0.616940
v -3.179520 12.354607 -0.946570
v -3.475960 12.177582 -0.783910
v -2.959700 11.990639 -0.907430
v -3.274820 11.874969 -0.753820
v -2.841970 11.853363 -0.630120
v -3.145229 11.745506 -0.540620
v -2.734390 12.028183 0.125750
v -3.077101 11.809349 -0.097930
v -1.808321 13.329643 0.431370
v -1.917931 13.508820 0.507950
v -2.097919 13.338081 0.655160
v -1.951820 13.091911 0.576130
v -2.081720 13.810280 0.332580
v -2.351721 13.616013 0.415670
v -2.224030 14.025208 -0.127610
v -2.547050 13.739891 -0.052160
v -2.236929 14.022858 -0.576730
v -2.577190 13.762466 -0.516230
v -2.125790 13.806969 -0.964420
v -2.474930 13.607758 -0.915810
v -1.970789 13.444473 -1.231530
v -2.265760 13.160141 -1.212850
v -1.725680 12.912857 -1.326170
v -1.950911 12.651932 -1.280780
v -1.589590 12.839409 -0.695180
v -1.801451 12.519691 -0.794280
v -1.694980 13.213387 -0.018740
v -1.851460 12.879723 -0.055520
v -1.516030 14.091072 0.261990
v -1.791800 13.970428 0.277460
v -1.745080 13.570969 0.478420
v -1.626630 13.597343 0.530800
v -1.871830 14.288162 -0.175570
v -1.494730 14.454086 -0.125030
v -1.191650 13.902122 -1.150660
v -1.576470 13.657562 -1.197160
v -1.779480 14.049011 -0.915610
v -1.387690 14.282196 -0.849880
v -1.901020 14.337708 -0.587780
v -1.500010 14.539047 -0.502810
v -1.083260 14.447372 -0.746810
v -1.207820 14.606934 -0.421850
v -1.215350 14.500763 -0.054630
v -0.905670 13.778580 0.773770
v -0.622460 13.807007 0.832860
v -0.662130 14.134117 0.555910
v -0.914800 14.180359 0.471540
v -0.215210 14.050148 0.677540
v -0.167140 13.811386 0.814000
v -1.352450 13.740761 0.627660
v -1.220310 14.159637 0.315390
v -0.380810 13.841072 0.847880
v -0.443020 14.112778 0.641110
v -0.231420 14.287506 0.551380
v -0.456680 14.404343 0.449910
v -0.734980 14.501083 0.218460
v -0.968440 14.472855 0.079630
v -1.012870 14.628525 -0.329340
v -0.867480 14.662277 -0.229020
v -0.809780 14.716812 -0.529040
v -0.926310 14.603043 -0.656280
v -0.918240 14.107651 -1.035380
v -0.623780 14.296082 -0.963700
v -0.236040 14.233078 -1.044780
v -0.595030 14.661362 -0.755010
v -0.255110 14.551178 -0.849280
v -0.684500 14.794876 -0.410010
v -0.504630 14.808167 -0.595640
v -0.236860 14.771271 -0.688720
v -0.731860 15.502213 -0.102160
v -0.757740 15.567810 0.042860
v -0.768380 15.761505 -0.028020
v -0.791030 15.731308 -0.229180
v -0.791100 15.988754 -0.068170
v -0.821040 15.973038 -0.199500
v -0.583470 15.536163 -0.306320
v -0.684840 15.511063 -0.039590
v -0.656690 15.753052 -0.203700
v -0.583620 15.747833 -0.344470
v -0.723980 15.583954 0.139060
v -0.705020 15.974686 -0.165450
v -0.734240 16.004349 -0.001250
v -0.731470 15.808975 0.101450
v -0.576300 14.936447 -0.315400
v -0.427260 14.950104 -0.493390
v -0.612530 15.140625 -0.320510
v -0.454140 15.150467 -0.533910
v -0.213240 14.956894 -0.601860
v -0.615660 15.360672 -0.318080
v -0.440240 15.372345 -0.535590
v -0.399510 15.544754 -0.493870
v -0.230070 15.146744 -0.662390
v -0.213790 15.363739 -0.665350
v -0.194020 15.546875 -0.620690
v -0.428270 15.755112 -0.518240
v -0.227290 15.764343 -0.661140
v -0.619040 15.964386 -0.360920
v -0.457460 15.969635 -0.545860
v -0.250460 16.152588 0.969050
v -0.149980 16.130600 0.985930
v -0.165080 16.300079 0.981770
v -0.260200 16.318054 0.952910
v -0.350120 16.172134 0.930170
v -0.356490 16.332031 0.902670
v -0.431400 16.181442 0.873420
v -0.435320 16.334305 0.835730
v -0.501170 16.183975 0.802510
v -0.496630 16.328201 0.757690
v -0.552010 16.175186 0.712700
v -0.545420 16.315048 0.668140
v -0.601300 16.153046 0.591600
v -0.597010 16.304840 0.548050
v -0.641440 16.128464 0.473040
v -0.642750 16.288757 0.422280
v -0.674000 16.102905 0.334810
v -0.682710 16.275894 0.281120
v -0.709540 16.059006 0.170500
v -0.716250 16.250443 0.124420
v -0.729150 16.214981 -0.022750
v -0.708170 16.182144 -0.188310
v -0.619160 16.180923 -0.366440
v -0.251910 15.985764 -0.696780
v -0.463860 16.190964 -0.557370
v -0.258870 16.213226 -0.709190
v -0.259120 16.489655 -0.656810
v -0.083970 16.284409 0.993180
v -0.094280 16.504303 0.948680
v -0.176640 16.510040 0.936000
v -0.093280 16.706863 0.838710
v -0.267470 16.513306 0.901230
v -0.175210 16.702927 0.825700
v -0.086400 16.846680 0.709540
v -0.355090 16.513504 0.847420
v -0.464690 16.459763 -0.508200
v -0.612190 16.413895 -0.325860
v -0.690560 16.345367 -0.199050
v -0.708160 16.424500 -0.081280
v -0.637060 16.584183 -0.179320
v -0.435360 16.498215 0.776700
v -0.496850 16.462463 0.705430
v -0.541390 16.419693 0.640090
v -0.523860 16.584488 0.580670
v -0.581840 16.468155 0.527490
v -0.630510 16.491791 0.386980
v -0.673450 16.498215 0.240060
v -0.703270 16.481415 0.083570
v -0.580300 16.663818 0.394940
v -0.656280 16.674911 0.032280
v -0.627530 16.696487 0.214840
v -0.440680 16.657242 0.658940
v -0.348840 16.690201 0.735260
v -0.261910 16.699677 0.791810
v -0.472420 16.780685 0.477690
v -0.353540 16.831070 0.563740
v -0.247120 16.843964 0.642340
v -0.506480 16.690872 -0.316410
v -0.549140 16.838547 -0.041390
v -0.523620 16.859085 0.215390
v -0.359650 16.966507 0.270740
v -0.161020 16.848404 0.684540
v -0.278670 16.762283 -0.473220
v -0.329680 16.979706 -0.117580
v -0.249470 16.941254 0.481150
v -0.147230 16.961365 0.511450
v -0.192040 17.033035 0.275600
v -0.076610 16.917938 0.613570
v -0.198110 17.059647 0.059480
v -0.071830 15.620132 1.054090
v -0.132880 15.594131 0.985270
v -0.138540 15.512161 0.994950
v -0.080430 15.516388 1.069819
v -0.070750 15.456329 0.976790
v -0.154660 15.470078 0.934100
v -0.065550 15.729736 1.011520
v -0.131720 15.690872 0.963520
v -0.202780 15.667587 0.934750
v -0.196100 15.566040 0.943170
v -0.140200 15.352341 0.968850
v -0.059120 15.365356 1.016720
v -0.295890 15.380814 0.910280
v -0.222870 15.293518 0.916580
v -0.348110 15.240921 0.879170
v -0.249660 15.237808 0.890080
v -0.335270 15.132507 0.874070
v -0.228430 15.208405 0.899080
v -0.216130 15.077209 0.943080
v -0.172770 15.169754 0.935250
v -0.104840 15.048950 0.983930
v -0.092060 15.138855 0.983040
v -0.200800 15.764679 0.910000
v -0.135620 15.779480 0.930190
v -0.073500 15.850586 0.968010
v -0.137680 15.931335 0.944680
v -0.157540 15.896454 0.907460
v -0.125870 15.855087 0.911540
v -0.161100 15.849396 0.886860
v -0.204540 15.859055 0.875070
v -0.201300 15.822617 0.893620
v -0.147610 15.825455 0.904480
v -0.151860 15.858948 0.892180
v -0.179700 15.876984 0.896740
v -0.231500 15.938263 0.913980
v -0.239820 15.911163 0.905010
v -0.285870 15.851578 0.866180
v -0.294490 15.809952 0.881610
v -0.387370 15.862137 0.839450
v -0.417330 15.820999 0.843480
v -0.447690 15.872452 0.833450
v -0.485550 15.840057 0.809740
v -0.469160 15.917053 0.844910
v -0.531290 15.884094 0.807320
v -0.396700 15.914246 0.863790
v -0.401830 15.952225 0.872330
v -0.324510 15.932358 0.890040
v -0.323360 15.961914 0.903030
v -0.136310 16.012192 0.976010
v -0.239050 16.040955 0.971120
v -0.229370 15.977432 0.937920
v -0.338840 16.063141 0.942240
v -0.425710 16.074860 0.898540
v -0.411940 16.005402 0.888100
v -0.327620 16.001602 0.919260
v -0.487970 15.994797 0.847970
v -0.503110 16.080048 0.838100
v -0.561090 15.979202 0.789880
v -0.564180 16.076981 0.752850
v -0.303190 15.763138 0.884190
v -0.316950 15.670212 0.911000
v -0.318530 15.551025 0.930600
v -0.482120 15.597595 0.883360
v -0.487570 15.431992 0.881800
v -0.483240 15.220886 0.842630
v -0.513960 15.131516 0.779110
v -0.242070 14.967529 0.939500
v -0.354090 15.015274 0.851780
v -0.686570 15.531509 0.680880
v -0.725660 15.349594 0.588710
v -0.460280 15.718353 0.855060
v -0.436370 15.785294 0.833650
v -0.067990 16.115067 0.990730
v -0.060070 15.986053 0.981410
v -0.523620 15.812302 0.781290
v -0.561610 15.763199 0.764230
v -0.614000 15.671967 0.751750
v -0.584820 15.846100 0.752950
v -0.632190 15.806778 0.688950
v -0.623590 15.949844 0.697380
v -0.656180 15.900299 0.597680
v -0.677470 15.736053 0.597200
v -0.155660 15.849976 0.862300
v -0.191130 15.858795 0.854030
v -0.147840 15.860947 0.867510
v -0.165960 15.883942 0.851540
v -0.237930 15.932144 0.835930
v -0.275940 15.857025 0.811880
v -0.372650 15.868774 0.785570
v -0.420660 15.875488 0.806120
v -0.381330 15.928772 0.817560
v -0.320750 15.950317 0.823160
v -0.234050 15.923752 0.774550
v -0.260870 15.860336 0.762110
v -0.170180 15.846054 0.815400
v -0.150720 15.875000 0.813610
v -0.324160 15.942993 0.761170
v -0.360640 15.876251 0.742800
v -0.374330 15.927063 0.778720
v -0.401400 15.881485 0.769890
v -0.047930 15.292130 1.017500
v -0.115210 15.285583 0.987180
v -0.164140 15.250351 0.913120
v -0.180100 15.247314 0.867870
v -0.164210 15.254669 0.895920
v -0.119060 15.235245 0.928960
v -0.059710 15.223694 0.964360
v -0.043410 15.291153 0.898310
v -0.054740 15.347290 0.752640
v -0.086740 15.281784 0.879280
v -0.110140 15.289658 0.771030
v -0.139190 15.258423 0.848380
v -0.141510 15.263535 0.780760
v -0.158910 15.243164 0.830910
v -0.153300 15.251663 0.789920
v -0.136620 15.253693 0.834250
v -0.142980 15.252823 0.779420
v -0.103610 15.243134 0.851920
v -0.124310 15.230133 0.768900
v -0.051670 15.235825 0.872850
v -0.062760 15.222885 0.773580
v -0.133650 15.271011 0.754090
v -0.119410 15.279144 0.709760
v -0.051870 15.294769 0.684850
v -0.719270 15.607620 0.454430
v -0.676990 15.831894 0.469570
v -0.611050 16.052292 0.637730
v -0.646790 16.007233 0.528370
v -0.674690 15.956665 0.392470
v -0.708340 15.721924 0.311160
v -0.703700 15.882294 0.228660
v -0.737190 15.486008 0.348910
v -0.719280 15.242020 0.572320
v -0.745770 15.386185 0.312700
v -0.125190 14.937943 0.983910
v -0.725740 15.266174 0.068850
v -0.743230 15.276688 0.319560
v -2.229691 12.775566 0.685370
v -2.383141 13.073441 0.751760
v -2.664841 12.856712 0.769630
v -2.516090 12.552841 0.686980
v -2.636620 13.393593 0.515050
v -2.909660 13.166679 0.532110
v -2.826620 13.541512 0.006610
v -3.104639 13.319412 0.045180
v -2.883310 13.540497 -0.459270
v -3.183331 13.285461 -0.426950
v -2.798161 13.357582 -0.874840
v -3.105089 13.060059 -0.815490
v -2.553049 12.919838 -1.184260
v -2.860750 12.625648 -1.070920
v -2.217291 12.411201 -1.207710
v -2.587790 12.175240 -1.061940
v -2.049959 12.245918 -0.810310
v -2.432920 11.993889 -0.747070
v -2.139349 12.458366 0.045290
v -2.444401 12.214119 0.166570
v -3.761330 11.358223 0.514370
v -3.933468 11.710716 0.677800
v -4.350479 11.513847 0.875710
v -4.187458 11.145187 0.791830
v -4.234470 12.063782 0.690550
v -4.587132 11.821266 0.839330
v -4.522659 12.266502 0.478670
v -4.821690 11.958008 0.654850
v -4.688801 12.184433 0.141750
v -5.001869 11.878242 0.368470
v -4.681610 11.855423 -0.166890
v -5.069321 11.579872 0.074560
v -4.504349 11.438950 -0.320030
v -4.922112 11.201950 -0.040460
v -4.258579 11.207726 -0.261620
v -4.664200 10.989189 0.054800
v -4.007961 11.136528 -0.052310
v -4.417000 10.902100 0.246890
v -3.799381 11.168037 0.243420
v -4.215569 10.944458 0.563880
v -0.741230 14.731247 -0.160540
v -0.666680 14.879974 -0.090250
v -0.703040 15.080826 -0.011930
v -0.520910 15.071121 0.740230
v -0.709700 15.162567 0.536480
v -0.164310 14.856766 0.872870
v -0.135760 14.881516 0.918420
v -0.224160 14.915100 0.902850
v -0.281210 14.933304 0.837260
v -0.461080 14.950180 0.730690
v -0.217000 14.816025 0.843000
v -0.180590 14.474197 0.446550
v -0.381810 14.569565 0.297160
v -0.698210 15.072006 0.442210
v -0.670480 14.945236 0.325910
v -0.631530 14.647705 0.127170
v -0.634120 14.792282 0.208670
v -0.466020 14.681213 0.455520
v -0.506420 14.827652 0.624230
v -0.259810 14.719528 0.783350
v -0.248900 14.589966 0.640670
v -0.117090 8.520897 0.315930
v -0.072500 8.573380 0.309960
v -0.153200 8.531288 0.816910
v -0.261900 8.510689 0.944060
v -0.349300 8.574440 1.145659
v -0.728580 8.497940 1.619180
v -0.857340 8.777481 1.289010
v -0.535490 8.653023 1.147340
v -1.593240 9.101448 1.710850
v -1.819019 9.447716 1.558020
v -1.665890 9.321709 1.225230
v -1.467100 9.110367 1.347090
v -2.023390 9.867073 1.265560
v -1.900511 9.568741 0.990620
v -0.619050 8.441002 1.255780
v -0.849300 8.683838 1.276720
v -1.910700 10.588936 1.306470
v -2.048241 10.766418 0.910780
v -2.106529 10.467331 0.895860
v -2.000231 10.212677 1.343030
v -1.240420 9.016838 1.251410
v -1.232210 8.924751 1.384040
v -1.445700 9.160667 1.201220
v -1.628800 9.286217 1.122050
v -1.864380 9.450821 0.889729
v -2.202530 10.309090 0.258500
v -2.164209 9.933113 0.169150
v -2.047380 9.747162 0.654080
v -2.120070 10.173088 0.830800
v -2.118561 9.731522 0.145340
v -2.013781 9.573509 0.567100
v -2.122169 9.843979 -0.294340
v -2.097441 9.629242 -0.244620
v -2.071730 9.570602 0.208960
v -2.151520 9.327507 -0.837830
v -2.110809 9.329453 -0.213250
v -2.095490 9.667557 -0.868840
v -1.481950 9.294418 -2.001221
v -1.507390 8.823990 -1.969999
v -2.019970 9.222168 -1.359780
v -1.935909 9.592186 -1.404220
v -0.459180 8.768280 -2.058430
v -0.395930 8.346107 -1.873940
v -0.884660 8.471939 -2.113159
v -0.892950 8.968002 -2.218849
v -2.014820 8.771431 -1.421190
v -2.181410 8.903923 -0.911540
v -2.039471 8.386772 -1.381010
v -1.500570 8.463051 -1.908979
v -1.572100 8.178780 -1.734840
v -0.428440 8.173172 -1.671140
v -0.532810 8.057922 -1.506090
v -1.027030 8.054314 -1.779631
v -0.899760 8.221977 -1.996361
v -0.206340 8.180283 -1.038800
v -0.130650 8.269440 -1.128610
v -0.080340 8.535347 -0.407550
v -0.126540 8.460739 -0.377160
v -1.889980 8.592583 0.827680
v -2.126829 8.673317 0.277870
v -2.208929 8.660667 -0.309540
v -2.224859 8.550240 -0.907910
v -0.056180 8.661476 -0.317670
v -2.057289 9.930656 -0.911820
v -2.153490 10.059151 -0.335900
v -2.026890 10.179741 -0.944530
v -1.425800 9.690422 -1.963610
v -1.370620 10.072289 -1.889030
v -0.909610 9.897888 -2.106520
v -0.897810 9.432968 -2.196310
v -0.572280 9.793839 -2.105680
v -0.509120 9.254662 -2.147770
v -2.165390 10.351540 -0.335470
v -1.998529 10.443810 -0.932980
v -0.099450 8.374611 0.322880
v -0.241830 8.205643 1.033210
v -0.547760 8.197762 1.327450
v -0.901140 8.268433 1.423330
v -1.070940 8.879852 1.285110
v -1.684830 9.062508 1.134150
v -1.394290 8.867508 1.332020
v -1.517490 9.114082 1.190930
v -1.785870 9.298462 0.967250
v -2.158110 8.959579 -0.285710
v -2.086390 8.972961 0.300290
v -2.045940 9.313957 0.313010
v -1.154620 8.727226 1.383759
v -1.289750 8.621162 1.365400
v -0.950470 8.498932 1.378320
v -1.304190 8.995407 1.262700
v -1.879761 9.213936 0.804060
v -1.873409 8.897194 0.844850
v -1.631890 8.780617 1.175000
v -1.630810 8.502892 1.165170
v -0.071570 8.443420 -1.149060
v -1.269530 8.378922 1.367720
v 0.000000 8.460999 1.186980
v 0.000000 8.359596 1.727450
v 0.000000 8.422798 0.781640
v -1.334990 10.415031 -1.772320
v -0.937030 10.355080 -2.012131
v -0.642730 10.291359 -2.028620
v -0.337020 10.229134 -1.985720
v -0.242090 9.707191 -1.984180
v -1.091200 11.095596 -1.709830
v -0.990990 10.689240 -1.881491
v -1.334140 10.705399 -1.694700
v -1.345180 10.940918 -1.621390
v -0.690180 10.606148 -1.956079
v -0.720410 11.041672 -1.837589
v -0.439330 10.980614 -1.812691
v -0.407050 10.542442 -1.927071
v -0.774690 8.776230 2.090010
v 0.000000 8.554947 2.274679
v 0.000000 9.213387 2.526409
v -0.720650 9.261818 2.457291
v 0.000000 8.516426 0.300570
v 0.000000 8.694344 -0.292520
v -0.216780 12.168991 1.762710
v 0.000000 12.142433 1.751260
v 0.000000 12.503548 1.445290
v -0.248120 12.529312 1.475490
v -0.270990 12.918167 1.260010
v -0.611200 12.771950 1.254740
v -0.550270 12.508476 1.416540
v -0.919370 12.613121 1.038310
v -0.914330 12.313820 1.320060
v -1.103680 12.477623 0.842450
v -1.476740 12.294838 0.420140
v -1.551700 12.074669 0.595720
v -1.154080 12.254379 1.094020
v -1.790689 11.915993 0.024930
v -1.721560 12.142479 -0.063100
v -1.795000 11.888199 -0.303450
v -1.706690 11.979492 -0.584390
v -1.675460 11.858192 -0.825820
v -1.834379 11.732170 -0.482090
v -1.388550 11.921692 -1.163540
v -0.955890 11.871956 -1.521040
v -0.983740 11.525940 -1.653850
v -1.522070 11.600761 -1.155410
v -0.705550 11.480598 -1.728270
v -0.689450 11.840820 -1.630120
v -0.393750 11.815163 -1.663280
v -0.406500 11.441467 -1.726280
v 0.000000 11.793839 -1.652150
v 0.000000 11.402817 -1.672640
v 0.000000 13.355133 1.049900
v 0.000000 13.566261 0.928010
v -0.129740 13.596153 0.959270
v -0.127050 13.406548 1.097840
v -0.500730 13.121422 1.344280
v -0.818770 12.972633 1.325840
v -0.383350 13.605698 1.026220
v -0.456690 13.410019 1.174850
v -1.152540 12.704979 1.156780
v -1.504850 12.388573 0.817620
v -1.290970 12.889908 1.151810
v -1.690790 12.532158 0.794800
v -0.875950 13.327477 1.161270
v -0.735120 13.544960 1.028850
v -1.053780 13.499641 0.983850
v -1.235830 13.197212 1.103110
v -1.438860 12.918770 -0.641970
v -1.554300 12.710320 -0.687200
v -1.629610 12.872047 -0.072950
v -1.550320 13.111656 0.022290
v 0.000000 11.638229 2.101709
v -0.233440 11.661720 2.114460
v -0.277670 11.250290 2.270689
v 0.000000 11.224411 2.265471
v -0.593250 11.746246 1.952459
v -0.697420 11.335457 2.081881
v -1.273710 11.436623 1.543630
v -1.466450 11.092796 1.557910
v -1.191890 10.951370 1.902889
v -1.000800 11.393181 1.842279
v -1.829781 11.537567 0.739070
v -1.944250 11.293777 0.799550
v -1.752820 11.208473 1.201650
v -1.602190 11.480179 1.177460
v -1.947540 11.683144 -0.042080
v -2.024719 11.386452 -0.107030
v -2.038710 11.338036 0.359130
v -1.975109 11.520370 0.314250
v -1.861259 11.490677 -0.681180
v 0.000000 9.995422 2.529881
v 0.000000 10.617630 2.438641
v -0.402650 10.639000 2.443689
v -0.553560 10.017990 2.519190
v -0.871670 10.800468 2.196310
v -1.046430 10.256592 2.252451
v -1.616790 10.732231 1.578930
v -1.359260 10.497673 1.937889
v -2.000389 11.030212 0.874320
v -1.846100 10.904182 1.253130
v -2.074409 11.162376 -0.160290
v -2.105810 11.123428 0.363250
v -1.903971 11.231316 -0.786770
v -1.551790 11.268753 -1.282920
v -0.743920 12.041847 1.640540
v -1.094690 11.866493 1.457390
v -0.844770 11.763657 1.750400
v -1.702330 11.830788 0.628330
v -1.351790 11.884216 1.187790
v -0.138690 13.181450 1.162480
v 0.000000 12.811890 1.233590
v 0.000000 13.117043 1.109840
v -0.505120 13.258842 1.273190
v -1.670350 12.342590 0.503580
v -1.690600 12.337242 -0.099780
v -0.908700 13.142738 1.268160
v -1.539940 13.356186 0.753540
v -1.685150 13.002632 0.768900
v -1.694440 12.611214 -0.167060
v -1.620660 12.490097 -0.698590
v -1.615990 12.164017 -0.676190
v -1.865931 12.559372 0.440630
v -1.755300 13.016487 0.322700
v -2.194590 10.597923 0.312680
v -1.956270 10.714447 -0.873090
v -2.155029 10.648407 -0.291780
v -1.293740 8.800148 1.753350
v -1.277800 9.090973 2.093870
v -1.583980 9.456512 1.937109
v -1.838490 9.891541 -1.448640
v 0.000000 10.945396 -1.764920
v 0.000000 10.496803 -1.902790
v -1.579550 13.328453 0.020680
v -1.491720 13.009750 -0.633100
v -1.422470 13.189346 -1.323320
v -1.259210 12.947922 -1.403060
v -1.709560 13.257729 0.448790
v -1.059030 13.619118 -1.339040
v -1.016490 13.240501 -1.522240
v -0.633830 12.510063 -1.642170
v -0.317960 12.525589 -1.681630
v -0.361090 12.308456 -1.664270
v -0.672720 12.308487 -1.614840
v -1.240040 12.468292 -1.341280
v -1.174830 12.707550 -1.495900
v -0.929210 12.550148 -1.578130
v -0.962610 12.347893 -1.518970
v -1.345280 12.577492 -1.204610
v -0.961460 12.997559 -1.577020
v -0.786720 13.777267 -1.275760
v -1.703279 13.382942 0.374470
v -0.205780 13.883698 -1.265830
v -0.471470 13.913902 -1.265520
v -0.380320 13.581467 -1.458660
v -0.713000 13.455063 -1.458110
v -0.702470 13.238441 -1.556130
v -0.535730 12.770836 -1.654510
v -0.245620 12.792763 -1.663650
v -0.410130 13.289917 -1.572040
v -0.170460 13.586891 -1.412220
v -0.159000 13.278961 -1.533660
v -0.386130 12.088646 -1.646590
v 0.000000 12.069771 -1.667820
v 0.000000 12.774887 -1.660350
v 0.000000 12.523262 -1.696550
v 0.000000 13.850441 -1.235980
v 0.000000 13.555702 -1.390040
v 0.000000 13.253952 -1.527360
v 0.000000 8.787521 -0.827710
v 0.000000 8.984596 -1.333360
v -0.121170 8.734177 -1.712410
v -0.172640 9.173798 -1.926910
v 0.000000 9.274879 -1.618740
v 0.000000 9.651299 -1.808519
v 0.000000 10.166672 -1.949869
v -2.146040 10.884781 0.354050
v -2.114799 10.937263 -0.216960
v -1.937290 10.979538 -0.831350
v -1.489870 9.967407 1.977190
v -1.208430 9.594246 2.253510
v -0.686890 12.102722 -1.599180
v -1.281120 12.213928 -1.197930
v -0.957160 12.134636 -1.482570
v 0.000000 12.296860 -1.690100
v -1.707810 10.332230 1.633030
v -1.811871 9.841331 1.680900
v -1.956329 9.447647 0.636280
v -0.563050 12.212830 1.690110
v -1.741970 10.191483 -1.471150
v -1.686830 10.462387 -1.405420
v -1.671070 10.733803 -1.353010
v -1.656420 10.987167 -1.315040
v -1.515410 12.097832 -0.897970
v -1.403960 12.335892 -1.000990
v -0.195060 13.023720 -1.620230
v -0.489180 12.983597 -1.639040
v 0.000000 13.017731 -1.605350
v -0.661160 13.001053 -1.624030
v -0.779990 12.794357 -1.624430
v 0.117090 8.520897 0.315930
v 0.261900 8.510689 0.944060
v 0.153200 8.531288 0.816910
v 0.072500 8.573380 0.309960
v 0.349300 8.574440 1.145659
v 0.535490 8.653023 1.147340
v 0.857340 8.777481 1.289010
v 0.728580 8.497940 1.619180
v 1.593240 9.101448 1.710850
v 1.467100 9.110367 1.347090
v 1.665890 9.321709 1.225230
v 1.819019 9.447716 1.558020
v 1.900511 9.568741 0.990620
v 2.023390 9.867073 1.265560
v 0.619050 8.441002 1.255780
v 0.849300 8.683838 1.276720
v 1.910700 10.588936 1.306470
v 2.000231 10.212677 1.343030
v 2.106529 10.467331 0.895860
v 2.048241 10.766418 0.910780
v 1.240420 9.016838 1.251410
v 1.445700 9.160667 1.201220
v 1.232210 8.924751 1.384040
v 1.628800 9.286217 1.122050
v 1.864380 9.450821 0.889729
v 2.202530 10.309090 0.258500
v 2.120070 10.173088 0.830800
v 2.047380 9.747162 0.654080
v 2.164209 9.933113 0.169150
v 2.118561 9.731522 0.145340
v 2.013781 9.573509 0.567100
v 2.071730 9.570602 0.208960
v 2.097441 9.629242 -0.244620
v 2.122169 9.843979 -0.294340
v 2.151520 9.327507 -0.837830
v 2.095490 9.667557 -0.868840
v 2.110809 9.329453 -0.213250
v 1.481950 9.294418 -2.001221
v 1.935909 9.592186 -1.404220
v 2.019970 9.222168 -1.359780
v 1.507390 8.823990 -1.969999
v 0.459180 8.768280 -2.058430
v 0.892950 8.968002 -2.218849
v 0.884660 8.471939 -2.113159
v 0.395930 8.346107 -1.873940
v 2.181410 8.903923 -0.911540
v 2.014820 8.771431 -1.421190
v 2.039471 8.386772 -1.381010
v 1.572100 8.178780 -1.734840
v 1.500570 8.463051 -1.908979
v 0.428440 8.173172 -1.671140
v 0.899760 8.221977 -1.996361
v 1.027030 8.054314 -1.779631
v 0.532810 8.057922 -1.506090
v 0.206340 8.180283 -1.038800
v 0.126540 8.460739 -0.377160
v 0.080340 8.535347 -0.407550
v 0.130650 8.269440 -1.128610
v 2.126829 8.673317 0.277870
v 1.889980 8.592583 0.827680
v 2.224859 8.550240 -0.907910
v 2.208929 8.660667 -0.309540
v 0.056180 8.661476 -0.317670
v 2.057289 9.930656 -0.911820
v 2.026890 10.179741 -0.944530
v 2.153490 10.059151 -0.335900
v 1.425800 9.690422 -1.963610
v 0.897810 9.432968 -2.196310
v 0.909610 9.897888 -2.106520
v 1.370620 10.072289 -1.889030
v 0.572280 9.793839 -2.105680
v 0.509120 9.254662 -2.147770
v 1.998529 10.443810 -0.932980
v 2.165390 10.351540 -0.335470
v 0.099450 8.374611 0.322880
v 0.241830 8.205643 1.033210
v 0.547760 8.197762 1.327450
v 0.901140 8.268433 1.423330
v 1.070940 8.879852 1.285110
v 1.684830 9.062508 1.134150
v 1.785870 9.298462 0.967250
v 1.517490 9.114082 1.190930
v 1.394290 8.867508 1.332020
v 2.045940 9.313957 0.313010
v 2.086390 8.972961 0.300290
v 2.158110 8.959579 -0.285710
v 1.154620 8.727226 1.383759
v 0.950470 8.498932 1.378320
v 1.289750 8.621162 1.365400
v 1.304190 8.995407 1.262700
v 1.631890 8.780617 1.175000
v 1.873409 8.897194 0.844850
v 1.879761 9.213936 0.804060
v 1.630810 8.502892 1.165170
v 0.071570 8.443420 -1.149060
v 1.269530 8.378922 1.367720
v 0.937030 10.355080 -2.012131
v 1.334990 10.415031 -1.772320
v 0.242090 9.707191 -1.984180
v 0.337020 10.229134 -1.985720
v 0.642730 10.291359 -2.028620
v 1.125530 11.108932 -1.711120
v 1.345180 10.940918 -1.621390
v 1.334140 10.705399 -1.694700
v 0.990990 10.689240 -1.881491
v 0.690180 10.606148 -1.956079
v 0.407050 10.542442 -1.927071
v 0.439330 10.980614 -1.812691
v 0.720410 11.041672 -1.837589
v 0.774690 8.776230 2.090010
v 0.720650 9.261818 2.457291
v 0.216780 12.168991 1.762710
v 0.248120 12.529312 1.475490
v 0.550270 12.508476 1.416540
v 0.611200 12.771950 1.254740
v 0.270990 12.918167 1.260010
v 0.914330 12.313820 1.320060
v 0.919370 12.613121 1.038310
v 1.103680 12.477623 0.842450
v 1.154080 12.254379 1.094020
v 1.551700 12.074669 0.595720
v 1.476740 12.294838 0.420140
v 1.790689 11.915993 0.024930
v 1.721560 12.142479 -0.063100
v 1.795000 11.888199 -0.303450
v 1.834379 11.732170 -0.482090
v 1.675460 11.858192 -0.825820
v 1.706690 11.979492 -0.584390
v 1.388550 11.921692 -1.163540
v 1.522070 11.600761 -1.155410
v 0.983740 11.525940 -1.653850
v 0.955890 11.871956 -1.521040
v 0.705550 11.480598 -1.728270
v 0.406500 11.441467 -1.726280
v 0.393750 11.815163 -1.663280
v 0.689450 11.840820 -1.630120
v 0.127050 13.406548 1.097840
v 0.129740 13.596153 0.959270
v 0.818770 12.972633 1.325840
v 0.500730 13.121422 1.344280
v 0.456690 13.410019 1.174850
v 0.383350 13.605698 1.026220
v 1.152540 12.704979 1.156780
v 1.504850 12.388573 0.817620
v 1.690790 12.532158 0.794800
v 1.290970 12.889908 1.151810
v 0.875950 13.327477 1.161270
v 1.235830 13.197212 1.103110
v 1.053780 13.499641 0.983850
v 0.735120 13.544960 1.028850
v 1.438860 12.918770 -0.641970
v 1.550320 13.111656 0.022290
v 1.629610 12.872047 -0.072950
v 1.554300 12.710320 -0.687200
v 0.277670 11.250290 2.270689
v 0.233440 11.661720 2.114460
v 0.697420 11.335457 2.081881
v 0.593250 11.746246 1.952459
v 1.273710 11.436623 1.543630
v 1.000800 11.393181 1.842279
v 1.191890 10.951370 1.902889
v 1.466450 11.092796 1.557910
v 1.829781 11.537567 0.739070
v 1.602190 11.480179 1.177460
v 1.752820 11.208473 1.201650
v 1.944250 11.293777 0.799550
v 1.947540 11.683144 -0.042080
v 1.975109 11.520370 0.314250
v 2.038710 11.338036 0.359130
v 2.024719 11.386452 -0.107030
v 1.861259 11.490677 -0.681180
v 0.553560 10.017990 2.519190
v 0.402650 10.639000 2.443689
v 1.046430 10.256592 2.252451
v 0.871670 10.800468 2.196310
v 1.359260 10.497673 1.937889
v 1.616790 10.732231 1.578930
v 1.846100 10.904182 1.253130
v 2.000389 11.030212 0.874320
v 2.105810 11.123428 0.363250
v 2.074409 11.162376 -0.160290
v 1.903971 11.231316 -0.786770
v 1.585410 11.236458 -1.306550
v 0.743920 12.041847 1.640540
v 0.844770 11.763657 1.750400
v 1.094690 11.866493 1.457390
v 1.351790 11.884216 1.187790
v 1.702330 11.830788 0.628330
v 0.138690 13.181450 1.162480
v 0.505120 13.258842 1.273190
v 1.670350 12.342590 0.503580
v 1.690600 12.337242 -0.099780
v 0.908700 13.142738 1.268160
v 1.539940 13.356186 0.753540
v 1.685150 13.002632 0.768900
v 1.694440 12.611214 -0.167060
v 1.615990 12.164017 -0.676190
v 1.620660 12.490097 -0.698590
v 1.755300 13.016487 0.322700
v 1.865931 12.559372 0.440630
v 2.194590 10.597923 0.312680
v 1.956270 10.714447 -0.873090
v 2.155029 10.648407 -0.291780
v 1.583980 9.456512 1.937109
v 1.277800 9.090973 2.093870
v 1.293740 8.800148 1.753350
v 1.838490 9.891541 -1.448640
v 1.491720 13.009750 -0.633100
v 1.579550 13.328453 0.020680
v 1.259210 12.947922 -1.403060
v 1.422470 13.189346 -1.323320
v 1.709560 13.257729 0.448790
v 1.016490 13.240501 -1.522240
v 1.059030 13.619118 -1.339040
v 0.633830 12.510063 -1.642170
v 0.672720 12.308487 -1.614840
v 0.361090 12.308456 -1.664270
v 0.317960 12.525589 -1.681630
v 1.240040 12.468292 -1.341280
v 0.962610 12.347893 -1.518970
v 0.929210 12.550148 -1.578130
v 1.174830 12.707550 -1.495900
v 1.345280 12.577492 -1.204610
v 0.961460 12.997559 -1.577020
v 0.786720 13.777267 -1.275760
v 1.703279 13.382942 0.374470
v 0.471470 13.913902 -1.265520
v 0.205780 13.883698 -1.265830
v 0.713000 13.455063 -1.458110
v 0.380320 13.581467 -1.458660
v 0.702470 13.238441 -1.556130
v 0.245620 12.792763 -1.663650
v 0.535730 12.770836 -1.654510
v 0.410130 13.289917 -1.572040
v 0.159000 13.278961 -1.533660
v 0.170460 13.586891 -1.412220
v 0.386130 12.088646 -1.646590
v 0.172640 9.173798 -1.926910
v 0.121170 8.734177 -1.712410
v 2.146040 10.884781 0.354050
v 1.937290 10.979538 -0.831350
v 2.114799 10.937263 -0.216960
v 1.489870 9.967407 1.977190
v 1.208430 9.594246 2.253510
v 0.686890 12.102722 -1.599180
v 1.281120 12.213928 -1.197930
v 0.957160 12.134636 -1.482570
v 1.707810 10.332230 1.633030
v 1.811871 9.841331 1.680900
v 1.956329 9.447647 0.636280
v 0.563050 12.212830 1.690110
v 1.741970 10.191483 -1.471150
v 1.686830 10.462387 -1.405420
v 1.671070 10.733803 -1.353010
v 1.656420 10.987167 -1.315040
v 1.515410 12.097832 -0.897970
v 1.403960 12.335892 -1.000990
v 0.195060 13.023720 -1.620230
v 0.489180 12.983597 -1.639040
v 0.779990 12.794357 -1.624430
v 0.661160 13.001053 -1.624030
vt 0.818700 0.777300
vt 0.811000 0.779700
vt 0.813300 0.770300
vt 0.819800 0.770600
vt 0.825100 0.770500
vt 0.824500 0.777000
vt 0.829600 0.777000
vt 0.829800 0.770700
vt 0.834100 0.771500
vt 0.834200 0.776100
vt 0.837800 0.771200
vt 0.838400 0.775900
vt 0.831000 0.782600
vt 0.825900 0.783800
vt 0.720900 0.065400
vt 0.724700 0.071300
vt 0.717100 0.076500
vt 0.713100 0.071400
vt 0.798900 0.773300
vt 0.805100 0.765400
vt 0.802600 0.789200
vt 0.792600 0.780700
vt 0.814000 0.785700
vt 0.809700 0.790100
vt 0.814300 0.792700
vt 0.818100 0.788800
vt 0.821300 0.764200
vt 0.817000 0.764000
vt 0.825900 0.763800
vt 0.831000 0.765100
vt 0.812500 0.759000
vt 0.807600 0.752200
vt 0.797700 0.757700
vt 0.790100 0.764900
vt 0.805500 0.744700
vt 0.793300 0.749600
vt 0.782800 0.756600
vt 0.821900 0.782800
vt 0.819300 0.782500
vt 0.716400 0.061000
vt 0.709700 0.068000
vt 0.705600 0.065100
vt 0.712200 0.055900
vt 0.698300 0.053900
vt 0.695300 0.065700
vt 0.820800 0.784400
vt 0.823800 0.785800
vt 0.822200 0.791800
vt 0.826900 0.789100
vt 0.828000 0.793100
vt 0.824900 0.794600
vt 0.825300 0.800000
vt 0.822600 0.797500
vt 0.827700 0.796800
vt 0.813400 0.799700
vt 0.818700 0.795800
vt 0.818000 0.801700
vt 0.722400 0.055300
vt 0.723600 0.046300
vt 0.730000 0.048100
vt 0.728500 0.056300
vt 0.811000 0.797200
vt 0.808900 0.796100
vt 0.803200 0.794400
vt 0.809500 0.797300
vt 0.798000 0.797600
vt 0.792400 0.795100
vt 0.718100 0.054200
vt 0.718600 0.045500
vt 0.712600 0.042200
vt 0.699000 0.042200
vt 0.805000 0.798600
vt 0.811800 0.799700
vt 0.800700 0.801500
vt 0.807200 0.802800
vt 0.808500 0.806300
vt 0.806200 0.807800
vt 0.803300 0.805300
vt 0.812700 0.804100
vt 0.810600 0.808100
vt 0.806600 0.810200
vt 0.726100 0.037400
vt 0.723800 0.030100
vt 0.728700 0.030000
vt 0.730300 0.034200
vt 0.718500 0.031100
vt 0.720600 0.039300
vt 0.802300 0.810200
vt 0.798800 0.807700
vt 0.822300 0.801000
vt 0.734700 0.050900
vt 0.733600 0.055800
vt 0.835300 0.779700
vt 0.726500 0.077500
vt 0.721700 0.080800
vt 0.835200 0.767900
vt 0.681800 0.066200
vt 0.683500 0.053600
vt 0.684400 0.042400
vt 0.785100 0.786200
vt 0.795700 0.802500
vt 0.797200 0.804500
vt 0.780500 0.797300
vt 0.775700 0.789500
vt 0.787900 0.803600
vt 0.786000 0.799900
vt 0.791800 0.798900
vt 0.792300 0.803000
vt 0.793200 0.808000
vt 0.789300 0.808600
vt 0.791000 0.812000
vt 0.793400 0.812000
vt 0.793000 0.814900
vt 0.790000 0.814200
vt 0.713900 0.032000
vt 0.716300 0.040000
vt 0.707900 0.029800
vt 0.695700 0.032000
vt 0.796100 0.803300
vt 0.697700 0.020400
vt 0.688100 0.024100
vt 0.714800 0.013200
vt 0.717900 0.014700
vt 0.716500 0.019200
vt 0.711400 0.016000
vt 0.797600 0.810100
vt 0.795700 0.813100
vt 0.797700 0.805800
vt 0.786600 0.812700
vt 0.783400 0.806400
vt 0.781400 0.805000
vt 0.784100 0.809300
vt 0.712800 0.024300
vt 0.707600 0.019600
vt 0.704400 0.021300
vt 0.709400 0.027100
vt 0.771900 0.797600
vt 0.767400 0.792900
vt 0.772800 0.803400
vt 0.772700 0.800600
vt 0.779100 0.800100
vt 0.778200 0.803100
vt 0.772900 0.807200
vt 0.777500 0.807400
vt 0.773700 0.810500
vt 0.776300 0.811300
vt 0.767100 0.803200
vt 0.767000 0.805700
vt 0.763700 0.798200
vt 0.766600 0.801500
vt 0.768300 0.809500
vt 0.771300 0.812600
vt 0.774400 0.814300
vt 0.781300 0.804900
vt 0.782200 0.807000
vt 0.781500 0.810400
vt 0.778600 0.812900
vt 0.784600 0.772500
vt 0.778100 0.778300
vt 0.769000 0.783300
vt 0.761300 0.788700
vt 0.758900 0.795100
vt 0.688900 0.015700
vt 0.681300 0.016400
vt 0.690900 0.014700
vt 0.697600 0.018900
vt 0.699300 0.016100
vt 0.692400 0.013100
vt 0.694100 0.009500
vt 0.700600 0.010900
vt 0.695900 0.005100
vt 0.699900 0.005400
vt 0.682500 0.033000
vt 0.677300 0.024800
vt 0.671600 0.017000
vt 0.760200 0.776400
vt 0.753900 0.785000
vt 0.769300 0.769300
vt 0.776400 0.763400
vt 0.769600 0.755900
vt 0.777600 0.749100
vt 0.745400 0.791500
vt 0.745600 0.782900
vt 0.752800 0.792900
vt 0.760400 0.762400
vt 0.750000 0.772200
vt 0.791300 0.741100
vt 0.654600 0.026300
vt 0.650200 0.019500
vt 0.661300 0.017800
vt 0.666500 0.025000
vt 0.657300 0.033500
vt 0.670400 0.033000
vt 0.805600 0.736200
vt 0.671400 0.042000
vt 0.670700 0.052600
vt 0.657500 0.051200
vt 0.658100 0.041600
vt 0.735800 0.782800
vt 0.736700 0.768900
vt 0.746200 0.748800
vt 0.733800 0.757600
vt 0.731700 0.746800
vt 0.743600 0.739900
vt 0.750000 0.756000
vt 0.762200 0.747500
vt 0.773500 0.737300
vt 0.793000 0.730000
vt 0.786300 0.718900
vt 0.797200 0.717100
vt 0.766200 0.732400
vt 0.757400 0.741300
vt 0.752100 0.733600
vt 0.759300 0.725900
vt 0.736500 0.791600
vt 0.806200 0.726400
vt 0.807500 0.714900
vt 0.723500 0.774800
vt 0.724400 0.784600
vt 0.725000 0.793100
vt 0.641100 0.029200
vt 0.638000 0.022800
vt 0.643700 0.035600
vt 0.644400 0.042700
vt 0.643200 0.051300
vt 0.656900 0.063700
vt 0.642500 0.062700
vt 0.627300 0.061900
vt 0.626900 0.050300
vt 0.775400 0.718800
vt 0.634300 0.043900
vt 0.633800 0.038600
vt 0.623600 0.027700
vt 0.625600 0.035900
vt 0.715200 0.793800
vt 0.714000 0.786400
vt 0.610200 0.039600
vt 0.611100 0.051000
vt 0.615500 0.059500
vt 0.712900 0.777000
vt 0.722000 0.763900
vt 0.710700 0.766800
vt 0.800000 0.704900
vt 0.807800 0.705200
vt 0.790500 0.705300
vt 0.782800 0.704400
vt 0.612500 0.031800
vt 0.719300 0.751600
vt 0.766200 0.714400
vt 0.707700 0.754500
vt 0.775000 0.701500
vt 0.726000 0.733900
vt 0.736900 0.728700
vt 0.744400 0.722600
vt 0.750900 0.715300
vt 0.757400 0.705600
vt 0.713900 0.737400
vt 0.702300 0.739600
vt 0.707800 0.796700
vt 0.697200 0.798300
vt 0.697000 0.788700
vt 0.705800 0.787200
vt 0.694900 0.778800
vt 0.686300 0.790300
vt 0.683700 0.780600
vt 0.692800 0.769200
vt 0.681700 0.772000
vt 0.682300 0.746600
vt 0.689200 0.759200
vt 0.678200 0.763200
vt 0.671200 0.752300
vt 0.704200 0.777700
vt 0.701800 0.767800
vt 0.698200 0.756600
vt 0.692400 0.742500
vt 0.716800 0.714500
vt 0.725600 0.710500
vt 0.737900 0.699300
vt 0.732400 0.706100
vt 0.705200 0.715100
vt 0.743700 0.689800
vt 0.694000 0.717100
vt 0.752600 0.678100
vt 0.766200 0.694500
vt 0.683000 0.720600
vt 0.658200 0.734300
vt 0.670100 0.726400
vt 0.688700 0.797900
vt 0.669700 0.065500
vt 0.674500 0.201400
vt 0.657800 0.199700
vt 0.659600 0.186500
vt 0.677500 0.186200
vt 0.660800 0.171800
vt 0.680100 0.169700
vt 0.660500 0.157800
vt 0.681400 0.154800
vt 0.680100 0.139500
vt 0.659100 0.144800
vt 0.675600 0.122600
vt 0.655100 0.130800
vt 0.667400 0.109500
vt 0.648900 0.118900
vt 0.663300 0.240500
vt 0.657700 0.255800
vt 0.642200 0.243500
vt 0.648100 0.231100
vt 0.667600 0.227100
vt 0.652200 0.220500
vt 0.655400 0.210500
vt 0.671300 0.214800
vt 0.768500 0.196000
vt 0.763400 0.220300
vt 0.737400 0.214800
vt 0.743400 0.191200
vt 0.771500 0.171300
vt 0.747600 0.168500
vt 0.771400 0.149200
vt 0.748200 0.147200
vt 0.770100 0.128800
vt 0.746800 0.128100
vt 0.743400 0.106900
vt 0.767300 0.106500
vt 0.739600 0.087000
vt 0.764800 0.085900
vt 0.736400 0.296200
vt 0.713700 0.290100
vt 0.721800 0.268200
vt 0.745400 0.275200
vt 0.727500 0.249600
vt 0.751900 0.256600
vt 0.732500 0.234200
vt 0.757800 0.239800
vt 0.806900 0.205400
vt 0.801600 0.228500
vt 0.782900 0.223800
vt 0.788200 0.201100
vt 0.810500 0.177200
vt 0.791400 0.175600
vt 0.811400 0.152000
vt 0.792400 0.151500
vt 0.791000 0.129000
vt 0.809100 0.128200
vt 0.787100 0.104900
vt 0.803200 0.103200
vt 0.783200 0.084600
vt 0.797000 0.082800
vt 0.767600 0.309200
vt 0.754300 0.301800
vt 0.764700 0.280400
vt 0.781200 0.287100
vt 0.771700 0.261200
vt 0.790300 0.266800
vt 0.795700 0.247300
vt 0.777100 0.242600
vt 0.826700 0.209800
vt 0.836600 0.226000
vt 0.833600 0.241000
vt 0.822000 0.236700
vt 0.841300 0.194300
vt 0.854100 0.194500
vt 0.851600 0.212700
vt 0.830700 0.151200
vt 0.843000 0.163500
vt 0.842800 0.177400
vt 0.830500 0.177600
vt 0.827600 0.127300
vt 0.839100 0.125500
vt 0.841000 0.138200
vt 0.835200 0.110900
vt 0.820600 0.100200
vt 0.840400 0.086600
vt 0.846200 0.104500
vt 0.811700 0.076400
vt 0.833100 0.064700
vt 0.824100 0.306500
vt 0.798800 0.336500
vt 0.780400 0.320100
vt 0.799400 0.295500
vt 0.835900 0.285200
vt 0.811300 0.275500
vt 0.817400 0.256200
vt 0.840500 0.270900
vt 0.843000 0.258200
vt 0.829000 0.252200
vt 0.845300 0.245200
vt 0.875000 0.253100
vt 0.878600 0.234700
vt 0.908100 0.243000
vt 0.904700 0.261900
vt 0.881400 0.215700
vt 0.883100 0.196500
vt 0.911300 0.201800
vt 0.910200 0.223100
vt 0.882000 0.146700
vt 0.911900 0.140800
vt 0.911900 0.160300
vt 0.883000 0.162000
vt 0.881200 0.130300
vt 0.910600 0.122300
vt 0.874300 0.093900
vt 0.903900 0.081800
vt 0.908100 0.104900
vt 0.879300 0.114700
vt 0.892300 0.027200
vt 0.899000 0.057800
vt 0.868600 0.073200
vt 0.862500 0.046000
vt 0.876400 0.338500
vt 0.857300 0.370200
vt 0.826700 0.354800
vt 0.852500 0.322900
vt 0.888600 0.310900
vt 0.863400 0.298500
vt 0.868900 0.282200
vt 0.895600 0.293400
vt 0.872100 0.268000
vt 0.900600 0.278000
vt 0.943600 0.208000
vt 0.975900 0.211300
vt 0.970200 0.237100
vt 0.940900 0.231700
vt 0.945000 0.184700
vt 0.945700 0.159600
vt 0.976400 0.157700
vt 0.978000 0.185700
vt 0.919200 0.302100
vt 0.938000 0.308500
vt 0.928000 0.326700
vt 0.910100 0.320600
vt 0.964100 0.257000
vt 0.937600 0.250700
vt 0.947200 0.292700
vt 0.926400 0.286100
vt 0.932700 0.269100
vt 0.956000 0.276000
vt 0.944700 0.137000
vt 0.940600 0.114700
vt 0.963100 0.108500
vt 0.971100 0.133400
vt 0.929400 0.071100
vt 0.944600 0.063800
vt 0.954100 0.086000
vt 0.935400 0.094600
vt 0.939900 0.035100
vt 0.923000 0.046200
vt 0.915800 0.016300
vt 0.935300 0.005000
vt 0.915500 0.359800
vt 0.896900 0.351100
vt 0.900900 0.390300
vt 0.879800 0.382600
vt 0.911600 0.181500
vt 0.848700 0.229200
vt 0.855300 0.177200
vt 0.855300 0.163200
vt 0.883500 0.178200
vt 0.853000 0.136700
vt 0.854200 0.150100
vt 0.850800 0.123400
vt 0.690300 0.204000
vt 0.694600 0.186200
vt 0.716100 0.188100
vt 0.710300 0.208700
vt 0.698800 0.168300
vt 0.721100 0.167600
vt 0.701300 0.151000
vt 0.723500 0.147800
vt 0.700500 0.133300
vt 0.722800 0.128900
vt 0.696100 0.114900
vt 0.718700 0.109200
vt 0.687300 0.100000
vt 0.711400 0.091900
vt 0.690900 0.280300
vt 0.672800 0.268400
vt 0.677800 0.249800
vt 0.696300 0.258800
vt 0.682000 0.233600
vt 0.700700 0.240800
vt 0.686300 0.219600
vt 0.705600 0.225900
vt 0.130400 0.294800
vt 0.131300 0.291400
vt 0.136100 0.292500
vt 0.134800 0.296200
vt 0.158900 0.256100
vt 0.160800 0.254900
vt 0.162800 0.257400
vt 0.160400 0.258800
vt 0.197800 0.243900
vt 0.200300 0.243600
vt 0.200600 0.247500
vt 0.197600 0.247400
vt 0.231600 0.259600
vt 0.233800 0.260700
vt 0.232100 0.264000
vt 0.229900 0.262500
vt 0.207100 0.362800
vt 0.209100 0.372500
vt 0.198900 0.380400
vt 0.193300 0.368800
vt 0.213800 0.382900
vt 0.205800 0.391000
vt 0.212300 0.398600
vt 0.220000 0.391400
vt 0.219700 0.405300
vt 0.226400 0.400300
vt 0.180500 0.385200
vt 0.190100 0.391900
vt 0.199600 0.399800
vt 0.207600 0.406000
vt 0.215200 0.410500
vt 0.184900 0.402400
vt 0.176200 0.396500
vt 0.194600 0.409500
vt 0.203600 0.413600
vt 0.211400 0.415300
vt 0.222600 0.305100
vt 0.230000 0.297700
vt 0.236200 0.302400
vt 0.230600 0.311600
vt 0.217900 0.298900
vt 0.225300 0.294100
vt 0.215600 0.292900
vt 0.223100 0.290900
vt 0.225300 0.319500
vt 0.216100 0.311500
vt 0.219100 0.329000
vt 0.208600 0.320300
vt 0.213500 0.340400
vt 0.201800 0.333100
vt 0.209000 0.352300
vt 0.196200 0.351600
vt 0.210400 0.303700
vt 0.202000 0.311700
vt 0.194100 0.323100
vt 0.184400 0.336500
vt 0.207100 0.295400
vt 0.196800 0.302500
vt 0.188200 0.313700
vt 0.181200 0.324600
vt 0.159400 0.362800
vt 0.154400 0.363400
vt 0.153800 0.359500
vt 0.158400 0.359100
vt 0.170600 0.337000
vt 0.171500 0.328200
vt 0.185300 0.368700
vt 0.178500 0.380300
vt 0.175200 0.378300
vt 0.179300 0.368900
vt 0.180400 0.344800
vt 0.170100 0.340700
vt 0.176000 0.348700
vt 0.167600 0.342900
vt 0.186600 0.355600
vt 0.180100 0.357700
vt 0.158500 0.424900
vt 0.164400 0.418700
vt 0.169900 0.424800
vt 0.163900 0.430700
vt 0.153800 0.429300
vt 0.159200 0.435200
vt 0.161200 0.290700
vt 0.160000 0.300800
vt 0.152000 0.297500
vt 0.153600 0.288400
vt 0.144500 0.294900
vt 0.147100 0.286800
vt 0.158000 0.308200
vt 0.149300 0.304900
vt 0.141900 0.301000
vt 0.152800 0.316700
vt 0.144300 0.312400
vt 0.138100 0.308500
vt 0.168000 0.368600
vt 0.166400 0.376600
vt 0.161100 0.374500
vt 0.162800 0.367600
vt 0.158000 0.371400
vt 0.159700 0.367700
vt 0.157400 0.351700
vt 0.161500 0.347800
vt 0.164700 0.355100
vt 0.161300 0.356700
vt 0.155400 0.355300
vt 0.166900 0.361500
vt 0.163300 0.362600
vt 0.174700 0.438400
vt 0.176700 0.430400
vt 0.184700 0.433300
vt 0.182400 0.440700
vt 0.172400 0.445000
vt 0.180100 0.447400
vt 0.182700 0.271200
vt 0.177100 0.278400
vt 0.172800 0.270900
vt 0.178700 0.265200
vt 0.167900 0.263500
vt 0.174200 0.259800
vt 0.171400 0.283300
vt 0.166200 0.275300
vt 0.162700 0.266800
vt 0.162400 0.285600
vt 0.158300 0.277700
vt 0.155100 0.270300
vt 0.192400 0.436200
vt 0.200600 0.434300
vt 0.201500 0.440800
vt 0.193900 0.443100
vt 0.202500 0.446300
vt 0.195600 0.448600
vt 0.210300 0.266400
vt 0.201300 0.270000
vt 0.201800 0.262500
vt 0.210000 0.260300
vt 0.201400 0.254800
vt 0.209100 0.254600
vt 0.194200 0.270100
vt 0.194100 0.262100
vt 0.195700 0.254400
vt 0.185700 0.267000
vt 0.186100 0.259500
vt 0.187900 0.253400
vt 0.205300 0.431400
vt 0.212400 0.427000
vt 0.214500 0.431200
vt 0.208200 0.435500
vt 0.216100 0.434300
vt 0.210500 0.438400
vt 0.232700 0.280600
vt 0.224200 0.278400
vt 0.227600 0.273900
vt 0.234800 0.275500
vt 0.230100 0.269600
vt 0.236000 0.271600
vt 0.218500 0.275000
vt 0.222000 0.270400
vt 0.225500 0.266400
vt 0.214700 0.267200
vt 0.218300 0.263600
vt 0.221400 0.261200
vt 0.150200 0.433100
vt 0.155100 0.438500
vt 0.151000 0.439800
vt 0.148600 0.437200
vt 0.175400 0.418200
vt 0.169900 0.411900
vt 0.180100 0.414000
vt 0.173400 0.404700
vt 0.139900 0.293400
vt 0.141600 0.286300
vt 0.137000 0.287500
vt 0.167400 0.294100
vt 0.169500 0.303800
vt 0.170500 0.295600
vt 0.179700 0.302800
vt 0.137800 0.298500
vt 0.167900 0.311200
vt 0.176000 0.315900
vt 0.133900 0.304500
vt 0.131600 0.300200
vt 0.161700 0.319600
vt 0.168500 0.322400
vt 0.171800 0.451700
vt 0.177600 0.452900
vt 0.175100 0.455800
vt 0.172800 0.455300
vt 0.179100 0.422300
vt 0.186900 0.426400
vt 0.191000 0.421600
vt 0.165100 0.259700
vt 0.169000 0.256000
vt 0.164900 0.254800
vt 0.185000 0.276500
vt 0.182900 0.285900
vt 0.187200 0.278000
vt 0.192000 0.289700
vt 0.160800 0.262000
vt 0.177500 0.291900
vt 0.154900 0.262700
vt 0.156800 0.258800
vt 0.167500 0.291700
vt 0.197700 0.452900
vt 0.202900 0.451100
vt 0.202600 0.454900
vt 0.200200 0.455800
vt 0.191200 0.429000
vt 0.199900 0.428200
vt 0.202400 0.423000
vt 0.201100 0.250400
vt 0.207100 0.249900
vt 0.204500 0.246600
vt 0.209900 0.271200
vt 0.202000 0.278400
vt 0.211700 0.273500
vt 0.207500 0.285100
vt 0.196700 0.250100
vt 0.194300 0.279300
vt 0.190900 0.248700
vt 0.194000 0.245800
vt 0.186400 0.273500
vt 0.212900 0.440700
vt 0.217300 0.437300
vt 0.215800 0.441900
vt 0.217700 0.440400
vt 0.203200 0.426600
vt 0.210200 0.423200
vt 0.209400 0.419800
vt 0.231100 0.266600
vt 0.236500 0.268000
vt 0.235700 0.264800
vt 0.229200 0.284900
vt 0.219900 0.282900
vt 0.225400 0.287900
vt 0.215900 0.287200
vt 0.227900 0.264300
vt 0.213700 0.279900
vt 0.224600 0.259500
vt 0.227900 0.259200
vt 0.212600 0.271400
vt 0.174300 0.368400
vt 0.171300 0.377100
vt 0.171200 0.351800
vt 0.166000 0.346200
vt 0.174400 0.359900
vt 0.223800 0.361500
vt 0.226800 0.355600
vt 0.232300 0.347700
vt 0.237700 0.338200
vt 0.242700 0.327900
vt 0.247500 0.317600
vt 0.251900 0.305500
vt 0.234900 0.383300
vt 0.241000 0.394500
vt 0.228300 0.374500
vt 0.224200 0.366800
vt 0.092600 0.510700
vt 0.097200 0.488000
vt 0.107200 0.489400
vt 0.106800 0.513000
vt 0.118700 0.489500
vt 0.121400 0.514400
vt 0.130500 0.487500
vt 0.134400 0.512900
vt 0.142200 0.483800
vt 0.147500 0.507900
vt 0.153300 0.480100
vt 0.161300 0.501800
vt 0.164300 0.476200
vt 0.174800 0.496700
vt 0.174700 0.472000
vt 0.187000 0.492800
vt 0.184400 0.466800
vt 0.199200 0.487200
vt 0.079300 0.480500
vt 0.088900 0.485300
vt 0.081500 0.507900
vt 0.067500 0.501600
vt 0.077300 0.592000
vt 0.077400 0.579800
vt 0.099400 0.582500
vt 0.105700 0.596300
vt 0.123100 0.582000
vt 0.128400 0.597300
vt 0.142900 0.578900
vt 0.146500 0.595700
vt 0.159300 0.575300
vt 0.163600 0.593000
vt 0.176600 0.571400
vt 0.180300 0.590000
vt 0.197500 0.567000
vt 0.201400 0.586200
vt 0.217100 0.583200
vt 0.212900 0.564500
vt 0.230300 0.579500
vt 0.227000 0.562300
vt 0.056500 0.588700
vt 0.039800 0.585000
vt 0.043700 0.570800
vt 0.059900 0.575400
vt 0.092400 0.626400
vt 0.090100 0.610800
vt 0.108500 0.616000
vt 0.106800 0.630300
vt 0.127900 0.615300
vt 0.125500 0.630800
vt 0.147900 0.611700
vt 0.147300 0.628100
vt 0.166500 0.609000
vt 0.167400 0.625000
vt 0.183900 0.605800
vt 0.186700 0.622200
vt 0.210100 0.617800
vt 0.205300 0.601300
vt 0.229200 0.612800
vt 0.222400 0.597200
vt 0.242600 0.605800
vt 0.234600 0.592000
vt 0.065400 0.618700
vt 0.030700 0.610200
vt 0.036700 0.596000
vt 0.057400 0.599900
vt 0.089800 0.689600
vt 0.090300 0.675900
vt 0.103100 0.677800
vt 0.103200 0.690500
vt 0.123000 0.679000
vt 0.123200 0.694700
vt 0.146800 0.677900
vt 0.148300 0.698100
vt 0.168000 0.679200
vt 0.169400 0.699200
vt 0.188100 0.679800
vt 0.191000 0.698100
vt 0.213100 0.693700
vt 0.213700 0.674700
vt 0.240500 0.669200
vt 0.239600 0.685000
vt 0.270100 0.682200
vt 0.264100 0.664600
vt 0.029800 0.686400
vt 0.022800 0.669200
vt 0.060100 0.676600
vt 0.066300 0.693100
vt 0.665500 0.939800
vt 0.684000 0.974400
vt 0.677900 0.980500
vt 0.655900 0.959000
vt 0.625900 0.936600
vt 0.642500 0.912700
vt 0.565500 0.869000
vt 0.596100 0.886200
vt 0.575600 0.911300
vt 0.545100 0.893400
vt 0.621700 0.899400
vt 0.602500 0.923600
vt 0.614700 0.867800
vt 0.635600 0.882200
vt 0.656700 0.897300
vt 0.720800 0.939100
vt 0.699200 0.912100
vt 0.715700 0.906300
vt 0.734300 0.929600
vt 0.761200 0.920100
vt 0.754300 0.919900
vt 0.746600 0.902900
vt 0.761200 0.904000
vt 0.679300 0.923600
vt 0.696400 0.956500
vt 0.730700 0.903300
vt 0.744500 0.922400
vt 0.721300 0.881500
vt 0.742200 0.885600
vt 0.693300 0.877900
vt 0.674800 0.887800
vt 0.648400 0.870500
vt 0.660400 0.862200
vt 0.628200 0.857600
vt 0.640900 0.849100
vt 0.584400 0.855100
vt 0.597200 0.839400
vt 0.583000 0.818500
vt 0.607900 0.813700
vt 0.624800 0.833300
vt 0.637800 0.824300
vt 0.651700 0.839500
vt 0.600200 0.797900
vt 0.616000 0.793500
vt 0.624700 0.807800
vt 0.442100 0.785800
vt 0.448700 0.807000
vt 0.429800 0.807000
vt 0.429300 0.787600
vt 0.444100 0.825000
vt 0.434700 0.827800
vt 0.476900 0.786700
vt 0.477300 0.810100
vt 0.461800 0.807300
vt 0.443000 0.779800
vt 0.418800 0.786400
vt 0.449500 0.830700
vt 0.428500 0.832000
vt 0.417400 0.811500
vt 0.647000 0.814500
vt 0.660500 0.827500
vt 0.655300 0.802700
vt 0.667800 0.814500
vt 0.635500 0.800100
vt 0.664400 0.790400
vt 0.675600 0.801200
vt 0.478500 0.767900
vt 0.510700 0.776400
vt 0.506300 0.795000
vt 0.644000 0.789900
vt 0.626100 0.787800
vt 0.653300 0.778400
vt 0.632900 0.778900
vt 0.643100 0.767900
vt 0.538500 0.784400
vt 0.532100 0.803400
vt 0.500700 0.817100
vt 0.552000 0.809700
vt 0.560200 0.792400
vt 0.525300 0.826100
vt 0.471100 0.832700
vt 0.495100 0.839500
vt 0.310300 0.861200
vt 0.313000 0.878700
vt 0.302300 0.879100
vt 0.299800 0.859900
vt 0.321500 0.861000
vt 0.324600 0.877200
vt 0.331700 0.859400
vt 0.335300 0.874600
vt 0.341800 0.857000
vt 0.345400 0.871600
vt 0.352100 0.854100
vt 0.355800 0.868300
vt 0.365400 0.849700
vt 0.369000 0.865100
vt 0.378100 0.845600
vt 0.382500 0.861700
vt 0.392600 0.841900
vt 0.397300 0.859100
vt 0.410100 0.837000
vt 0.413700 0.855900
vt 0.429000 0.852700
vt 0.446700 0.850900
vt 0.466600 0.854300
vt 0.519600 0.849200
vt 0.548700 0.832900
vt 0.489900 0.861800
vt 0.513500 0.872400
vt 0.538200 0.883400
vt 0.544700 0.857900
vt 0.577400 0.803800
vt 0.524400 0.913300
vt 0.501500 0.899300
vt 0.307900 0.902600
vt 0.297800 0.905500
vt 0.293700 0.878700
vt 0.285100 0.909000
vt 0.318400 0.929300
vt 0.311900 0.936400
vt 0.319100 0.899200
vt 0.325300 0.923500
vt 0.338000 0.945100
vt 0.333000 0.952500
vt 0.330300 0.895600
vt 0.479300 0.887300
vt 0.458400 0.876500
vt 0.445500 0.866900
vt 0.441600 0.890500
vt 0.432900 0.873400
vt 0.341300 0.890900
vt 0.350600 0.884900
vt 0.358400 0.878800
vt 0.370600 0.881700
vt 0.364400 0.895200
vt 0.385500 0.881900
vt 0.400600 0.880900
vt 0.416300 0.878400
vt 0.384300 0.899900
vt 0.420300 0.897400
vt 0.402600 0.900600
vt 0.354600 0.905800
vt 0.343800 0.913100
vt 0.333900 0.918400
vt 0.374800 0.915600
vt 0.363700 0.926600
vt 0.352100 0.934000
vt 0.456100 0.905800
vt 0.427200 0.915900
vt 0.402100 0.919300
vt 0.396200 0.938600
vt 0.344200 0.940100
vt 0.285100 0.878500
vt 0.477700 0.924100
vt 0.499300 0.943700
vt 0.437000 0.940200
vt 0.371600 0.943200
vt 0.395100 0.956100
vt 0.366000 0.952800
vt 0.351000 0.953800
vt 0.419900 0.956700
vt 0.292300 0.800900
vt 0.291900 0.791300
vt 0.299600 0.788800
vt 0.300400 0.796900
vt 0.294000 0.782300
vt 0.303600 0.782200
vt 0.300500 0.807200
vt 0.292100 0.812200
vt 0.307900 0.802500
vt 0.307200 0.791900
vt 0.291400 0.775300
vt 0.301000 0.770900
vt 0.309000 0.760000
vt 0.316500 0.768600
vt 0.311700 0.751400
vt 0.322000 0.751600
vt 0.309700 0.747200
vt 0.321900 0.738800
vt 0.304300 0.739200
vt 0.308400 0.730500
vt 0.295100 0.732400
vt 0.296500 0.724900
vt 0.308000 0.812600
vt 0.301400 0.816800
vt 0.293300 0.826200
vt 0.299600 0.836200
vt 0.301000 0.826000
vt 0.303100 0.831500
vt 0.305100 0.823700
vt 0.303300 0.821600
vt 0.308300 0.817900
vt 0.309400 0.820500
vt 0.304100 0.825800
vt 0.305300 0.830300
vt 0.310400 0.836200
vt 0.309300 0.838500
vt 0.318100 0.813300
vt 0.317500 0.816600
vt 0.331400 0.815600
vt 0.328400 0.818600
vt 0.338400 0.818500
vt 0.333700 0.823300
vt 0.342300 0.823800
vt 0.335300 0.829100
vt 0.328500 0.836500
vt 0.328800 0.832700
vt 0.320100 0.838000
vt 0.319500 0.840600
vt 0.298500 0.846200
vt 0.308400 0.842700
vt 0.308700 0.849800
vt 0.319500 0.850600
vt 0.319200 0.844400
vt 0.328600 0.841900
vt 0.329400 0.848900
vt 0.336900 0.837700
vt 0.339000 0.846400
vt 0.345800 0.833700
vt 0.349300 0.843700
vt 0.318800 0.809300
vt 0.319300 0.800000
vt 0.318700 0.787400
vt 0.335100 0.773200
vt 0.335100 0.790800
vt 0.336800 0.750300
vt 0.343100 0.739700
vt 0.310700 0.719100
vt 0.325200 0.725200
vt 0.372700 0.762900
vt 0.362900 0.782500
vt 0.334800 0.804100
vt 0.333600 0.811900
vt 0.285100 0.841700
vt 0.291000 0.842700
vt 0.291700 0.858400
vt 0.285100 0.857500
vt 0.343400 0.815000
vt 0.352800 0.798200
vt 0.347900 0.809000
vt 0.350000 0.818400
vt 0.358200 0.813000
vt 0.356800 0.828500
vt 0.367400 0.822100
vt 0.369100 0.804300
vt 0.309100 0.822500
vt 0.306100 0.824500
vt 0.305700 0.825700
vt 0.307700 0.827100
vt 0.313700 0.832700
vt 0.317500 0.820100
vt 0.326200 0.821800
vt 0.330500 0.823700
vt 0.327100 0.830600
vt 0.321300 0.833100
vt 0.316000 0.828700
vt 0.309600 0.827000
vt 0.310200 0.824800
vt 0.317500 0.823600
vt 0.324700 0.824200
vt 0.322200 0.829000
vt 0.327600 0.824300
vt 0.326100 0.828400
vt 0.290000 0.770600
vt 0.285100 0.775100
vt 0.285100 0.770700
vt 0.297000 0.767500
vt 0.302900 0.758700
vt 0.303600 0.752500
vt 0.302600 0.748600
vt 0.298600 0.742400
vt 0.291800 0.738100
vt 0.285100 0.758500
vt 0.289300 0.757700
vt 0.290000 0.763800
vt 0.285100 0.763900
vt 0.294000 0.755800
vt 0.294900 0.761400
vt 0.298000 0.754100
vt 0.300100 0.755700
vt 0.299200 0.753000
vt 0.300300 0.752700
vt 0.299000 0.749900
vt 0.298200 0.751700
vt 0.296500 0.746300
vt 0.295100 0.749800
vt 0.290400 0.747100
vt 0.291100 0.742900
vt 0.297100 0.752700
vt 0.293500 0.752800
vt 0.288500 0.752900
vt 0.285100 0.753000
vt 0.385400 0.789600
vt 0.381100 0.814000
vt 0.361700 0.839300
vt 0.373400 0.833200
vt 0.387600 0.826900
vt 0.398600 0.801400
vt 0.404600 0.818900
vt 0.397400 0.776300
vt 0.373900 0.751600
vt 0.401800 0.765600
vt 0.298300 0.714500
vt 0.285100 0.723100
vt 0.285100 0.712900
vt 0.285100 0.826500
vt 0.285100 0.813900
vt 0.285100 0.801600
vt 0.285100 0.792100
vt 0.285100 0.782200
vt 0.285100 0.730000
vt 0.285100 0.736500
vt 0.285100 0.746000
vt 0.285100 0.741900
vt 0.430000 0.752800
vt 0.401100 0.754000
vt 0.671900 0.991900
vt 0.647700 0.980900
vt 0.614600 0.964800
vt 0.586100 0.949600
vt 0.557500 0.934500
vt 0.528000 0.919500
vt 0.090300 0.656500
vt 0.090800 0.640700
vt 0.104500 0.644200
vt 0.103400 0.660100
vt 0.123200 0.645200
vt 0.122600 0.661700
vt 0.146200 0.644200
vt 0.146400 0.661300
vt 0.167000 0.642800
vt 0.166800 0.661400
vt 0.187200 0.641000
vt 0.187200 0.661000
vt 0.212200 0.637500
vt 0.212900 0.657500
vt 0.235600 0.632100
vt 0.239600 0.652700
vt 0.252400 0.625500
vt 0.259800 0.647000
vt 0.023300 0.630100
vt 0.065400 0.634300
vt 0.060300 0.652600
vt 0.020500 0.652000
vt 0.079400 0.558400
vt 0.085300 0.533900
vt 0.103400 0.536900
vt 0.098600 0.560600
vt 0.120900 0.537300
vt 0.119700 0.559200
vt 0.135600 0.535800
vt 0.137900 0.557200
vt 0.150600 0.531700
vt 0.154500 0.553600
vt 0.168100 0.524800
vt 0.173600 0.547800
vt 0.185800 0.518900
vt 0.194100 0.542000
vt 0.200800 0.515100
vt 0.209100 0.539400
vt 0.214800 0.510700
vt 0.224100 0.536900
vt 0.055800 0.525200
vt 0.072100 0.531100
vt 0.064600 0.554900
vt 0.048900 0.549400
vt 0.761200 0.887100
vt 0.461400 0.967400
vt 0.348600 0.961300
vt 0.365300 0.968200
vt 0.391900 0.975200
vt 0.424900 0.976200
vt 0.669300 0.852100
vt 0.676400 0.840100
vt 0.684600 0.827000
vt 0.346600 0.732700
vt 0.376600 0.742900
vt 0.305900 0.702800
vt 0.319900 0.713300
vt 0.310600 0.712100
vt 0.301100 0.706700
vt 0.313000 0.698900
vt 0.342800 0.718200
vt 0.719400 0.866300
vt 0.742200 0.870900
vt 0.693200 0.816200
vt 0.384800 0.731900
vt 0.710700 0.829800
vt 0.704700 0.838700
vt 0.285100 0.702900
vt 0.285100 0.697500
vt 0.693800 0.861000
vt 0.698500 0.850400
vt 0.721600 0.853000
vt 0.727100 0.838800
vt 0.732900 0.828800
vt 0.745300 0.843100
vt 0.749200 0.836000
vt 0.761200 0.839200
vt 0.761200 0.846500
vt 0.742900 0.855400
vt 0.761200 0.856700
vt 0.761200 0.872700
vt 0.285100 0.691400
vt 0.645000 0.693900
vt 0.646100 0.700600
vt 0.639600 0.700900
vt 0.637300 0.691500
vt 0.650800 0.694100
vt 0.651400 0.700700
vt 0.655900 0.694200
vt 0.660500 0.695100
vt 0.660400 0.699700
vt 0.656000 0.700500
vt 0.664600 0.695300
vt 0.664000 0.700000
vt 0.652200 0.687400
vt 0.657200 0.688600
vt 0.487500 0.065400
vt 0.495200 0.071400
vt 0.491300 0.076500
vt 0.483700 0.071300
vt 0.631400 0.705800
vt 0.625200 0.697900
vt 0.618900 0.690400
vt 0.628900 0.681900
vt 0.635900 0.681100
vt 0.640200 0.685500
vt 0.640500 0.678500
vt 0.644400 0.682400
vt 0.647600 0.707000
vt 0.643300 0.707200
vt 0.652100 0.707400
vt 0.657300 0.706100
vt 0.638800 0.712200
vt 0.633900 0.719000
vt 0.624000 0.713500
vt 0.616400 0.706300
vt 0.631800 0.726500
vt 0.619600 0.721600
vt 0.609100 0.714600
vt 0.648200 0.688400
vt 0.645600 0.688700
vt 0.492000 0.061000
vt 0.498600 0.068000
vt 0.496100 0.055900
vt 0.502700 0.065100
vt 0.510100 0.053900
vt 0.513100 0.065700
vt 0.647000 0.686800
vt 0.650000 0.685400
vt 0.648500 0.679400
vt 0.651100 0.676600
vt 0.654200 0.678100
vt 0.653200 0.682000
vt 0.651500 0.671200
vt 0.654000 0.674400
vt 0.648800 0.673700
vt 0.639700 0.671500
vt 0.644300 0.669500
vt 0.645000 0.675400
vt 0.485900 0.055300
vt 0.479900 0.056300
vt 0.478300 0.048100
vt 0.484700 0.046300
vt 0.637300 0.674000
vt 0.635100 0.675100
vt 0.629400 0.676800
vt 0.635700 0.673900
vt 0.624300 0.673600
vt 0.618700 0.676100
vt 0.490300 0.054200
vt 0.489800 0.045500
vt 0.495800 0.042200
vt 0.509400 0.042200
vt 0.631200 0.672600
vt 0.638000 0.671500
vt 0.627000 0.669700
vt 0.633500 0.668400
vt 0.629600 0.665900
vt 0.632400 0.663400
vt 0.634700 0.664800
vt 0.636900 0.663100
vt 0.639000 0.667100
vt 0.632900 0.661000
vt 0.482300 0.037400
vt 0.478000 0.034200
vt 0.479700 0.030000
vt 0.484500 0.030100
vt 0.489800 0.031100
vt 0.487800 0.039300
vt 0.625000 0.663500
vt 0.628600 0.661000
vt 0.648600 0.670200
vt 0.474700 0.055800
vt 0.473600 0.050900
vt 0.661500 0.691500
vt 0.486700 0.080800
vt 0.481800 0.077500
vt 0.661500 0.703300
vt 0.524900 0.053600
vt 0.526600 0.066200
vt 0.524000 0.042400
vt 0.611400 0.685000
vt 0.622000 0.668700
vt 0.623500 0.666700
vt 0.602000 0.681700
vt 0.606800 0.673800
vt 0.614100 0.667500
vt 0.618500 0.668200
vt 0.618100 0.672300
vt 0.612300 0.671300
vt 0.615600 0.662600
vt 0.619500 0.663200
vt 0.617300 0.659200
vt 0.619700 0.659200
vt 0.616300 0.657000
vt 0.619300 0.656300
vt 0.494500 0.032000
vt 0.492100 0.040000
vt 0.500500 0.029800
vt 0.512700 0.032000
vt 0.622400 0.667800
vt 0.510700 0.020400
vt 0.520300 0.024100
vt 0.493600 0.013200
vt 0.496900 0.016000
vt 0.491800 0.019200
vt 0.490500 0.014700
vt 0.623800 0.661100
vt 0.622000 0.658100
vt 0.624000 0.665300
vt 0.612900 0.658500
vt 0.607700 0.666200
vt 0.609600 0.664800
vt 0.610400 0.661900
vt 0.495600 0.024300
vt 0.500800 0.019600
vt 0.503900 0.021300
vt 0.499000 0.027100
vt 0.593700 0.678200
vt 0.598200 0.673600
vt 0.599100 0.667800
vt 0.604500 0.668100
vt 0.605400 0.671100
vt 0.599000 0.670600
vt 0.599100 0.664000
vt 0.603800 0.663800
vt 0.599900 0.660700
vt 0.602600 0.659900
vt 0.593400 0.668000
vt 0.593300 0.665500
vt 0.590000 0.673000
vt 0.592900 0.669700
vt 0.594500 0.661700
vt 0.597600 0.658600
vt 0.600700 0.656900
vt 0.608500 0.664200
vt 0.607600 0.666300
vt 0.607800 0.660800
vt 0.604900 0.658300
vt 0.610900 0.698700
vt 0.604400 0.692900
vt 0.595300 0.687900
vt 0.587500 0.682500
vt 0.585200 0.676100
vt 0.519500 0.015700
vt 0.527100 0.016400
vt 0.510800 0.018900
vt 0.517500 0.014700
vt 0.509100 0.016100
vt 0.507800 0.010900
vt 0.514300 0.009500
vt 0.516000 0.013100
vt 0.508400 0.005400
vt 0.512500 0.005100
vt 0.525900 0.033000
vt 0.531100 0.024800
vt 0.536800 0.017000
vt 0.586500 0.694800
vt 0.580100 0.686200
vt 0.595600 0.701900
vt 0.602600 0.707800
vt 0.603900 0.722100
vt 0.595800 0.715300
vt 0.571600 0.679700
vt 0.579000 0.678300
vt 0.571900 0.688300
vt 0.586600 0.708800
vt 0.576300 0.699000
vt 0.617500 0.730000
vt 0.553800 0.026300
vt 0.541800 0.025000
vt 0.547100 0.017800
vt 0.558200 0.019500
vt 0.551000 0.033500
vt 0.538000 0.033000
vt 0.631800 0.735000
vt 0.536900 0.042000
vt 0.550300 0.041600
vt 0.550800 0.051200
vt 0.537700 0.052600
vt 0.563000 0.702300
vt 0.562100 0.688400
vt 0.572500 0.722400
vt 0.569900 0.731300
vt 0.557900 0.724400
vt 0.560100 0.713600
vt 0.576300 0.715200
vt 0.588400 0.723700
vt 0.599800 0.733800
vt 0.619300 0.741200
vt 0.623500 0.754100
vt 0.612500 0.752300
vt 0.592500 0.738800
vt 0.585600 0.745300
vt 0.578400 0.737600
vt 0.583700 0.729900
vt 0.562700 0.679600
vt 0.632400 0.744800
vt 0.633700 0.756300
vt 0.549800 0.696400
vt 0.550600 0.686600
vt 0.551300 0.678100
vt 0.567300 0.029200
vt 0.570400 0.022800
vt 0.564700 0.035600
vt 0.564000 0.042700
vt 0.565200 0.051300
vt 0.551500 0.063700
vt 0.565800 0.062700
vt 0.581100 0.061900
vt 0.581500 0.050300
vt 0.601700 0.752400
vt 0.574100 0.043900
vt 0.574600 0.038600
vt 0.584800 0.027700
vt 0.582800 0.035900
vt 0.540300 0.684700
vt 0.541500 0.677400
vt 0.598200 0.039600
vt 0.597300 0.050900
vt 0.592900 0.059500
vt 0.539200 0.694200
vt 0.548200 0.707300
vt 0.537000 0.704400
vt 0.634100 0.766000
vt 0.626200 0.766300
vt 0.616800 0.765800
vt 0.609000 0.766800
vt 0.595900 0.031800
vt 0.545500 0.719500
vt 0.592500 0.756800
vt 0.533900 0.716700
vt 0.601300 0.769700
vt 0.563200 0.742500
vt 0.552300 0.737200
vt 0.577100 0.755900
vt 0.570600 0.748600
vt 0.583600 0.765600
vt 0.540100 0.733800
vt 0.528600 0.731600
vt 0.534100 0.674500
vt 0.532000 0.684000
vt 0.523200 0.682400
vt 0.523500 0.672900
vt 0.521200 0.692400
vt 0.510000 0.690600
vt 0.512500 0.680900
vt 0.519000 0.702000
vt 0.508000 0.699200
vt 0.508600 0.724500
vt 0.497500 0.718900
vt 0.504400 0.708000
vt 0.515400 0.712000
vt 0.530400 0.693500
vt 0.528100 0.703400
vt 0.524500 0.714600
vt 0.518700 0.728700
vt 0.551900 0.760700
vt 0.543100 0.756700
vt 0.564100 0.771900
vt 0.558700 0.765100
vt 0.531500 0.756100
vt 0.569900 0.781400
vt 0.520200 0.754100
vt 0.592500 0.776700
vt 0.578800 0.793100
vt 0.509300 0.750600
vt 0.484500 0.736900
vt 0.496400 0.744800
vt 0.515000 0.673300
vt 0.538700 0.065500
vt 0.537300 0.201400
vt 0.534200 0.186200
vt 0.552100 0.186500
vt 0.554000 0.199700
vt 0.531600 0.169700
vt 0.551000 0.171800
vt 0.530400 0.154800
vt 0.551200 0.157800
vt 0.531700 0.139500
vt 0.552700 0.144800
vt 0.536200 0.122600
vt 0.556700 0.130800
vt 0.544400 0.109500
vt 0.562900 0.118900
vt 0.548500 0.240500
vt 0.563600 0.231100
vt 0.569600 0.243500
vt 0.554000 0.255800
vt 0.544200 0.227100
vt 0.559500 0.220500
vt 0.540500 0.214800
vt 0.556300 0.210500
vt 0.443200 0.196000
vt 0.468300 0.191200
vt 0.474300 0.214800
vt 0.448400 0.220300
vt 0.440300 0.171300
vt 0.464200 0.168500
vt 0.440400 0.149200
vt 0.463500 0.147200
vt 0.441700 0.128800
vt 0.465000 0.128100
vt 0.444500 0.106500
vt 0.468300 0.106900
vt 0.447000 0.085900
vt 0.472200 0.087000
vt 0.475400 0.296200
vt 0.466400 0.275200
vt 0.490000 0.268200
vt 0.498100 0.290100
vt 0.459900 0.256600
vt 0.484300 0.249600
vt 0.453900 0.239800
vt 0.479200 0.234200
vt 0.404800 0.205400
vt 0.423600 0.201100
vt 0.428800 0.223800
vt 0.410100 0.228500
vt 0.401300 0.177200
vt 0.420300 0.175600
vt 0.400400 0.152000
vt 0.419400 0.151500
vt 0.402700 0.128200
vt 0.420700 0.129000
vt 0.408500 0.103200
vt 0.424600 0.104900
vt 0.414700 0.082800
vt 0.428600 0.084600
vt 0.444200 0.309200
vt 0.430600 0.287100
vt 0.447100 0.280400
vt 0.457500 0.301800
vt 0.421400 0.266800
vt 0.440100 0.261200
vt 0.416000 0.247300
vt 0.434700 0.242600
vt 0.385000 0.209800
vt 0.389700 0.236700
vt 0.378200 0.241000
vt 0.375100 0.226000
vt 0.360100 0.212700
vt 0.357600 0.194500
vt 0.370400 0.194300
vt 0.381100 0.151200
vt 0.381200 0.177600
vt 0.368900 0.177400
vt 0.368700 0.163500
vt 0.384200 0.127300
vt 0.370700 0.138200
vt 0.372600 0.125500
vt 0.376500 0.110900
vt 0.365500 0.104500
vt 0.371300 0.086600
vt 0.391200 0.100200
vt 0.378700 0.064700
vt 0.400000 0.076400
vt 0.387700 0.306500
vt 0.412400 0.295500
vt 0.431300 0.320100
vt 0.413000 0.336500
vt 0.375800 0.285200
vt 0.400500 0.275500
vt 0.394400 0.256200
vt 0.371200 0.270900
vt 0.368700 0.258200
vt 0.366500 0.245200
vt 0.382700 0.252200
vt 0.336700 0.253100
vt 0.307000 0.261900
vt 0.303600 0.243000
vt 0.333200 0.234700
vt 0.330400 0.215700
vt 0.301600 0.223100
vt 0.300400 0.201800
vt 0.328700 0.196500
vt 0.329700 0.146700
vt 0.328800 0.162000
vt 0.299800 0.160300
vt 0.299800 0.140800
vt 0.330500 0.130300
vt 0.301200 0.122300
vt 0.337500 0.093900
vt 0.332500 0.114700
vt 0.303700 0.104900
vt 0.307800 0.081800
vt 0.319400 0.027200
vt 0.349300 0.046000
vt 0.343100 0.073200
vt 0.312700 0.057800
vt 0.335300 0.338500
vt 0.359200 0.322900
vt 0.385100 0.354800
vt 0.354400 0.370200
vt 0.323100 0.310900
vt 0.348400 0.298500
vt 0.316100 0.293400
vt 0.342900 0.282200
vt 0.311100 0.278000
vt 0.339600 0.268000
vt 0.268200 0.208000
vt 0.270800 0.231700
vt 0.241600 0.237100
vt 0.235800 0.211300
vt 0.266800 0.184700
vt 0.233700 0.185700
vt 0.235300 0.157700
vt 0.266100 0.159600
vt 0.292500 0.302100
vt 0.301600 0.320600
vt 0.283800 0.326700
vt 0.273700 0.308500
vt 0.247600 0.257000
vt 0.274100 0.250700
vt 0.264500 0.292700
vt 0.255700 0.276000
vt 0.279100 0.269100
vt 0.285300 0.286100
vt 0.267100 0.137000
vt 0.240700 0.133400
vt 0.248700 0.108500
vt 0.271100 0.114700
vt 0.282400 0.071100
vt 0.276300 0.094600
vt 0.257700 0.086000
vt 0.267100 0.063800
vt 0.271800 0.035100
vt 0.276400 0.005000
vt 0.295900 0.016300
vt 0.288800 0.046200
vt 0.314900 0.351100
vt 0.296300 0.359800
vt 0.331900 0.382600
vt 0.310800 0.390300
vt 0.300100 0.181500
vt 0.363000 0.229200
vt 0.356500 0.177200
vt 0.328300 0.178200
vt 0.356400 0.163200
vt 0.358800 0.136700
vt 0.357500 0.150100
vt 0.361000 0.123400
vt 0.521400 0.204000
vt 0.501400 0.208700
vt 0.495700 0.188100
vt 0.517100 0.186200
vt 0.490600 0.167600
vt 0.513000 0.168300
vt 0.488300 0.147800
vt 0.510400 0.151000
vt 0.488900 0.128900
vt 0.511300 0.133300
vt 0.493100 0.109200
vt 0.515600 0.114900
vt 0.500400 0.091900
vt 0.524400 0.100000
vt 0.520900 0.280300
vt 0.515500 0.258800
vt 0.534000 0.249800
vt 0.539000 0.268400
vt 0.511100 0.240800
vt 0.529700 0.233600
vt 0.506200 0.225900
vt 0.525500 0.219600
vt 0.124500 0.294800
vt 0.120200 0.296200
vt 0.118800 0.292500
vt 0.123700 0.291400
vt 0.096000 0.256100
vt 0.094600 0.258800
vt 0.092100 0.257400
vt 0.094200 0.254900
vt 0.057100 0.243900
vt 0.057300 0.247400
vt 0.054400 0.247500
vt 0.054600 0.243600
vt 0.023300 0.259600
vt 0.025100 0.262500
vt 0.022900 0.264000
vt 0.021200 0.260700
vt 0.047900 0.362800
vt 0.061600 0.368800
vt 0.056100 0.380400
vt 0.045800 0.372500
vt 0.049200 0.391000
vt 0.041200 0.382900
vt 0.042700 0.398600
vt 0.035000 0.391400
vt 0.035200 0.405300
vt 0.028600 0.400300
vt 0.074400 0.385200
vt 0.064800 0.391900
vt 0.055400 0.399800
vt 0.047300 0.406000
vt 0.039800 0.410500
vt 0.078800 0.396500
vt 0.070100 0.402400
vt 0.060400 0.409500
vt 0.051400 0.413600
vt 0.043600 0.415300
vt 0.032400 0.305100
vt 0.024300 0.311600
vt 0.018800 0.302400
vt 0.024900 0.297700
vt 0.037000 0.298900
vt 0.029600 0.294100
vt 0.039400 0.292900
vt 0.031800 0.290900
vt 0.038800 0.311500
vt 0.029600 0.319500
vt 0.046400 0.320300
vt 0.035800 0.329000
vt 0.053200 0.333000
vt 0.041500 0.340400
vt 0.058700 0.351600
vt 0.045900 0.352300
vt 0.044500 0.303700
vt 0.053000 0.311700
vt 0.060900 0.323100
vt 0.070600 0.336500
vt 0.047900 0.295400
vt 0.058100 0.302500
vt 0.066800 0.313700
vt 0.073800 0.324600
vt 0.095500 0.362800
vt 0.096600 0.359100
vt 0.101100 0.359500
vt 0.100500 0.363400
vt 0.083400 0.328200
vt 0.084300 0.337000
vt 0.069600 0.368700
vt 0.076500 0.380300
vt 0.075600 0.368900
vt 0.079800 0.378300
vt 0.084900 0.340700
vt 0.074500 0.344800
vt 0.087400 0.342900
vt 0.078900 0.348700
vt 0.068400 0.355600
vt 0.074800 0.357700
vt 0.096400 0.424900
vt 0.091100 0.430700
vt 0.085000 0.424800
vt 0.090500 0.418700
vt 0.101200 0.429300
vt 0.095700 0.435200
vt 0.093700 0.290700
vt 0.101400 0.288400
vt 0.102900 0.297500
vt 0.095000 0.300800
vt 0.107800 0.286800
vt 0.110500 0.294900
vt 0.105700 0.304900
vt 0.097000 0.308200
vt 0.113100 0.301000
vt 0.110600 0.312400
vt 0.102200 0.316700
vt 0.116800 0.308500
vt 0.086900 0.368600
vt 0.092200 0.367600
vt 0.093900 0.374500
vt 0.088500 0.376600
vt 0.095200 0.367700
vt 0.097000 0.371400
vt 0.097500 0.351700
vt 0.093700 0.356700
vt 0.090200 0.355100
vt 0.093500 0.347800
vt 0.099500 0.355300
vt 0.091600 0.362600
vt 0.088000 0.361500
vt 0.080300 0.438400
vt 0.072600 0.440700
vt 0.070200 0.433300
vt 0.078200 0.430400
vt 0.082600 0.445000
vt 0.074900 0.447400
vt 0.072200 0.271200
vt 0.076300 0.265200
vt 0.082100 0.270900
vt 0.077900 0.278400
vt 0.080700 0.259800
vt 0.087100 0.263500
vt 0.088800 0.275300
vt 0.083500 0.283300
vt 0.092200 0.266800
vt 0.096700 0.277700
vt 0.092500 0.285600
vt 0.099800 0.270300
vt 0.062500 0.436200
vt 0.061000 0.443100
vt 0.053400 0.440800
vt 0.054300 0.434300
vt 0.059400 0.448600
vt 0.052400 0.446300
vt 0.044600 0.266400
vt 0.044900 0.260300
vt 0.053100 0.262500
vt 0.053700 0.270000
vt 0.045800 0.254600
vt 0.053600 0.254800
vt 0.060800 0.262100
vt 0.060800 0.270100
vt 0.059300 0.254400
vt 0.068800 0.259500
vt 0.069300 0.267000
vt 0.067000 0.253400
vt 0.049600 0.431400
vt 0.046700 0.435500
vt 0.040500 0.431200
vt 0.042600 0.427000
vt 0.044400 0.438400
vt 0.038900 0.434300
vt 0.022300 0.280600
vt 0.020100 0.275500
vt 0.027300 0.273900
vt 0.030700 0.278400
vt 0.019000 0.271600
vt 0.024900 0.269600
vt 0.032900 0.270400
vt 0.036500 0.275000
vt 0.029400 0.266400
vt 0.036600 0.263600
vt 0.040200 0.267200
vt 0.033600 0.261200
vt 0.104700 0.433100
vt 0.099800 0.438500
vt 0.106400 0.437200
vt 0.103900 0.439800
vt 0.079500 0.418200
vt 0.085000 0.411900
vt 0.074800 0.414000
vt 0.081600 0.404700
vt 0.113400 0.286300
vt 0.115000 0.293400
vt 0.117900 0.287500
vt 0.085400 0.303800
vt 0.087500 0.294100
vt 0.075300 0.302800
vt 0.084400 0.295600
vt 0.117200 0.298500
vt 0.087000 0.311200
vt 0.079000 0.315900
vt 0.121100 0.304500
vt 0.123300 0.300200
vt 0.093300 0.319600
vt 0.086500 0.322400
vt 0.083200 0.451700
vt 0.077300 0.452900
vt 0.082100 0.455300
vt 0.079900 0.455800
vt 0.068000 0.426400
vt 0.075800 0.422300
vt 0.064000 0.421600
vt 0.085900 0.256000
vt 0.089900 0.259700
vt 0.090000 0.254800
vt 0.072100 0.285900
vt 0.069900 0.276500
vt 0.062900 0.289700
vt 0.067700 0.278000
vt 0.094200 0.262000
vt 0.077400 0.291900
vt 0.100000 0.262700
vt 0.098100 0.258800
vt 0.087400 0.291700
vt 0.057200 0.452900
vt 0.052000 0.451100
vt 0.054700 0.455800
vt 0.052400 0.454900
vt 0.055100 0.428200
vt 0.063800 0.429000
vt 0.052600 0.423000
vt 0.047900 0.249900
vt 0.053900 0.250400
vt 0.050400 0.246600
vt 0.052900 0.278400
vt 0.045000 0.271200
vt 0.047400 0.285100
vt 0.043300 0.273500
vt 0.058300 0.250100
vt 0.060700 0.279300
vt 0.064100 0.248700
vt 0.060900 0.245800
vt 0.068500 0.273500
vt 0.042000 0.440700
vt 0.037600 0.437300
vt 0.039200 0.441900
vt 0.037300 0.440400
vt 0.044700 0.423200
vt 0.051800 0.426600
vt 0.045600 0.419800
vt 0.018400 0.268000
vt 0.023800 0.266600
vt 0.019200 0.264800
vt 0.035100 0.282900
vt 0.025700 0.284900
vt 0.039100 0.287200
vt 0.029600 0.287900
vt 0.027100 0.264300
vt 0.041200 0.279900
vt 0.030300 0.259500
vt 0.027000 0.259200
vt 0.042300 0.271400
vt 0.080600 0.368400
vt 0.083700 0.377100
vt 0.089000 0.346200
vt 0.083700 0.351800
vt 0.080600 0.359900
vt 0.031100 0.361500
vt 0.028100 0.355600
vt 0.022600 0.347700
vt 0.017200 0.338200
vt 0.012200 0.327900
vt 0.007400 0.317600
vt 0.003000 0.305500
vt 0.014000 0.394500
vt 0.020000 0.383300
vt 0.026600 0.374500
vt 0.030800 0.366800
vt 0.080800 0.196000
vt 0.095000 0.193800
vt 0.095400 0.217300
vt 0.085400 0.218700
vt 0.109600 0.192300
vt 0.106900 0.217300
vt 0.122600 0.193900
vt 0.118800 0.219200
vt 0.135800 0.198800
vt 0.130400 0.222900
vt 0.149500 0.204900
vt 0.141500 0.226700
vt 0.163000 0.210000
vt 0.152600 0.230500
vt 0.175200 0.213900
vt 0.163000 0.234700
vt 0.187400 0.219600
vt 0.172600 0.239900
vt 0.067500 0.226200
vt 0.055700 0.205200
vt 0.069700 0.198800
vt 0.077100 0.221400
vt 0.065600 0.114700
vt 0.093900 0.110400
vt 0.087600 0.124300
vt 0.065600 0.126900
vt 0.116600 0.109500
vt 0.111300 0.124800
vt 0.134700 0.111100
vt 0.131100 0.127800
vt 0.151800 0.113800
vt 0.147600 0.131500
vt 0.168500 0.116700
vt 0.164800 0.135300
vt 0.189600 0.120500
vt 0.185700 0.139700
vt 0.205400 0.123600
vt 0.201100 0.142200
vt 0.218500 0.127300
vt 0.215200 0.144400
vt 0.044700 0.118000
vt 0.048100 0.131300
vt 0.031900 0.136000
vt 0.028000 0.121800
vt 0.080600 0.080300
vt 0.095000 0.076400
vt 0.096700 0.090700
vt 0.078300 0.096000
vt 0.113700 0.075900
vt 0.116100 0.091400
vt 0.135500 0.078600
vt 0.136100 0.095100
vt 0.155600 0.081700
vt 0.154700 0.097800
vt 0.174900 0.084600
vt 0.172100 0.101000
vt 0.198400 0.088900
vt 0.193500 0.105500
vt 0.217500 0.094000
vt 0.210600 0.109600
vt 0.230800 0.100900
vt 0.222800 0.114700
vt 0.053600 0.088100
vt 0.045600 0.106800
vt 0.024900 0.110800
vt 0.019000 0.096600
vt 0.078100 0.017100
vt 0.091400 0.016200
vt 0.091300 0.029000
vt 0.078500 0.030900
vt 0.111400 0.012100
vt 0.111200 0.027800
vt 0.136500 0.008700
vt 0.135000 0.028800
vt 0.157600 0.007500
vt 0.156200 0.027500
vt 0.179200 0.008600
vt 0.176300 0.026900
vt 0.201300 0.013100
vt 0.201900 0.032100
vt 0.227900 0.021700
vt 0.228700 0.037600
vt 0.258300 0.024600
vt 0.252400 0.042100
vt 0.018000 0.020400
vt 0.054500 0.013700
vt 0.048400 0.030100
vt 0.011100 0.037600
vt 0.856900 0.939800
vt 0.866500 0.959000
vt 0.844500 0.980500
vt 0.838400 0.974400
vt 0.896500 0.936600
vt 0.879900 0.912700
vt 0.956900 0.869000
vt 0.977300 0.893400
vt 0.946800 0.911300
vt 0.926300 0.886200
vt 0.919900 0.923600
vt 0.900700 0.899400
vt 0.907700 0.867800
vt 0.886800 0.882200
vt 0.865700 0.897300
vt 0.801600 0.939100
vt 0.788100 0.929600
vt 0.806700 0.906300
vt 0.823200 0.912100
vt 0.775800 0.902900
vt 0.768100 0.919900
vt 0.826000 0.956500
vt 0.843100 0.923600
vt 0.777900 0.922400
vt 0.791600 0.903300
vt 0.780100 0.885600
vt 0.801000 0.881500
vt 0.829100 0.877900
vt 0.847500 0.887800
vt 0.874000 0.870500
vt 0.862000 0.862200
vt 0.881500 0.849100
vt 0.894200 0.857600
vt 0.938000 0.855100
vt 0.925200 0.839400
vt 0.939400 0.818500
vt 0.897500 0.833300
vt 0.914500 0.813700
vt 0.870700 0.839500
vt 0.884600 0.824300
vt 0.922100 0.797900
vt 0.897700 0.807800
vt 0.906300 0.793500
vt 0.128100 0.785800
vt 0.140900 0.787600
vt 0.140300 0.807000
vt 0.121500 0.807000
vt 0.135500 0.827800
vt 0.126100 0.825000
vt 0.093300 0.786700
vt 0.127200 0.779800
vt 0.108400 0.807300
vt 0.092900 0.810100
vt 0.151300 0.786400
vt 0.120700 0.830700
vt 0.141700 0.832000
vt 0.152700 0.811500
vt 0.861800 0.827500
vt 0.875400 0.814500
vt 0.854600 0.814500
vt 0.867100 0.802700
vt 0.886900 0.800100
vt 0.846800 0.801200
vt 0.858000 0.790400
vt 0.091700 0.767900
vt 0.063900 0.795000
vt 0.059500 0.776400
vt 0.878300 0.789900
vt 0.896200 0.787800
vt 0.869100 0.778400
vt 0.889500 0.778900
vt 0.879300 0.767900
vt 0.031700 0.784400
vt 0.038000 0.803400
vt 0.069500 0.817100
vt 0.018200 0.809700
vt 0.010000 0.792400
vt 0.044900 0.826100
vt 0.099100 0.832700
vt 0.075000 0.839500
vt 0.259900 0.861200
vt 0.270300 0.859900
vt 0.267800 0.879100
vt 0.257100 0.878700
vt 0.248700 0.861000
vt 0.245600 0.877200
vt 0.238500 0.859400
vt 0.234900 0.874600
vt 0.228400 0.857000
vt 0.224700 0.871600
vt 0.218000 0.854100
vt 0.214400 0.868300
vt 0.204800 0.849700
vt 0.201200 0.865100
vt 0.192100 0.845600
vt 0.187700 0.861700
vt 0.177600 0.841900
vt 0.172900 0.859100
vt 0.160100 0.837000
vt 0.156500 0.855900
vt 0.141200 0.852700
vt 0.123500 0.850900
vt 0.103600 0.854300
vt 0.050500 0.849200
vt 0.021500 0.832900
vt 0.080300 0.861800
vt 0.056600 0.872400
vt 0.032000 0.883400
vt 0.025500 0.857900
vt 0.945000 0.803800
vt 0.068700 0.899300
vt 0.045700 0.913300
vt 0.276500 0.878700
vt 0.272400 0.905500
vt 0.262200 0.902600
vt 0.258300 0.936400
vt 0.251800 0.929300
vt 0.251100 0.899200
vt 0.244900 0.923500
vt 0.237200 0.952500
vt 0.232200 0.945100
vt 0.239900 0.895600
vt 0.090800 0.887300
vt 0.111700 0.876500
vt 0.124600 0.866900
vt 0.137300 0.873400
vt 0.128600 0.890500
vt 0.228800 0.890900
vt 0.219600 0.884900
vt 0.211800 0.878800
vt 0.205800 0.895200
vt 0.199600 0.881700
vt 0.184700 0.881900
vt 0.169600 0.880900
vt 0.153900 0.878400
vt 0.185900 0.899900
vt 0.149900 0.897400
vt 0.167500 0.900600
vt 0.215500 0.905800
vt 0.226400 0.913100
vt 0.236200 0.918400
vt 0.195300 0.915600
vt 0.206500 0.926600
vt 0.218100 0.934000
vt 0.114000 0.905800
vt 0.143000 0.915900
vt 0.168000 0.919300
vt 0.174000 0.938600
vt 0.226000 0.940100
vt 0.092500 0.924100
vt 0.070900 0.943700
vt 0.133200 0.940200
vt 0.198600 0.943200
vt 0.204100 0.952800
vt 0.175000 0.956100
vt 0.219100 0.953800
vt 0.150300 0.956700
vt 0.277900 0.800900
vt 0.269800 0.796900
vt 0.270500 0.788800
vt 0.278300 0.791300
vt 0.276200 0.782300
vt 0.266600 0.782200
vt 0.278100 0.812200
vt 0.269600 0.807200
vt 0.262200 0.802500
vt 0.262900 0.791900
vt 0.269200 0.770900
vt 0.278800 0.775300
vt 0.253700 0.768600
vt 0.261200 0.760000
vt 0.248200 0.751600
vt 0.258500 0.751400
vt 0.248300 0.738800
vt 0.260500 0.747200
vt 0.261800 0.730500
vt 0.265900 0.739200
vt 0.273700 0.724900
vt 0.275100 0.732400
vt 0.262100 0.812600
vt 0.268800 0.816800
vt 0.276900 0.826200
vt 0.270600 0.836200
vt 0.267100 0.831500
vt 0.269200 0.826000
vt 0.265100 0.823700
vt 0.260800 0.820500
vt 0.261800 0.817900
vt 0.266900 0.821600
vt 0.266100 0.825800
vt 0.264900 0.830300
vt 0.260900 0.838500
vt 0.259800 0.836200
vt 0.252600 0.816600
vt 0.252000 0.813300
vt 0.241800 0.818600
vt 0.238700 0.815600
vt 0.236400 0.823300
vt 0.231700 0.818500
vt 0.234800 0.829100
vt 0.227800 0.823800
vt 0.241400 0.832700
vt 0.241600 0.836500
vt 0.250100 0.838000
vt 0.250700 0.840600
vt 0.271700 0.846200
vt 0.261400 0.849800
vt 0.261700 0.842700
vt 0.250700 0.850600
vt 0.240800 0.848900
vt 0.241600 0.841900
vt 0.251000 0.844400
vt 0.233300 0.837700
vt 0.231200 0.846400
vt 0.224300 0.833700
vt 0.220900 0.843700
vt 0.251300 0.809300
vt 0.250800 0.800000
vt 0.251400 0.787400
vt 0.235100 0.790800
vt 0.235100 0.773200
vt 0.233400 0.750300
vt 0.227100 0.739700
vt 0.259500 0.719100
vt 0.245000 0.725200
vt 0.207300 0.782500
vt 0.197500 0.762900
vt 0.235400 0.804100
vt 0.236600 0.811900
vt 0.278500 0.858400
vt 0.279100 0.842700
vt 0.226700 0.815000
vt 0.222300 0.809000
vt 0.217400 0.798200
vt 0.220200 0.818400
vt 0.212000 0.813000
vt 0.213400 0.828500
vt 0.202800 0.822100
vt 0.201100 0.804300
vt 0.264000 0.824500
vt 0.261100 0.822500
vt 0.264500 0.825700
vt 0.262500 0.827100
vt 0.256400 0.832700
vt 0.252700 0.820100
vt 0.243900 0.821800
vt 0.239700 0.823700
vt 0.243100 0.830600
vt 0.248900 0.833100
vt 0.254200 0.828700
vt 0.252700 0.823600
vt 0.260000 0.824800
vt 0.260500 0.827000
vt 0.248000 0.829000
vt 0.245500 0.824200
vt 0.244100 0.828400
vt 0.242600 0.824300
vt 0.280200 0.770600
vt 0.273200 0.767500
vt 0.267200 0.758700
vt 0.266500 0.752500
vt 0.267500 0.748600
vt 0.271600 0.742400
vt 0.278400 0.738100
vt 0.280100 0.763800
vt 0.280900 0.757700
vt 0.275200 0.761400
vt 0.276200 0.755800
vt 0.270100 0.755700
vt 0.272200 0.754100
vt 0.269800 0.752700
vt 0.271000 0.753000
vt 0.271200 0.749900
vt 0.272000 0.751700
vt 0.273700 0.746300
vt 0.275100 0.749800
vt 0.279100 0.742900
vt 0.279700 0.747100
vt 0.273100 0.752700
vt 0.276600 0.752800
vt 0.281600 0.752900
vt 0.184800 0.789600
vt 0.189100 0.814000
vt 0.208500 0.839300
vt 0.196800 0.833200
vt 0.182600 0.826900
vt 0.171600 0.801400
vt 0.165600 0.818900
vt 0.172700 0.776300
vt 0.196300 0.751600
vt 0.168400 0.765600
vt 0.271900 0.714500
vt 0.140200 0.752800
vt 0.169100 0.754000
vt 0.874600 0.980900
vt 0.850500 0.991900
vt 0.907700 0.964800
vt 0.936300 0.949600
vt 0.964900 0.934500
vt 0.994400 0.919500
vt 0.078500 0.050200
vt 0.091600 0.046600
vt 0.092700 0.062500
vt 0.079100 0.066000
vt 0.110800 0.045000
vt 0.111400 0.061500
vt 0.134700 0.045400
vt 0.134400 0.062600
vt 0.155000 0.045400
vt 0.155200 0.063900
vt 0.175400 0.045800
vt 0.175400 0.065700
vt 0.201200 0.049200
vt 0.200400 0.069200
vt 0.227900 0.054100
vt 0.223800 0.074700
vt 0.248000 0.059700
vt 0.240600 0.081300
vt 0.011500 0.076600
vt 0.008700 0.054800
vt 0.048500 0.054200
vt 0.053600 0.072500
vt 0.067700 0.148400
vt 0.086800 0.146100
vt 0.091700 0.169900
vt 0.073500 0.172900
vt 0.107900 0.147500
vt 0.109100 0.169500
vt 0.126100 0.149600
vt 0.123800 0.170900
vt 0.142700 0.153200
vt 0.138800 0.175100
vt 0.161800 0.159000
vt 0.156300 0.181900
vt 0.182300 0.164800
vt 0.174000 0.187800
vt 0.197400 0.167400
vt 0.189000 0.191600
vt 0.212300 0.169800
vt 0.203000 0.196000
vt 0.044100 0.181500
vt 0.037100 0.157400
vt 0.052900 0.151800
vt 0.060300 0.175700
vt 0.108800 0.967400
vt 0.221500 0.961300
vt 0.204900 0.968200
vt 0.178300 0.975200
vt 0.145300 0.976200
vt 0.853100 0.852100
vt 0.846000 0.840100
vt 0.837800 0.827000
vt 0.223600 0.732700
vt 0.193600 0.742900
vt 0.264300 0.702800
vt 0.269100 0.706700
vt 0.259600 0.712100
vt 0.250300 0.713300
vt 0.227400 0.718200
vt 0.257200 0.698900
vt 0.780200 0.870900
vt 0.803000 0.866300
vt 0.829200 0.816200
vt 0.185400 0.731900
vt 0.817700 0.838700
vt 0.811700 0.829800
vt 0.828500 0.861000
vt 0.823900 0.850400
vt 0.800800 0.853000
vt 0.795300 0.838800
vt 0.789500 0.828800
vt 0.777100 0.843100
vt 0.773200 0.836000
vt 0.779500 0.855400
vt 0.601100 0.314500
vt 0.604300 0.314300
vt 0.595200 0.338200
vt 0.581000 0.341700
vt 0.586900 0.359700
vt 0.573400 0.382100
vt 0.559300 0.381300
vt 0.570300 0.363100
vt 0.538300 0.417000
vt 0.525900 0.431500
vt 0.516100 0.417400
vt 0.532500 0.408200
vt 0.510400 0.450200
vt 0.501400 0.433000
vt 0.562600 0.355800
vt 0.554100 0.369800
vt 0.516000 0.485400
vt 0.500400 0.495100
vt 0.497400 0.480600
vt 0.514200 0.467000
vt 0.540400 0.394100
vt 0.545800 0.396800
vt 0.529500 0.401600
vt 0.512800 0.413500
vt 0.497700 0.426600
vt 0.470800 0.476400
vt 0.465400 0.458400
vt 0.485800 0.444900
vt 0.493400 0.466300
vt 0.463500 0.448500
vt 0.481900 0.436500
vt 0.445000 0.457800
vt 0.445700 0.446900
vt 0.465600 0.439700
vt 0.417200 0.438000
vt 0.444900 0.432300
vt 0.418800 0.454500
vt 0.359100 0.452800
vt 0.353800 0.432300
vt 0.392900 0.438700
vt 0.394100 0.456500
vt 0.307700 0.446200
vt 0.298900 0.428100
vt 0.322500 0.428100
vt 0.329100 0.448900
vt 0.384200 0.419300
vt 0.409500 0.419000
vt 0.380000 0.401800
vt 0.348600 0.416300
vt 0.349500 0.401300
vt 0.293300 0.417800
vt 0.291100 0.408000
vt 0.320400 0.402900
vt 0.319300 0.416500
vt 0.263000 0.414600
vt 0.265400 0.421000
vt 0.230700 0.425400
vt 0.230100 0.421200
vt 0.481400 0.368200
vt 0.488400 0.386100
vt 0.461200 0.396600
vt 0.455900 0.377200
vt 0.430600 0.383100
vt 0.433900 0.401900
vt 0.405500 0.402800
vt 0.402100 0.386700
vt 0.601500 0.280200
vt 0.606300 0.284500
vt 0.418800 0.467500
vt 0.444700 0.468700
vt 0.419100 0.479800
vt 0.363300 0.470100
vt 0.368300 0.486900
vt 0.343700 0.486700
vt 0.335600 0.467800
vt 0.327300 0.487800
vt 0.316400 0.466200
vt 0.446600 0.483000
vt 0.421300 0.492500
vt 0.234200 0.408700
vt 0.265000 0.408400
vt 0.295600 0.400100
vt 0.322400 0.396400
vt 0.376200 0.389200
vt 0.348800 0.392700
vt 0.582500 0.307500
vt 0.586100 0.276900
vt 0.598200 0.281400
vt 0.594400 0.312500
vt 0.566800 0.329500
vt 0.575500 0.337100
vt 0.552600 0.336400
vt 0.557700 0.346200
vt 0.538000 0.343100
vt 0.542900 0.354800
vt 0.546300 0.384000
vt 0.509600 0.402700
vt 0.525000 0.387800
vt 0.518300 0.402700
vt 0.502000 0.417400
vt 0.438200 0.415600
vt 0.465400 0.410200
vt 0.468900 0.426300
vt 0.536900 0.377900
vt 0.528600 0.375500
vt 0.544700 0.364900
vt 0.531800 0.390800
vt 0.492500 0.415700
vt 0.492100 0.400000
vt 0.510500 0.388700
vt 0.507800 0.376300
vt 0.501500 0.359900
vt 0.264200 0.429800
vt 0.225200 0.430100
vt 0.526700 0.364900
vt 0.608600 0.355500
vt 0.608600 0.377100
vt 0.608600 0.337000
vt 0.374700 0.502000
vt 0.353600 0.505100
vt 0.339800 0.507300
vt 0.325400 0.510300
vt 0.310300 0.490000
vt 0.377100 0.535100
vt 0.363400 0.518500
vt 0.380500 0.514500
vt 0.385900 0.524700
vt 0.348400 0.519500
vt 0.359000 0.537400
vt 0.345800 0.539600
vt 0.335100 0.522100
vt 0.576200 0.404900
vt 0.608600 0.401100
vt 0.608600 0.429200
vt 0.581300 0.430400
vt 0.608600 0.314700
vt 0.608600 0.285700
vt 0.598100 0.560200
vt 0.608600 0.559900
vt 0.608600 0.580900
vt 0.595100 0.580600
vt 0.593200 0.600900
vt 0.573400 0.593200
vt 0.578400 0.579400
vt 0.551600 0.586600
vt 0.558100 0.569600
vt 0.535800 0.581100
vt 0.504300 0.575500
vt 0.507800 0.563000
vt 0.541200 0.568000
vt 0.475900 0.560600
vt 0.474300 0.573700
vt 0.459700 0.561600
vt 0.446200 0.568500
vt 0.433600 0.564000
vt 0.449700 0.554600
vt 0.413700 0.570900
vt 0.386900 0.571800
vt 0.380500 0.555400
vt 0.414400 0.554000
vt 0.367200 0.556300
vt 0.373100 0.572100
vt 0.359300 0.573500
vt 0.353500 0.558500
vt 0.341900 0.576900
vt 0.335300 0.563700
vt 0.608600 0.624500
vt 0.608600 0.636500
vt 0.601600 0.637000
vt 0.601200 0.625900
vt 0.581200 0.609900
vt 0.565400 0.605100
vt 0.588100 0.636300
vt 0.584200 0.625200
vt 0.544900 0.596700
vt 0.519100 0.588600
vt 0.541300 0.606400
vt 0.514200 0.596600
vt 0.563300 0.623200
vt 0.570100 0.634600
vt 0.553500 0.634000
vt 0.545100 0.619500
vt 0.445500 0.620100
vt 0.443800 0.607600
vt 0.474600 0.611800
vt 0.480100 0.623200
vt 0.608600 0.533200
vt 0.598300 0.533600
vt 0.596900 0.514900
vt 0.608600 0.514300
vt 0.581600 0.538400
vt 0.578000 0.519500
vt 0.545200 0.526600
vt 0.537800 0.509900
vt 0.554900 0.502700
vt 0.562100 0.523100
vt 0.502900 0.534200
vt 0.501300 0.521200
vt 0.519300 0.515600
vt 0.524100 0.529400
vt 0.469100 0.548000
vt 0.463600 0.533200
vt 0.482800 0.526600
vt 0.483000 0.536100
vt 0.439100 0.543100
vt 0.608600 0.461400
vt 0.608600 0.487500
vt 0.592600 0.488100
vt 0.587300 0.462000
vt 0.571700 0.495400
vt 0.565900 0.471500
vt 0.532500 0.492600
vt 0.549000 0.481800
vt 0.501400 0.508000
vt 0.517100 0.500700
vt 0.459500 0.522200
vt 0.480800 0.515800
vt 0.432800 0.530500
vt 0.407000 0.537700
vt 0.571200 0.554500
vt 0.551700 0.547400
vt 0.567700 0.540800
vt 0.503500 0.550100
vt 0.534800 0.549000
vt 0.600600 0.614600
vt 0.608600 0.597500
vt 0.608600 0.612800
vt 0.581600 0.617000
vt 0.502600 0.585100
vt 0.472500 0.584100
vt 0.561800 0.613600
vt 0.524400 0.631600
vt 0.517000 0.616400
vt 0.469700 0.598400
vt 0.443100 0.595800
vt 0.442100 0.579200
vt 0.497900 0.597300
vt 0.496100 0.618500
vt 0.474600 0.490200
vt 0.425400 0.505500
vt 0.450400 0.497300
vt 0.551400 0.403600
vt 0.557300 0.420800
vt 0.542800 0.434900
vt 0.393600 0.471300
vt 0.326500 0.546500
vt 0.317100 0.528100
vt 0.482000 0.632500
vt 0.447100 0.625100
vt 0.411200 0.640300
vt 0.405700 0.625500
vt 0.575600 0.649500
vt 0.559800 0.650200
vt 0.588400 0.650000
vt 0.599700 0.649200
vt 0.534100 0.650400
vt 0.517200 0.644600
vt 0.504200 0.630600
vt 0.385600 0.653800
vt 0.388300 0.635700
vt 0.401000 0.664300
vt 0.383600 0.671300
vt 0.374800 0.602800
vt 0.360600 0.603000
vt 0.362200 0.595000
vt 0.376700 0.594900
vt 0.406900 0.601000
vt 0.399800 0.613200
vt 0.388400 0.605300
vt 0.390900 0.596400
vt 0.415700 0.605100
vt 0.387400 0.624800
vt 0.370500 0.659900
vt 0.368500 0.679300
vt 0.510300 0.644500
vt 0.501100 0.637200
vt 0.337000 0.674500
vt 0.343200 0.657900
vt 0.354400 0.662100
vt 0.352300 0.684000
vt 0.356100 0.645600
vt 0.372100 0.643600
vt 0.373900 0.633500
vt 0.369700 0.613000
vt 0.357100 0.613100
vt 0.360700 0.633400
vt 0.346600 0.644500
vt 0.349800 0.631600
vt 0.362100 0.584300
vt 0.344400 0.586100
vt 0.346600 0.611600
vt 0.346800 0.602900
vt 0.334700 0.654300
vt 0.326800 0.670900
vt 0.339600 0.641600
vt 0.343300 0.629100
vt 0.507100 0.650300
vt 0.501100 0.643100
vt 0.414900 0.670800
vt 0.425900 0.651900
vt 0.446200 0.634000
vt 0.477700 0.638300
vt 0.246100 0.442200
vt 0.223100 0.432600
vt 0.267900 0.457800
vt 0.286600 0.447300
vt 0.297800 0.467500
vt 0.282500 0.473600
vt 0.295900 0.491800
vt 0.309900 0.514300
vt 0.608600 0.648500
vt 0.478400 0.504100
vt 0.455500 0.511200
vt 0.429200 0.518300
vt 0.545500 0.457800
vt 0.560900 0.443000
vt 0.376100 0.583500
vt 0.411700 0.586200
vt 0.390400 0.584100
vt 0.345400 0.595200
vt 0.530400 0.473700
vt 0.528800 0.450500
vt 0.485100 0.429200
vt 0.521200 0.351000
vt 0.581100 0.561800
vt 0.393600 0.486000
vt 0.397400 0.498900
vt 0.401700 0.511400
vt 0.405400 0.523300
vt 0.429300 0.577800
vt 0.424000 0.591100
vt 0.353700 0.621600
vt 0.366500 0.621300
vt 0.345400 0.620200
vt 0.373800 0.623000
vt 0.380400 0.615100
vt 0.616000 0.314500
vt 0.636200 0.341700
vt 0.622000 0.338200
vt 0.612900 0.314300
vt 0.630300 0.359700
vt 0.646900 0.363100
vt 0.657900 0.381300
vt 0.643800 0.382100
vt 0.678800 0.417000
vt 0.684600 0.408200
vt 0.701100 0.417400
vt 0.691200 0.431500
vt 0.715700 0.433000
vt 0.706800 0.450200
vt 0.654500 0.355800
vt 0.663100 0.369800
vt 0.701100 0.485400
vt 0.703000 0.467000
vt 0.719700 0.480600
vt 0.716800 0.495100
vt 0.676800 0.394100
vt 0.687700 0.401600
vt 0.671400 0.396800
vt 0.704400 0.413500
vt 0.719500 0.426600
vt 0.746400 0.476400
vt 0.723700 0.466300
vt 0.731400 0.444900
vt 0.751800 0.458400
vt 0.753700 0.448500
vt 0.735200 0.436500
vt 0.751500 0.439700
vt 0.771400 0.446900
vt 0.772200 0.457800
vt 0.800000 0.438000
vt 0.798400 0.454500
vt 0.772200 0.432300
vt 0.858100 0.452800
vt 0.823100 0.456500
vt 0.824200 0.438700
vt 0.863400 0.432300
vt 0.909400 0.446200
vt 0.888100 0.448900
vt 0.894700 0.428100
vt 0.918300 0.428100
vt 0.807600 0.419000
vt 0.833000 0.419300
vt 0.837100 0.401800
vt 0.867700 0.401300
vt 0.868500 0.416300
vt 0.923900 0.417800
vt 0.897900 0.416500
vt 0.896800 0.402900
vt 0.926000 0.408000
vt 0.954100 0.414600
vt 0.987100 0.421200
vt 0.986500 0.425400
vt 0.951800 0.421000
vt 0.735800 0.368200
vt 0.761300 0.377200
vt 0.755900 0.396600
vt 0.728700 0.386100
vt 0.786600 0.383100
vt 0.815100 0.386700
vt 0.811700 0.402800
vt 0.783200 0.401900
vt 0.610800 0.284500
vt 0.615600 0.280200
vt 0.798300 0.467500
vt 0.798000 0.479800
vt 0.772500 0.468700
vt 0.853800 0.470100
vt 0.881500 0.467800
vt 0.873400 0.486700
vt 0.848900 0.486900
vt 0.889900 0.487800
vt 0.900700 0.466200
vt 0.795900 0.492500
vt 0.770600 0.483000
vt 0.952200 0.408400
vt 0.982900 0.408700
vt 0.921600 0.400100
vt 0.894700 0.396400
vt 0.841000 0.389200
vt 0.868400 0.392700
vt 0.634700 0.307500
vt 0.622800 0.312500
vt 0.619000 0.281400
vt 0.631100 0.276900
vt 0.650400 0.329500
vt 0.641700 0.337100
vt 0.664500 0.336400
vt 0.659400 0.346200
vt 0.679200 0.343100
vt 0.674300 0.354800
vt 0.670800 0.384000
vt 0.707600 0.402700
vt 0.715200 0.417400
vt 0.698800 0.402700
vt 0.692200 0.387800
vt 0.748200 0.426300
vt 0.751800 0.410200
vt 0.778900 0.415600
vt 0.680300 0.377900
vt 0.672400 0.364900
vt 0.688500 0.375500
vt 0.685400 0.390800
vt 0.706700 0.388700
vt 0.725100 0.400000
vt 0.724600 0.415700
vt 0.709300 0.376300
vt 0.715700 0.359900
vt 0.953000 0.429800
vt 0.991900 0.430100
vt 0.690400 0.364900
vt 0.863600 0.505100
vt 0.842500 0.502000
vt 0.906900 0.490000
vt 0.891800 0.510300
vt 0.877300 0.507300
vt 0.838700 0.535000
vt 0.831300 0.524700
vt 0.836600 0.514500
vt 0.853800 0.518500
vt 0.868700 0.519500
vt 0.882100 0.522100
vt 0.871400 0.539600
vt 0.858200 0.537400
vt 0.640900 0.404900
vt 0.635900 0.430400
vt 0.619100 0.560200
vt 0.622100 0.580600
vt 0.638700 0.579400
vt 0.643700 0.593200
vt 0.624000 0.600900
vt 0.659000 0.569600
vt 0.665600 0.586600
vt 0.681300 0.581100
vt 0.675900 0.568000
vt 0.709400 0.563000
vt 0.712800 0.575500
vt 0.741300 0.560600
vt 0.742800 0.573700
vt 0.757500 0.561600
vt 0.767500 0.554600
vt 0.783500 0.564000
vt 0.770900 0.568500
vt 0.803500 0.570900
vt 0.802700 0.554000
vt 0.836700 0.555400
vt 0.830300 0.571800
vt 0.850000 0.556300
vt 0.863600 0.558500
vt 0.857900 0.573500
vt 0.844100 0.572100
vt 0.875300 0.576900
vt 0.881800 0.563700
vt 0.616000 0.625900
vt 0.615600 0.637000
vt 0.651800 0.605100
vt 0.636000 0.609900
vt 0.632900 0.625200
vt 0.629100 0.636300
vt 0.672300 0.596700
vt 0.698000 0.588600
vt 0.702900 0.596600
vt 0.675900 0.606400
vt 0.653900 0.623200
vt 0.672100 0.619500
vt 0.663700 0.634000
vt 0.647100 0.634600
vt 0.771700 0.620100
vt 0.737100 0.623200
vt 0.742600 0.611800
vt 0.773400 0.607600
vt 0.620200 0.514900
vt 0.618800 0.533600
vt 0.639200 0.519500
vt 0.635500 0.538400
vt 0.672000 0.526600
vt 0.655100 0.523100
vt 0.662300 0.502700
vt 0.679400 0.509900
vt 0.714300 0.534200
vt 0.693100 0.529400
vt 0.697800 0.515600
vt 0.715900 0.521200
vt 0.748100 0.548000
vt 0.734200 0.536100
vt 0.734400 0.526600
vt 0.753500 0.533200
vt 0.778100 0.543100
vt 0.629800 0.462000
vt 0.624500 0.488100
vt 0.651300 0.471500
vt 0.645400 0.495400
vt 0.668100 0.481800
vt 0.684700 0.492600
vt 0.700000 0.500700
vt 0.715800 0.508000
vt 0.736400 0.515800
vt 0.757600 0.522200
vt 0.784300 0.530500
vt 0.810500 0.535600
vt 0.645900 0.554500
vt 0.649500 0.540800
vt 0.665500 0.547400
vt 0.682400 0.549000
vt 0.713600 0.550100
vt 0.616500 0.614600
vt 0.635600 0.617000
vt 0.714600 0.585100
vt 0.744600 0.584100
vt 0.655400 0.613600
vt 0.692700 0.631600
vt 0.700200 0.616400
vt 0.747500 0.598400
vt 0.775000 0.579200
vt 0.774100 0.595800
vt 0.721100 0.618500
vt 0.719300 0.597300
vt 0.742500 0.490200
vt 0.791800 0.505500
vt 0.766800 0.497300
vt 0.674400 0.434900
vt 0.659800 0.420800
vt 0.665800 0.403600
vt 0.823500 0.471300
vt 0.900100 0.528100
vt 0.890600 0.546500
vt 0.770100 0.625100
vt 0.735100 0.632500
vt 0.811500 0.625500
vt 0.806000 0.640300
vt 0.657400 0.650200
vt 0.641500 0.649500
vt 0.628700 0.650000
vt 0.617400 0.649200
vt 0.683000 0.650400
vt 0.713000 0.630600
vt 0.700000 0.644600
vt 0.828800 0.635700
vt 0.831700 0.654100
vt 0.833500 0.671300
vt 0.816100 0.664300
vt 0.842400 0.602800
vt 0.840500 0.594900
vt 0.855000 0.595000
vt 0.856500 0.603000
vt 0.810300 0.601000
vt 0.826300 0.596400
vt 0.828800 0.605200
vt 0.817400 0.613200
vt 0.801500 0.605100
vt 0.829800 0.624700
vt 0.846800 0.660000
vt 0.848700 0.679300
vt 0.706900 0.644500
vt 0.716100 0.637200
vt 0.880200 0.674500
vt 0.864800 0.684000
vt 0.862800 0.662100
vt 0.874000 0.657900
vt 0.845000 0.643500
vt 0.861000 0.645600
vt 0.843200 0.633600
vt 0.860100 0.613200
vt 0.847400 0.613000
vt 0.856500 0.633400
vt 0.867300 0.631500
vt 0.870600 0.644500
vt 0.872800 0.586100
vt 0.855000 0.584300
vt 0.870400 0.602900
vt 0.870500 0.611600
vt 0.882500 0.654300
vt 0.890400 0.670900
vt 0.877600 0.641600
vt 0.873800 0.629100
vt 0.716000 0.643100
vt 0.710100 0.650300
vt 0.802300 0.670800
vt 0.791300 0.651900
vt 0.770900 0.634000
vt 0.739500 0.638300
vt 0.994100 0.432600
vt 0.971000 0.442200
vt 0.949200 0.457800
vt 0.934700 0.473600
vt 0.919400 0.467500
vt 0.930500 0.447300
vt 0.921300 0.491800
vt 0.907300 0.514300
vt 0.738800 0.504100
vt 0.788000 0.518300
vt 0.761700 0.511200
vt 0.671600 0.457800
vt 0.656300 0.443000
vt 0.841000 0.583500
vt 0.805400 0.586200
vt 0.826800 0.584100
vt 0.871700 0.595200
vt 0.686700 0.473700
vt 0.688400 0.450500
vt 0.732000 0.429200
vt 0.696000 0.351000
vt 0.636000 0.561800
vt 0.823500 0.486000
vt 0.819800 0.498900
vt 0.815500 0.511400
vt 0.811700 0.523300
vt 0.787800 0.577800
vt 0.793200 0.591100
vt 0.863500 0.621700
vt 0.850600 0.621300
vt 0.871700 0.620200
vt 0.836700 0.615000
vt 0.843300 0.623000
vn 0.504898 0.790113 0.347563
vn -0.103275 0.905019 0.412643
vn -0.729656 0.656142 0.192563
vn -0.701540 0.691406 0.172626
vn -0.720640 0.655544 0.225697
vn 0.638237 0.749799 0.174511
vn 0.676152 0.698764 0.233552
vn -0.704704 0.640051 0.306149
vn -0.485309 0.558190 0.672978
vn 0.503038 0.568661 0.650828
vn -0.449215 -0.668385 0.592847
vn 0.499202 -0.649785 0.573217
vn 0.630252 -0.770790 0.093091
vn 0.653036 -0.741710 -0.153006
vn -0.581859 -0.801883 0.135737
vn -0.654042 -0.749438 -0.102819
vn -0.200820 0.895670 0.396796
vn -0.832183 0.530581 0.161109
vn 0.207129 0.881986 0.423319
vn 0.161404 0.877069 0.452436
vn -0.551201 0.745701 0.374310
vn 0.686358 0.648253 0.329668
vn 0.728694 0.627781 0.273673
vn -0.635295 0.721457 0.275500
vn -0.761521 -0.633687 -0.136113
vn -0.778787 -0.625707 0.044520
vn -0.837106 -0.546844 -0.014668
vn -0.866200 -0.491342 -0.091000
vn -0.921769 0.363935 0.133766
vn -0.384673 0.802073 0.456844
vn -0.843748 -0.519772 -0.133888
vn -0.974265 0.214763 0.068445
vn -0.545344 0.734532 0.403810
vn 0.675243 -0.737586 -0.003621
vn -0.149612 -0.952048 0.266873
vn -0.247845 -0.965236 0.083021
vn -0.784536 -0.606568 0.128758
vn -0.741126 -0.654449 -0.149760
vn -0.655914 0.667672 0.352124
vn -0.682660 -0.728310 0.059507
vn -0.516802 -0.599026 0.611624
vn -0.462432 0.539221 0.703844
vn 0.453657 -0.628369 0.631939
vn 0.539183 0.475402 0.695180
vn 0.678701 -0.720792 -0.140800
vn 0.754446 0.562148 0.338823
vn 0.615608 -0.784777 0.071778
vn 0.720839 -0.684201 0.110727
vn 0.059860 -0.949942 0.306637
vn -0.425315 0.791149 0.439534
vn -0.797333 -0.597337 0.086306
vn 0.777798 0.539073 0.323157
vn 0.368189 0.853493 0.368764
vn -0.033166 -0.986299 0.161600
vn -0.520705 0.780315 0.346374
vn -0.806177 -0.583440 -0.098365
vn 0.801097 0.539661 0.258862
vn -0.563232 0.709392 0.423714
vn -0.411774 0.552710 0.724537
vn 0.611055 0.453320 0.648933
vn 0.778958 0.522236 0.347123
vn -0.746837 -0.653762 0.121781
vn -0.541657 -0.571312 0.616613
vn 0.478972 -0.691686 0.540515
vn 0.555118 -0.830506 0.045878
vn 0.591466 -0.787975 -0.171063
vn -0.335348 -0.941436 -0.035198
vn -0.070690 -0.996731 0.039118
vn 0.372041 0.845147 0.383814
vn 0.241515 -0.917141 0.317054
vn 0.735654 -0.676395 0.036107
vn 0.540689 0.805271 0.243299
vn 0.539360 0.807108 0.240141
vn 0.785064 0.577620 0.223674
vn 0.825691 0.517133 0.225408
vn -0.349680 0.808528 0.473293
vn -0.599932 0.702799 0.382304
vn -0.628903 0.623598 0.464335
vn 0.778951 0.536714 0.324306
vn 0.635612 0.483422 0.601914
vn -0.455784 0.518068 0.723786
vn -0.499238 -0.600084 0.625028
vn 0.601301 -0.619691 0.504401
vn 0.089784 -0.980071 0.177199
vn -0.655377 -0.745145 0.123449
vn 0.442976 -0.856790 0.263976
vn 0.214489 -0.971573 0.100204
vn -0.687750 -0.712308 0.140064
vn 0.688784 -0.724324 0.030530
vn -0.728642 -0.682075 -0.062080
vn 0.851680 -0.522643 0.038554
vn 0.749453 -0.641101 -0.165255
vn 0.822748 0.568251 0.013280
vn 0.889977 0.454392 0.038329
vn 0.863053 0.431507 0.262569
vn 0.842316 0.532041 0.086229
vn -0.055683 0.909404 0.412169
vn -0.437727 0.818973 0.371050
vn 0.816639 0.393597 0.422117
vn -0.568169 0.704316 0.425586
vn 0.604771 0.294002 0.740145
vn -0.454493 0.462970 0.760983
vn 0.817967 -0.542599 -0.191094
vn 0.635767 -0.734665 -0.236787
vn 0.785498 -0.617363 -0.043075
vn 0.749545 -0.661450 0.025812
vn 0.561185 -0.827671 0.005667
vn 0.433419 -0.759434 0.485188
vn -0.597600 -0.619236 0.509334
vn -0.766648 -0.629252 0.127647
vn -0.792865 -0.567588 -0.221831
vn -0.761946 -0.647634 0.002905
vn 0.144513 0.808863 0.569962
vn 0.498609 0.723909 0.476808
vn 0.716307 0.636059 0.286939
vn 0.935078 0.346661 0.073861
vn 0.859550 -0.507334 -0.061536
vn 0.050048 -0.997877 0.041679
vn 0.269508 -0.962941 -0.010477
vn 0.811407 0.536081 0.232885
vn 0.964571 0.260098 0.044178
vn 0.576977 0.695222 0.428677
vn 0.112491 0.823602 0.555900
vn 0.067833 0.892189 0.446540
vn -0.694674 0.676719 0.243885
vn 0.901471 -0.421427 -0.098739
vn 0.987877 0.153843 -0.020771
vn 0.898624 -0.433285 -0.068837
vn 0.656834 0.685253 0.314639
vn 0.887151 0.442227 0.131905
vn -0.995243 0.096398 -0.014127
vn 0.373252 -0.925874 -0.058658
vn 0.343291 -0.938436 -0.038592
vn 0.082679 -0.995391 -0.048595
vn 0.082288 -0.996541 -0.011614
vn -0.801981 -0.585654 -0.117625
vn -0.080280 -0.996439 -0.025764
vn -0.373120 -0.922854 -0.095511
vn -0.378056 -0.920043 -0.102929
vn -0.090520 -0.993611 -0.067396
vn 0.995772 0.030596 -0.086608
vn 0.960554 0.266988 0.077808
vn 0.732436 0.344067 0.587499
vn 0.947128 0.203350 0.248188
vn 0.908599 0.012417 0.417486
vn 0.608301 0.095644 0.787923
vn 0.758001 0.551711 0.347921
vn 0.043207 0.837794 0.544275
vn -0.894633 0.397497 0.204027
vn -0.998524 -0.047937 -0.025528
vn -0.994788 0.065733 -0.077949
vn -0.980376 -0.159599 -0.115722
vn -0.840757 0.231744 0.489308
vn 0.003189 0.488319 0.872660
vn -0.060135 0.170949 0.983443
vn -0.788987 0.096291 0.606818
vn 0.847377 -0.511149 -0.143804
vn -0.773388 -0.632103 -0.048133
vn -0.749658 -0.657730 -0.073512
vn 0.978037 0.091896 -0.187082
vn 0.974649 -0.077487 -0.209894
vn 0.765491 -0.607709 -0.211454
vn 0.362065 -0.928659 -0.080634
vn 0.075348 -0.996509 -0.035964
vn -0.117980 -0.992575 -0.029600
vn -0.401120 -0.915358 -0.034962
vn -0.265246 -0.960230 -0.087190
vn -0.998172 0.054998 0.025049
vn -0.120477 -0.991355 -0.051957
vn 0.043667 -0.996346 -0.073399
vn 0.161584 -0.974685 -0.154528
vn 0.641958 -0.630870 -0.435767
vn 0.787170 -0.171595 -0.592384
vn 0.110058 -0.841318 -0.529217
vn -0.258676 -0.821516 -0.508132
vn -0.690658 -0.632355 -0.350883
vn 0.793140 0.030866 -0.608257
vn 0.982437 0.101069 -0.156855
vn 0.784841 0.042226 -0.618257
vn -0.837140 -0.194922 -0.511080
vn -0.860195 -0.047308 -0.507766
vn -0.872829 -0.015877 -0.487769
vn 0.995166 -0.057506 -0.079613
vn -0.998269 0.015825 0.056639
vn 0.789094 -0.099600 -0.606145
vn -0.884049 -0.023570 -0.466800
vn 0.839099 -0.185275 0.511456
vn 0.502209 -0.081746 0.860874
vn -0.117298 0.007722 0.993067
vn -0.768726 0.003578 0.639569
vn -0.997363 -0.043602 0.058022
vn 0.963084 -0.269156 -0.004874
vn 0.751062 -0.278112 -0.598799
vn -0.365749 -0.236335 -0.900207
vn 0.186762 -0.249673 -0.950149
vn -0.410111 -0.046934 -0.910827
vn -0.401305 -0.041850 -0.914988
vn -0.428639 -0.122637 -0.895114
vn -0.418355 -0.067646 -0.905761
vn -0.882679 -0.080497 -0.463032
vn 0.211458 -0.008279 -0.977352
vn 0.224724 -0.012854 -0.974338
vn 0.225131 -0.102543 -0.968917
vn 0.178995 -0.196272 -0.964074
vn 0.781211 -0.275773 0.560052
vn 0.426876 -0.140708 0.893296
vn -0.756036 -0.031123 0.653790
vn -0.139690 -0.044842 0.989179
vn 0.919048 -0.393674 0.019302
vn -0.994505 -0.075139 0.072899
vn 0.682074 -0.406537 -0.607867
vn -0.871366 -0.135383 -0.471586
vn 0.127176 -0.300436 -0.945285
vn -0.417113 -0.204986 -0.885436
vn 0.386219 -0.176977 0.905270
vn 0.753957 -0.317904 0.574879
vn 0.903512 -0.428231 -0.016846
vn 0.634536 -0.432743 -0.640389
vn 0.085839 -0.359903 -0.929033
vn -0.414345 -0.273041 -0.868197
vn -0.857916 -0.171266 -0.484404
vn -0.993601 -0.090360 0.067771
vn -0.754099 -0.059674 0.654044
vn -0.140436 -0.088320 0.986143
vn 0.801518 -0.042696 0.596445
vn 0.394814 -0.179934 0.900969
vn 0.369650 -0.128307 0.920270
vn 0.794272 -0.057053 0.604878
vn 0.993535 0.112440 0.015697
vn 0.998260 0.040965 -0.042410
vn 0.753079 0.207068 -0.624496
vn 0.717547 0.107614 -0.688146
vn 0.151028 0.230709 -0.961230
vn 0.110493 0.129828 -0.985361
vn -0.442769 0.113315 -0.889447
vn -0.425302 0.196105 -0.883550
vn -0.899636 0.053245 -0.433381
vn -0.900855 0.107065 -0.420712
vn -0.998739 -0.014522 0.048067
vn -0.997795 0.028664 0.059868
vn -0.814781 -0.091495 0.572504
vn -0.819598 -0.061480 0.569631
vn -0.165768 -0.150578 0.974601
vn -0.195971 -0.184161 0.963161
vn 0.829109 -0.250327 0.499915
vn 0.492737 -0.279423 0.824096
vn 0.466532 -0.257005 0.846343
vn 0.835437 -0.110835 0.538294
vn 0.959728 -0.256152 0.115366
vn 0.996297 0.003033 0.085930
vn 0.796237 -0.247416 -0.552079
vn 0.804051 0.100246 -0.586049
vn 0.184097 0.179536 -0.966372
vn 0.184220 -0.151038 -0.971211
vn -0.413227 0.174815 -0.893691
vn -0.407962 -0.047516 -0.911762
vn -0.908540 0.105433 -0.404277
vn -0.918134 0.004899 -0.396240
vn -0.995521 0.029186 0.089920
vn -0.995980 -0.037687 0.081257
vn -0.812513 -0.098889 0.574494
vn -0.810591 -0.163961 0.562191
vn -0.226870 -0.278290 0.933319
vn -0.220714 -0.269475 0.937373
vn 0.786694 -0.363968 0.498638
vn 0.613506 -0.421214 0.667974
vn 0.385022 -0.430272 0.816470
vn 0.444749 -0.333962 0.831064
vn 0.838120 -0.438383 0.324615
vn 0.875914 -0.327783 0.354025
vn 0.793308 -0.314389 0.521365
vn 0.736295 -0.459703 -0.496531
vn 0.854651 -0.497641 -0.148072
vn 0.869875 -0.480257 0.112562
vn 0.899667 -0.422348 0.110548
vn 0.185363 -0.389329 -0.902255
vn 0.157631 -0.420988 -0.893264
vn 0.463053 -0.463054 -0.755753
vn -0.142859 -0.334562 -0.931482
vn -0.472709 -0.241071 -0.847603
vn -0.676587 -0.147735 -0.721391
vn -0.240720 -0.256984 -0.935956
vn -0.932857 -0.088426 -0.349227
vn -0.954816 -0.061142 -0.290841
vn -0.996486 -0.062434 0.055845
vn -0.995485 -0.074253 0.059124
vn -0.865311 -0.171815 0.470868
vn -0.835918 -0.190116 0.514875
vn -0.329806 -0.294407 0.896968
vn -0.475448 -0.282409 0.833183
vn 0.003861 -0.317381 0.948290
vn 0.016492 -0.385469 0.922573
vn 0.380031 -0.325141 0.865944
vn 0.390928 -0.284760 0.875264
vn 0.664512 -0.280829 0.692502
vn 0.663913 -0.252214 0.703994
vn 0.377103 -0.233571 0.896235
vn 0.809987 -0.265782 0.522762
vn 0.899294 -0.261530 0.350531
vn 0.924271 -0.192794 0.329475
vn 0.826565 -0.233311 0.512207
vn 0.788410 -0.286752 -0.544228
vn 0.804161 -0.186400 -0.564429
vn 0.965685 -0.155686 -0.207883
vn 0.943128 -0.264206 -0.201753
vn 0.508851 -0.309701 -0.803216
vn 0.499946 -0.213782 -0.839257
vn -0.336927 -0.201293 -0.919762
vn -0.458609 -0.147000 -0.876395
vn -0.006151 -0.211368 -0.977387
vn 0.068266 -0.286565 -0.955626
vn -0.977490 -0.024515 -0.209553
vn -0.815301 -0.060509 -0.575868
vn -0.746955 -0.083603 -0.659597
vn -0.968654 -0.030870 -0.246487
vn -0.998584 -0.016674 0.050514
vn -0.997969 -0.041042 0.048725
vn -0.902481 -0.048131 0.428031
vn -0.890789 -0.108193 0.441349
vn -0.468352 -0.208024 0.858704
vn -0.477657 -0.127677 0.869219
vn 0.007537 -0.263033 0.964758
vn -0.006615 -0.188191 0.982110
vn 0.948611 -0.086055 0.304520
vn 0.958977 0.006876 0.283399
vn 0.869346 -0.014840 0.493980
vn 0.853258 -0.116035 0.508416
vn 0.994819 -0.065310 0.077906
vn 0.979979 -0.077686 -0.183322
vn 0.985931 -0.019397 -0.166025
vn 0.997018 0.009928 0.076530
vn -0.475670 -0.081649 0.875826
vn -0.464678 -0.037922 0.884667
vn -0.899110 0.046500 0.435246
vn -0.909349 0.000591 0.416035
vn 0.682206 -0.046592 0.729674
vn 0.671648 -0.139321 0.727653
vn 0.002968 -0.073514 0.997290
vn -0.006732 -0.123835 0.992280
vn 0.373729 -0.140248 0.916874
vn 0.378985 -0.069625 0.922780
vn 0.816464 -0.104106 -0.567934
vn 0.475719 -0.117925 -0.871656
vn 0.456411 -0.073780 -0.886705
vn 0.816677 -0.058908 -0.574080
vn -0.551869 -0.096403 -0.828340
vn -0.610850 -0.092044 -0.786378
vn -0.104758 -0.095683 -0.989884
vn -0.068832 -0.128668 -0.989296
vn -0.910032 -0.029815 -0.413464
vn -0.858444 -0.035351 -0.511688
vn -0.983167 0.001604 -0.182700
vn -0.990636 0.068087 -0.118342
vn -0.991679 0.084106 0.097468
vn -0.997273 0.022425 0.070316
vn 0.984506 -0.152369 0.086788
vn 0.644304 -0.317343 0.695821
vn 0.930328 -0.346850 0.119104
vn 0.914089 -0.362811 -0.181135
vn 0.961060 -0.256036 0.103970
vn 0.505748 -0.361289 -0.783383
vn 0.767552 -0.370094 -0.523349
vn 0.125658 -0.333603 -0.934301
vn 0.368577 -0.199821 0.907867
vn 0.769881 -0.271189 0.577702
vn 0.785528 -0.148071 0.600850
vn 0.364028 -0.148555 0.919465
vn 0.948952 -0.310327 -0.056455
vn 0.990035 -0.125154 -0.064561
vn 0.656553 -0.294022 -0.694615
vn 0.692797 -0.088218 -0.715716
vn 0.074003 -0.244190 -0.966900
vn 0.082544 -0.054248 -0.995110
vn -0.434968 -0.193435 -0.879424
vn -0.449893 -0.037657 -0.892288
vn -0.872189 -0.134888 -0.470204
vn -0.895925 -0.038980 -0.442493
vn -0.993960 -0.097349 0.050668
vn -0.996791 -0.062797 0.049648
vn -0.774726 -0.125440 0.619730
vn -0.795200 -0.131181 0.591987
vn -0.144657 -0.166801 0.975321
vn -0.146237 -0.165700 0.975273
vn -0.255927 -0.866101 0.429385
vn 0.396299 -0.833542 -0.384909
vn 0.955721 -0.289121 0.054836
vn 0.268550 -0.322128 0.907808
vn -0.072671 -0.920965 0.382808
vn 0.382538 -0.798675 -0.464524
vn 0.977369 -0.194076 -0.084168
vn 0.461087 -0.338639 0.820196
vn -0.173916 -0.859713 0.480257
vn 0.307254 -0.828909 -0.467445
vn 0.934938 -0.300040 -0.189385
vn 0.406959 -0.339877 0.847861
vn -0.151717 -0.869269 0.470482
vn 0.104074 -0.880304 -0.462853
vn 0.788343 -0.535929 -0.302153
vn 0.513189 -0.528856 0.675980
vn -0.751652 -0.473311 0.459343
vn -0.483526 -0.852859 -0.197064
vn -0.331699 -0.893754 -0.301958
vn -0.744905 -0.662579 -0.078134
vn -0.285576 -0.876175 -0.388283
vn -0.280275 -0.878818 -0.386167
vn -0.155322 -0.714151 -0.682542
vn -0.041808 -0.761275 -0.647080
vn 0.217565 -0.218005 -0.951388
vn 0.400338 -0.331911 -0.854146
vn -0.021953 -0.982210 0.186501
vn -0.172351 -0.971410 -0.163274
vn -0.218410 -0.941945 -0.255023
vn -0.127228 -0.826535 -0.548318
vn 0.265214 -0.310930 -0.912680
vn -0.227520 -0.971932 -0.059863
vn -0.311223 -0.737492 0.599371
vn -0.266883 -0.948223 -0.172181
vn -0.241431 -0.876690 -0.416083
vn 0.168818 -0.384004 -0.907767
vn 0.645817 0.412757 -0.642301
vn 0.766407 0.333748 -0.548847
vn 0.676469 0.410553 -0.611421
vn 0.682796 0.446034 -0.578656
vn 0.681215 0.725929 0.094730
vn 0.682143 0.726392 0.083880
vn 0.425849 0.735789 0.526562
vn 0.448724 0.751086 0.484270
vn 0.074034 0.574252 0.815324
vn 0.074522 0.669523 0.739043
vn -0.379965 0.211993 0.900381
vn -0.492760 0.414471 0.765115
vn 0.685911 0.725622 0.054759
vn 0.499225 0.782112 0.372929
vn 0.164946 0.737913 0.654429
vn -0.030861 0.448900 0.893049
vn 0.701426 0.708117 0.081067
vn 0.599732 0.733652 0.319493
vn 0.366389 0.733603 0.572352
vn -0.069615 0.297333 0.952233
vn -0.488737 -0.406936 0.771711
vn -0.075474 -0.996792 -0.026637
vn 0.722348 -0.666492 0.184396
vn 0.312492 -0.145137 0.938767
vn -0.792708 -0.536837 -0.288825
vn 0.661031 -0.740376 -0.121993
vn 0.789806 -0.500270 -0.354874
vn -0.637831 -0.647567 -0.416928
vn 0.206939 0.445530 0.871022
vn 0.391416 0.481992 0.783886
vn -0.772708 0.377941 0.509984
vn -0.803833 0.201758 0.559595
vn -0.797146 -0.482264 0.363290
vn -0.774644 -0.516028 0.365570
vn 0.164735 -0.407862 -0.898059
vn 0.184716 -0.434051 -0.881748
vn -0.804451 -0.473420 0.358793
vn 0.186986 -0.435135 -0.880735
vn 0.803239 0.512642 -0.303323
vn 0.847442 0.468458 -0.249777
vn 0.892483 0.421812 -0.159839
vn -0.104309 0.403115 0.909185
vn -0.076501 0.420097 0.904249
vn -0.000886 0.374896 0.927067
vn -0.442954 -0.582006 -0.681953
vn 0.860360 -0.215407 -0.461932
vn 0.860212 -0.399540 -0.316864
vn -0.332510 -0.781886 -0.527344
vn 0.347610 0.480235 0.805321
vn 0.553525 0.285862 0.782236
vn -0.840107 0.115460 0.529989
vn -0.858552 -0.138254 0.493736
vn -0.777692 -0.485629 0.399199
vn -0.772244 -0.503450 0.387527
vn 0.093891 -0.466402 -0.879576
vn 0.060603 -0.466220 -0.882591
vn -0.742160 -0.508758 0.436307
vn 0.052237 -0.484676 -0.873133
vn 0.824853 0.501369 -0.261240
vn 0.840877 0.471998 -0.264847
vn 0.875172 0.432618 -0.216600
vn 0.020027 0.448381 0.893618
vn 0.047842 0.424560 0.904135
vn 0.160687 0.380589 0.910677
vn -0.714094 -0.529032 0.458471
vn 0.107969 -0.472108 -0.874904
vn 0.098945 -0.501781 -0.859317
vn -0.728757 -0.497103 0.470959
vn 0.119735 -0.533146 -0.837507
vn -0.669190 -0.508686 0.541686
vn 0.784603 0.499878 -0.366770
vn 0.824369 0.444451 -0.350542
vn 0.873929 0.402011 -0.273195
vn 0.088959 0.483155 0.871003
vn 0.083853 0.463211 0.882272
vn 0.217090 0.398648 0.891040
vn -0.720622 -0.355617 0.595181
vn -0.213765 -0.398602 -0.891864
vn -0.210272 -0.476751 -0.853519
vn -0.698377 -0.358716 0.619348
vn -0.233247 -0.498432 -0.834962
vn -0.677244 -0.358898 0.642287
vn 0.794090 0.322397 -0.515249
vn 0.883583 0.152310 -0.442812
vn 0.895966 0.068243 -0.438848
vn 0.437926 0.398787 0.805723
vn 0.490690 0.261735 0.831094
vn 0.496172 0.188107 0.847602
vn -0.703284 -0.620094 0.347671
vn 0.211572 -0.562812 -0.799050
vn 0.220316 -0.423461 -0.878716
vn -0.720523 -0.540473 0.434438
vn -0.252062 -0.967128 -0.033590
vn -0.526969 -0.657054 0.539058
vn 0.971561 0.167675 -0.167197
vn 0.787604 0.581484 -0.203854
vn 0.509608 0.680033 0.527120
vn 0.050406 0.119802 0.991517
vn -0.113347 0.416813 0.901898
vn -0.083694 0.387833 0.917922
vn -0.597327 -0.700136 0.391165
vn 0.066854 -0.606379 -0.792361
vn -0.623300 -0.593421 0.509263
vn 0.275595 -0.545695 -0.791369
vn -0.230956 -0.969031 -0.087395
vn 0.954319 0.160524 -0.252007
vn 0.837959 0.496970 -0.225491
vn 0.678671 0.669720 0.301463
vn 0.138488 0.016474 0.990227
vn 0.112328 0.435001 0.893396
vn -0.555492 -0.652366 0.515603
vn 0.117666 -0.639531 -0.759707
vn -0.601608 -0.574057 0.555452
vn 0.262275 -0.528318 -0.807522
vn -0.197838 -0.898903 -0.390939
vn 0.935632 0.073928 -0.345147
vn 0.805611 0.474719 -0.354447
vn 0.782848 0.622187 0.005705
vn 0.252179 0.033897 0.967087
vn 0.128153 0.477328 0.869330
vn -0.599617 -0.523133 0.605633
vn -0.215072 -0.627450 -0.748366
vn -0.680216 -0.338938 0.649944
vn -0.163890 -0.289541 -0.943030
vn -0.026471 -0.363739 -0.931125
vn 0.895906 -0.059091 -0.440296
vn 0.697084 0.451270 -0.557162
vn 0.662596 0.490723 -0.565824
vn 0.480823 0.020124 0.876587
vn 0.372137 0.469754 0.800529
vn -0.626735 -0.621904 -0.469510
vn 0.928675 -0.219299 -0.299117
vn 0.355178 0.508981 0.784084
vn -0.828111 0.148876 0.540434
vn -0.559460 -0.407456 0.721792
vn -0.347831 0.187702 0.918576
vn 0.042854 0.586291 0.808966
vn 0.440274 0.774881 0.453562
vn 0.700834 0.713242 0.010855
vn 0.833973 0.254096 -0.489820
vn 0.578205 -0.459560 -0.674154
vn 0.150281 -0.875377 -0.459489
vn -0.149446 -0.970875 -0.187264
vn -0.387279 -0.911768 0.136726
vn -0.542201 -0.334997 0.770581
vn -0.389265 0.211001 0.896634
vn -0.014017 0.601045 0.799093
vn 0.460166 0.788310 0.408431
vn 0.725640 0.683061 -0.082914
vn 0.801195 0.239864 -0.548226
vn 0.576689 -0.420790 -0.700261
vn 0.194664 -0.864457 -0.463487
vn -0.095899 -0.985344 -0.141070
vn -0.347994 -0.907434 0.235507
vn -0.523131 -0.584305 0.620420
vn -0.690823 -0.394839 0.605695
vn -0.414905 0.028642 0.909414
vn 0.102354 -0.063863 0.992696
vn -0.033325 0.532522 0.845760
vn 0.326749 0.557250 0.763353
vn 0.361782 0.870069 0.334803
vn 0.452590 0.859538 0.237395
vn 0.602969 0.716835 -0.350109
vn 0.577751 0.729589 -0.365930
vn 0.554255 0.328548 -0.764760
vn 0.546429 0.337795 -0.766362
vn 0.388657 -0.037554 -0.920617
vn 0.405907 -0.011981 -0.913836
vn 0.083581 -0.499328 -0.862372
vn 0.035839 -0.539317 -0.841340
vn -0.393184 -0.832188 -0.390987
vn -0.371169 -0.817230 -0.440872
vn -0.630000 -0.769510 0.104665
vn -0.655186 -0.755028 0.025769
vn -0.194126 -0.615383 0.763949
vn -0.141770 -0.658090 0.739472
vn 0.347783 -0.020110 0.937359
vn 0.297513 0.068780 0.952237
vn 0.559031 0.477415 0.677908
vn 0.558779 0.523819 0.642946
vn 0.630040 0.739403 0.237347
vn 0.669617 0.702515 0.241010
vn 0.669588 0.681660 -0.294943
vn 0.708254 0.660541 -0.249124
vn 0.593716 0.322981 -0.737011
vn 0.588004 0.344044 -0.732041
vn 0.399417 -0.032736 -0.916185
vn 0.433844 -0.039071 -0.900140
vn 0.101092 -0.554835 -0.825796
vn 0.126550 -0.542589 -0.830411
vn -0.358119 -0.931107 -0.069219
vn -0.370732 -0.909267 -0.189186
vn -0.400361 -0.850884 0.340158
vn -0.482233 -0.842842 0.238889
vn -0.796214 -0.340394 0.500175
vn -0.766810 -0.367537 0.526231
vn -0.130067 0.355819 0.925460
vn -0.132856 0.399917 0.906871
vn 0.336219 0.703743 0.625862
vn 0.326052 0.695982 0.639765
vn 0.546749 0.796412 0.258444
vn 0.553785 0.782494 0.284649
vn 0.604900 0.770548 -0.200879
vn 0.600730 0.754497 -0.264306
vn 0.488255 0.551642 -0.676238
vn 0.399841 0.563261 -0.723093
vn 0.225727 0.304078 -0.925518
vn 0.288300 0.205516 -0.935225
vn -0.323874 -0.361869 -0.874161
vn -0.385697 -0.304437 -0.870951
vn -0.796746 -0.599083 0.079342
vn -0.794718 -0.606035 0.033845
vn -0.796404 -0.515502 0.316226
vn -0.771505 -0.529756 0.352332
vn 0.341301 0.648923 0.680010
vn 0.522204 0.424240 0.739813
vn 0.168997 0.346325 0.922767
vn 0.323210 0.662264 0.675975
vn 0.481948 0.805846 0.344004
vn 0.348287 0.831602 0.432590
vn 0.165345 0.491306 -0.855149
vn 0.184230 0.650308 -0.736993
vn 0.296188 0.594639 -0.747447
vn 0.187786 0.386005 -0.903181
vn 0.318998 0.910307 -0.263785
vn 0.489782 0.812584 -0.315944
vn 0.156108 0.704314 -0.692511
vn 0.222226 0.965652 -0.134655
vn 0.257296 0.833542 0.488884
vn 0.296423 0.603659 0.740088
vn 0.296589 0.644418 0.704812
vn 0.254519 0.606963 0.752872
vn 0.170647 0.615547 0.769403
vn -0.000000 0.547455 0.836835
vn -0.208099 0.555193 0.805267
vn -0.088980 0.502485 0.859995
vn 0.000000 0.460726 0.887543
vn 0.332798 0.650253 0.682947
vn 0.413182 0.557977 0.719682
vn 0.154984 0.569449 0.807284
vn 0.007562 0.600375 0.799683
vn 0.256509 0.593855 0.762588
vn 0.043232 0.500610 0.864593
vn 0.345536 0.697243 0.628058
vn 0.310695 0.781601 0.540896
vn 0.300543 0.947373 0.110261
vn 0.473148 0.840697 0.263363
vn 0.287463 0.731485 -0.618301
vn 0.416098 0.820685 -0.391586
vn 0.134479 0.577278 -0.805398
vn 0.139310 0.561077 -0.815957
vn 0.007009 0.534630 -0.845057
vn 0.057500 0.544273 -0.836935
vn 0.202635 0.632378 -0.747688
vn 0.290872 0.719806 -0.630295
vn 0.571417 0.786290 -0.235012
vn -0.000000 0.530812 -0.847490
vn 0.000000 0.508274 -0.861195
vn 0.115969 0.575148 -0.809788
vn 0.613445 -0.588226 -0.526948
vn 0.733663 -0.223381 -0.641748
vn 0.980192 -0.062638 0.187881
vn 0.949694 -0.251140 0.187109
vn 0.850106 0.200981 -0.486751
vn 0.937275 0.282231 0.204601
vn 0.867132 0.025338 -0.497433
vn 0.813462 -0.152424 -0.561290
vn 0.659727 -0.165068 -0.733153
vn 0.932682 -0.098506 -0.346988
vn 0.999320 0.008632 0.035847
vn 0.796162 0.105637 -0.595792
vn 0.990525 0.087650 0.105723
vn 0.974803 0.044986 0.218483
vn 0.594347 0.222843 -0.772717
vn 0.875906 0.232604 -0.422711
vn 0.651282 -0.093890 -0.753005
vn 0.892559 -0.058618 -0.447105
vn 0.287954 0.116683 -0.950509
vn 0.644415 0.135495 -0.752576
vn 0.895455 0.081955 -0.437543
vn 0.639327 0.034206 -0.768174
vn 0.340326 -0.135169 -0.930542
vn 0.000000 0.077273 -0.997010
vn 0.345414 0.125800 -0.929980
vn -0.000000 -0.167028 -0.985952
vn 0.000000 0.107858 -0.994166
vn 0.364289 0.009402 -0.931238
vn 0.642545 -0.180286 -0.744737
vn 0.000000 -0.002664 -0.999996
vn 0.382395 -0.198911 -0.902335
vn 0.827146 -0.101052 -0.552828
vn 0.667931 -0.115703 -0.735174
vn 0.272729 0.040303 0.961246
vn 0.349142 0.157114 0.923805
vn 0.187704 0.124436 0.974312
vn 0.134164 -0.015711 0.990835
vn 0.459311 0.102875 0.882298
vn 0.529349 0.189417 0.826989
vn 0.632443 0.161795 0.757521
vn 0.691837 0.202316 0.693131
vn 0.784849 0.201781 0.585916
vn 0.816671 0.190462 0.544768
vn 0.892463 0.196123 0.406258
vn 0.898628 0.155071 0.410391
vn 0.934392 0.159268 0.318662
vn 0.930194 0.124169 0.345430
vn 0.963023 0.100374 0.250022
vn 0.953056 0.091103 0.288764
vn 0.977793 0.047624 0.204092
vn 0.972250 0.062051 0.225567
vn 0.986509 0.029968 0.160943
vn 0.990002 0.052024 0.131109
vn 0.998766 0.039393 -0.030232
vn 0.948651 0.019744 -0.315709
vn 0.826730 0.036033 -0.561444
vn 0.395433 -0.119223 -0.910724
vn -0.000000 -0.200288 -0.979737
vn 0.681848 0.049459 -0.729820
vn 0.398657 0.067589 -0.914606
vn 0.000000 0.080551 -0.996751
vn -0.000000 -0.113884 -0.993494
vn -0.000000 0.507598 -0.861594
vn 0.000000 0.380822 -0.924648
vn 0.390562 0.350022 -0.851438
vn 0.222137 0.348648 0.910549
vn 0.077355 0.344148 0.935724
vn 0.072294 0.106979 0.991630
vn 0.000000 0.341475 0.939891
vn 0.092096 0.572887 0.814444
vn 0.000000 0.567728 0.823216
vn 0.396485 0.354638 0.846777
vn 0.244380 0.579405 0.777540
vn 0.122330 0.735368 0.666535
vn -0.000000 0.726195 0.687489
vn 0.567866 0.357463 0.741451
vn 0.671937 0.280402 -0.685475
vn 0.821589 0.207895 -0.530821
vn 0.929349 0.133068 -0.344388
vn 0.862044 0.355190 -0.361554
vn 0.972816 0.176528 -0.149890
vn 0.714861 0.331033 0.615947
vn 0.820393 0.268602 0.504786
vn 0.888832 0.186357 0.418627
vn 0.908381 0.195398 0.369680
vn 0.832165 0.348406 0.431411
vn 0.932169 0.184712 0.311356
vn 0.960429 0.174233 0.217301
vn 0.982682 0.179090 0.047565
vn 0.853840 0.395350 0.338608
vn 0.904736 0.415364 -0.094472
vn 0.884896 0.427200 0.185631
vn 0.711653 0.476955 0.515813
vn 0.566561 0.554110 0.609894
vn 0.410075 0.579033 0.704669
vn 0.688421 0.615594 0.383563
vn 0.555803 0.705898 0.439080
vn 0.409229 0.740099 0.533653
vn 0.665722 0.529141 -0.526140
vn 0.680762 0.692528 -0.238677
vn 0.672824 0.728200 0.130506
vn 0.514714 0.843214 0.155110
vn 0.264212 0.749842 0.606572
vn 0.000000 0.105410 0.994429
vn 0.375405 0.660141 -0.650604
vn 0.000000 0.706504 -0.707709
vn 0.398997 0.843738 -0.359037
vn 0.398880 0.833520 0.382282
vn 0.244843 0.954563 0.169887
vn 0.193424 0.906735 0.374726
vn 0.119710 0.849558 0.513732
vn 0.232266 0.968724 -0.087332
vn 0.580393 0.238041 0.778769
vn 0.570978 -0.313518 0.758743
vn 0.700363 -0.316774 0.639646
vn 0.691479 0.119710 0.712409
vn 0.469981 -0.293402 0.832486
vn 0.318106 -0.099162 0.942855
vn 0.600253 0.218809 0.769298
vn 0.538518 0.289347 0.791376
vn 0.288160 0.186207 0.939304
vn 0.254727 -0.030958 0.966517
vn 0.347255 0.172253 0.921815
vn 0.431506 0.035111 0.901427
vn 0.316584 -0.161734 0.934675
vn 0.216693 -0.104729 0.970606
vn 0.185089 -0.135521 0.973333
vn 0.238545 -0.181197 0.954078
vn 0.321123 0.253775 0.912402
vn 0.450667 -0.094607 0.887665
vn 0.379340 0.273946 0.883773
vn 0.436051 0.105465 0.893721
vn 0.295276 0.185146 0.937301
vn 0.263051 0.055189 0.963202
vn 0.271940 0.264587 0.925226
vn 0.559870 0.256685 0.787819
vn 0.443089 0.089383 0.892011
vn 0.357846 -0.327636 0.874415
vn 0.692185 -0.099587 0.714817
vn 0.443303 -0.451966 0.774086
vn 0.246464 0.655106 0.714207
vn 0.486085 0.313563 0.815720
vn 0.206180 0.319704 0.924813
vn 0.106834 0.830825 0.546184
vn 0.719421 -0.370343 0.587606
vn 0.504525 -0.837871 0.208389
vn 0.352520 -0.910415 0.216505
vn 0.241412 -0.455791 0.856723
vn 0.238463 0.215101 0.947031
vn 0.110191 0.778897 0.617396
vn 0.332650 0.070165 0.940437
vn 0.098200 0.724773 0.681954
vn 0.431561 -0.206607 0.878105
vn 0.128759 -0.241673 0.961777
vn 0.629165 -0.142450 0.764107
vn 0.426645 -0.195529 0.883030
vn 0.322087 -0.278637 0.904777
vn -0.141666 -0.788319 0.598735
vn 0.134391 -0.952979 0.271607
vn 0.272276 -0.372903 0.887023
vn 0.171159 -0.172356 0.970051
vn 0.253581 -0.444532 0.859120
vn 0.226692 -0.172680 0.958536
vn 0.387029 -0.093904 0.917273
vn 0.326573 -0.384039 0.863634
vn 0.426879 -0.230227 0.874511
vn 0.543441 0.020677 0.839193
vn 0.581658 -0.057856 0.811374
vn 0.710186 0.139330 0.690089
vn 0.781853 0.074700 0.618971
vn 0.860959 0.221437 0.457948
vn 0.250503 0.247439 0.935961
vn 0.226840 0.226562 0.947214
vn 0.191436 -0.004057 0.981497
vn 0.580415 -0.111671 0.806628
vn 0.511427 0.066563 0.856745
vn 0.600933 -0.185071 0.777579
vn 0.666113 -0.227205 0.710402
vn 0.526150 -0.221752 0.820970
vn 0.564108 -0.286484 0.774409
vn 0.906403 -0.063841 0.417563
vn 0.868758 -0.003285 0.495227
vn 0.418377 0.273864 0.866002
vn 0.379665 0.228592 0.896437
vn -0.000000 -0.031903 0.999491
vn 0.171056 -0.084654 0.981618
vn 0.065444 -0.041569 0.996990
vn 0.000000 -0.042732 0.999087
vn 0.549053 0.023784 0.835449
vn 0.791151 0.116500 0.600423
vn 0.668466 0.188040 0.719579
vn 0.782872 -0.049620 0.620201
vn 0.896061 0.095368 0.433567
vn 0.906367 0.134859 0.400389
vn 0.966162 0.136687 0.218740
vn 0.955215 0.159367 0.249333
vn 0.055163 0.998313 -0.018116
vn 0.179785 0.800312 0.571995
vn 0.884217 -0.409905 0.223916
vn 0.659978 -0.741298 -0.122089
vn 0.345681 -0.933047 -0.099636
vn -0.070676 0.995147 0.068466
vn -0.124655 0.978887 0.161993
vn -0.907891 0.077678 0.411947
vn -0.497577 -0.867136 0.022189
vn 0.009828 -0.996792 -0.079433
vn 0.427526 -0.570307 0.701406
vn 0.764959 -0.344098 0.544458
vn 0.396884 0.734587 0.550331
vn 0.170541 0.539968 0.824227
vn -0.124361 0.370260 0.920566
vn 0.079890 -0.656218 0.750331
vn -0.759439 -0.081434 0.645461
vn -0.530162 -0.716716 0.453042
vn 0.237314 -0.704577 0.668771
vn -0.000000 0.146658 0.989187
vn -0.000000 -0.885369 0.464889
vn 0.255413 -0.686673 0.680620
vn 0.040992 -0.819960 0.570951
vn 0.110122 -0.387552 0.915247
vn 0.154865 0.759845 0.631389
vn 0.199072 0.718317 0.666627
vn 0.165329 0.675781 0.718322
vn -0.000000 -0.999961 -0.008785
vn -0.315269 -0.949001 0.001400
vn -0.119343 -0.977851 -0.171947
vn -0.000000 -0.967014 -0.254722
vn -0.570651 -0.819249 -0.056465
vn -0.423880 -0.901406 -0.088274
vn -0.586522 -0.805161 -0.087790
vn -0.462054 -0.886852 0.000129
vn -0.998566 -0.051084 0.016008
vn -0.933005 -0.211494 -0.291157
vn -0.258619 0.965237 -0.037864
vn -0.685411 0.724365 0.074213
vn -0.207262 0.978140 -0.016851
vn -0.258413 0.917380 0.302716
vn -0.066772 0.956454 0.284144
vn -0.077600 0.996911 0.012116
vn -0.920024 -0.279050 0.275114
vn -0.517207 0.168493 0.839111
vn -0.277286 0.118841 0.953409
vn -0.000000 0.184883 0.982761
vn 0.983818 0.132043 0.121105
vn 0.982401 0.136920 0.127048
vn 0.930301 0.222115 0.291898
vn 0.970590 0.151277 0.187269
vn 0.984015 0.088013 0.154815
vn 0.991382 0.101680 0.082603
vn 0.987979 0.053348 0.145091
vn 0.998121 0.058890 0.016941
vn 0.900651 -0.151627 0.407232
vn 0.998140 0.018015 -0.058247
vn 0.262060 -0.329908 0.906910
vn -0.000000 0.009427 0.999956
vn -0.000000 -0.407088 0.913389
vn -0.000000 0.162274 0.986746
vn 0.000001 0.361705 0.932293
vn -0.000000 0.289680 0.957124
vn -0.000001 -0.384661 0.923058
vn -0.000000 -0.489924 0.871765
vn -0.000000 0.115750 0.993278
vn -0.000000 0.619335 0.785127
vn -0.000000 0.953091 0.302685
vn -0.000000 0.999459 0.032886
vn 0.988529 -0.026459 -0.148694
vn 0.994880 -0.097265 -0.027433
vn -0.636931 -0.474317 0.607735
vn -0.407205 -0.579026 0.706338
vn 0.157374 0.130943 0.978819
vn -0.000419 0.242741 0.970091
vn 0.479688 0.573173 0.664359
vn 0.385122 0.648504 0.656600
vn 0.627578 0.733419 0.261232
vn 0.561668 0.785714 0.259198
vn 0.683429 0.696966 -0.217171
vn 0.629370 0.753219 -0.191193
vn 0.576162 0.408424 -0.707974
vn 0.538395 0.489727 -0.685783
vn 0.374843 0.032093 -0.926533
vn 0.338627 0.121149 -0.933089
vn 0.015858 -0.509201 -0.860502
vn -0.121862 -0.438146 -0.890605
vn -0.480450 -0.875778 -0.046703
vn -0.667027 -0.744940 -0.011822
vn -0.525280 -0.779355 0.341593
vn -0.703674 -0.641969 0.304497
vn -0.657629 -0.378424 0.651398
vn -0.577773 -0.352977 0.735925
vn -0.408956 0.144516 0.901038
vn -0.433774 0.064664 0.898699
vn -0.070911 0.512695 0.855637
vn -0.093515 0.459392 0.883297
vn 0.446898 0.768651 0.457665
vn 0.404325 0.793240 0.455293
vn 0.732902 0.661158 -0.160389
vn 0.691317 0.675113 -0.257493
vn 0.718465 0.264421 -0.643343
vn 0.620768 0.290082 -0.728354
vn 0.500978 -0.311382 -0.807503
vn 0.411991 -0.168115 -0.895545
vn 0.128315 -0.802465 -0.582740
vn 0.036381 -0.666247 -0.744843
vn -0.188184 -0.953363 -0.235981
vn -0.322710 -0.868729 -0.375723
vn -0.444222 -0.878092 0.177822
vn -0.587274 -0.806958 0.062670
vn 0.000000 0.419957 0.907544
vn -0.000000 0.871980 -0.489541
vn 0.000000 0.866656 0.498907
vn 0.000000 0.943092 0.332532
vn -0.000000 0.979046 0.203637
vn -0.000000 0.989396 -0.145245
vn 0.754414 0.619078 0.218177
vn 0.997268 0.054196 -0.050199
vn 0.982463 -0.116862 -0.145290
vn 0.710773 -0.401580 0.577526
vn 0.898253 -0.322888 0.298136
vn 0.342073 -0.450556 0.824612
vn 0.548845 -0.392188 0.738212
vn 0.517843 -0.674213 0.526569
vn 0.257855 -0.740732 0.620344
vn 0.427634 -0.320519 0.845220
vn 0.692829 -0.383550 0.610636
vn 0.625536 0.004566 0.780182
vn 0.416910 -0.249869 0.873929
vn 0.932413 -0.291135 0.214117
vn 0.935913 -0.305540 0.175250
vn -0.000000 -0.768615 0.639712
vn -0.000001 -0.513500 0.858089
vn 0.749864 0.358871 0.555802
vn 0.910216 -0.339972 0.236486
vn 0.690925 -0.631385 0.352101
vn 0.750120 -0.466443 0.468776
vn 0.491940 -0.560049 0.666589
vn 0.000000 -0.356636 0.934243
vn 0.000000 -0.639601 0.768707
vn 0.471709 -0.758431 0.449748
vn -0.000000 -0.830857 0.556486
vn 0.000000 -0.315489 0.948929
vn -0.504897 0.790113 0.347564
vn 0.701540 0.691406 0.172626
vn 0.729656 0.656142 0.192563
vn 0.103275 0.905019 0.412643
vn -0.638237 0.749800 0.174511
vn 0.720640 0.655544 0.225697
vn -0.676152 0.698764 0.233552
vn -0.503038 0.568661 0.650828
vn 0.485309 0.558190 0.672978
vn 0.704704 0.640051 0.306149
vn -0.499202 -0.649785 0.573217
vn 0.449215 -0.668385 0.592847
vn -0.653036 -0.741710 -0.153006
vn -0.630252 -0.770790 0.093091
vn 0.654042 -0.749438 -0.102819
vn 0.581859 -0.801883 0.135737
vn 0.832183 0.530581 0.161109
vn 0.200820 0.895670 0.396796
vn -0.161404 0.877069 0.452436
vn -0.207129 0.881986 0.423319
vn -0.686358 0.648253 0.329668
vn 0.551201 0.745701 0.374309
vn -0.728694 0.627781 0.273673
vn 0.635295 0.721457 0.275500
vn 0.761521 -0.633687 -0.136113
vn 0.778787 -0.625707 0.044520
vn 0.837106 -0.546844 -0.014668
vn 0.866200 -0.491342 -0.091000
vn 0.921769 0.363935 0.133766
vn 0.384673 0.802073 0.456844
vn 0.843748 -0.519772 -0.133888
vn 0.974265 0.214763 0.068445
vn 0.545344 0.734532 0.403810
vn -0.675243 -0.737587 -0.003621
vn 0.149611 -0.952048 0.266873
vn 0.247845 -0.965236 0.083021
vn 0.784536 -0.606568 0.128758
vn 0.741126 -0.654449 -0.149760
vn 0.655914 0.667672 0.352124
vn 0.462432 0.539222 0.703844
vn 0.516802 -0.599026 0.611624
vn 0.682660 -0.728310 0.059507
vn -0.453658 -0.628369 0.631939
vn -0.539183 0.475402 0.695180
vn -0.678701 -0.720791 -0.140800
vn -0.615608 -0.784777 0.071778
vn -0.754446 0.562148 0.338823
vn -0.720839 -0.684201 0.110727
vn -0.059860 -0.949942 0.306637
vn 0.425315 0.791149 0.439534
vn 0.797332 -0.597338 0.086306
vn -0.777798 0.539073 0.323157
vn -0.368189 0.853493 0.368764
vn 0.033166 -0.986299 0.161600
vn 0.520705 0.780315 0.346374
vn 0.806177 -0.583441 -0.098365
vn -0.801097 0.539662 0.258862
vn 0.563231 0.709392 0.423714
vn -0.778958 0.522236 0.347123
vn -0.611055 0.453319 0.648933
vn 0.411774 0.552710 0.724537
vn 0.541657 -0.571311 0.616613
vn 0.746837 -0.653762 0.121781
vn -0.478972 -0.691686 0.540515
vn -0.555117 -0.830506 0.045878
vn -0.591466 -0.787976 -0.171063
vn 0.335348 -0.941436 -0.035198
vn 0.070690 -0.996731 0.039118
vn -0.372041 0.845147 0.383813
vn -0.241515 -0.917141 0.317054
vn -0.735654 -0.676395 0.036107
vn -0.539359 0.807108 0.240141
vn -0.540689 0.805271 0.243299
vn -0.785064 0.577620 0.223674
vn 0.599932 0.702798 0.382304
vn 0.349680 0.808528 0.473294
vn -0.825691 0.517132 0.225408
vn -0.778951 0.536714 0.324306
vn 0.628903 0.623598 0.464335
vn -0.635612 0.483422 0.601915
vn 0.455785 0.518068 0.723786
vn -0.601301 -0.619691 0.504401
vn 0.499239 -0.600084 0.625028
vn -0.089784 -0.980071 0.177199
vn 0.655377 -0.745145 0.123449
vn -0.442976 -0.856790 0.263975
vn -0.214489 -0.971573 0.100204
vn -0.688784 -0.724324 0.030530
vn 0.687750 -0.712308 0.140064
vn 0.728643 -0.682075 -0.062080
vn -0.851679 -0.522643 0.038554
vn -0.749453 -0.641101 -0.165255
vn -0.889977 0.454392 0.038329
vn -0.822748 0.568251 0.013280
vn -0.863053 0.431507 0.262569
vn 0.437727 0.818973 0.371050
vn 0.055683 0.909404 0.412169
vn -0.842316 0.532041 0.086229
vn -0.816639 0.393597 0.422117
vn 0.568169 0.704316 0.425586
vn -0.604770 0.294002 0.740146
vn 0.454493 0.462970 0.760983
vn -0.817967 -0.542599 -0.191094
vn -0.635767 -0.734665 -0.236787
vn -0.785498 -0.617363 -0.043075
vn -0.749545 -0.661450 0.025812
vn -0.561185 -0.827671 0.005667
vn -0.433419 -0.759434 0.485188
vn 0.597601 -0.619235 0.509334
vn 0.792865 -0.567588 -0.221831
vn 0.766648 -0.629252 0.127647
vn 0.761946 -0.647634 0.002905
vn -0.144513 0.808863 0.569962
vn -0.498609 0.723909 0.476808
vn -0.716306 0.636059 0.286939
vn -0.935078 0.346661 0.073861
vn -0.859550 -0.507334 -0.061536
vn -0.050048 -0.997877 0.041679
vn -0.269508 -0.962941 -0.010477
vn -0.811407 0.536081 0.232885
vn -0.964571 0.260098 0.044178
vn -0.576977 0.695222 0.428676
vn -0.112491 0.823602 0.555900
vn 0.694674 0.676719 0.243884
vn -0.067833 0.892189 0.446540
vn -0.901471 -0.421427 -0.098739
vn -0.898624 -0.433285 -0.068837
vn -0.987877 0.153843 -0.020771
vn -0.656834 0.685253 0.314639
vn -0.887151 0.442227 0.131905
vn 0.995243 0.096398 -0.014127
vn -0.373252 -0.925874 -0.058658
vn -0.343291 -0.938436 -0.038592
vn -0.082679 -0.995391 -0.048595
vn -0.082288 -0.996541 -0.011614
vn 0.801981 -0.585654 -0.117625
vn 0.080280 -0.996439 -0.025764
vn 0.090520 -0.993611 -0.067396
vn 0.378056 -0.920043 -0.102929
vn 0.373120 -0.922854 -0.095511
vn -0.960554 0.266988 0.077808
vn -0.995772 0.030596 -0.086608
vn -0.732436 0.344067 0.587499
vn -0.608301 0.095644 0.787923
vn -0.908599 0.012417 0.417486
vn -0.947128 0.203350 0.248188
vn -0.758001 0.551711 0.347921
vn -0.043207 0.837794 0.544275
vn 0.894633 0.397497 0.204027
vn 0.998524 -0.047937 -0.025528
vn 0.980376 -0.159599 -0.115722
vn 0.994788 0.065733 -0.077949
vn 0.840757 0.231745 0.489308
vn 0.788987 0.096291 0.606818
vn 0.060135 0.170949 0.983443
vn -0.003189 0.488319 0.872660
vn -0.847377 -0.511149 -0.143804
vn 0.773388 -0.632103 -0.048133
vn 0.749658 -0.657730 -0.073512
vn -0.978037 0.091896 -0.187082
vn -0.974649 -0.077487 -0.209894
vn -0.765491 -0.607709 -0.211454
vn -0.362065 -0.928659 -0.080634
vn -0.075348 -0.996509 -0.035964
vn 0.117980 -0.992575 -0.029600
vn 0.401120 -0.915358 -0.034962
vn 0.265246 -0.960230 -0.087190
vn 0.998172 0.054998 0.025049
vn 0.120477 -0.991355 -0.051957
vn -0.043667 -0.996346 -0.073399
vn -0.161585 -0.974685 -0.154528
vn -0.787170 -0.171595 -0.592384
vn -0.641958 -0.630870 -0.435767
vn -0.110058 -0.841318 -0.529217
vn 0.258676 -0.821516 -0.508132
vn 0.690658 -0.632355 -0.350883
vn -0.793139 0.030866 -0.608258
vn -0.982437 0.101069 -0.156855
vn -0.784841 0.042227 -0.618257
vn 0.837140 -0.194922 -0.511079
vn 0.860195 -0.047308 -0.507766
vn 0.872829 -0.015877 -0.487769
vn -0.995166 -0.057506 -0.079613
vn 0.998269 0.015825 0.056639
vn -0.789094 -0.099600 -0.606145
vn 0.884049 -0.023570 -0.466800
vn -0.502209 -0.081746 0.860874
vn -0.839099 -0.185275 0.511456
vn 0.768726 0.003578 0.639569
vn 0.117298 0.007722 0.993067
vn 0.997363 -0.043602 0.058022
vn -0.963084 -0.269156 -0.004873
vn -0.751062 -0.278112 -0.598799
vn -0.186762 -0.249673 -0.950149
vn 0.365749 -0.236335 -0.900207
vn 0.410111 -0.046934 -0.910827
vn 0.401305 -0.041849 -0.914988
vn 0.428639 -0.122637 -0.895114
vn 0.882679 -0.080497 -0.463032
vn 0.418355 -0.067646 -0.905761
vn -0.211458 -0.008279 -0.977352
vn -0.224724 -0.012854 -0.974338
vn -0.225131 -0.102543 -0.968917
vn -0.178996 -0.196272 -0.964074
vn -0.426876 -0.140708 0.893296
vn -0.781211 -0.275773 0.560052
vn 0.756036 -0.031123 0.653790
vn 0.139690 -0.044842 0.989179
vn -0.919048 -0.393674 0.019302
vn 0.994505 -0.075139 0.072899
vn -0.682074 -0.406537 -0.607867
vn 0.871366 -0.135383 -0.471586
vn -0.127176 -0.300436 -0.945285
vn 0.417113 -0.204986 -0.885436
vn -0.386219 -0.176977 0.905270
vn -0.753957 -0.317904 0.574879
vn -0.903512 -0.428231 -0.016846
vn -0.634536 -0.432743 -0.640389
vn -0.085839 -0.359903 -0.929033
vn 0.414345 -0.273041 -0.868197
vn 0.857916 -0.171266 -0.484404
vn 0.993601 -0.090360 0.067771
vn 0.754099 -0.059674 0.654044
vn 0.140436 -0.088320 0.986143
vn -0.801518 -0.042696 0.596445
vn -0.794272 -0.057053 0.604878
vn -0.369650 -0.128307 0.920270
vn -0.394814 -0.179934 0.900969
vn -0.993535 0.112440 0.015697
vn -0.998260 0.040965 -0.042410
vn -0.753079 0.207068 -0.624496
vn -0.717547 0.107614 -0.688146
vn -0.151028 0.230709 -0.961230
vn -0.110493 0.129828 -0.985361
vn 0.425302 0.196105 -0.883550
vn 0.442769 0.113315 -0.889447
vn 0.900854 0.107065 -0.420712
vn 0.899636 0.053245 -0.433382
vn 0.997795 0.028664 0.059868
vn 0.998739 -0.014522 0.048067
vn 0.819598 -0.061480 0.569631
vn 0.814781 -0.091495 0.572504
vn 0.195971 -0.184161 0.963161
vn 0.165768 -0.150578 0.974601
vn -0.829109 -0.250327 0.499915
vn -0.835437 -0.110835 0.538294
vn -0.466532 -0.257005 0.846343
vn -0.492736 -0.279423 0.824096
vn -0.959728 -0.256152 0.115366
vn -0.996297 0.003033 0.085930
vn -0.796237 -0.247416 -0.552079
vn -0.804051 0.100246 -0.586049
vn -0.184220 -0.151038 -0.971211
vn -0.184097 0.179536 -0.966372
vn 0.407962 -0.047516 -0.911762
vn 0.413227 0.174815 -0.893691
vn 0.918134 0.004899 -0.396239
vn 0.908539 0.105433 -0.404277
vn 0.995980 -0.037687 0.081257
vn 0.995521 0.029186 0.089920
vn 0.810591 -0.163961 0.562192
vn 0.812513 -0.098889 0.574494
vn 0.226870 -0.278290 0.933319
vn 0.220714 -0.269475 0.937373
vn -0.786694 -0.363968 0.498638
vn -0.444749 -0.333962 0.831064
vn -0.385022 -0.430272 0.816471
vn -0.613506 -0.421214 0.667975
vn -0.793308 -0.314389 0.521365
vn -0.875914 -0.327783 0.354025
vn -0.838120 -0.438383 0.324615
vn -0.736295 -0.459703 -0.496531
vn -0.899667 -0.422348 0.110548
vn -0.869875 -0.480257 0.112562
vn -0.854651 -0.497642 -0.148072
vn -0.185363 -0.389329 -0.902255
vn -0.463053 -0.463054 -0.755753
vn -0.157631 -0.420989 -0.893264
vn 0.142859 -0.334563 -0.931482
vn 0.240720 -0.256984 -0.935956
vn 0.676587 -0.147736 -0.721391
vn 0.472709 -0.241071 -0.847603
vn 0.954816 -0.061142 -0.290841
vn 0.932857 -0.088426 -0.349227
vn 0.996486 -0.062434 0.055845
vn 0.995485 -0.074253 0.059124
vn 0.865311 -0.171815 0.470868
vn 0.835919 -0.190116 0.514875
vn 0.329806 -0.294408 0.896968
vn 0.475449 -0.282409 0.833183
vn -0.003861 -0.317381 0.948290
vn -0.380031 -0.325141 0.865944
vn -0.016492 -0.385469 0.922573
vn -0.390928 -0.284760 0.875264
vn -0.377103 -0.233571 0.896235
vn -0.663913 -0.252214 0.703994
vn -0.664512 -0.280829 0.692502
vn -0.809987 -0.265782 0.522762
vn -0.826565 -0.233311 0.512207
vn -0.924271 -0.192794 0.329475
vn -0.899294 -0.261530 0.350531
vn -0.788410 -0.286752 -0.544227
vn -0.943128 -0.264207 -0.201753
vn -0.965685 -0.155686 -0.207883
vn -0.804161 -0.186400 -0.564429
vn -0.508851 -0.309702 -0.803216
vn -0.499946 -0.213782 -0.839256
vn 0.336927 -0.201293 -0.919762
vn -0.068267 -0.286565 -0.955626
vn 0.006151 -0.211368 -0.977387
vn 0.458609 -0.147000 -0.876395
vn 0.977490 -0.024515 -0.209553
vn 0.968654 -0.030870 -0.246487
vn 0.746955 -0.083603 -0.659597
vn 0.815301 -0.060509 -0.575868
vn 0.998584 -0.016674 0.050514
vn 0.997969 -0.041042 0.048725
vn 0.902481 -0.048131 0.428031
vn 0.890789 -0.108193 0.441349
vn 0.477657 -0.127677 0.869219
vn 0.468352 -0.208024 0.858704
vn 0.006615 -0.188191 0.982110
vn -0.007537 -0.263033 0.964758
vn -0.948611 -0.086055 0.304520
vn -0.853258 -0.116035 0.508416
vn -0.869346 -0.014840 0.493980
vn -0.958977 0.006876 0.283399
vn -0.994819 -0.065310 0.077906
vn -0.997018 0.009928 0.076530
vn -0.985931 -0.019397 -0.166025
vn -0.979979 -0.077686 -0.183322
vn 0.475670 -0.081649 0.875826
vn 0.909349 0.000591 0.416035
vn 0.899110 0.046500 0.435246
vn 0.464679 -0.037922 0.884667
vn -0.682206 -0.046592 0.729674
vn -0.671648 -0.139321 0.727653
vn -0.002967 -0.073514 0.997290
vn -0.378985 -0.069625 0.922780
vn -0.373729 -0.140247 0.916874
vn 0.006732 -0.123835 0.992280
vn -0.816464 -0.104106 -0.567934
vn -0.816678 -0.058908 -0.574080
vn -0.456411 -0.073780 -0.886705
vn -0.475719 -0.117925 -0.871656
vn 0.551870 -0.096403 -0.828340
vn 0.068832 -0.128668 -0.989296
vn 0.104758 -0.095683 -0.989884
vn 0.610850 -0.092044 -0.786378
vn 0.910032 -0.029815 -0.413464
vn 0.990636 0.068087 -0.118342
vn 0.983167 0.001604 -0.182700
vn 0.858444 -0.035351 -0.511688
vn 0.997273 0.022425 0.070317
vn 0.991678 0.084106 0.097468
vn -0.984506 -0.152369 0.086788
vn -0.644304 -0.317343 0.695821
vn -0.930328 -0.346850 0.119104
vn -0.961060 -0.256036 0.103970
vn -0.914089 -0.362811 -0.181135
vn -0.505748 -0.361289 -0.783383
vn -0.767552 -0.370094 -0.523349
vn -0.125658 -0.333603 -0.934301
vn -0.368577 -0.199821 0.907867
vn -0.364028 -0.148555 0.919465
vn -0.785528 -0.148071 0.600850
vn -0.769881 -0.271189 0.577702
vn -0.990035 -0.125154 -0.064561
vn -0.948952 -0.310328 -0.056455
vn -0.692797 -0.088218 -0.715716
vn -0.656553 -0.294022 -0.694615
vn -0.082544 -0.054248 -0.995110
vn -0.074003 -0.244190 -0.966900
vn 0.449893 -0.037657 -0.892288
vn 0.434968 -0.193434 -0.879423
vn 0.895925 -0.038980 -0.442493
vn 0.872189 -0.134888 -0.470204
vn 0.996791 -0.062797 0.049648
vn 0.993960 -0.097349 0.050668
vn 0.795200 -0.131181 0.591987
vn 0.774726 -0.125440 0.619730
vn 0.146237 -0.165700 0.975273
vn 0.144657 -0.166801 0.975321
vn 0.255925 -0.866103 0.429381
vn -0.268549 -0.322131 0.907807
vn -0.955720 -0.289123 0.054837
vn -0.396301 -0.833540 -0.384911
vn 0.072668 -0.920964 0.382812
vn -0.461088 -0.338638 0.820196
vn -0.977369 -0.194076 -0.084165
vn -0.382542 -0.798676 -0.464520
vn 0.173915 -0.859711 0.480261
vn -0.406961 -0.339876 0.847860
vn -0.934938 -0.300043 -0.189381
vn -0.307253 -0.828913 -0.467438
vn 0.151719 -0.869269 0.470481
vn -0.513188 -0.528859 0.675978
vn -0.788342 -0.535930 -0.302154
vn -0.104074 -0.880304 -0.462854
vn 0.751652 -0.473311 0.459343
vn 0.744906 -0.662579 -0.078132
vn 0.331699 -0.893755 -0.301957
vn 0.483526 -0.852859 -0.197064
vn 0.280275 -0.878817 -0.386169
vn 0.285576 -0.876174 -0.388285
vn 0.155322 -0.714151 -0.682542
vn 0.041808 -0.761274 -0.647081
vn -0.217566 -0.218005 -0.951388
vn -0.400338 -0.331912 -0.854145
vn 0.021953 -0.982209 0.186503
vn 0.172352 -0.971409 -0.163275
vn 0.218410 -0.941945 -0.255023
vn 0.127228 -0.826536 -0.548317
vn -0.265215 -0.310929 -0.912680
vn 0.311223 -0.737492 0.599371
vn 0.227520 -0.971932 -0.059863
vn 0.266883 -0.948223 -0.172180
vn 0.241432 -0.876690 -0.416083
vn -0.168818 -0.384002 -0.907768
vn -0.645818 0.412758 -0.642300
vn -0.766407 0.333748 -0.548847
vn -0.676470 0.410554 -0.611420
vn -0.682797 0.446035 -0.578655
vn -0.682143 0.726392 0.083880
vn -0.681215 0.725929 0.094730
vn -0.448723 0.751087 0.484269
vn -0.425848 0.735789 0.526562
vn -0.074522 0.669525 0.739042
vn -0.074034 0.574253 0.815324
vn 0.492760 0.414473 0.765114
vn 0.379965 0.211994 0.900381
vn -0.685911 0.725622 0.054759
vn -0.499225 0.782112 0.372928
vn -0.164946 0.737914 0.654428
vn 0.030861 0.448901 0.893049
vn -0.701426 0.708117 0.081067
vn -0.599732 0.733653 0.319492
vn -0.366389 0.733602 0.572352
vn 0.069614 0.297333 0.952233
vn 0.488735 -0.406937 0.771713
vn -0.312493 -0.145136 0.938767
vn -0.722350 -0.666490 0.184396
vn 0.075476 -0.996792 -0.026638
vn 0.792709 -0.536837 -0.288822
vn -0.661031 -0.740376 -0.121989
vn 0.637832 -0.647566 -0.416928
vn -0.789807 -0.500270 -0.354874
vn -0.206939 0.445530 0.871022
vn -0.391416 0.481990 0.783887
vn 0.772707 0.377942 0.509984
vn 0.803832 0.201757 0.559597
vn 0.797147 -0.482263 0.363290
vn -0.184717 -0.434050 -0.881748
vn -0.164735 -0.407862 -0.898059
vn 0.774644 -0.516027 0.365571
vn 0.804451 -0.473419 0.358793
vn -0.186989 -0.435132 -0.880735
vn -0.847441 0.468460 -0.249777
vn -0.803239 0.512643 -0.303323
vn -0.892483 0.421813 -0.159839
vn 0.076503 0.420097 0.904249
vn 0.104310 0.403115 0.909185
vn 0.000887 0.374897 0.927066
vn 0.442955 -0.582006 -0.681953
vn 0.332511 -0.781885 -0.527344
vn -0.860213 -0.399538 -0.316866
vn -0.860359 -0.215408 -0.461932
vn -0.553525 0.285863 0.782235
vn -0.347612 0.480234 0.805321
vn 0.858552 -0.138256 0.493735
vn 0.840107 0.115460 0.529989
vn 0.777693 -0.485628 0.399199
vn -0.060603 -0.466221 -0.882590
vn -0.093892 -0.466402 -0.879576
vn 0.772244 -0.503450 0.387527
vn 0.742160 -0.508757 0.436307
vn -0.052237 -0.484677 -0.873132
vn -0.840878 0.471996 -0.264846
vn -0.824853 0.501370 -0.261240
vn -0.875174 0.432615 -0.216599
vn -0.047843 0.424560 0.904135
vn -0.020027 0.448382 0.893618
vn -0.160689 0.380587 0.910677
vn 0.714093 -0.529033 0.458471
vn 0.728757 -0.497105 0.470957
vn -0.098945 -0.501777 -0.859319
vn -0.107969 -0.472106 -0.874905
vn 0.669190 -0.508688 0.541683
vn -0.119736 -0.533142 -0.837510
vn -0.824368 0.444451 -0.350543
vn -0.784603 0.499879 -0.366770
vn -0.873928 0.402013 -0.273196
vn -0.083855 0.463210 0.882273
vn -0.088961 0.483155 0.871004
vn -0.217090 0.398647 0.891040
vn 0.720623 -0.355617 0.595180
vn 0.698379 -0.358716 0.619347
vn 0.210273 -0.476752 -0.853518
vn 0.213765 -0.398601 -0.891864
vn 0.677246 -0.358897 0.642286
vn 0.233246 -0.498434 -0.834961
vn -0.883584 0.152310 -0.442811
vn -0.794091 0.322397 -0.515248
vn -0.895967 0.068242 -0.438847
vn -0.490690 0.261736 0.831094
vn -0.437926 0.398786 0.805724
vn -0.496171 0.188109 0.847602
vn 0.703285 -0.620093 0.347670
vn -0.211576 -0.562810 -0.799050
vn -0.220317 -0.423461 -0.878716
vn 0.720522 -0.540473 0.434439
vn 0.252062 -0.967128 -0.033589
vn 0.526969 -0.657053 0.539059
vn -0.971561 0.167674 -0.167194
vn -0.787604 0.581484 -0.203854
vn -0.509609 0.680033 0.527119
vn -0.050405 0.119802 0.991517
vn 0.113347 0.416813 0.901898
vn 0.083694 0.387832 0.917922
vn 0.597326 -0.700136 0.391166
vn -0.066855 -0.606379 -0.792360
vn -0.275595 -0.545695 -0.791369
vn 0.623300 -0.593421 0.509263
vn 0.230955 -0.969031 -0.087395
vn -0.954320 0.160521 -0.252006
vn -0.837958 0.496971 -0.225492
vn -0.678671 0.669721 0.301462
vn -0.138490 0.016473 0.990227
vn -0.112329 0.435002 0.893395
vn 0.555492 -0.652366 0.515604
vn -0.117667 -0.639533 -0.759705
vn -0.262276 -0.528317 -0.807523
vn 0.601607 -0.574057 0.555452
vn 0.197838 -0.898902 -0.390941
vn -0.935633 0.073930 -0.345145
vn -0.805610 0.474720 -0.354448
vn -0.782847 0.622188 0.005705
vn -0.252178 0.033897 0.967087
vn -0.128154 0.477328 0.869330
vn 0.599619 -0.523132 0.605632
vn 0.215072 -0.627450 -0.748365
vn 0.163889 -0.289539 -0.943031
vn 0.680217 -0.338937 0.649944
vn 0.026471 -0.363739 -0.931125
vn -0.895907 -0.059092 -0.440293
vn -0.697085 0.451270 -0.557161
vn -0.662597 0.490724 -0.565823
vn -0.480821 0.020122 0.876588
vn -0.372137 0.469753 0.800529
vn 0.626735 -0.621904 -0.469509
vn -0.928675 -0.219301 -0.299116
vn -0.355179 0.508979 0.784084
vn 0.828110 0.148876 0.540435
vn 0.559460 -0.407457 0.721792
vn 0.347831 0.187702 0.918576
vn -0.042854 0.586292 0.808966
vn -0.440274 0.774881 0.453562
vn -0.700834 0.713242 0.010854
vn -0.833973 0.254096 -0.489821
vn -0.578205 -0.459560 -0.674154
vn -0.150281 -0.875377 -0.459490
vn 0.149446 -0.970875 -0.187264
vn 0.387279 -0.911768 0.136725
vn 0.542201 -0.334997 0.770581
vn 0.389265 0.211001 0.896633
vn 0.014017 0.601045 0.799092
vn -0.460166 0.788310 0.408431
vn -0.725639 0.683061 -0.082914
vn -0.801195 0.239863 -0.548227
vn -0.576688 -0.420790 -0.700262
vn -0.194664 -0.864457 -0.463486
vn 0.095899 -0.985344 -0.141071
vn 0.347994 -0.907434 0.235506
vn 0.523131 -0.584306 0.620420
vn -0.102354 -0.063863 0.992696
vn 0.414905 0.028641 0.909414
vn 0.690823 -0.394839 0.605695
vn -0.326749 0.557249 0.763353
vn 0.033325 0.532522 0.845760
vn -0.452591 0.859538 0.237395
vn -0.361782 0.870069 0.334803
vn -0.577751 0.729588 -0.365930
vn -0.602969 0.716835 -0.350109
vn -0.546428 0.337795 -0.766362
vn -0.554255 0.328547 -0.764760
vn -0.405907 -0.011981 -0.913836
vn -0.388657 -0.037554 -0.920617
vn -0.083582 -0.499329 -0.862372
vn -0.035839 -0.539317 -0.841340
vn 0.393184 -0.832188 -0.390986
vn 0.371169 -0.817230 -0.440872
vn 0.630000 -0.769510 0.104665
vn 0.655186 -0.755028 0.025769
vn 0.194126 -0.615383 0.763949
vn -0.297513 0.068780 0.952237
vn -0.347783 -0.020110 0.937359
vn 0.141770 -0.658090 0.739472
vn -0.558779 0.523818 0.642947
vn -0.559031 0.477415 0.677908
vn -0.669617 0.702515 0.241010
vn -0.630040 0.739403 0.237346
vn -0.708254 0.660541 -0.249123
vn -0.669588 0.681660 -0.294943
vn -0.588005 0.344044 -0.732041
vn -0.593717 0.322981 -0.737010
vn -0.399417 -0.032736 -0.916185
vn -0.433845 -0.039071 -0.900140
vn -0.101092 -0.554834 -0.825796
vn -0.126550 -0.542589 -0.830411
vn 0.358118 -0.931107 -0.069219
vn 0.370732 -0.909267 -0.189187
vn 0.400361 -0.850884 0.340158
vn 0.482233 -0.842843 0.238889
vn 0.796215 -0.340394 0.500174
vn 0.132856 0.399918 0.906871
vn 0.130066 0.355819 0.925460
vn 0.766810 -0.367538 0.526231
vn -0.326052 0.695982 0.639765
vn -0.336219 0.703742 0.625862
vn -0.553785 0.782494 0.284649
vn -0.546749 0.796412 0.258444
vn -0.600731 0.754497 -0.264305
vn -0.604900 0.770548 -0.200879
vn -0.399841 0.563262 -0.723093
vn -0.488255 0.551642 -0.676238
vn -0.225727 0.304079 -0.925518
vn -0.288300 0.205517 -0.935225
vn 0.385698 -0.304437 -0.870951
vn 0.323874 -0.361870 -0.874160
vn 0.796746 -0.599083 0.079343
vn 0.794718 -0.606035 0.033845
vn 0.771505 -0.529756 0.352332
vn 0.796404 -0.515502 0.316226
vn -0.341301 0.648923 0.680010
vn -0.323210 0.662264 0.675975
vn -0.168997 0.346325 0.922767
vn -0.522205 0.424240 0.739812
vn -0.481948 0.805846 0.344004
vn -0.348287 0.831602 0.432590
vn -0.165345 0.491305 -0.855149
vn -0.187786 0.386005 -0.903181
vn -0.296188 0.594639 -0.747447
vn -0.184230 0.650308 -0.736993
vn -0.489782 0.812584 -0.315943
vn -0.318998 0.910307 -0.263785
vn -0.156108 0.704314 -0.692511
vn -0.222226 0.965652 -0.134656
vn -0.257296 0.833542 0.488884
vn -0.296423 0.603659 0.740088
vn -0.170647 0.615547 0.769403
vn -0.254519 0.606963 0.752872
vn -0.296589 0.644418 0.704813
vn 0.088980 0.502485 0.859995
vn 0.208099 0.555194 0.805267
vn -0.413183 0.557978 0.719681
vn -0.332798 0.650253 0.682947
vn -0.007562 0.600375 0.799683
vn -0.154984 0.569449 0.807284
vn -0.043232 0.500610 0.864593
vn -0.256509 0.593855 0.762587
vn -0.345536 0.697243 0.628058
vn -0.310695 0.781600 0.540897
vn -0.300544 0.947373 0.110261
vn -0.473148 0.840697 0.263364
vn -0.416098 0.820685 -0.391585
vn -0.287463 0.731485 -0.618300
vn -0.134479 0.577278 -0.805398
vn -0.139311 0.561077 -0.815957
vn -0.007009 0.534630 -0.845057
vn -0.202635 0.632378 -0.747688
vn -0.057500 0.544273 -0.836935
vn -0.571417 0.786290 -0.235012
vn -0.290872 0.719806 -0.630296
vn -0.115969 0.575148 -0.809788
vn -0.613446 -0.588226 -0.526948
vn -0.949694 -0.251140 0.187111
vn -0.980192 -0.062638 0.187882
vn -0.733662 -0.223380 -0.641748
vn -0.937275 0.282231 0.204600
vn -0.850105 0.200981 -0.486753
vn -0.867133 0.025338 -0.497433
vn -0.932682 -0.098506 -0.346989
vn -0.659727 -0.165068 -0.733153
vn -0.813462 -0.152424 -0.561291
vn -0.999320 0.008632 0.035847
vn -0.796161 0.105637 -0.595792
vn -0.990525 0.087650 0.105723
vn -0.974803 0.044986 0.218484
vn -0.875906 0.232604 -0.422710
vn -0.594348 0.222843 -0.772717
vn -0.892559 -0.058619 -0.447104
vn -0.651282 -0.093890 -0.753005
vn -0.287954 0.116684 -0.950509
vn -0.895455 0.081955 -0.437543
vn -0.644415 0.135495 -0.752576
vn -0.639327 0.034207 -0.768174
vn -0.340325 -0.135168 -0.930542
vn -0.345413 0.125800 -0.929981
vn -0.364289 0.009402 -0.931239
vn -0.642545 -0.180286 -0.744737
vn -0.382396 -0.198911 -0.902335
vn -0.827146 -0.101052 -0.552828
vn -0.667931 -0.115703 -0.735174
vn -0.272729 0.040302 0.961246
vn -0.134165 -0.015711 0.990835
vn -0.187703 0.124436 0.974312
vn -0.349142 0.157114 0.923805
vn -0.459311 0.102875 0.882298
vn -0.529349 0.189417 0.826989
vn -0.632444 0.161795 0.757521
vn -0.691837 0.202316 0.693130
vn -0.784848 0.201781 0.585916
vn -0.816671 0.190462 0.544768
vn -0.892463 0.196123 0.406259
vn -0.898628 0.155071 0.410391
vn -0.934392 0.159268 0.318663
vn -0.930194 0.124169 0.345430
vn -0.963023 0.100374 0.250023
vn -0.953056 0.091103 0.288763
vn -0.977793 0.047624 0.204092
vn -0.972250 0.062051 0.225567
vn -0.986509 0.029968 0.160943
vn -0.990002 0.052024 0.131109
vn -0.998766 0.039393 -0.030232
vn -0.948651 0.019744 -0.315708
vn -0.826731 0.036033 -0.561443
vn -0.395433 -0.119223 -0.910724
vn -0.681848 0.049460 -0.729820
vn -0.398657 0.067589 -0.914606
vn -0.390563 0.350021 -0.851438
vn -0.072294 0.106979 0.991630
vn -0.077354 0.344147 0.935724
vn -0.222137 0.348648 0.910549
vn -0.092096 0.572886 0.814445
vn -0.396485 0.354638 0.846777
vn -0.244380 0.579404 0.777540
vn -0.122330 0.735367 0.666536
vn -0.567866 0.357463 0.741451
vn -0.671937 0.280402 -0.685474
vn -0.821589 0.207895 -0.530821
vn -0.929349 0.133068 -0.344388
vn -0.972816 0.176528 -0.149890
vn -0.862044 0.355190 -0.361553
vn -0.714861 0.331033 0.615947
vn -0.820393 0.268602 0.504786
vn -0.888833 0.186357 0.418626
vn -0.832165 0.348406 0.431411
vn -0.908381 0.195397 0.369680
vn -0.932169 0.184712 0.311355
vn -0.960429 0.174233 0.217301
vn -0.982682 0.179090 0.047566
vn -0.853840 0.395350 0.338608
vn -0.904736 0.415364 -0.094471
vn -0.884896 0.427199 0.185632
vn -0.711653 0.476955 0.515814
vn -0.566561 0.554110 0.609895
vn -0.410075 0.579033 0.704669
vn -0.688421 0.615593 0.383565
vn -0.555802 0.705898 0.439081
vn -0.409229 0.740099 0.533653
vn -0.665722 0.529142 -0.526139
vn -0.680763 0.692529 -0.238676
vn -0.672824 0.728200 0.130508
vn -0.514714 0.843214 0.155112
vn -0.264212 0.749841 0.606573
vn -0.375405 0.660141 -0.650604
vn -0.398997 0.843739 -0.359035
vn -0.398879 0.833520 0.382283
vn -0.193424 0.906734 0.374728
vn -0.244843 0.954563 0.169888
vn -0.119710 0.849556 0.513735
vn -0.232266 0.968724 -0.087330
vn -0.580393 0.238040 0.778769
vn -0.691480 0.119710 0.712408
vn -0.700366 -0.316776 0.639641
vn -0.570981 -0.313520 0.758740
vn -0.469982 -0.293403 0.832485
vn -0.318108 -0.099162 0.942854
vn -0.538518 0.289347 0.791376
vn -0.600253 0.218810 0.769298
vn -0.288159 0.186207 0.939304
vn -0.254728 -0.030958 0.966517
vn -0.431506 0.035111 0.901427
vn -0.347254 0.172253 0.921815
vn -0.216693 -0.104729 0.970606
vn -0.316586 -0.161735 0.934674
vn -0.238547 -0.181198 0.954077
vn -0.185090 -0.135523 0.973332
vn -0.450668 -0.094608 0.887664
vn -0.321124 0.253775 0.912402
vn -0.436050 0.105465 0.893721
vn -0.379340 0.273945 0.883773
vn -0.263050 0.055189 0.963203
vn -0.295276 0.185145 0.937301
vn -0.271939 0.264587 0.925226
vn -0.559870 0.256685 0.787818
vn -0.443089 0.089383 0.892011
vn -0.357846 -0.327637 0.874415
vn -0.443303 -0.451967 0.774086
vn -0.692185 -0.099587 0.714816
vn -0.246468 0.655110 0.714202
vn -0.106834 0.830829 0.546178
vn -0.206179 0.319703 0.924814
vn -0.486084 0.313561 0.815722
vn -0.719425 -0.370341 0.587602
vn -0.504525 -0.837870 0.208394
vn -0.241413 -0.455791 0.856723
vn -0.352520 -0.910413 0.216511
vn -0.110192 0.778904 0.617387
vn -0.238461 0.215103 0.947031
vn -0.098201 0.724779 0.681948
vn -0.332644 0.070166 0.940439
vn -0.128759 -0.241673 0.961777
vn -0.431558 -0.206609 0.878106
vn -0.426647 -0.195530 0.883029
vn -0.629166 -0.142451 0.764106
vn 0.141666 -0.788317 0.598738
vn -0.322088 -0.278638 0.904776
vn -0.134391 -0.952978 0.271610
vn -0.272275 -0.372902 0.887023
vn -0.171158 -0.172356 0.970051
vn -0.226691 -0.172680 0.958537
vn -0.253581 -0.444530 0.859122
vn -0.387028 -0.093905 0.917274
vn -0.543442 0.020676 0.839192
vn -0.426882 -0.230227 0.874510
vn -0.326573 -0.384038 0.863635
vn -0.581659 -0.057856 0.811372
vn -0.710186 0.139330 0.690089
vn -0.781853 0.074700 0.618971
vn -0.860958 0.221437 0.457948
vn -0.250501 0.247439 0.935961
vn -0.226839 0.226561 0.947214
vn -0.191436 -0.004057 0.981497
vn -0.511427 0.066563 0.856745
vn -0.580415 -0.111671 0.806628
vn -0.600933 -0.185071 0.777578
vn -0.666113 -0.227205 0.710402
vn -0.526150 -0.221754 0.820970
vn -0.564111 -0.286487 0.774406
vn -0.868758 -0.003286 0.495227
vn -0.906402 -0.063842 0.417563
vn -0.418375 0.273863 0.866003
vn -0.379661 0.228592 0.896439
vn -0.065444 -0.041569 0.996990
vn -0.171056 -0.084654 0.981618
vn -0.549052 0.023783 0.835450
vn -0.668464 0.188039 0.719581
vn -0.791151 0.116500 0.600424
vn -0.782871 -0.049620 0.620202
vn -0.896060 0.095368 0.433568
vn -0.906367 0.134859 0.400389
vn -0.966162 0.136687 0.218741
vn -0.955215 0.159367 0.249333
vn -0.179783 0.800317 0.571989
vn -0.055163 0.998313 -0.018120
vn -0.884213 -0.409909 0.223923
vn -0.659978 -0.741299 -0.122090
vn -0.345681 -0.933047 -0.099636
vn 0.070676 0.995148 0.068456
vn 0.124655 0.978889 0.161979
vn 0.907887 0.077681 0.411955
vn 0.497577 -0.867136 0.022192
vn -0.009828 -0.996792 -0.079431
vn -0.427526 -0.570309 0.701406
vn -0.170541 0.539969 0.824227
vn -0.396882 0.734589 0.550331
vn -0.764960 -0.344101 0.544455
vn -0.079890 -0.656217 0.750331
vn 0.124361 0.370262 0.920566
vn 0.530162 -0.716716 0.453041
vn 0.759445 -0.081433 0.645455
vn -0.237313 -0.704577 0.668770
vn -0.255412 -0.686672 0.680622
vn -0.040993 -0.819958 0.570954
vn -0.110124 -0.387566 0.915240
vn -0.154865 0.759845 0.631389
vn -0.199072 0.718319 0.666624
vn -0.165329 0.675781 0.718322
vn 0.119343 -0.977851 -0.171946
vn 0.315270 -0.949001 0.001397
vn 0.423880 -0.901407 -0.088270
vn 0.570652 -0.819248 -0.056468
vn 0.462054 -0.886852 0.000135
vn 0.586522 -0.805161 -0.087788
vn 0.933013 -0.211496 -0.291130
vn 0.998565 -0.051085 0.016044
vn 0.258619 0.965237 -0.037863
vn 0.685412 0.724364 0.074211
vn 0.207262 0.978140 -0.016857
vn 0.258414 0.917380 0.302714
vn 0.077600 0.996911 0.012110
vn 0.066772 0.956454 0.284143
vn 0.920026 -0.279048 0.275109
vn 0.517213 0.168493 0.839107
vn 0.277288 0.118840 0.953409
vn -0.983818 0.132043 0.121105
vn -0.982401 0.136920 0.127048
vn -0.930301 0.222115 0.291898
vn -0.970590 0.151277 0.187270
vn -0.984015 0.088013 0.154815
vn -0.991382 0.101680 0.082604
vn -0.987979 0.053348 0.145091
vn -0.998121 0.058890 0.016941
vn -0.900650 -0.151627 0.407232
vn -0.998140 0.018015 -0.058247
vn -0.262059 -0.329909 0.906910
vn -0.988529 -0.026459 -0.148694
vn -0.994880 -0.097265 -0.027434
vn 0.636931 -0.474317 0.607735
vn 0.000419 0.242741 0.970091
vn -0.157374 0.130943 0.978819
vn 0.407205 -0.579026 0.706338
vn -0.385122 0.648504 0.656600
vn -0.479688 0.573173 0.664359
vn -0.561668 0.785714 0.259197
vn -0.627578 0.733419 0.261232
vn -0.629369 0.753219 -0.191194
vn -0.683429 0.696966 -0.217171
vn -0.538394 0.489727 -0.685784
vn -0.576163 0.408424 -0.707974
vn -0.338627 0.121149 -0.933089
vn -0.374843 0.032093 -0.926533
vn 0.121862 -0.438146 -0.890605
vn -0.015858 -0.509201 -0.860502
vn 0.667027 -0.744940 -0.011821
vn 0.480450 -0.875778 -0.046703
vn 0.703674 -0.641969 0.304497
vn 0.525280 -0.779356 0.341592
vn 0.657629 -0.378424 0.651398
vn 0.433774 0.064664 0.898699
vn 0.408956 0.144516 0.901038
vn 0.577773 -0.352977 0.735925
vn 0.093515 0.459393 0.883297
vn 0.070911 0.512695 0.855637
vn -0.404325 0.793240 0.455293
vn -0.446898 0.768651 0.457666
vn -0.691317 0.675113 -0.257494
vn -0.732902 0.661158 -0.160389
vn -0.620768 0.290082 -0.728354
vn -0.718466 0.264421 -0.643342
vn -0.411991 -0.168115 -0.895545
vn -0.500979 -0.311382 -0.807503
vn -0.036382 -0.666247 -0.744843
vn -0.128315 -0.802465 -0.582739
vn 0.322710 -0.868729 -0.375723
vn 0.188183 -0.953362 -0.235981
vn 0.587274 -0.806958 0.062669
vn 0.444222 -0.878092 0.177821
vn -0.754414 0.619078 0.218177
vn -0.997268 0.054196 -0.050199
vn -0.982463 -0.116862 -0.145290
vn -0.710772 -0.401580 0.577526
vn -0.898253 -0.322889 0.298137
vn -0.342073 -0.450556 0.824612
vn -0.257855 -0.740734 0.620342
vn -0.517844 -0.674213 0.526569
vn -0.548847 -0.392190 0.738210
vn -0.692830 -0.383551 0.610635
vn -0.427634 -0.320519 0.845220
vn -0.416910 -0.249868 0.873929
vn -0.625536 0.004567 0.780182
vn -0.932413 -0.291135 0.214118
vn -0.935913 -0.305540 0.175249
vn -0.749863 0.358871 0.555803
vn -0.910216 -0.339972 0.236485
vn -0.690925 -0.631385 0.352101
vn -0.750120 -0.466443 0.468776
vn -0.491941 -0.560049 0.666588
vn -0.471709 -0.758431 0.449747
vn 0.977133 -0.177887 0.116481
vn 0.207481 -0.971743 -0.112546
vn -0.250899 -0.967778 -0.021327
vn 0.859359 0.039232 0.509866
vn -0.251398 -0.943965 -0.213844
vn -0.352829 -0.927728 0.121786
vn -0.457556 -0.829872 -0.319305
vn -0.150274 -0.977713 0.146616
vn -0.787456 -0.565316 0.245625
vn -0.882819 -0.399714 0.246698
vn -0.782397 -0.620068 -0.058052
vn -0.656359 -0.709196 -0.257359
vn -0.943567 -0.238632 0.229644
vn -0.891426 -0.444715 0.087108
vn 0.502255 0.283514 0.816921
vn 0.363508 0.219577 0.905344
vn -0.814540 0.234358 0.530661
vn -0.934060 0.195403 0.298913
vn -0.965028 0.102714 0.241188
vn -0.880580 0.109443 0.461087
vn -0.583133 -0.808912 -0.074946
vn -0.525409 -0.767006 -0.368303
vn -0.683771 -0.707289 0.179443
vn -0.780404 -0.507858 0.364760
vn -0.870260 -0.400735 0.286458
vn -0.997178 -0.057664 0.048080
vn -0.986659 -0.155914 0.046844
vn -0.956813 -0.258928 0.132156
vn -0.980749 -0.119703 0.154281
vn -0.975879 -0.213628 0.044976
vn -0.940705 -0.286427 0.181750
vn -0.994798 -0.071551 -0.072513
vn -0.999670 0.014838 0.020979
vn -0.988041 -0.093180 0.122850
vn -0.988315 0.108276 -0.107283
vn -0.993821 0.082820 0.073900
vn -0.979344 0.116859 -0.165014
vn -0.580343 0.042022 -0.813288
vn -0.576633 -0.071173 -0.813897
vn -0.862380 0.063222 -0.502299
vn -0.841410 0.124050 -0.525967
vn 0.502879 -0.245696 -0.828701
vn 0.620986 -0.436139 -0.651275
vn -0.042112 -0.288233 -0.956634
vn -0.104850 -0.096548 -0.989790
vn -0.826301 -0.004287 -0.563213
vn -0.983774 0.093040 -0.153405
vn -0.817519 -0.034298 -0.574880
vn -0.531510 -0.232765 -0.814443
vn -0.514113 -0.226682 -0.827226
vn 0.563690 -0.683816 -0.463303
vn 0.565694 -0.659329 -0.495253
vn 0.023901 -0.561699 -0.826996
vn -0.008560 -0.596171 -0.802812
vn 0.918173 -0.345925 -0.193116
vn 0.831204 -0.533560 -0.156249
vn 0.943981 -0.325525 0.054159
vn 0.999120 -0.038479 -0.016670
vn -0.872905 0.014881 0.487664
vn -0.959739 0.072007 0.271507
vn -0.992012 0.104505 0.070641
vn -0.982904 0.075748 -0.167817
vn 0.902244 -0.431221 -0.002245
vn -0.960699 0.087632 -0.263396
vn -0.990780 -0.044964 -0.127802
vn -0.933241 0.103110 -0.344137
vn -0.546146 0.167581 -0.820756
vn -0.536591 0.233846 -0.810794
vn -0.179435 0.193125 -0.964627
vn -0.127419 0.099599 -0.986836
vn 0.230284 0.118509 -0.965880
vn 0.365649 -0.021380 -0.930507
vn -0.986693 0.036438 -0.158460
vn -0.912021 0.145496 -0.383468
vn 0.986136 0.108499 0.125555
vn 0.871890 0.157456 0.463699
vn 0.506023 0.160152 0.847521
vn 0.077734 0.076077 0.994067
vn 0.051538 0.025114 0.998355
vn -0.698057 0.102002 0.708740
vn -0.344400 0.150952 0.926608
vn -0.347303 0.309075 0.885355
vn -0.805993 -0.009164 0.591855
vn -0.990578 0.115863 0.073010
vn -0.964493 0.093236 0.247103
vn -0.974522 0.043213 0.220092
vn 0.105968 0.227660 0.967958
vn -0.340416 -0.007877 0.940242
vn 0.187565 0.212320 0.959031
vn 0.062435 0.427728 0.901749
vn -0.910185 0.030239 0.413098
vn -0.887963 0.033274 0.458710
vn -0.690418 -0.022375 0.723064
vn -0.675358 -0.032882 0.736757
vn 0.939677 -0.288281 -0.184126
vn -0.346284 -0.021283 0.937888
vn -0.000000 -0.981066 -0.193674
vn 0.000000 -0.984269 0.176675
vn -0.000000 -0.996077 -0.088492
vn -0.560370 0.251746 -0.789056
vn -0.259368 0.241733 -0.935036
vn 0.106966 0.191884 -0.975571
vn 0.226673 0.099003 -0.968926
vn 0.451961 -0.011265 -0.891967
vn -0.455758 0.282320 -0.844144
vn -0.322043 0.270127 -0.907370
vn -0.581057 0.213604 -0.785331
vn -0.577619 0.286969 -0.764202
vn 0.000172 0.274441 -0.961604
vn -0.082403 0.248742 -0.965058
vn 0.119904 0.232737 -0.965120
vn 0.128341 0.245498 -0.960864
vn -0.322959 -0.662811 0.675558
vn 0.000000 -0.716414 0.697676
vn -0.000000 -0.263436 0.964677
vn -0.271151 -0.233016 0.933906
vn -0.000000 -0.978976 -0.203974
vn 0.000000 -0.995298 -0.096856
vn -0.043394 0.586749 0.808605
vn 0.000000 0.598818 0.800885
vn -0.000000 0.585697 0.810530
vn -0.010268 0.579805 0.814691
vn 0.139232 0.288256 0.947377
vn -0.251313 0.081836 0.964440
vn -0.368820 0.539121 0.757179
vn -0.444557 -0.124107 0.887111
vn -0.604638 0.493800 0.624960
vn -0.641671 -0.059380 0.764678
vn -0.891043 0.016053 0.453636
vn -0.782158 0.519597 0.343872
vn -0.707990 0.521079 0.476683
vn -0.867493 0.477458 0.139606
vn -0.969911 0.228502 0.084024
vn -0.900452 0.418377 -0.118946
vn -0.921371 0.323252 -0.215833
vn -0.835527 0.298187 -0.461497
vn -0.908298 0.320170 -0.269233
vn -0.680366 0.250808 -0.688620
vn -0.531116 0.235306 -0.813970
vn -0.489686 0.281452 -0.825223
vn -0.707934 0.293945 -0.642204
vn -0.123470 0.234815 -0.964166
vn -0.188462 0.203500 -0.960765
vn -0.002258 0.107475 -0.994205
vn 0.081277 0.175386 -0.981139
vn -0.000000 0.065804 -0.997833
vn -0.000000 0.153732 -0.988113
vn 0.000000 0.380749 0.924679
vn -0.000000 0.567265 0.823535
vn 0.259596 0.558510 0.787830
vn 0.300708 0.435163 0.848651
vn 0.136957 0.059452 0.988791
vn -0.134535 -0.225035 0.965018
vn 0.039855 0.597814 0.800643
vn 0.044874 0.522176 0.851657
vn -0.212503 -0.504794 0.836675
vn -0.244528 -0.776473 0.580771
vn -0.557184 0.001661 0.830387
vn -0.791242 -0.143413 0.594448
vn -0.237726 0.515175 0.823457
vn -0.172157 0.612281 0.771669
vn -0.383987 0.550199 0.741508
vn -0.545011 0.339661 0.766547
vn -0.966050 0.055230 -0.252384
vn -0.917446 0.264196 -0.297478
vn -0.901401 0.328570 -0.281989
vn -0.949588 0.154527 -0.272770
vn 0.000000 0.473494 0.880797
vn -0.120389 0.458406 0.880551
vn -0.183584 0.322493 0.928599
vn -0.000000 0.298765 0.954327
vn -0.354435 0.451013 0.819124
vn -0.424289 0.345877 0.836868
vn -0.646792 0.396233 0.651659
vn -0.664149 0.353739 0.658616
vn -0.608149 0.321944 0.725608
vn -0.590287 0.377885 0.713277
vn -0.800455 0.476461 0.363671
vn -0.853863 0.378002 0.357817
vn -0.734290 0.381458 0.561523
vn -0.713897 0.440783 0.544115
vn -0.909541 0.415614 -0.000546
vn -0.953844 0.270511 -0.130406
vn -0.938947 0.317871 0.131668
vn -0.884125 0.433802 0.173603
vn -0.885433 0.276841 -0.373320
vn -0.000000 0.026398 0.999652
vn -0.000000 0.188688 0.982037
vn -0.202682 0.226048 0.952797
vn -0.222243 0.067009 0.972686
vn -0.452186 0.278334 0.847383
vn -0.482037 0.165631 0.860353
vn -0.693790 0.281716 0.662790
vn -0.635710 0.244631 0.732140
vn -0.906217 0.254647 0.337528
vn -0.777901 0.287774 0.558620
vn -0.963725 0.222016 -0.148132
vn -0.969198 0.223770 0.102868
vn -0.878053 0.266727 -0.397341
vn -0.688965 0.309786 -0.655256
vn -0.563260 0.474238 0.676636
vn -0.628709 0.432006 0.646603
vn -0.583617 0.421868 0.693844
vn -0.797392 0.506918 0.327416
vn -0.709862 0.464906 0.529111
vn 0.340946 0.282410 0.896661
vn -0.000000 0.461259 0.887266
vn -0.000000 0.286896 0.957962
vn 0.081937 0.402466 0.911761
vn -0.644655 -0.742502 0.181965
vn -0.980117 -0.179781 -0.083966
vn -0.297162 0.270527 0.915702
vn -0.638822 0.423339 0.642410
vn -0.814253 0.214408 0.539464
vn -0.979042 0.053629 -0.196470
vn -0.951419 0.074752 -0.298686
vn -0.949643 0.127011 -0.286439
vn -0.996857 -0.069622 0.037797
vn -0.958991 0.269990 -0.086266
vn -0.993679 0.094276 0.060936
vn -0.909016 0.157163 -0.385992
vn -0.977142 0.125030 -0.171931
vn -0.553386 -0.804776 0.214709
vn -0.520974 -0.455507 0.721872
vn -0.724048 -0.138035 0.675796
vn -0.810108 0.177622 -0.558727
vn 0.000000 0.233119 -0.972448
vn 0.000000 0.234968 -0.972003
vn -0.396556 -0.897619 0.192413
vn -0.033052 -0.999439 -0.005486
vn -0.216046 -0.089612 -0.972262
vn -0.782307 0.024697 -0.622403
vn -0.963329 0.224772 0.146541
vn -0.203341 0.377831 -0.903270
vn -0.321683 0.271763 -0.907009
vn -0.168957 -0.055787 -0.984043
vn -0.073031 0.005658 -0.997314
vn -0.102417 -0.070133 -0.992266
vn -0.238102 -0.101373 -0.965935
vn -0.730211 -0.196056 -0.654488
vn -0.592344 -0.081023 -0.801601
vn -0.355805 -0.128179 -0.925728
vn -0.502005 -0.205359 -0.840130
vn -0.909797 0.087675 -0.405687
vn -0.327416 0.123053 -0.936833
vn -0.139579 0.506154 -0.851073
vn -0.468371 -0.769695 0.433819
vn 0.079721 0.517738 -0.851817
vn -0.089583 0.533444 -0.841078
vn -0.021550 0.435744 -0.899813
vn -0.126506 0.420523 -0.898419
vn -0.113759 0.294397 -0.948889
vn -0.090433 0.048163 -0.994737
vn -0.014122 0.114156 -0.993362
vn 0.009459 0.318655 -0.947824
vn 0.155230 0.428493 -0.890111
vn 0.126372 0.324931 -0.937256
vn -0.083494 -0.010590 -0.996452
vn -0.000000 -0.035186 -0.999381
vn -0.000000 0.143025 -0.989719
vn 0.000000 0.027982 -0.999609
vn 0.000000 0.484003 -0.875066
vn 0.000000 0.428001 -0.903778
vn 0.000000 0.352830 -0.935688
vn -0.000000 -0.976241 -0.216689
vn 0.000000 -0.665222 -0.746646
vn 0.858887 -0.266828 -0.437169
vn 0.710323 -0.120809 -0.693431
vn -0.000000 -0.302282 -0.953219
vn 0.000000 -0.143070 -0.989713
vn 0.000000 0.003081 -0.999995
vn -0.981743 0.169412 0.086487
vn -0.971528 0.175162 -0.159538
vn -0.901412 0.197944 -0.385064
vn -0.651587 0.138954 0.745738
vn -0.501658 -0.044535 0.863919
vn -0.259515 0.022635 -0.965474
vn -0.736269 0.019236 -0.676416
vn -0.555900 0.001664 -0.831248
vn -0.000000 -0.067877 -0.997694
vn -0.713283 0.220016 0.665448
vn -0.797675 0.032723 0.602199
vn -0.946959 -0.114088 0.300420
vn -0.323943 0.565033 0.758814
vn -0.771403 0.226661 -0.594611
vn -0.766936 0.222471 -0.601927
vn -0.782372 0.171319 -0.598786
vn -0.757171 0.249041 -0.603880
vn -0.816847 0.211949 -0.536507
vn -0.858900 0.045177 -0.510146
vn 0.061109 0.222695 -0.972971
vn -0.018762 0.181939 -0.983131
vn 0.000000 0.250881 -0.968018
vn -0.118319 0.174947 -0.977443
vn -0.212781 0.025293 -0.976773
vn -0.977133 -0.177887 0.116481
vn -0.859359 0.039232 0.509866
vn 0.250899 -0.967778 -0.021327
vn -0.207481 -0.971743 -0.112546
vn 0.251397 -0.943965 -0.213844
vn 0.150274 -0.977712 0.146616
vn 0.457556 -0.829872 -0.319304
vn 0.352829 -0.927728 0.121786
vn 0.787456 -0.565315 0.245625
vn 0.656359 -0.709196 -0.257359
vn 0.782397 -0.620068 -0.058053
vn 0.882819 -0.399714 0.246698
vn 0.891426 -0.444715 0.087107
vn 0.943567 -0.238632 0.229644
vn -0.502255 0.283514 0.816921
vn -0.363508 0.219577 0.905344
vn 0.814540 0.234358 0.530661
vn 0.880580 0.109443 0.461088
vn 0.965028 0.102714 0.241187
vn 0.934060 0.195403 0.298913
vn 0.583133 -0.808912 -0.074944
vn 0.683772 -0.707289 0.179441
vn 0.525410 -0.767006 -0.368303
vn 0.780405 -0.507858 0.364759
vn 0.870260 -0.400736 0.286458
vn 0.997178 -0.057664 0.048080
vn 0.980749 -0.119703 0.154281
vn 0.956813 -0.258928 0.132156
vn 0.986659 -0.155914 0.046844
vn 0.975879 -0.213628 0.044976
vn 0.940705 -0.286427 0.181750
vn 0.988041 -0.093180 0.122850
vn 0.999670 0.014838 0.020979
vn 0.994798 -0.071551 -0.072513
vn 0.988315 0.108276 -0.107283
vn 0.979344 0.116858 -0.165014
vn 0.993821 0.082820 0.073900
vn 0.580342 0.042022 -0.813288
vn 0.841410 0.124050 -0.525967
vn 0.862380 0.063222 -0.502299
vn 0.576633 -0.071173 -0.813897
vn -0.502879 -0.245696 -0.828702
vn 0.104850 -0.096548 -0.989790
vn 0.042112 -0.288233 -0.956634
vn -0.620986 -0.436139 -0.651275
vn 0.983774 0.093040 -0.153405
vn 0.826301 -0.004287 -0.563213
vn 0.817518 -0.034298 -0.574880
vn 0.514113 -0.226682 -0.827226
vn 0.531510 -0.232765 -0.814443
vn -0.563690 -0.683816 -0.463303
vn 0.008560 -0.596171 -0.802812
vn -0.023901 -0.561699 -0.826996
vn -0.565694 -0.659329 -0.495253
vn -0.918173 -0.345925 -0.193116
vn -0.999120 -0.038479 -0.016669
vn -0.943981 -0.325525 0.054159
vn -0.831204 -0.533560 -0.156249
vn 0.959739 0.072007 0.271507
vn 0.872905 0.014881 0.487663
vn 0.982904 0.075748 -0.167817
vn 0.992012 0.104505 0.070641
vn -0.902244 -0.431221 -0.002245
vn 0.960699 0.087632 -0.263396
vn 0.933240 0.103111 -0.344137
vn 0.990780 -0.044964 -0.127802
vn 0.546146 0.167580 -0.820757
vn 0.127419 0.099599 -0.986836
vn 0.179435 0.193125 -0.964627
vn 0.536591 0.233846 -0.810794
vn -0.230284 0.118509 -0.965880
vn -0.365649 -0.021380 -0.930507
vn 0.912021 0.145496 -0.383468
vn 0.986693 0.036439 -0.158460
vn -0.986136 0.108499 0.125556
vn -0.871890 0.157456 0.463699
vn -0.506023 0.160152 0.847521
vn -0.077734 0.076077 0.994067
vn -0.051537 0.025113 0.998355
vn 0.698057 0.102002 0.708739
vn 0.805993 -0.009164 0.591854
vn 0.347303 0.309075 0.885355
vn 0.344400 0.150953 0.926608
vn 0.974522 0.043213 0.220092
vn 0.964493 0.093236 0.247103
vn 0.990578 0.115863 0.073010
vn -0.105968 0.227660 0.967957
vn -0.187565 0.212320 0.959031
vn 0.340416 -0.007877 0.940242
vn -0.062435 0.427729 0.901748
vn 0.690419 -0.022375 0.723064
vn 0.887963 0.033274 0.458710
vn 0.910185 0.030239 0.413098
vn 0.675358 -0.032882 0.736757
vn -0.939677 -0.288281 -0.184126
vn 0.346284 -0.021283 0.937888
vn 0.259368 0.241734 -0.935036
vn 0.560371 0.251747 -0.789055
vn -0.451961 -0.011265 -0.891967
vn -0.226673 0.099003 -0.968926
vn -0.106966 0.191884 -0.975571
vn 0.454870 0.292225 -0.841248
vn 0.596674 0.228948 -0.769131
vn 0.587275 0.203542 -0.783376
vn 0.315994 0.261448 -0.912027
vn -0.001031 0.271893 -0.962327
vn -0.128340 0.245498 -0.960864
vn -0.119904 0.232737 -0.965120
vn 0.076653 0.248540 -0.965584
vn 0.322959 -0.662811 0.675558
vn 0.271151 -0.233016 0.933906
vn 0.043394 0.586749 0.808605
vn 0.010268 0.579805 0.814691
vn 0.368820 0.539121 0.757179
vn 0.251313 0.081836 0.964440
vn -0.139232 0.288256 0.947377
vn 0.604637 0.493800 0.624961
vn 0.444557 -0.124108 0.887111
vn 0.641671 -0.059381 0.764678
vn 0.707990 0.521079 0.476682
vn 0.782158 0.519597 0.343872
vn 0.891043 0.016053 0.453636
vn 0.867493 0.477458 0.139606
vn 0.969911 0.228503 0.084024
vn 0.900451 0.418377 -0.118946
vn 0.908298 0.320170 -0.269233
vn 0.835527 0.298187 -0.461497
vn 0.921371 0.323253 -0.215833
vn 0.680367 0.250808 -0.688620
vn 0.702984 0.321981 -0.634147
vn 0.472859 0.306308 -0.826184
vn 0.531117 0.235306 -0.813969
vn 0.118255 0.238518 -0.963911
vn -0.081277 0.175386 -0.981139
vn 0.002258 0.107475 -0.994205
vn 0.188462 0.203500 -0.960765
vn -0.300708 0.435163 0.848651
vn -0.259596 0.558511 0.787830
vn 0.134536 -0.225035 0.965018
vn -0.136957 0.059451 0.988791
vn -0.044873 0.522176 0.851657
vn -0.039855 0.597815 0.800643
vn 0.212503 -0.504794 0.836675
vn 0.244528 -0.776473 0.580771
vn 0.791242 -0.143413 0.594448
vn 0.557184 0.001661 0.830387
vn 0.237726 0.515175 0.823457
vn 0.545011 0.339661 0.766547
vn 0.383987 0.550199 0.741508
vn 0.172158 0.612281 0.771670
vn 0.966050 0.055230 -0.252384
vn 0.949588 0.154527 -0.272770
vn 0.901401 0.328570 -0.281989
vn 0.917446 0.264196 -0.297478
vn 0.183583 0.322493 0.928599
vn 0.120389 0.458406 0.880551
vn 0.424289 0.345876 0.836868
vn 0.354435 0.451013 0.819123
vn 0.646792 0.396233 0.651659
vn 0.590287 0.377885 0.713277
vn 0.608149 0.321944 0.725608
vn 0.664148 0.353738 0.658617
vn 0.800455 0.476461 0.363672
vn 0.713897 0.440783 0.544115
vn 0.734289 0.381458 0.561524
vn 0.853863 0.378002 0.357817
vn 0.909541 0.415614 -0.000546
vn 0.884126 0.433802 0.173603
vn 0.938947 0.317871 0.131668
vn 0.953844 0.270511 -0.130406
vn 0.884803 0.287585 -0.366631
vn 0.222243 0.067009 0.972686
vn 0.202682 0.226048 0.952797
vn 0.482037 0.165631 0.860353
vn 0.452186 0.278334 0.847383
vn 0.635709 0.244631 0.732141
vn 0.693790 0.281716 0.662791
vn 0.777901 0.287773 0.558621
vn 0.906217 0.254647 0.337528
vn 0.969198 0.223770 0.102868
vn 0.963725 0.222016 -0.148132
vn 0.883546 0.267440 -0.384477
vn 0.694461 0.318994 -0.644955
vn 0.563260 0.474237 0.676637
vn 0.583617 0.421867 0.693844
vn 0.628709 0.432006 0.646603
vn 0.709862 0.464906 0.529111
vn 0.797392 0.506918 0.327416
vn -0.340945 0.282409 0.896661
vn -0.081936 0.402465 0.911761
vn 0.644655 -0.742502 0.181965
vn 0.980117 -0.179781 -0.083966
vn 0.297162 0.270527 0.915702
vn 0.638821 0.423339 0.642410
vn 0.814253 0.214408 0.539464
vn 0.979042 0.053629 -0.196470
vn 0.949643 0.127011 -0.286439
vn 0.951419 0.074752 -0.298686
vn 0.958991 0.269990 -0.086266
vn 0.996857 -0.069622 0.037797
vn 0.993679 0.094276 0.060936
vn 0.909016 0.157163 -0.385992
vn 0.977142 0.125030 -0.171930
vn 0.724048 -0.138035 0.675796
vn 0.520974 -0.455507 0.721872
vn 0.553386 -0.804776 0.214709
vn 0.810107 0.177622 -0.558728
vn 0.033052 -0.999439 -0.005487
vn 0.396556 -0.897619 0.192414
vn 0.782307 0.024697 -0.622403
vn 0.216046 -0.089612 -0.972262
vn 0.963329 0.224772 0.146541
vn 0.321683 0.271763 -0.907009
vn 0.203340 0.377831 -0.903270
vn 0.168957 -0.055787 -0.984043
vn 0.238102 -0.101373 -0.965935
vn 0.102417 -0.070133 -0.992266
vn 0.073031 0.005658 -0.997314
vn 0.730211 -0.196056 -0.654487
vn 0.502005 -0.205359 -0.840130
vn 0.355805 -0.128179 -0.925728
vn 0.592344 -0.081024 -0.801601
vn 0.909798 0.087675 -0.405687
vn 0.327415 0.123052 -0.936834
vn 0.139579 0.506154 -0.851073
vn 0.468370 -0.769695 0.433820
vn 0.089583 0.533444 -0.841078
vn -0.079721 0.517739 -0.851816
vn 0.126507 0.420524 -0.898419
vn 0.021550 0.435745 -0.899812
vn 0.113759 0.294397 -0.948888
vn 0.014122 0.114156 -0.993362
vn 0.090433 0.048163 -0.994737
vn -0.009459 0.318655 -0.947824
vn -0.126372 0.324931 -0.937257
vn -0.155230 0.428494 -0.890111
vn 0.083494 -0.010590 -0.996452
vn -0.710323 -0.120809 -0.693431
vn -0.858887 -0.266828 -0.437168
vn 0.981743 0.169412 0.086487
vn 0.907678 0.181741 -0.378274
vn 0.971528 0.175162 -0.159538
vn 0.651587 0.138954 0.745739
vn 0.501657 -0.044535 0.863919
vn 0.259515 0.022635 -0.965474
vn 0.736269 0.019236 -0.676416
vn 0.555900 0.001664 -0.831247
vn 0.713283 0.220015 0.665448
vn 0.797675 0.032723 0.602199
vn 0.946959 -0.114088 0.300421
vn 0.323943 0.565032 0.758814
vn 0.771403 0.226661 -0.594611
vn 0.766936 0.222471 -0.601927
vn 0.782371 0.171319 -0.598786
vn 0.774820 0.204021 -0.598355
vn 0.816846 0.211949 -0.536507
vn 0.858900 0.045177 -0.510146
vn -0.061109 0.222695 -0.972971
vn 0.018762 0.181939 -0.983131
vn 0.212781 0.025293 -0.976773
vn 0.118319 0.174946 -0.977443
s 1
g Obese_person
usemtl CharacterObese:blinn1SG
f 1/1/1 2/2/2 3/3/3 4/4/4
f 1/1/1 4/4/4 5/5/5 6/6/6
f 7/7/7 8/8/8 9/9/9 10/10/10
f 6/6/6 5/5/5 8/8/8 7/7/7
f 10/10/10 9/9/9 11/11/11 12/12/12
f 6/6/6 7/7/7 13/13/13 14/14/14
f 14/15/14 13/16/13 15/17/15 16/18/16
f 3/3/3 2/2/2 17/19/17 18/20/18
f 17/19/17 2/2/2 19/21/19 20/22/20
f 2/2/2 21/23/21 22/24/22 19/21/19
f 23/25/23 22/24/22 21/23/21 24/26/24
f 25/27/25 4/4/4 3/3/3 26/28/26
f 16/29/16 5/5/5 4/4/4 25/27/25
f 15/30/15 8/8/8 5/5/5 16/29/16
f 26/28/26 3/3/3 18/20/18 27/31/27
f 28/32/28 27/31/27 18/20/18 29/33/29
f 29/33/29 18/20/18 17/19/17 30/34/30
f 31/35/31 28/32/28 29/33/29 32/36/32
f 33/37/33 32/36/32 29/33/29 30/34/30
f 34/38/34 1/1/1 6/6/6 14/14/14
f 35/39/35 2/2/2 1/1/1 34/38/34
f 34/40/34 14/15/14 16/18/16 25/41/25
f 34/40/34 25/41/25 26/42/26 35/43/35
f 36/44/36 35/43/35 26/42/26 27/45/27
f 21/23/21 2/2/2 35/39/35 37/46/37
f 24/26/24 21/23/21 37/46/37 38/47/38
f 39/48/39 40/49/40 41/50/41 42/51/42
f 43/52/43 44/53/44 42/51/42 41/54/41
f 45/55/45 23/25/23 46/56/46 47/57/47
f 38/58/38 45/59/45 47/60/47 40/61/40
f 48/62/48 22/24/22 23/25/23 45/55/45
f 49/63/49 19/21/19 22/24/22 48/62/48
f 50/64/50 19/21/19 49/63/49 51/65/51
f 52/66/52 53/67/53 19/21/19 50/64/50
f 37/68/37 48/69/48 45/59/45 38/58/38
f 35/43/35 49/70/49 48/69/48 37/68/37
f 49/70/49 35/43/35 36/44/36 54/71/54
f 55/72/55 50/64/50 51/65/51 56/73/56
f 50/64/50 55/72/55 57/74/57 52/66/52
f 58/75/58 59/76/59 60/77/60 61/78/61
f 59/76/59 58/75/58 62/79/62 63/80/63
f 60/77/60 59/76/59 63/80/63 64/81/64
f 62/82/62 65/83/65 64/84/64 63/85/63
f 66/86/66 65/83/65 62/82/62 56/87/56
f 61/78/61 65/88/65 66/89/66 57/74/57
f 39/48/39 24/26/24 38/47/38 40/49/40
f 46/56/46 44/53/44 43/90/43 47/57/47
f 40/61/40 47/60/47 43/91/43 41/92/41
f 57/74/57 55/72/55 58/75/58 61/78/61
f 58/75/58 55/72/55 56/73/56 62/79/62
f 60/77/60 64/81/64 65/88/65 61/78/61
f 7/7/7 10/10/10 12/93/12 13/13/13
f 15/17/15 13/16/13 12/94/12 11/95/11
f 11/96/11 9/9/9 8/8/8 15/30/15
f 27/45/27 28/97/28 67/98/67 36/44/36
f 54/71/54 36/44/36 67/98/67 68/99/68
f 20/22/20 19/21/19 53/67/53 69/100/69
f 70/101/70 53/67/53 52/66/52 71/102/71
f 71/102/71 52/66/52 57/74/57 66/89/66
f 69/100/69 53/67/53 72/103/72 73/104/73
f 74/105/74 75/106/75 76/107/76 77/108/77
f 77/108/77 78/109/78 79/110/79 74/105/74
f 80/111/80 79/110/79 78/109/78 81/112/81
f 53/67/53 76/107/76 75/106/75 72/103/72
f 80/111/80 81/112/81 82/113/82 83/114/83
f 71/115/71 66/86/66 56/87/56 51/116/51
f 71/115/71 51/116/51 49/70/49 70/117/70
f 70/117/70 49/70/49 54/71/54 84/118/84
f 70/101/70 85/119/85 76/107/76 53/67/53
f 86/120/86 70/117/70 84/118/84 87/121/87
f 83/122/83 82/123/82 88/124/88 89/125/89
f 88/126/88 82/127/82 81/112/81 78/109/78
f 90/128/90 88/126/88 78/109/78 77/108/77
f 89/129/89 79/110/79 80/111/80 83/114/83
f 75/106/75 91/130/91 86/131/86 72/103/72
f 92/132/92 74/105/74 79/110/79 89/129/89
f 90/133/90 92/134/92 89/125/89 88/124/88
f 91/135/91 85/136/85 70/117/70 86/120/86
f 85/136/85 91/135/91 92/134/92 90/133/90
f 73/104/73 72/103/72 93/137/93 94/138/94
f 95/139/95 96/140/96 97/141/97 98/142/98
f 99/143/99 95/139/95 98/142/98 100/144/100
f 101/145/101 99/143/99 100/144/100 102/146/102
f 97/141/97 96/140/96 93/137/93 72/103/72
f 103/147/103 96/140/96 95/139/95 104/148/104
f 105/149/105 94/138/94 93/137/93 106/150/106
f 104/148/104 95/139/95 99/143/99 107/151/107
f 99/143/99 101/145/101 108/152/108 107/151/107
f 103/147/103 106/150/106 93/137/93 96/140/96
f 108/152/108 101/145/101 102/146/102 109/153/109
f 98/142/98 97/141/97 110/154/110 111/155/111
f 100/144/100 98/142/98 111/155/111 112/156/112
f 109/157/109 102/146/102 100/144/100 112/156/112
f 17/19/17 20/22/20 113/158/113 30/34/30
f 113/158/113 20/22/20 69/100/69 114/159/114
f 114/159/114 69/100/69 73/104/73 115/160/115
f 115/160/115 73/104/73 94/138/94 116/161/116
f 117/162/117 116/161/116 94/138/94 105/149/105
f 106/163/106 86/120/86 87/121/87 105/164/105
f 106/163/106 103/165/103 110/166/110 86/120/86
f 111/167/111 104/168/104 107/169/107 112/170/112
f 112/170/112 107/169/107 108/171/108 109/172/109
f 68/99/68 118/173/118 84/118/84 54/71/54
f 87/121/87 84/118/84 118/173/118 119/174/119
f 105/164/105 87/121/87 119/174/119 117/175/117
f 120/176/120 115/160/115 116/161/116 121/177/121
f 122/178/122 114/159/114 115/160/115 120/176/120
f 123/179/123 113/158/113 114/159/114 122/178/122
f 30/34/30 113/158/113 123/179/123 33/37/33
f 33/37/33 123/179/123 124/180/124 125/181/125
f 126/182/126 127/183/127 121/177/121 128/184/128
f 129/185/129 122/178/122 120/176/120 130/186/130
f 124/180/124 123/179/123 122/178/122 129/185/129
f 85/119/85 90/128/90 77/108/77 76/107/76
f 91/130/91 75/106/75 74/105/74 92/132/92
f 125/181/125 131/187/131 32/36/32 33/37/33
f 132/188/132 126/189/126 128/190/128 133/191/133
f 134/192/134 132/188/132 133/191/133 135/193/135
f 131/187/131 136/194/136 31/35/31 32/36/32
f 137/195/137 138/196/138 139/197/139 140/198/140
f 135/193/135 137/195/137 140/198/140 134/192/134
f 127/183/127 141/199/141 142/200/142 130/186/130
f 143/201/143 144/202/144 145/203/145 146/204/146
f 130/186/130 142/200/142 147/205/147 129/185/129
f 144/202/144 143/201/143 147/205/147 142/200/142
f 129/185/129 147/205/147 148/206/148 124/180/124
f 125/181/125 124/180/124 148/206/148 149/207/149
f 149/207/149 150/208/150 131/187/131 125/181/125
f 150/208/150 149/207/149 151/209/151 152/210/152
f 153/211/153 154/212/154 155/213/155 156/214/156
f 149/207/149 148/206/148 154/212/154 153/211/153
f 143/201/143 154/212/154 148/206/148 147/205/147
f 157/215/157 141/199/141 127/183/127 126/182/126
f 136/194/136 131/187/131 150/208/150 158/216/158
f 158/216/158 150/208/150 152/210/152 159/217/159
f 160/218/160 142/200/142 141/199/141 161/219/161
f 162/220/162 161/219/161 141/199/141 157/215/157
f 163/221/163 157/222/157 126/189/126 132/188/132
f 164/223/164 163/221/163 132/188/132 134/192/134
f 164/223/164 134/192/134 140/198/140 165/224/165
f 139/197/139 166/225/166 165/224/165 140/198/140
f 136/226/136 158/227/158 166/225/166 139/197/139
f 159/228/159 167/229/167 166/225/166 158/227/158
f 153/211/153 168/230/168 151/209/151 149/207/149
f 166/225/166 167/229/167 169/231/169 165/224/165
f 165/224/165 169/231/169 170/232/170 164/223/164
f 162/233/162 157/222/157 163/221/163 171/234/171
f 170/232/170 171/234/171 163/221/163 164/223/164
f 161/219/161 162/220/162 172/235/172 173/236/173
f 174/237/174 171/234/171 167/229/167 175/238/175
f 167/229/167 159/228/159 176/239/176 175/238/175
f 177/240/177 160/218/160 161/219/161 173/236/173
f 178/241/178 160/218/160 177/240/177 179/242/179
f 159/217/159 152/210/152 180/243/180 176/244/176
f 152/210/152 151/209/151 181/245/181 180/243/180
f 151/209/151 168/230/168 182/246/182 181/245/181
f 46/56/46 23/25/23 24/26/24 39/48/39
f 44/53/44 46/56/46 39/48/39 42/51/42
f 172/247/172 162/233/162 171/234/171 174/237/174
f 146/204/146 155/213/155 154/212/154 143/201/143
f 183/248/183 145/203/145 144/202/144 178/241/178
f 156/214/156 184/249/184 168/230/168 153/211/153
f 185/250/185 183/248/183 178/241/178 179/242/179
f 168/230/168 184/249/184 186/251/186 182/246/182
f 146/204/146 145/203/145 187/252/187 188/253/188
f 155/213/155 189/254/189 190/255/190 156/214/156
f 188/253/188 189/254/189 155/213/155 146/204/146
f 156/214/156 190/255/190 191/256/191 184/249/184
f 192/257/192 183/248/183 185/250/185 193/258/193
f 86/131/86 110/154/110 97/141/97 72/103/72
f 110/166/110 103/165/103 104/168/104 111/167/111
f 174/259/174 175/260/175 194/261/194 195/262/195
f 196/263/196 194/261/194 180/264/180 181/265/181
f 197/266/197 196/263/196 181/265/181 182/267/182
f 178/241/178 144/202/144 142/200/142 160/218/160
f 187/252/187 145/203/145 183/248/183 192/257/192
f 198/268/198 199/269/199 186/270/186 200/271/200
f 201/272/201 195/262/195 194/261/194 196/263/196
f 196/263/196 197/266/197 202/273/202 201/272/201
f 203/274/203 199/269/199 198/268/198 204/275/204
f 197/266/197 199/269/199 203/274/203 202/273/202
f 177/240/177 173/236/173 195/262/195 201/272/201
f 179/242/179 177/240/177 201/272/201 202/273/202
f 188/253/188 187/252/187 205/276/205 206/277/206
f 207/278/207 190/255/190 189/254/189 208/279/208
f 208/279/208 189/254/189 188/253/188 206/277/206
f 205/276/205 187/252/187 192/257/192 209/280/209
f 190/255/190 207/278/207 210/281/210 191/256/191
f 192/257/192 193/258/193 211/282/211 209/280/209
f 191/256/191 210/281/210 212/283/212 200/284/200
f 193/258/193 204/275/204 213/285/213 211/282/211
f 212/286/212 214/287/214 198/268/198 200/271/200
f 204/275/204 198/268/198 214/287/214 213/285/213
f 173/236/173 172/235/172 174/259/174 195/262/195
f 180/264/180 194/261/194 175/260/175 176/288/176
f 200/284/200 186/251/186 184/249/184 191/256/191
f 182/267/182 186/270/186 199/269/199 197/266/197
f 185/250/185 203/274/203 204/275/204 193/258/193
f 185/250/185 179/242/179 202/273/202 203/274/203
f 121/177/121 127/183/127 130/186/130 120/176/120
f 136/226/136 139/197/139 138/196/138 31/289/31
f 138/196/138 137/195/137 68/99/68 67/98/67
f 137/195/137 135/193/135 118/173/118 68/99/68
f 135/193/135 133/191/133 119/174/119 118/173/118
f 133/191/133 128/190/128 117/175/117 119/174/119
f 128/184/128 121/177/121 116/161/116 117/162/117
f 31/289/31 138/196/138 67/98/67 28/97/28
f 171/234/171 170/232/170 169/231/169 167/229/167
f 215/290/215 206/291/206 205/292/205 216/293/216
f 216/293/216 205/292/205 209/294/209 217/295/217
f 217/295/217 209/294/209 211/296/211 218/297/218
f 219/298/219 218/297/218 211/296/211 213/299/213
f 220/300/220 219/298/219 213/299/213 214/301/214
f 221/302/221 220/300/220 214/301/214 212/303/212
f 222/304/222 221/305/221 212/306/212 210/307/210
f 223/308/223 222/304/222 210/307/210 207/309/207
f 223/308/223 207/309/207 208/310/208 224/311/224
f 224/311/224 208/310/208 206/291/206 215/290/215
f 225/312/225 226/313/226 227/314/227 228/315/228
f 229/316/229 225/312/225 228/315/228 230/317/230
f 231/318/231 229/316/229 230/317/230 232/319/232
f 233/320/233 231/318/231 232/319/232 234/321/234
f 233/320/233 234/321/234 235/322/235 236/323/236
f 236/323/236 235/322/235 237/324/237 238/325/238
f 238/326/238 237/327/237 239/328/239 240/329/240
f 240/329/240 239/328/239 241/330/241 242/331/242
f 242/331/242 241/330/241 243/332/243 244/333/244
f 226/313/226 244/333/244 243/332/243 227/314/227
f 245/334/245 246/335/246 247/336/247 248/337/248
f 249/338/249 245/334/245 248/337/248 250/339/250
f 251/340/251 249/338/249 250/339/250 252/341/252
f 251/340/251 252/341/252 253/342/253 254/343/254
f 254/343/254 253/342/253 255/344/255 256/345/256
f 256/345/256 255/344/255 257/346/257 258/347/258
f 258/348/258 257/349/257 259/350/259 260/351/260
f 260/351/260 259/350/259 261/352/261 262/353/262
f 263/354/263 262/353/262 261/352/261 264/355/264
f 246/335/246 263/354/263 264/355/264 247/336/247
f 265/356/265 266/357/266 267/358/267 268/359/268
f 265/356/265 269/360/269 270/361/270 271/362/271
f 272/363/272 273/364/273 274/365/274 275/366/275
f 276/367/276 277/368/277 278/369/278 272/363/272
f 279/370/279 280/371/280 281/372/281 282/373/282
f 280/371/280 283/374/283 284/375/284 281/372/281
f 285/376/285 284/377/284 283/378/283 286/379/286
f 287/380/287 285/376/285 286/379/286 288/381/288
f 289/382/289 290/383/290 287/380/287 288/381/288
f 291/384/291 292/385/292 267/358/267 293/386/293
f 294/387/294 295/388/295 296/389/296 297/390/297
f 298/391/298 299/392/299 300/393/300 301/394/301
f 302/395/302 303/396/303 304/397/304 305/398/305
f 306/399/306 307/400/307 303/396/303 302/395/302
f 308/401/308 309/402/309 310/403/310 311/404/311
f 312/405/312 313/406/313 314/407/314 315/408/315
f 316/409/316 312/410/312 315/411/315 317/412/317
f 318/413/318 316/409/316 317/412/317 319/414/319
f 318/413/318 319/414/319 320/415/320 321/416/321
f 320/415/320 322/417/322 323/418/323 321/416/321
f 324/419/324 325/420/325 326/421/326 327/422/327
f 328/423/328 329/424/329 330/425/330 331/426/331
f 332/427/332 333/428/333 334/429/334 335/430/335
f 336/431/336 337/432/337 327/422/327 326/421/326
f 338/433/338 339/434/339 340/435/340 341/436/341
f 342/437/342 343/438/343 344/439/344 345/440/345
f 346/441/346 347/442/347 348/443/348 349/444/349
f 350/445/350 351/446/351 352/447/352 353/448/353
f 335/430/335 334/429/334 354/449/354 355/450/355
f 354/449/354 353/451/353 352/452/352 355/450/355
f 297/390/297 296/389/296 337/432/337 340/435/340
f 301/394/301 300/393/300 324/419/324 327/422/327
f 356/453/356 304/397/304 329/424/329 328/423/328
f 307/400/307 343/438/343 342/437/342 303/396/303
f 309/402/309 346/441/346 349/444/349 310/403/310
f 313/406/313 312/405/312 352/447/352 351/446/351
f 312/410/312 316/409/316 355/450/355 352/452/352
f 316/409/316 318/413/318 335/430/335 355/450/355
f 335/430/335 318/413/318 321/416/321 332/427/332
f 323/418/323 339/434/339 332/427/332 321/416/321
f 293/386/293 357/454/357 295/388/295 294/387/294
f 270/361/270 299/392/299 298/391/298 271/362/271
f 358/455/358 359/456/359 305/398/305 360/457/360
f 361/458/361 306/399/306 302/395/302 362/459/362
f 308/401/308 311/404/311 363/460/363 282/373/282
f 281/372/281 284/375/284 315/408/315 314/407/314
f 284/377/284 285/376/285 317/412/317 315/411/315
f 285/376/285 287/380/287 319/414/319 317/412/317
f 319/414/319 287/380/287 290/383/290 320/415/320
f 290/383/290 291/384/291 322/417/322 320/415/320
f 364/461/364 365/462/365 366/463/366 367/464/367
f 365/462/365 368/465/368 369/466/369 366/463/366
f 368/465/368 370/467/370 371/468/371 369/466/369
f 370/467/370 372/469/372 373/470/373 371/468/371
f 372/469/372 374/471/374 375/472/375 373/470/373
f 374/471/374 376/473/376 377/474/377 375/472/375
f 377/475/377 376/476/376 378/477/378 379/478/379
f 379/478/379 378/477/378 380/479/380 381/480/381
f 381/480/381 380/479/380 382/481/382 383/482/383
f 382/481/382 364/461/364 367/464/367 383/482/383
f 384/483/384 385/484/385 386/485/386 387/486/387
f 388/487/388 389/488/389 390/489/390 391/490/391
f 392/491/392 393/492/393 394/493/394 395/494/395
f 396/495/396 397/496/397 398/497/398 399/498/399
f 400/499/400 401/500/401 402/501/402 403/502/403
f 402/501/402 401/500/401 404/503/404 405/504/405
f 406/505/406 405/504/405 404/503/404 407/506/407
f 408/507/408 406/505/406 407/506/407 409/508/409
f 410/509/410 403/502/403 402/501/402 411/510/411
f 411/510/411 402/501/402 405/504/405 412/511/412
f 412/511/412 405/504/405 406/505/406 413/512/413
f 406/505/406 408/507/408 414/513/414 413/512/413
f 410/509/410 411/510/411 415/514/415 416/515/416
f 417/516/417 415/514/415 411/510/411 412/511/412
f 418/517/418 417/516/417 412/511/412 413/512/413
f 419/518/419 418/517/418 413/512/413 414/513/414
f 420/519/420 408/520/408 409/521/409 421/522/421
f 422/523/422 414/524/414 408/520/408 420/519/420
f 423/525/423 419/526/419 414/524/414 422/523/422
f 421/522/421 424/527/424 425/528/425 420/519/420
f 424/527/424 426/529/426 427/530/427 425/528/425
f 426/529/426 428/531/428 429/532/429 427/530/427
f 429/532/429 428/531/428 430/533/430 431/534/431
f 420/519/420 425/528/425 432/535/432 422/523/422
f 425/528/425 427/530/427 433/536/433 432/535/432
f 427/530/427 429/532/429 434/537/434 433/536/433
f 429/532/429 431/534/431 435/538/435 434/537/434
f 436/539/436 423/525/423 422/523/422 432/535/432
f 437/540/437 436/539/436 432/535/432 433/536/433
f 438/541/438 437/540/437 433/536/433 434/537/434
f 439/542/439 438/541/438 434/537/434 435/538/435
f 431/534/431 430/533/430 400/499/400 403/502/403
f 440/543/440 441/544/441 442/545/442 443/546/443
f 439/542/439 435/538/435 410/547/410 416/548/416
f 444/549/444 403/502/403 410/509/410 445/550/445
f 445/550/445 446/551/446 447/552/447 444/549/444
f 410/547/410 435/538/435 448/553/448 445/554/445
f 445/554/445 448/553/448 449/555/449 446/556/446
f 450/557/450 448/553/448 435/538/435 431/534/431
f 448/553/448 450/557/450 451/558/451 449/555/449
f 450/557/450 431/534/431 403/502/403 444/549/444
f 444/549/444 447/552/447 451/558/451 450/557/450
f 452/559/452 453/560/453 454/561/454 455/562/455
f 456/563/456 452/559/452 455/562/455 457/564/457
f 454/565/454 458/566/458 459/567/459 455/568/455
f 455/568/455 459/567/459 460/569/460 457/570/457
f 458/566/458 461/571/461 462/572/462 459/567/459
f 459/567/459 462/572/462 463/573/463 460/569/460
f 462/572/462 461/571/461 453/574/453 452/575/452
f 463/573/463 462/572/462 452/575/452 456/576/456
f 464/577/464 465/578/465 466/579/466 467/580/467
f 467/580/467 466/579/466 442/581/442 441/582/441
f 466/583/466 465/584/465 468/585/468 469/586/469
f 469/586/469 443/546/443 442/587/442 466/583/466
f 469/586/469 468/585/468 470/588/470 471/589/471
f 471/589/471 440/543/440 443/546/443 469/586/469
f 467/580/467 471/589/471 470/588/470 464/577/464
f 471/589/471 467/580/467 441/582/441 440/543/440
f 472/590/472 473/591/473 474/592/474 475/593/475
f 476/594/476 472/590/472 475/593/475 477/595/477
f 474/596/474 478/597/478 479/598/479 475/599/475
f 475/599/475 479/598/479 480/600/480 477/601/477
f 478/597/478 481/602/481 482/603/482 479/598/479
f 479/598/479 482/603/482 483/604/483 480/600/480
f 482/603/482 481/602/481 473/605/473 472/606/472
f 483/604/483 482/603/482 472/606/472 476/607/476
f 484/608/484 485/609/485 486/610/486 487/611/487
f 487/611/487 486/610/486 488/612/488 489/613/489
f 485/614/485 490/615/490 491/616/491 486/617/486
f 486/617/486 491/616/491 492/618/492 488/619/488
f 490/615/490 493/620/493 494/621/494 491/616/491
f 491/616/491 494/621/494 495/622/495 492/618/492
f 494/621/494 493/620/493 484/623/484 487/624/487
f 495/622/495 494/621/494 487/624/487 489/625/489
f 496/626/496 497/627/497 498/628/498 499/629/499
f 499/629/499 498/628/498 500/630/500 501/631/501
f 497/632/497 502/633/502 503/634/503 498/635/498
f 498/635/498 503/634/503 504/636/504 500/637/500
f 502/633/502 505/638/505 506/639/506 503/634/503
f 503/634/503 506/639/506 507/640/507 504/636/504
f 506/639/506 505/638/505 496/641/496 499/642/499
f 507/640/507 506/639/506 499/642/499 501/643/501
f 508/644/508 456/563/456 457/564/457 509/645/509
f 508/644/508 509/645/509 385/646/385 384/647/384
f 510/648/510 454/561/454 453/560/453 511/649/511
f 512/650/512 510/648/510 511/649/511 513/651/513
f 457/570/457 460/569/460 514/652/514 509/653/509
f 385/654/385 509/653/509 514/652/514 386/485/386
f 458/566/458 454/565/454 510/655/510 515/656/515
f 515/656/515 510/655/510 512/657/512 516/658/516
f 460/569/460 463/573/463 517/659/517 514/652/514
f 517/659/517 387/486/387 386/485/386 514/652/514
f 461/571/461 458/566/458 515/656/515 518/660/518
f 518/660/518 515/656/515 516/658/516 519/661/519
f 456/576/456 508/662/508 517/659/517 463/573/463
f 517/659/517 508/662/508 384/663/384 387/486/387
f 461/571/461 518/660/518 511/664/511 453/574/453
f 513/665/513 511/664/511 518/660/518 519/661/519
f 520/666/520 476/594/476 477/595/477 521/667/521
f 520/666/520 521/667/521 389/668/389 388/669/388
f 473/591/473 522/670/522 523/671/523 474/592/474
f 524/672/524 523/671/523 522/670/522 512/650/512
f 477/601/477 480/600/480 525/673/525 521/674/521
f 389/675/389 521/674/521 525/673/525 390/489/390
f 478/597/478 474/596/474 523/676/523 526/677/526
f 526/677/526 523/676/523 524/678/524 527/679/527
f 480/600/480 483/604/483 528/680/528 525/673/525
f 528/680/528 391/490/391 390/489/390 525/673/525
f 481/602/481 478/597/478 526/677/526 529/681/529
f 529/681/529 526/677/526 527/679/527 516/658/516
f 476/607/476 520/682/520 528/680/528 483/604/483
f 528/680/528 520/682/520 388/683/388 391/490/391
f 481/602/481 529/681/529 522/684/522 473/605/473
f 512/657/512 522/684/522 529/681/529 516/658/516
f 530/685/530 489/613/489 488/612/488 531/686/531
f 530/685/530 531/686/531 393/687/393 392/688/392
f 485/609/485 484/608/484 532/689/532 533/690/533
f 533/690/533 532/689/532 524/672/524 534/691/534
f 488/619/488 492/618/492 535/692/535 531/693/531
f 393/694/393 531/693/531 535/692/535 394/493/394
f 490/615/490 485/614/485 533/695/533 536/696/536
f 536/696/536 533/695/533 534/697/534 537/698/537
f 492/618/492 495/622/495 538/699/538 535/692/535
f 535/692/535 538/699/538 395/494/395 394/493/394
f 539/700/539 493/620/493 490/615/490 536/696/536
f 527/679/527 539/700/539 536/696/536 537/698/537
f 489/625/489 530/701/530 538/699/538 495/622/495
f 538/699/538 530/701/530 392/702/392 395/494/395
f 493/620/493 539/700/539 532/703/532 484/623/484
f 524/678/524 532/703/532 539/700/539 527/679/527
f 540/704/540 501/631/501 500/630/500 541/705/541
f 396/706/396 540/704/540 541/705/541 397/707/397
f 497/627/497 496/626/496 542/708/542 543/709/543
f 543/709/543 542/708/542 534/691/534 544/710/544
f 500/637/500 504/636/504 545/711/545 541/712/541
f 541/712/541 545/711/545 398/497/398 397/713/397
f 502/633/502 497/632/497 543/714/543 546/715/546
f 546/715/546 543/714/543 544/716/544 547/717/547
f 504/636/504 507/640/507 548/718/548 545/711/545
f 545/711/545 548/718/548 399/498/399 398/497/398
f 502/633/502 546/715/546 549/719/549 505/638/505
f 537/698/537 549/719/549 546/715/546 547/717/547
f 501/643/501 540/720/540 548/718/548 507/640/507
f 399/498/399 548/718/548 540/720/540 396/721/396
f 542/722/542 496/641/496 505/638/505 549/719/549
f 534/697/534 542/722/542 549/719/549 537/698/537
f 550/723/550 447/552/447 446/551/446 551/724/551
f 551/724/551 465/578/465 464/577/464 550/723/550
f 446/556/446 449/555/449 552/725/552 551/726/551
f 551/726/551 552/725/552 468/585/468 465/584/465
f 449/555/449 451/558/451 553/727/553 552/725/552
f 552/725/552 553/727/553 470/588/470 468/585/468
f 447/552/447 550/723/550 553/727/553 451/558/451
f 470/588/470 553/727/553 550/723/550 464/577/464
f 554/728/554 400/499/400 430/533/430 555/729/555
f 555/729/555 430/533/430 428/531/428 556/730/556
f 556/730/556 428/531/428 426/529/426 557/731/557
f 557/731/557 426/529/426 424/527/424 558/732/558
f 558/732/558 424/527/424 421/522/421 559/733/559
f 559/733/559 421/522/421 409/521/409 560/734/560
f 409/508/409 407/506/407 561/735/561 560/736/560
f 407/506/407 404/503/404 562/737/562 561/735/561
f 562/737/562 404/503/404 401/500/401 563/738/563
f 563/738/563 401/500/401 400/499/400 554/728/554
f 564/739/564 554/740/554 555/741/555 565/742/565
f 565/742/565 555/741/555 556/743/556 566/744/566
f 566/744/566 556/743/556 557/745/557 567/746/567
f 567/746/567 557/745/557 558/747/558 568/748/568
f 558/747/558 559/749/559 569/750/569 568/748/568
f 559/749/559 560/751/560 570/752/570 569/750/569
f 560/751/560 561/753/561 571/754/571 570/752/570
f 561/753/561 562/755/562 572/756/572 571/754/571
f 562/757/562 563/758/563 573/759/573 572/760/572
f 573/759/573 563/758/563 554/740/554 564/739/564
f 415/514/415 512/650/512 513/651/513 416/515/416
f 417/516/417 524/672/524 512/650/512 415/514/415
f 534/691/534 524/672/524 417/516/417 418/517/418
f 544/710/544 534/691/534 418/517/418 419/518/419
f 547/717/547 544/716/544 419/526/419 423/525/423
f 436/539/436 537/698/537 547/717/547 423/525/423
f 527/679/527 537/698/537 436/539/436 437/540/437
f 516/658/516 527/679/527 437/540/437 438/541/438
f 519/661/519 516/658/516 438/541/438 439/542/439
f 416/548/416 513/665/513 519/661/519 439/542/439
f 574/761/574 575/762/575 576/763/576 577/764/577
f 577/764/577 576/763/576 578/765/578 579/766/579
f 579/766/579 578/765/578 580/767/580 581/768/581
f 581/768/581 580/767/580 582/769/582 583/770/583
f 583/770/583 582/769/582 584/771/584 585/772/585
f 585/772/585 584/771/584 586/773/586 587/774/587
f 588/775/588 587/774/587 586/773/586 589/776/589
f 590/777/590 588/775/588 589/776/589 591/778/591
f 592/779/592 590/780/590 591/781/591 593/782/593
f 574/761/574 592/779/592 593/782/593 575/762/575
f 594/783/594 595/784/595 596/785/596 597/786/597
f 597/786/597 596/785/596 598/787/598 599/788/599
f 599/788/599 598/787/598 600/789/600 601/790/601
f 601/790/601 600/789/600 602/791/602 603/792/603
f 603/792/603 602/791/602 604/793/604 605/794/605
f 606/795/606 605/794/605 604/793/604 607/796/607
f 608/797/608 606/795/606 607/796/607 609/798/609
f 610/799/610 608/797/608 609/798/609 611/800/611
f 612/801/612 610/802/610 611/803/611 613/804/613
f 612/801/612 613/804/613 595/784/595 594/783/594
f 614/805/614 615/806/615 616/807/616 617/808/617
f 617/808/617 616/807/616 618/809/618 619/810/619
f 619/810/619 618/809/618 620/811/620 621/812/621
f 621/812/621 620/811/620 622/813/622 623/814/623
f 623/814/623 622/813/622 624/815/624 625/816/625
f 626/817/626 625/816/625 624/815/624 627/818/627
f 626/817/626 627/818/627 628/819/628 629/820/629
f 630/821/630 629/820/629 628/819/628 631/822/631
f 630/823/630 631/824/631 632/825/632 633/826/633
f 633/826/633 632/825/632 615/806/615 614/805/614
f 595/784/595 574/761/574 577/764/577 596/785/596
f 596/785/596 577/764/577 579/766/579 598/787/598
f 579/766/579 581/768/581 600/789/600 598/787/598
f 581/768/581 583/770/583 602/791/602 600/789/600
f 583/770/583 585/772/585 604/793/604 602/791/602
f 585/772/585 587/774/587 607/796/607 604/793/604
f 587/774/587 588/775/588 609/798/609 607/796/607
f 609/798/609 588/775/588 590/777/590 611/800/611
f 611/803/611 590/780/590 592/779/592 613/804/613
f 613/804/613 592/779/592 574/761/574 595/784/595
f 634/827/634 635/828/635 636/829/636 637/830/637
f 638/831/638 639/832/639 634/827/634 637/830/637
f 640/833/640 641/834/641 642/835/642 643/836/643
f 641/834/641 644/837/644 645/838/645 642/835/642
f 639/832/639 638/831/638 645/838/645 644/837/644
f 646/839/646 647/840/647 644/837/644 641/834/641
f 647/840/647 648/841/648 639/832/639 644/837/644
f 649/842/649 650/843/650 651/844/651 652/845/652
f 653/846/653 654/847/654 655/848/655 656/849/656
f 634/827/634 657/850/657 658/851/658 635/828/635
f 650/843/650 649/842/649 658/851/658 657/850/657
f 651/844/651 659/852/659 660/853/660 652/845/652
f 654/847/654 660/853/660 659/852/659 655/848/655
f 648/841/648 657/850/657 634/827/634 639/832/639
f 659/852/659 661/854/661 662/855/662 655/848/655
f 651/844/651 663/856/663 661/854/661 659/852/659
f 650/843/650 664/857/664 663/856/663 651/844/651
f 664/857/664 650/843/650 657/850/657 648/841/648
f 665/858/665 664/857/664 648/841/648 647/840/647
f 666/859/666 665/858/665 667/860/667 668/861/668
f 647/840/647 646/839/646 667/860/667 665/858/665
f 641/834/641 640/833/640 669/862/669 646/839/646
f 646/839/646 669/862/669 670/863/670 667/860/667
f 671/864/671 672/865/672 673/866/673 670/863/670
f 673/866/673 668/861/668 667/860/667 670/863/670
f 668/861/668 673/866/673 674/867/674 675/868/675
f 676/869/676 677/870/677 678/871/678 672/865/672
f 672/865/672 678/871/678 674/867/674 673/866/673
f 679/872/679 680/873/680 681/874/681 682/875/682
f 681/874/681 680/873/680 683/876/683 684/877/684
f 685/878/685 686/879/686 687/880/687 688/881/688
f 682/875/682 689/882/689 688/881/688 679/872/679
f 679/872/679 688/881/688 687/880/687 680/873/680
f 683/876/683 680/873/680 687/880/687 690/883/690
f 684/877/684 683/876/683 690/883/690 691/884/691
f 684/877/684 691/884/691 692/885/692 681/874/681
f 681/874/681 692/885/692 689/882/689 682/875/682
f 675/868/675 674/867/674 693/886/693 694/887/694
f 694/887/694 693/886/693 695/888/695 696/889/696
f 678/871/678 697/890/697 693/886/693 674/867/674
f 696/889/696 695/888/695 698/891/698 699/892/699
f 699/893/699 698/894/698 700/895/700 685/878/685
f 697/890/697 701/896/701 695/888/695 693/886/693
f 697/890/697 678/871/678 677/870/677 702/897/702
f 701/896/701 703/898/703 698/891/698 695/888/695
f 704/899/704 705/900/705 703/898/703 701/896/701
f 703/901/703 706/902/706 700/895/700 698/894/698
f 700/895/700 707/903/707 686/879/686 685/878/685
f 708/904/708 706/902/706 703/901/703 705/905/705
f 707/903/707 700/895/700 706/902/706 709/906/709
f 687/880/687 686/879/686 710/907/710 690/883/690
f 707/903/707 711/908/711 710/907/710 686/879/686
f 712/909/712 713/910/713 714/911/714 715/912/715
f 716/913/716 717/914/717 713/910/713 712/909/712
f 718/915/718 719/916/719 717/914/717 716/913/716
f 720/917/720 721/918/721 719/916/719 718/915/718
f 722/919/722 723/920/723 721/918/721 720/917/720
f 724/921/724 725/922/725 723/920/723 722/919/722
f 726/923/726 727/924/727 725/922/725 724/921/724
f 728/925/728 729/926/729 727/924/727 726/923/726
f 730/927/730 731/928/731 729/926/729 728/925/728
f 732/929/732 731/928/731 730/927/730 691/884/691
f 733/930/733 732/929/732 691/884/691 690/883/690
f 734/931/734 733/930/733 690/883/690 710/907/710
f 709/906/709 735/932/735 711/908/711 707/903/707
f 708/904/708 736/933/736 709/906/709 706/902/706
f 711/908/711 737/934/737 734/931/734 710/907/710
f 735/932/735 738/935/738 737/934/737 711/908/711
f 739/936/739 738/935/738 735/932/735 740/937/740
f 741/938/741 676/869/676 672/865/672 671/864/671
f 697/890/697 702/897/702 704/899/704 701/896/701
f 738/935/738 739/936/739 742/939/742 743/940/743
f 714/911/714 744/941/744 745/942/745 746/943/746
f 747/944/747 745/942/745 748/945/748 749/946/749
f 713/910/713 750/947/750 744/941/744 714/911/714
f 744/941/744 751/948/751 748/945/748 745/942/745
f 749/946/749 748/945/748 752/949/752 753/950/753
f 717/914/717 754/951/754 750/947/750 713/910/713
f 738/935/738 743/940/743 755/952/755 737/934/737
f 755/952/755 756/953/756 734/931/734 737/934/737
f 734/931/734 756/953/756 757/954/757 733/930/733
f 757/954/757 756/953/756 758/955/758 759/956/759
f 757/954/757 759/956/759 732/929/732 733/930/733
f 719/916/719 760/957/760 754/951/754 717/914/717
f 761/958/761 760/957/760 719/916/719 721/918/721
f 762/959/762 761/958/761 721/918/721 723/920/723
f 762/959/762 763/960/763 764/961/764 761/958/761
f 762/959/762 723/920/723 725/922/725 763/960/763
f 765/962/765 763/960/763 725/922/725 727/924/727
f 729/926/729 766/963/766 765/962/765 727/924/727
f 767/964/767 766/963/766 729/926/729 731/928/731
f 759/956/759 767/964/767 731/928/731 732/929/732
f 763/960/763 765/962/765 768/965/768 764/961/764
f 769/966/769 767/964/767 759/956/759 758/955/758
f 769/966/769 770/967/770 766/963/766 767/964/767
f 770/967/770 768/965/768 765/962/765 766/963/766
f 761/958/761 764/961/764 771/968/771 760/957/760
f 760/957/760 771/968/771 772/969/772 754/951/754
f 754/951/754 772/969/772 773/970/773 750/947/750
f 751/948/751 744/941/744 750/947/750 773/970/773
f 774/971/774 771/968/771 764/961/764 768/965/768
f 771/968/771 774/971/774 775/972/775 772/969/772
f 772/969/772 775/972/775 776/973/776 773/970/773
f 777/974/777 758/955/758 756/953/756 755/952/755
f 758/955/758 777/974/777 778/975/778 769/966/769
f 769/966/769 778/975/778 779/976/779 770/967/770
f 779/976/779 774/971/774 768/965/768 770/967/770
f 774/971/774 779/976/779 780/977/780 775/972/775
f 773/970/773 776/973/776 781/978/781 751/948/751
f 781/978/781 752/949/752 748/945/748 751/948/751
f 747/944/747 782/979/782 746/943/746 745/942/745
f 783/980/783 777/974/777 755/952/755 743/940/743
f 784/981/784 783/980/783 743/940/743 742/939/742
f 777/974/777 783/980/783 785/982/785 778/975/778
f 775/972/775 780/977/780 786/983/786 776/973/776
f 786/983/786 780/977/780 787/984/787 788/985/788
f 776/973/776 786/983/786 788/985/788 781/978/781
f 781/978/781 788/985/788 789/986/789 752/949/752
f 778/975/778 785/982/785 780/977/780 779/976/779
f 790/987/790 787/984/787 780/977/780 785/982/785
f 791/988/791 792/989/792 793/990/793 794/991/794
f 795/992/795 796/993/796 793/990/793 792/989/792
f 791/988/791 794/991/794 797/994/797 798/995/798
f 799/996/799 797/994/797 794/991/794 800/997/800
f 795/992/795 801/998/801 802/999/802 796/993/796
f 802/999/802 803/1000/803 804/1001/804 796/993/796
f 804/1001/804 803/1000/803 805/1002/805 806/1003/806
f 806/1003/806 805/1002/805 807/1004/807 808/1005/808
f 807/1004/807 809/1006/809 810/1007/810 808/1005/808
f 809/1006/809 811/1008/811 812/1009/812 810/1007/810
f 813/1010/813 814/1011/814 797/994/797 799/996/799
f 814/1011/814 815/1012/815 798/995/798 797/994/797
f 816/1013/816 815/1012/815 817/1014/817 818/1015/818
f 819/1016/819 820/1017/820 821/1018/821 822/1019/822
f 819/1016/819 823/1020/823 817/1014/817 820/1017/820
f 823/1020/823 824/1021/824 818/1015/818 817/1014/817
f 818/1015/818 824/1021/824 825/1022/825 826/1023/826
f 821/1018/821 827/1024/827 828/1025/828 822/1019/822
f 827/1024/827 829/1026/829 830/1027/830 828/1025/828
f 829/1026/829 831/1028/831 832/1029/832 830/1027/830
f 832/1029/832 831/1028/831 833/1030/833 834/1031/834
f 834/1031/834 835/1032/835 836/1033/836 832/1029/832
f 837/1034/837 838/1035/838 826/1023/826 825/1022/825
f 793/990/793 796/993/796 800/997/800 794/991/794
f 839/1036/839 816/1013/816 840/1037/840 841/1038/841
f 826/1023/826 840/1037/840 816/1013/816 818/1015/818
f 842/1039/842 843/1040/843 844/1041/844 845/1042/845
f 843/1040/843 840/1037/840 826/1023/826 838/1035/838
f 846/1043/846 844/1041/844 835/1032/835 834/1031/834
f 846/1043/846 847/1044/847 845/1042/845 844/1041/844
f 833/1030/833 848/1045/848 846/1043/846 834/1031/834
f 848/1045/848 849/1046/849 847/1044/847 846/1043/846
f 813/1010/813 821/1018/821 820/1017/820 814/1011/814
f 850/1047/850 827/1024/827 821/1018/821 813/1010/813
f 799/996/799 851/1048/851 850/1047/850 813/1010/813
f 800/997/800 852/1049/852 851/1048/851 799/996/799
f 796/993/796 804/1001/804 852/1049/852 800/997/800
f 852/1049/852 804/1001/804 853/1050/853 854/1051/854
f 806/1003/806 855/1052/855 853/1050/853 804/1001/804
f 856/1053/856 855/1052/855 806/1003/806 808/1005/808
f 857/1054/857 858/1055/858 808/1005/808 810/1007/810
f 855/1052/855 859/1056/859 860/1057/860 853/1050/853
f 854/1051/854 861/1058/861 851/1048/851 852/1049/852
f 861/1058/861 862/1059/862 850/1047/850 851/1048/851
f 827/1024/827 850/1047/850 862/1059/862 829/1026/829
f 863/1060/863 864/1061/864 865/1062/865 866/1063/866
f 829/1026/829 862/1059/862 867/1064/867 831/1028/831
f 861/1058/861 854/1051/854 868/1065/868 869/1066/869
f 862/1059/862 861/1058/861 869/1066/869 867/1064/867
f 831/1028/831 867/1064/867 870/1067/870 833/1030/833
f 871/1068/871 870/1067/870 867/1064/867 869/1066/869
f 870/1067/870 872/1069/872 848/1045/848 833/1030/833
f 871/1068/871 873/1070/873 872/1069/872 870/1067/870
f 874/1071/874 871/1068/871 869/1066/869 868/1065/868
f 822/1019/822 875/1072/875 876/1073/876 819/1016/819
f 877/1074/877 878/1075/878 824/1021/824 823/1020/823
f 879/1076/879 825/1022/825 824/1021/824 878/1075/878
f 880/1077/880 875/1072/875 822/1019/822 828/1025/828
f 880/1077/880 828/1025/828 830/1027/830 881/1078/881
f 882/1079/882 881/1078/881 830/1027/830 832/1029/832
f 883/1080/883 882/1079/882 832/1029/832 836/1033/836
f 883/1080/883 836/1033/836 837/1034/837 884/1081/884
f 877/1074/877 876/1073/876 875/1072/875 878/1075/878
f 885/1082/885 886/1083/886 887/1084/887 888/1085/888
f 838/1035/838 837/1034/837 836/1033/836 835/1032/835
f 843/1040/843 842/1039/842 841/1038/841 840/1037/840
f 844/1041/844 843/1040/843 838/1035/838 835/1032/835
f 879/1076/879 884/1081/884 837/1034/837 825/1022/825
f 888/1085/888 889/1086/889 890/1087/890 885/1082/885
f 889/1086/889 891/1088/891 892/1089/892 890/1087/890
f 893/1090/893 801/998/801 894/1091/894 895/1092/895
f 896/1093/896 802/999/802 801/998/801 893/1090/893
f 897/1094/897 803/1000/803 802/999/802 896/1093/896
f 898/1095/898 805/1002/805 803/1000/803 897/1094/897
f 898/1095/898 899/1096/899 807/1004/807 805/1002/805
f 899/1096/899 900/1097/900 809/1006/809 807/1004/807
f 900/1097/900 901/1098/901 811/1008/811 809/1006/809
f 902/1099/902 903/1100/903 904/1101/904 905/1102/905
f 903/1100/903 906/1103/906 907/1104/907 904/1101/904
f 906/1103/906 908/1105/908 909/1106/909 907/1104/907
f 909/1106/909 908/1105/908 910/1107/910 911/1108/911
f 912/1109/912 911/1108/911 910/1107/910 913/1110/913
f 914/1111/914 912/1109/912 913/1110/913 915/1112/915
f 914/1111/914 915/1112/915 916/1113/916 917/1114/917
f 918/1115/918 919/1116/919 915/1112/915 913/1110/913
f 919/1116/919 920/1117/920 916/1113/916 915/1112/915
f 918/1115/918 908/1105/908 906/1103/906 919/1116/919
f 903/1100/903 920/1117/920 919/1116/919 906/1103/906
f 902/1099/902 921/1118/921 920/1117/920 903/1100/903
f 913/1110/913 910/1107/910 908/1105/908 918/1115/918
f 854/1051/854 853/1050/853 860/1057/860 868/1065/868
f 860/1057/860 922/1119/922 874/1071/874 868/1065/868
f 874/1071/874 923/1120/923 873/1070/873 871/1068/871
f 872/1069/872 924/1121/924 849/1046/849 848/1045/848
f 873/1070/873 925/1122/925 924/1121/924 872/1069/872
f 923/1120/923 926/1123/926 925/1122/925 873/1070/873
f 927/1124/927 923/1120/923 874/1071/874 922/1119/922
f 927/1124/927 928/1125/928 926/1123/926 923/1120/923
f 859/1056/859 929/1126/929 922/1119/922 860/1057/860
f 856/1053/856 930/1127/930 859/1056/859 855/1052/855
f 930/1127/930 931/1128/931 929/1126/929 859/1056/859
f 932/1129/932 857/1054/857 810/1007/810 812/1009/812
f 933/1130/933 934/1131/934 932/1129/932 812/1009/812
f 864/1061/864 863/1060/863 935/1132/935 815/1012/815
f 815/1012/815 935/1132/935 936/1133/936 798/995/798
f 798/995/798 936/1133/936 937/1134/937 791/988/791
f 791/988/791 937/1134/937 938/1135/938 792/989/792
f 792/989/792 938/1135/938 939/1136/939 795/992/795
f 940/1137/940 933/1130/933 812/1009/812 811/1008/811
f 941/1138/941 940/1137/940 811/1008/811 901/1098/901
f 917/1114/917 916/1113/916 942/1139/942 943/1140/943
f 920/1117/920 921/1118/921 942/1139/942 916/1113/916
f 715/912/715 839/1036/839 841/1038/841 712/909/712
f 712/909/712 841/1038/841 842/1039/842 716/913/716
f 839/1036/839 715/912/715 865/1062/865 864/1061/864
f 746/943/746 865/1062/865 715/912/715 714/911/714
f 865/1062/865 746/943/746 782/979/782 866/1063/866
f 845/1042/845 718/915/718 716/913/716 842/1039/842
f 718/915/718 845/1042/845 847/1044/847 720/917/720
f 720/917/720 847/1044/847 849/1046/849 722/919/722
f 722/919/722 849/1046/849 924/1121/924 724/921/724
f 925/1122/925 726/923/726 724/921/724 924/1121/924
f 926/1123/926 728/925/728 726/923/726 925/1122/925
f 928/1125/928 730/927/730 728/925/728 926/1123/926
f 730/927/730 928/1125/928 692/885/692 691/884/691
f 927/1124/927 689/882/689 692/885/692 928/1125/928
f 929/1126/929 689/882/689 927/1124/927 922/1119/922
f 944/1141/944 699/893/699 685/878/685 688/881/688
f 689/882/689 929/1126/929 931/1128/931 688/881/688
f 945/1142/945 944/1141/944 688/881/688 931/1128/931
f 636/829/636 617/1143/617 619/1144/619 637/830/637
f 637/830/637 619/1144/619 621/1145/621 638/831/638
f 638/831/638 621/1145/621 623/1146/623 645/838/645
f 645/838/645 623/1146/623 625/1147/625 642/835/642
f 625/1147/625 626/1148/626 643/836/643 642/835/642
f 946/1149/946 947/1150/947 948/1151/948 949/1152/949
f 948/1151/948 950/1153/950 951/1154/951 949/1152/949
f 950/1153/950 952/1155/952 953/1156/953 951/1154/951
f 953/1156/953 952/1155/952 954/1157/954 955/1158/955
f 955/1158/955 954/1157/954 956/1159/956 957/1160/957
f 956/1159/956 958/1161/958 959/1162/959 957/1160/957
f 958/1161/958 960/1163/960 961/1164/961 959/1162/959
f 960/1163/960 962/1165/962 963/1166/963 961/1164/961
f 962/1167/962 964/1168/964 965/1169/965 963/1170/963
f 964/1168/964 947/1150/947 946/1149/946 965/1169/965
f 615/806/615 946/1149/946 949/1152/949 616/807/616
f 949/1152/949 951/1154/951 618/809/618 616/807/616
f 951/1154/951 953/1156/953 620/811/620 618/809/618
f 620/811/620 953/1156/953 955/1158/955 622/813/622
f 622/813/622 955/1158/955 957/1160/957 624/815/624
f 624/815/624 957/1160/957 959/1162/959 627/818/627
f 627/818/627 959/1162/959 961/1164/961 628/819/628
f 961/1164/961 963/1166/963 631/822/631 628/819/628
f 963/1170/963 965/1169/965 632/825/632 631/824/631
f 965/1169/965 946/1149/946 615/806/615 632/825/632
f 947/1150/947 594/783/594 597/786/597 948/1151/948
f 948/1151/948 597/786/597 599/788/599 950/1153/950
f 599/788/599 601/790/601 952/1155/952 950/1153/950
f 952/1155/952 601/790/601 603/792/603 954/1157/954
f 954/1157/954 603/792/603 605/794/605 956/1159/956
f 605/794/605 606/795/606 958/1161/958 956/1159/956
f 606/795/606 608/797/608 960/1163/960 958/1161/958
f 608/797/608 610/799/610 962/1165/962 960/1163/960
f 610/802/610 612/801/612 964/1168/964 962/1167/962
f 964/1168/964 612/801/612 594/783/594 947/1150/947
f 966/1171/966 967/1172/967 968/1173/968 969/1174/969
f 969/1174/969 968/1173/968 970/1175/970 971/1176/971
f 971/1176/971 970/1175/970 972/1177/972 973/1178/973
f 973/1178/973 972/1177/972 974/1179/974 975/1180/975
f 974/1179/974 976/1181/976 977/1182/977 975/1180/975
f 976/1181/976 978/1183/978 979/1184/979 977/1182/977
f 978/1183/978 980/1185/980 981/1186/981 979/1184/979
f 980/1185/980 982/1187/982 983/1188/983 981/1186/981
f 982/1189/982 984/1190/984 985/1191/985 983/1192/983
f 984/1190/984 967/1172/967 966/1171/966 985/1191/985
f 575/762/575 966/1171/966 969/1174/969 576/763/576
f 576/763/576 969/1174/969 971/1176/971 578/765/578
f 578/765/578 971/1176/971 973/1178/973 580/767/580
f 580/767/580 973/1178/973 975/1180/975 582/769/582
f 975/1180/975 977/1182/977 584/771/584 582/769/582
f 977/1182/977 979/1184/979 586/773/586 584/771/584
f 979/1184/979 981/1186/981 589/776/589 586/773/586
f 981/1186/981 983/1188/983 591/778/591 589/776/589
f 983/1192/983 985/1191/985 593/782/593 591/781/591
f 985/1191/985 966/1171/966 575/762/575 593/782/593
f 967/1172/967 564/739/564 565/742/565 968/1173/968
f 968/1173/968 565/742/565 566/744/566 970/1175/970
f 970/1175/970 566/744/566 567/746/567 972/1177/972
f 972/1177/972 567/746/567 568/748/568 974/1179/974
f 568/748/568 569/750/569 976/1181/976 974/1179/974
f 569/750/569 570/752/570 978/1183/978 976/1181/976
f 570/752/570 571/754/571 980/1185/980 978/1183/978
f 571/754/571 572/756/572 982/1187/982 980/1185/980
f 572/760/572 573/759/573 984/1190/984 982/1189/982
f 573/759/573 564/739/564 967/1172/967 984/1190/984
f 986/1193/986 656/849/656 655/848/655 662/855/662
f 783/980/783 784/981/784 987/1194/987 785/982/785
f 789/986/789 988/1195/988 753/950/753 752/949/752
f 989/1196/989 988/1195/988 789/986/789 788/985/788
f 990/1197/990 989/1196/989 788/985/788 787/984/787
f 991/1198/991 990/1197/990 787/984/787 790/987/790
f 987/1194/987 991/1198/991 790/987/790 785/982/785
f 364/461/364 215/290/215 216/293/216 365/462/365
f 365/462/365 216/293/216 217/295/217 368/465/368
f 368/465/368 217/295/217 218/297/218 370/467/370
f 218/297/218 219/298/219 372/469/372 370/467/370
f 219/298/219 220/300/220 374/471/374 372/469/372
f 220/300/220 221/302/221 376/473/376 374/471/374
f 221/305/221 222/304/222 378/477/378 376/476/376
f 222/304/222 223/308/223 380/479/380 378/477/378
f 380/479/380 223/308/223 224/311/224 382/481/382
f 382/481/382 224/311/224 215/290/215 364/461/364
f 367/464/367 366/463/366 228/315/228 227/314/227
f 366/463/366 369/466/369 230/317/230 228/315/228
f 369/466/369 371/468/371 232/319/232 230/317/230
f 371/468/371 373/470/373 234/321/234 232/319/232
f 373/470/373 375/472/375 235/322/235 234/321/234
f 375/472/375 377/474/377 237/324/237 235/322/235
f 237/327/237 377/475/377 379/478/379 239/328/239
f 239/328/239 379/478/379 381/480/381 241/330/241
f 241/330/241 381/480/381 383/482/383 243/332/243
f 383/482/383 367/464/367 227/314/227 243/332/243
f 226/313/226 225/312/225 248/337/248 247/336/247
f 225/312/225 229/316/229 250/339/250 248/337/248
f 229/316/229 231/318/231 252/341/252 250/339/250
f 231/318/231 233/320/233 253/342/253 252/341/252
f 253/342/253 233/320/233 236/323/236 255/344/255
f 255/344/255 236/323/236 238/325/238 257/346/257
f 257/349/257 238/326/238 240/329/240 259/350/259
f 259/350/259 240/329/240 242/331/242 261/352/261
f 261/352/261 242/331/242 244/333/244 264/355/264
f 244/333/244 226/313/226 247/336/247 264/355/264
f 265/356/265 268/359/268 246/335/246 245/334/245
f 275/366/275 265/356/265 245/334/245 249/338/249
f 272/363/272 275/366/275 249/338/249 251/340/251
f 276/367/276 272/363/272 251/340/251 254/343/254
f 256/345/256 280/371/280 276/367/276 254/343/254
f 280/371/280 256/345/256 258/347/258 283/374/283
f 283/378/283 258/348/258 260/351/260 286/379/286
f 286/379/286 260/351/260 262/353/262 288/381/288
f 262/353/262 263/354/263 289/382/289 288/381/288
f 268/359/268 289/382/289 263/354/263 246/335/246
f 817/1014/817 815/1012/815 814/1011/814 820/1017/820
f 864/1061/864 815/1012/815 816/1013/816 839/1036/839
f 666/859/666 668/861/668 675/868/675 992/1199/992
f 675/868/675 694/887/694 993/1200/993 992/1199/992
f 694/887/694 696/889/696 994/1201/994 993/1200/993
f 858/1055/858 995/1202/995 856/1053/856 808/1005/808
f 930/1127/930 856/1053/856 995/1202/995 996/1203/996
f 997/1204/997 998/1205/998 999/1206/999 1000/1207/1000
f 998/1205/998 997/1204/997 1001/1208/1001 1002/1209/1002
f 661/854/661 1003/1210/1003 1004/1211/1004 662/855/662
f 699/892/699 944/1212/944 994/1201/994 696/889/696
f 939/1136/939 894/1091/894 801/998/801 795/992/795
f 996/1203/996 995/1202/995 1002/1209/1002 1005/1213/1005
f 995/1202/995 858/1055/858 998/1205/998 1002/1209/1002
f 994/1201/994 944/1212/944 1005/1214/1005 1006/1215/1006
f 1005/1213/1005 944/1141/944 945/1142/945 996/1203/996
f 999/1206/999 998/1205/998 858/1055/858 857/1054/857
f 1000/1207/1000 999/1206/999 857/1054/857 932/1129/932
f 932/1129/932 934/1131/934 1007/1216/1007 1000/1207/1000
f 945/1142/945 931/1128/931 930/1127/930 996/1203/996
f 1000/1207/1000 1007/1216/1007 1008/1217/1008 997/1204/997
f 661/854/661 663/856/663 1009/1218/1009 1003/1210/1003
f 1010/1219/1010 1009/1218/1009 992/1199/992 993/1200/993
f 994/1201/994 1006/1215/1006 1010/1219/1010 993/1200/993
f 1009/1218/1009 1010/1219/1010 1011/1220/1011 1003/1210/1003
f 1012/1221/1012 1006/1215/1006 1005/1214/1005 1002/1222/1002
f 1011/1220/1011 1010/1219/1010 1006/1215/1006 1012/1221/1012
f 1013/1223/1013 1012/1221/1012 1002/1222/1002 1001/1224/1001
f 1013/1223/1013 1001/1224/1001 1014/1225/1014 1015/1226/1015
f 1012/1221/1012 1013/1223/1013 1016/1227/1016 1011/1220/1011
f 1011/1220/1011 1016/1227/1016 1004/1211/1004 1003/1210/1003
f 1016/1227/1016 1013/1223/1013 1015/1226/1015 1017/1228/1017
f 1017/1228/1017 1018/1229/1018 1004/1211/1004 1016/1227/1016
f 1009/1218/1009 663/856/663 666/859/666 992/1199/992
f 666/859/666 663/856/663 664/857/664 665/858/665
f 709/906/709 736/933/736 740/937/740 735/932/735
f 662/855/662 1004/1211/1004 1018/1229/1018 986/1193/986
f 1001/1208/1001 997/1204/997 1008/1217/1008 1014/1230/1014
f 905/1102/905 904/1101/904 893/1090/893 895/1092/895
f 904/1101/904 907/1104/907 896/1093/896 893/1090/893
f 907/1104/907 909/1106/909 897/1094/897 896/1093/896
f 909/1106/909 911/1108/911 898/1095/898 897/1094/897
f 911/1108/911 912/1109/912 899/1096/899 898/1095/898
f 912/1109/912 914/1111/914 900/1097/900 899/1096/899
f 900/1097/900 914/1111/914 917/1114/917 901/1098/901
f 901/1098/901 917/1114/917 943/1140/943 941/1138/941
f 886/1083/886 885/1082/885 879/1076/879 878/1075/878
f 887/1084/887 886/1083/886 878/1075/878 875/1072/875
f 888/1085/888 887/1084/887 875/1072/875 880/1077/880
f 889/1086/889 888/1085/888 880/1077/880 881/1078/881
f 891/1088/891 889/1086/889 881/1078/881 882/1079/882
f 892/1089/892 891/1088/891 882/1079/882 883/1080/883
f 890/1087/890 892/1089/892 883/1080/883 884/1081/884
f 885/1082/885 890/1087/890 884/1081/884 879/1076/879
f 295/388/295 298/391/298 301/394/301 296/389/296
f 341/436/341 340/435/340 337/432/337 336/431/336
f 296/389/296 301/394/301 327/422/327 337/432/337
f 271/362/271 298/391/298 295/388/295 357/454/357
f 322/417/322 294/387/294 297/390/297 323/418/323
f 333/428/333 332/427/332 339/434/339 338/433/338
f 297/390/297 340/435/340 339/434/339 323/418/323
f 291/384/291 293/386/293 294/387/294 322/417/322
f 265/356/265 271/362/271 357/454/357 266/357/266
f 357/454/357 293/386/293 267/358/267 266/357/266
f 268/359/268 267/358/267 292/385/292 289/382/289
f 291/384/291 290/383/290 289/382/289 292/385/292
f 299/392/299 360/457/360 356/453/356 300/393/300
f 328/423/328 331/426/331 325/420/325 324/419/324
f 300/393/300 356/453/356 328/423/328 324/419/324
f 358/455/358 360/457/360 299/392/299 270/361/270
f 362/459/362 302/395/302 305/398/305 359/456/359
f 342/437/342 345/440/345 330/425/330 329/424/329
f 303/396/303 342/437/342 329/424/329 304/397/304
f 311/404/311 310/403/310 307/400/307 306/399/306
f 349/444/349 348/443/348 344/439/344 343/438/343
f 310/403/310 349/444/349 343/438/343 307/400/307
f 363/460/363 311/404/311 306/399/306 361/458/361
f 304/397/304 356/453/356 360/457/360 305/398/305
f 314/407/314 313/406/313 309/402/309 308/401/308
f 351/446/351 350/445/350 347/442/347 346/441/346
f 313/406/313 351/446/351 346/441/346 309/402/309
f 281/372/281 314/407/314 308/401/308 282/373/282
f 274/365/274 358/455/358 270/361/270 269/360/269
f 275/366/275 274/365/274 269/360/269 265/356/265
f 272/363/272 362/459/362 359/456/359 273/364/273
f 359/456/359 358/455/358 274/365/274 273/364/273
f 277/368/277 363/460/363 361/458/361 278/369/278
f 361/458/361 362/459/362 272/363/272 278/369/278
f 282/373/282 363/460/363 277/368/277 279/370/279
f 277/368/277 276/367/276 280/371/280 279/370/279
f 819/1016/819 876/1073/876 877/1074/877 823/1020/823
f 1019/1231/1019 1020/1232/1020 1021/1233/1021 1022/1234/1022
f 1019/1231/1019 1023/1235/1023 1024/1236/1024 1020/1232/1020
f 1025/1237/1025 1026/1238/1026 1027/1239/1027 1028/1240/1028
f 1023/1235/1023 1025/1237/1025 1028/1240/1028 1024/1236/1024
f 1026/1238/1026 1029/1241/1029 1030/1242/1030 1027/1239/1027
f 1023/1235/1023 1031/1243/1031 1032/1244/1032 1025/1237/1025
f 1031/1245/1031 1033/1246/1033 1034/1247/1034 1032/1248/1032
f 1021/1233/1021 1035/1249/1035 1036/1250/1036 1022/1234/1022
f 1036/1250/1036 1037/1251/1037 1038/1252/1038 1022/1234/1022
f 1022/1234/1022 1038/1252/1038 1039/1253/1039 1040/1254/1040
f 1041/1255/1041 1042/1256/1042 1040/1254/1040 1039/1253/1039
f 1043/1257/1043 1044/1258/1044 1021/1233/1021 1020/1232/1020
f 1033/1259/1033 1043/1257/1043 1020/1232/1020 1024/1236/1024
f 1034/1260/1034 1033/1259/1033 1024/1236/1024 1028/1240/1028
f 1044/1258/1044 1045/1261/1045 1035/1249/1035 1021/1233/1021
f 1046/1262/1046 1047/1263/1047 1035/1249/1035 1045/1261/1045
f 1047/1263/1047 1048/1264/1048 1036/1250/1036 1035/1249/1035
f 1049/1265/1049 1050/1266/1050 1047/1263/1047 1046/1262/1046
f 1051/1267/1051 1048/1264/1048 1047/1263/1047 1050/1266/1050
f 1052/1268/1052 1031/1243/1031 1023/1235/1023 1019/1231/1019
f 1053/1269/1053 1052/1268/1052 1019/1231/1019 1022/1234/1022
f 1052/1270/1052 1043/1271/1043 1033/1246/1033 1031/1245/1031
f 1052/1270/1052 1053/1272/1053 1044/1273/1044 1043/1271/1043
f 1054/1274/1054 1045/1275/1045 1044/1273/1044 1053/1272/1053
f 1040/1254/1040 1055/1276/1055 1053/1269/1053 1022/1234/1022
f 1042/1256/1042 1056/1277/1056 1055/1276/1055 1040/1254/1040
f 1057/1278/1057 1058/1279/1058 1059/1280/1059 1060/1281/1060
f 1061/1282/1061 1059/1283/1059 1058/1279/1058 1062/1284/1062
f 1063/1285/1063 1064/1286/1064 1065/1287/1065 1041/1255/1041
f 1056/1288/1056 1060/1289/1060 1064/1290/1064 1063/1291/1063
f 1066/1292/1066 1063/1285/1063 1041/1255/1041 1039/1253/1039
f 1067/1293/1067 1066/1292/1066 1039/1253/1039 1038/1252/1038
f 1068/1294/1068 1069/1295/1069 1067/1293/1067 1038/1252/1038
f 1070/1296/1070 1068/1294/1068 1038/1252/1038 1071/1297/1071
f 1055/1298/1055 1056/1288/1056 1063/1291/1063 1066/1299/1066
f 1053/1272/1053 1055/1298/1055 1066/1299/1066 1067/1300/1067
f 1067/1300/1067 1072/1301/1072 1054/1274/1054 1053/1272/1053
f 1073/1302/1073 1074/1303/1074 1069/1295/1069 1068/1294/1068
f 1068/1294/1068 1070/1296/1070 1075/1304/1075 1073/1302/1073
f 1076/1305/1076 1077/1306/1077 1078/1307/1078 1079/1308/1079
f 1079/1308/1079 1080/1309/1080 1081/1310/1081 1076/1305/1076
f 1078/1307/1078 1082/1311/1082 1080/1309/1080 1079/1308/1079
f 1081/1312/1081 1080/1313/1080 1082/1314/1082 1083/1315/1083
f 1084/1316/1084 1074/1317/1074 1081/1312/1081 1083/1315/1083
f 1077/1306/1077 1075/1304/1075 1084/1318/1084 1083/1319/1083
f 1057/1278/1057 1060/1281/1060 1056/1277/1056 1042/1256/1042
f 1065/1287/1065 1064/1286/1064 1061/1320/1061 1062/1284/1062
f 1060/1289/1060 1059/1321/1059 1061/1322/1061 1064/1290/1064
f 1075/1304/1075 1077/1306/1077 1076/1305/1076 1073/1302/1073
f 1076/1305/1076 1081/1310/1081 1074/1303/1074 1073/1302/1073
f 1078/1307/1078 1077/1306/1077 1083/1319/1083 1082/1311/1082
f 1025/1237/1025 1032/1244/1032 1029/1323/1029 1026/1238/1026
f 1034/1247/1034 1030/1324/1030 1029/1325/1029 1032/1248/1032
f 1030/1326/1030 1034/1260/1034 1028/1240/1028 1027/1239/1027
f 1045/1275/1045 1054/1274/1054 1085/1327/1085 1046/1328/1046
f 1072/1301/1072 1086/1329/1086 1085/1327/1085 1054/1274/1054
f 1037/1251/1037 1087/1330/1087 1071/1297/1071 1038/1252/1038
f 1088/1331/1088 1089/1332/1089 1070/1296/1070 1071/1297/1071
f 1089/1332/1089 1084/1318/1084 1075/1304/1075 1070/1296/1070
f 1087/1330/1087 1090/1333/1090 1091/1334/1091 1071/1297/1071
f 1092/1335/1092 1093/1336/1093 1094/1337/1094 1095/1338/1095
f 1093/1336/1093 1092/1335/1092 1096/1339/1096 1097/1340/1097
f 1098/1341/1098 1099/1342/1099 1097/1340/1097 1096/1339/1096
f 1071/1297/1071 1091/1334/1091 1095/1338/1095 1094/1337/1094
f 1098/1341/1098 1100/1343/1100 1101/1344/1101 1099/1342/1099
f 1089/1345/1089 1069/1346/1069 1074/1317/1074 1084/1316/1084
f 1089/1345/1089 1088/1347/1088 1067/1300/1067 1069/1346/1069
f 1088/1347/1088 1102/1348/1102 1072/1301/1072 1067/1300/1067
f 1088/1331/1088 1071/1297/1071 1094/1337/1094 1103/1349/1103
f 1104/1350/1104 1105/1351/1105 1102/1348/1102 1088/1347/1088
f 1100/1352/1100 1106/1353/1106 1107/1354/1107 1101/1355/1101
f 1107/1356/1107 1097/1340/1097 1099/1342/1099 1101/1357/1101
f 1108/1358/1108 1093/1336/1093 1097/1340/1097 1107/1356/1107
f 1106/1359/1106 1100/1343/1100 1098/1341/1098 1096/1339/1096
f 1095/1338/1095 1091/1334/1091 1104/1360/1104 1109/1361/1109
f 1110/1362/1110 1106/1359/1106 1096/1339/1096 1092/1335/1092
f 1108/1363/1108 1107/1354/1107 1106/1353/1106 1110/1364/1110
f 1109/1365/1109 1104/1350/1104 1088/1347/1088 1103/1366/1103
f 1103/1366/1103 1108/1363/1108 1110/1364/1110 1109/1365/1109
f 1090/1333/1090 1111/1367/1111 1112/1368/1112 1091/1334/1091
f 1113/1369/1113 1114/1370/1114 1115/1371/1115 1116/1372/1116
f 1117/1373/1117 1118/1374/1118 1114/1370/1114 1113/1369/1113
f 1119/1375/1119 1120/1376/1120 1118/1374/1118 1117/1373/1117
f 1115/1371/1115 1091/1334/1091 1112/1368/1112 1116/1372/1116
f 1121/1377/1121 1122/1378/1122 1113/1369/1113 1116/1372/1116
f 1123/1379/1123 1124/1380/1124 1112/1368/1112 1111/1367/1111
f 1122/1378/1122 1125/1381/1125 1117/1373/1117 1113/1369/1113
f 1117/1373/1117 1125/1381/1125 1126/1382/1126 1119/1375/1119
f 1121/1377/1121 1116/1372/1116 1112/1368/1112 1124/1380/1124
f 1126/1382/1126 1127/1383/1127 1120/1376/1120 1119/1375/1119
f 1114/1370/1114 1128/1384/1128 1129/1385/1129 1115/1371/1115
f 1118/1374/1118 1130/1386/1130 1128/1384/1128 1114/1370/1114
f 1127/1387/1127 1130/1386/1130 1118/1374/1118 1120/1376/1120
f 1036/1250/1036 1048/1264/1048 1131/1388/1131 1037/1251/1037
f 1131/1388/1131 1132/1389/1132 1087/1330/1087 1037/1251/1037
f 1132/1389/1132 1133/1390/1133 1090/1333/1090 1087/1330/1087
f 1133/1390/1133 1134/1391/1134 1111/1367/1111 1090/1333/1090
f 1135/1392/1135 1123/1379/1123 1111/1367/1111 1134/1391/1134
f 1124/1393/1124 1123/1394/1123 1105/1351/1105 1104/1350/1104
f 1124/1393/1124 1104/1350/1104 1129/1395/1129 1121/1396/1121
f 1128/1397/1128 1130/1398/1130 1125/1399/1125 1122/1400/1122
f 1130/1398/1130 1127/1401/1127 1126/1402/1126 1125/1399/1125
f 1086/1329/1086 1072/1301/1072 1102/1348/1102 1136/1403/1136
f 1105/1351/1105 1137/1404/1137 1136/1403/1136 1102/1348/1102
f 1123/1394/1123 1135/1405/1135 1137/1404/1137 1105/1351/1105
f 1138/1406/1138 1139/1407/1139 1134/1391/1134 1133/1390/1133
f 1140/1408/1140 1138/1406/1138 1133/1390/1133 1132/1389/1132
f 1141/1409/1141 1140/1408/1140 1132/1389/1132 1131/1388/1131
f 1048/1264/1048 1051/1267/1051 1141/1409/1141 1131/1388/1131
f 1051/1267/1051 1142/1410/1142 1143/1411/1143 1141/1409/1141
f 1144/1412/1144 1145/1413/1145 1139/1407/1139 1146/1414/1146
f 1147/1415/1147 1148/1416/1148 1138/1406/1138 1140/1408/1140
f 1143/1411/1143 1147/1415/1147 1140/1408/1140 1141/1409/1141
f 1103/1349/1103 1094/1337/1094 1093/1336/1093 1108/1358/1108
f 1109/1361/1109 1110/1362/1110 1092/1335/1092 1095/1338/1095
f 1142/1410/1142 1051/1267/1051 1050/1266/1050 1149/1417/1149
f 1150/1418/1150 1151/1419/1151 1145/1420/1145 1144/1421/1144
f 1152/1422/1152 1153/1423/1153 1151/1419/1151 1150/1418/1150
f 1149/1417/1149 1050/1266/1050 1049/1265/1049 1154/1424/1154
f 1155/1425/1155 1156/1426/1156 1157/1427/1157 1158/1428/1158
f 1153/1423/1153 1152/1422/1152 1156/1426/1156 1155/1425/1155
f 1146/1414/1146 1148/1416/1148 1159/1429/1159 1160/1430/1160
f 1161/1431/1161 1162/1432/1162 1163/1433/1163 1164/1434/1164
f 1148/1416/1148 1147/1415/1147 1165/1435/1165 1159/1429/1159
f 1164/1434/1164 1159/1429/1159 1165/1435/1165 1161/1431/1161
f 1147/1415/1147 1143/1411/1143 1166/1436/1166 1165/1435/1165
f 1142/1410/1142 1167/1437/1167 1166/1436/1166 1143/1411/1143
f 1167/1437/1167 1142/1410/1142 1149/1417/1149 1168/1438/1168
f 1168/1438/1168 1169/1439/1169 1170/1440/1170 1167/1437/1167
f 1171/1441/1171 1172/1442/1172 1173/1443/1173 1174/1444/1174
f 1167/1437/1167 1171/1441/1171 1174/1444/1174 1166/1436/1166
f 1161/1431/1161 1165/1435/1165 1166/1436/1166 1174/1444/1174
f 1175/1445/1175 1144/1412/1144 1146/1414/1146 1160/1430/1160
f 1154/1424/1154 1176/1446/1176 1168/1438/1168 1149/1417/1149
f 1176/1446/1176 1177/1447/1177 1169/1439/1169 1168/1438/1168
f 1178/1448/1178 1179/1449/1179 1160/1430/1160 1159/1429/1159
f 1180/1450/1180 1175/1445/1175 1160/1430/1160 1179/1449/1179
f 1181/1451/1181 1150/1418/1150 1144/1421/1144 1175/1452/1175
f 1182/1453/1182 1152/1422/1152 1150/1418/1150 1181/1451/1181
f 1182/1453/1182 1183/1454/1183 1156/1426/1156 1152/1422/1152
f 1157/1427/1157 1156/1426/1156 1183/1454/1183 1184/1455/1184
f 1154/1456/1154 1157/1427/1157 1184/1455/1184 1176/1457/1176
f 1177/1458/1177 1176/1457/1176 1184/1455/1184 1185/1459/1185
f 1171/1441/1171 1167/1437/1167 1170/1440/1170 1186/1460/1186
f 1184/1455/1184 1183/1454/1183 1187/1461/1187 1185/1459/1185
f 1183/1454/1183 1182/1453/1182 1188/1462/1188 1187/1461/1187
f 1180/1463/1180 1189/1464/1189 1181/1451/1181 1175/1452/1175
f 1188/1462/1188 1182/1453/1182 1181/1451/1181 1189/1464/1189
f 1179/1449/1179 1190/1465/1190 1191/1466/1191 1180/1450/1180
f 1192/1467/1192 1193/1468/1193 1185/1459/1185 1189/1464/1189
f 1185/1459/1185 1193/1468/1193 1194/1469/1194 1177/1458/1177
f 1195/1470/1195 1190/1465/1190 1179/1449/1179 1178/1448/1178
f 1196/1471/1196 1197/1472/1197 1195/1470/1195 1178/1448/1178
f 1177/1447/1177 1194/1473/1194 1198/1474/1198 1169/1439/1169
f 1169/1439/1169 1198/1474/1198 1199/1475/1199 1170/1440/1170
f 1170/1440/1170 1199/1475/1199 1200/1476/1200 1186/1460/1186
f 1065/1287/1065 1057/1278/1057 1042/1256/1042 1041/1255/1041
f 1062/1284/1062 1058/1279/1058 1057/1278/1057 1065/1287/1065
f 1191/1477/1191 1192/1467/1192 1189/1464/1189 1180/1463/1180
f 1162/1432/1162 1161/1431/1161 1174/1444/1174 1173/1443/1173
f 1201/1478/1201 1196/1471/1196 1164/1434/1164 1163/1433/1163
f 1172/1442/1172 1171/1441/1171 1186/1460/1186 1202/1479/1202
f 1203/1480/1203 1197/1472/1197 1196/1471/1196 1201/1478/1201
f 1186/1460/1186 1200/1476/1200 1204/1481/1204 1202/1479/1202
f 1162/1432/1162 1205/1482/1205 1206/1483/1206 1163/1433/1163
f 1173/1443/1173 1172/1442/1172 1207/1484/1207 1208/1485/1208
f 1205/1482/1205 1162/1432/1162 1173/1443/1173 1208/1485/1208
f 1172/1442/1172 1202/1479/1202 1209/1486/1209 1207/1484/1207
f 1210/1487/1210 1211/1488/1211 1203/1480/1203 1201/1478/1201
f 1104/1360/1104 1091/1334/1091 1115/1371/1115 1129/1385/1129
f 1129/1395/1129 1128/1397/1128 1122/1400/1122 1121/1396/1121
f 1192/1489/1192 1212/1490/1212 1213/1491/1213 1193/1492/1193
f 1214/1493/1214 1199/1494/1199 1198/1495/1198 1213/1491/1213
f 1215/1496/1215 1200/1497/1200 1199/1494/1199 1214/1493/1214
f 1196/1471/1196 1178/1448/1178 1159/1429/1159 1164/1434/1164
f 1206/1483/1206 1210/1487/1210 1201/1478/1201 1163/1433/1163
f 1216/1498/1216 1217/1499/1217 1204/1500/1204 1218/1501/1218
f 1219/1502/1219 1214/1493/1214 1213/1491/1213 1212/1490/1212
f 1214/1493/1214 1219/1502/1219 1220/1503/1220 1215/1496/1215
f 1221/1504/1221 1222/1505/1222 1216/1498/1216 1218/1501/1218
f 1215/1496/1215 1220/1503/1220 1221/1504/1221 1218/1501/1218
f 1195/1470/1195 1219/1502/1219 1212/1490/1212 1190/1465/1190
f 1197/1472/1197 1220/1503/1220 1219/1502/1219 1195/1470/1195
f 1205/1482/1205 1223/1506/1223 1224/1507/1224 1206/1483/1206
f 1225/1508/1225 1226/1509/1226 1208/1485/1208 1207/1484/1207
f 1226/1509/1226 1223/1506/1223 1205/1482/1205 1208/1485/1208
f 1224/1507/1224 1227/1510/1227 1210/1487/1210 1206/1483/1206
f 1207/1484/1207 1209/1486/1209 1228/1511/1228 1225/1508/1225
f 1210/1487/1210 1227/1510/1227 1229/1512/1229 1211/1488/1211
f 1209/1486/1209 1217/1513/1217 1230/1514/1230 1228/1511/1228
f 1211/1488/1211 1229/1512/1229 1231/1515/1231 1222/1505/1222
f 1230/1516/1230 1217/1499/1217 1216/1498/1216 1232/1517/1232
f 1222/1505/1222 1231/1515/1231 1232/1517/1232 1216/1498/1216
f 1190/1465/1190 1212/1490/1212 1192/1489/1192 1191/1466/1191
f 1198/1495/1198 1194/1518/1194 1193/1492/1193 1213/1491/1213
f 1217/1513/1217 1209/1486/1209 1202/1479/1202 1204/1481/1204
f 1200/1497/1200 1215/1496/1215 1218/1501/1218 1204/1500/1204
f 1203/1480/1203 1211/1488/1211 1222/1505/1222 1221/1504/1221
f 1203/1480/1203 1221/1504/1221 1220/1503/1220 1197/1472/1197
f 1139/1407/1139 1138/1406/1138 1148/1416/1148 1146/1414/1146
f 1154/1456/1154 1049/1519/1049 1158/1428/1158 1157/1427/1157
f 1158/1428/1158 1085/1327/1085 1086/1329/1086 1155/1425/1155
f 1155/1425/1155 1086/1329/1086 1136/1403/1136 1153/1423/1153
f 1153/1423/1153 1136/1403/1136 1137/1404/1137 1151/1419/1151
f 1151/1419/1151 1137/1404/1137 1135/1405/1135 1145/1420/1145
f 1145/1413/1145 1135/1392/1135 1134/1391/1134 1139/1407/1139
f 1049/1519/1049 1046/1328/1046 1085/1327/1085 1158/1428/1158
f 1189/1464/1189 1185/1459/1185 1187/1461/1187 1188/1462/1188
f 1233/1520/1233 1234/1521/1234 1224/1522/1224 1223/1523/1223
f 1234/1521/1234 1235/1524/1235 1227/1525/1227 1224/1522/1224
f 1235/1524/1235 1236/1526/1236 1229/1527/1229 1227/1525/1227
f 1237/1528/1237 1231/1529/1231 1229/1527/1229 1236/1526/1236
f 1238/1530/1238 1232/1531/1232 1231/1529/1231 1237/1528/1237
f 1239/1532/1239 1230/1533/1230 1232/1531/1232 1238/1530/1238
f 1240/1534/1240 1228/1535/1228 1230/1536/1230 1239/1537/1239
f 1241/1538/1241 1225/1539/1225 1228/1535/1228 1240/1534/1240
f 1241/1538/1241 1242/1540/1242 1226/1541/1226 1225/1539/1225
f 1242/1540/1242 1233/1520/1233 1223/1523/1223 1226/1541/1226
f 1243/1542/1243 1244/1543/1244 1245/1544/1245 1246/1545/1246
f 1247/1546/1247 1248/1547/1248 1244/1543/1244 1243/1542/1243
f 1249/1548/1249 1250/1549/1250 1248/1547/1248 1247/1546/1247
f 1251/1550/1251 1252/1551/1252 1250/1549/1250 1249/1548/1249
f 1251/1550/1251 1253/1552/1253 1254/1553/1254 1252/1551/1252
f 1253/1552/1253 1255/1554/1255 1256/1555/1256 1254/1553/1254
f 1255/1556/1255 1257/1557/1257 1258/1558/1258 1256/1559/1256
f 1257/1557/1257 1259/1560/1259 1260/1561/1260 1258/1558/1258
f 1259/1560/1259 1261/1562/1261 1262/1563/1262 1260/1561/1260
f 1246/1545/1246 1245/1544/1245 1262/1563/1262 1261/1562/1261
f 1263/1564/1263 1264/1565/1264 1265/1566/1265 1266/1567/1266
f 1267/1568/1267 1268/1569/1268 1264/1565/1264 1263/1564/1263
f 1269/1570/1269 1270/1571/1270 1268/1569/1268 1267/1568/1267
f 1269/1570/1269 1271/1572/1271 1272/1573/1272 1270/1571/1270
f 1271/1572/1271 1273/1574/1273 1274/1575/1274 1272/1573/1272
f 1273/1574/1273 1275/1576/1275 1276/1577/1276 1274/1575/1274
f 1275/1578/1275 1277/1579/1277 1278/1580/1278 1276/1581/1276
f 1277/1579/1277 1279/1582/1279 1280/1583/1280 1278/1580/1278
f 1281/1584/1281 1282/1585/1282 1280/1583/1280 1279/1582/1279
f 1266/1567/1266 1265/1566/1265 1282/1585/1282 1281/1584/1281
f 1283/1586/1283 1284/1587/1284 1285/1588/1285 1286/1589/1286
f 1283/1586/1283 1287/1590/1287 1288/1591/1288 1289/1592/1289
f 1290/1593/1290 1291/1594/1291 1292/1595/1292 1293/1596/1293
f 1294/1597/1294 1290/1593/1290 1295/1598/1295 1296/1599/1296
f 1297/1600/1297 1298/1601/1298 1299/1602/1299 1300/1603/1300
f 1300/1603/1300 1299/1602/1299 1301/1604/1301 1302/1605/1302
f 1303/1606/1303 1304/1607/1304 1302/1608/1302 1301/1609/1301
f 1305/1610/1305 1306/1611/1306 1304/1607/1304 1303/1606/1303
f 1307/1612/1307 1306/1611/1306 1305/1610/1305 1308/1613/1308
f 1309/1614/1309 1310/1615/1310 1285/1588/1285 1311/1616/1311
f 1312/1617/1312 1313/1618/1313 1314/1619/1314 1315/1620/1315
f 1316/1621/1316 1317/1622/1317 1318/1623/1318 1319/1624/1319
f 1320/1625/1320 1321/1626/1321 1322/1627/1322 1323/1628/1323
f 1324/1629/1324 1320/1625/1320 1323/1628/1323 1325/1630/1325
f 1326/1631/1326 1327/1632/1327 1328/1633/1328 1329/1634/1329
f 1330/1635/1330 1331/1636/1331 1332/1637/1332 1333/1638/1333
f 1334/1639/1334 1335/1640/1335 1331/1641/1331 1330/1642/1330
f 1336/1643/1336 1337/1644/1337 1335/1640/1335 1334/1639/1334
f 1336/1643/1336 1338/1645/1338 1339/1646/1339 1337/1644/1337
f 1339/1646/1339 1338/1645/1338 1340/1647/1340 1341/1648/1341
f 1342/1649/1342 1343/1650/1343 1344/1651/1344 1345/1652/1345
f 1346/1653/1346 1347/1654/1347 1348/1655/1348 1349/1656/1349
f 1350/1657/1350 1351/1658/1351 1352/1659/1352 1353/1660/1353
f 1354/1661/1354 1344/1651/1344 1343/1650/1343 1355/1662/1355
f 1356/1663/1356 1357/1664/1357 1358/1665/1358 1359/1666/1359
f 1360/1667/1360 1361/1668/1361 1362/1669/1362 1363/1670/1363
f 1364/1671/1364 1365/1672/1365 1366/1673/1366 1367/1674/1367
f 1368/1675/1368 1369/1676/1369 1370/1677/1370 1371/1678/1371
f 1351/1658/1351 1372/1679/1372 1373/1680/1373 1352/1659/1352
f 1373/1680/1373 1372/1679/1372 1370/1681/1370 1369/1682/1369
f 1313/1618/1313 1358/1665/1358 1355/1662/1355 1314/1619/1314
f 1317/1622/1317 1343/1650/1343 1342/1649/1342 1318/1623/1318
f 1374/1683/1374 1346/1653/1346 1349/1656/1349 1322/1627/1322
f 1325/1630/1325 1323/1628/1323 1360/1667/1360 1363/1670/1363
f 1329/1634/1329 1328/1633/1328 1365/1672/1365 1364/1671/1364
f 1333/1638/1333 1371/1678/1371 1370/1677/1370 1330/1635/1330
f 1330/1642/1330 1370/1681/1370 1372/1679/1372 1334/1639/1334
f 1334/1639/1334 1372/1679/1372 1351/1658/1351 1336/1643/1336
f 1351/1658/1351 1350/1657/1350 1338/1645/1338 1336/1643/1336
f 1340/1647/1340 1338/1645/1338 1350/1657/1350 1359/1666/1359
f 1310/1615/1310 1312/1617/1312 1315/1620/1315 1375/1684/1375
f 1288/1591/1288 1287/1590/1287 1316/1621/1316 1319/1624/1319
f 1376/1685/1376 1377/1686/1377 1321/1626/1321 1378/1687/1378
f 1379/1688/1379 1380/1689/1380 1320/1625/1320 1324/1629/1324
f 1326/1631/1326 1298/1601/1298 1381/1690/1381 1327/1632/1327
f 1299/1602/1299 1332/1637/1332 1331/1636/1331 1301/1604/1301
f 1301/1609/1301 1331/1641/1331 1335/1640/1335 1303/1606/1303
f 1303/1606/1303 1335/1640/1335 1337/1644/1337 1305/1610/1305
f 1337/1644/1337 1339/1646/1339 1308/1613/1308 1305/1610/1305
f 1308/1613/1308 1339/1646/1339 1341/1648/1341 1309/1614/1309
f 1382/1691/1382 1383/1692/1383 1384/1693/1384 1385/1694/1385
f 1385/1694/1385 1384/1693/1384 1386/1695/1386 1387/1696/1387
f 1387/1696/1387 1386/1695/1386 1388/1697/1388 1389/1698/1389
f 1389/1698/1389 1388/1697/1388 1390/1699/1390 1391/1700/1391
f 1391/1700/1391 1390/1699/1390 1392/1701/1392 1393/1702/1393
f 1393/1702/1393 1392/1701/1392 1394/1703/1394 1395/1704/1395
f 1394/1705/1394 1396/1706/1396 1397/1707/1397 1395/1708/1395
f 1396/1706/1396 1398/1709/1398 1399/1710/1399 1397/1707/1397
f 1398/1709/1398 1400/1711/1400 1401/1712/1401 1399/1710/1399
f 1401/1712/1401 1400/1711/1400 1383/1692/1383 1382/1691/1382
f 1402/1713/1402 1403/1714/1403 1404/1715/1404 1405/1716/1405
f 1406/1717/1406 1407/1718/1407 1408/1719/1408 1409/1720/1409
f 1410/1721/1410 1411/1722/1411 1412/1723/1412 1413/1724/1413
f 1414/1725/1414 1415/1726/1415 1416/1727/1416 1417/1728/1417
f 1418/1729/1418 1419/1730/1419 1420/1731/1420 1421/1732/1421
f 1420/1731/1420 1422/1733/1422 1423/1734/1423 1421/1732/1421
f 1424/1735/1424 1425/1736/1425 1423/1734/1423 1422/1733/1422
f 1426/1737/1426 1427/1738/1427 1425/1736/1425 1424/1735/1424
f 1428/1739/1428 1429/1740/1429 1420/1731/1420 1419/1730/1419
f 1429/1740/1429 1430/1741/1430 1422/1733/1422 1420/1731/1420
f 1430/1741/1430 1431/1742/1431 1424/1735/1424 1422/1733/1422
f 1424/1735/1424 1431/1742/1431 1432/1743/1432 1426/1737/1426
f 1428/1739/1428 1433/1744/1433 1434/1745/1434 1429/1740/1429
f 1435/1746/1435 1430/1741/1430 1429/1740/1429 1434/1745/1434
f 1436/1747/1436 1431/1742/1431 1430/1741/1430 1435/1746/1435
f 1437/1748/1437 1432/1743/1432 1431/1742/1431 1436/1747/1436
f 1438/1749/1438 1439/1750/1439 1427/1751/1427 1426/1752/1426
f 1440/1753/1440 1438/1749/1438 1426/1752/1426 1432/1754/1432
f 1441/1755/1441 1440/1753/1440 1432/1754/1432 1437/1756/1437
f 1439/1750/1439 1438/1749/1438 1442/1757/1442 1443/1758/1443
f 1443/1758/1443 1442/1757/1442 1444/1759/1444 1445/1760/1445
f 1445/1760/1445 1444/1759/1444 1446/1761/1446 1447/1762/1447
f 1446/1761/1446 1448/1763/1448 1449/1764/1449 1447/1762/1447
f 1438/1749/1438 1440/1753/1440 1450/1765/1450 1442/1757/1442
f 1442/1757/1442 1450/1765/1450 1451/1766/1451 1444/1759/1444
f 1444/1759/1444 1451/1766/1451 1452/1767/1452 1446/1761/1446
f 1446/1761/1446 1452/1767/1452 1453/1768/1453 1448/1763/1448
f 1454/1769/1454 1450/1765/1450 1440/1753/1440 1441/1755/1441
f 1455/1770/1455 1451/1766/1451 1450/1765/1450 1454/1769/1454
f 1456/1771/1456 1452/1767/1452 1451/1766/1451 1455/1770/1455
f 1457/1772/1457 1453/1768/1453 1452/1767/1452 1456/1771/1456
f 1448/1763/1448 1419/1730/1419 1418/1729/1418 1449/1764/1449
f 1458/1773/1458 1459/1774/1459 1460/1775/1460 1461/1776/1461
f 1457/1772/1457 1433/1777/1433 1428/1778/1428 1453/1768/1453
f 1462/1779/1462 1463/1780/1463 1428/1739/1428 1419/1730/1419
f 1463/1780/1463 1462/1779/1462 1464/1781/1464 1465/1782/1465
f 1428/1778/1428 1463/1783/1463 1466/1784/1466 1453/1768/1453
f 1463/1783/1463 1465/1785/1465 1467/1786/1467 1466/1784/1466
f 1468/1787/1468 1448/1763/1448 1453/1768/1453 1466/1784/1466
f 1466/1784/1466 1467/1786/1467 1469/1788/1469 1468/1787/1468
f 1468/1787/1468 1462/1779/1462 1419/1730/1419 1448/1763/1448
f 1462/1779/1462 1468/1787/1468 1469/1788/1469 1464/1781/1464
f 1470/1789/1470 1471/1790/1471 1472/1791/1472 1473/1792/1473
f 1474/1793/1474 1475/1794/1475 1471/1790/1471 1470/1789/1470
f 1472/1795/1472 1471/1796/1471 1476/1797/1476 1477/1798/1477
f 1471/1796/1471 1475/1799/1475 1478/1800/1478 1476/1797/1476
f 1477/1798/1477 1476/1797/1476 1479/1801/1479 1480/1802/1480
f 1476/1797/1476 1478/1800/1478 1481/1803/1481 1479/1801/1479
f 1479/1801/1479 1470/1804/1470 1473/1805/1473 1480/1802/1480
f 1481/1803/1481 1474/1806/1474 1470/1804/1470 1479/1801/1479
f 1482/1807/1482 1483/1808/1483 1484/1809/1484 1485/1810/1485
f 1483/1808/1483 1461/1811/1461 1460/1812/1460 1484/1809/1484
f 1484/1813/1484 1486/1814/1486 1487/1815/1487 1485/1816/1485
f 1486/1814/1486 1484/1813/1484 1460/1817/1460 1459/1774/1459
f 1486/1814/1486 1488/1818/1488 1489/1819/1489 1487/1815/1487
f 1488/1818/1488 1486/1814/1486 1459/1774/1459 1458/1773/1458
f 1483/1808/1483 1482/1807/1482 1489/1819/1489 1488/1818/1488
f 1488/1818/1488 1458/1773/1458 1461/1811/1461 1483/1808/1483
f 1490/1820/1490 1491/1821/1491 1492/1822/1492 1493/1823/1493
f 1494/1824/1494 1495/1825/1495 1491/1821/1491 1490/1820/1490
f 1492/1826/1492 1491/1827/1491 1496/1828/1496 1497/1829/1497
f 1491/1827/1491 1495/1830/1495 1498/1831/1498 1496/1828/1496
f 1497/1829/1497 1496/1828/1496 1499/1832/1499 1500/1833/1500
f 1496/1828/1496 1498/1831/1498 1501/1834/1501 1499/1832/1499
f 1499/1832/1499 1490/1835/1490 1493/1836/1493 1500/1833/1500
f 1501/1834/1501 1494/1837/1494 1490/1835/1490 1499/1832/1499
f 1502/1838/1502 1503/1839/1503 1504/1840/1504 1505/1841/1505
f 1503/1839/1503 1506/1842/1506 1507/1843/1507 1504/1840/1504
f 1505/1844/1505 1504/1845/1504 1508/1846/1508 1509/1847/1509
f 1504/1845/1504 1507/1848/1507 1510/1849/1510 1508/1846/1508
f 1509/1847/1509 1508/1846/1508 1511/1850/1511 1512/1851/1512
f 1508/1846/1508 1510/1849/1510 1513/1852/1513 1511/1850/1511
f 1511/1850/1511 1503/1853/1503 1502/1854/1502 1512/1851/1512
f 1513/1852/1513 1506/1855/1506 1503/1853/1503 1511/1850/1511
f 1514/1856/1514 1515/1857/1515 1516/1858/1516 1517/1859/1517
f 1515/1857/1515 1518/1860/1518 1519/1861/1519 1516/1858/1516
f 1517/1862/1517 1516/1863/1516 1520/1864/1520 1521/1865/1521
f 1516/1863/1516 1519/1866/1519 1522/1867/1522 1520/1864/1520
f 1521/1865/1521 1520/1864/1520 1523/1868/1523 1524/1869/1524
f 1520/1864/1520 1522/1867/1522 1525/1870/1525 1523/1868/1523
f 1523/1868/1523 1515/1871/1515 1514/1872/1514 1524/1869/1524
f 1525/1870/1525 1518/1873/1518 1515/1871/1515 1523/1868/1523
f 1526/1874/1526 1527/1875/1527 1475/1794/1475 1474/1793/1474
f 1526/1874/1526 1402/1876/1402 1405/1877/1405 1527/1875/1527
f 1528/1878/1528 1529/1879/1529 1473/1792/1473 1472/1791/1472
f 1530/1880/1530 1531/1881/1531 1529/1879/1529 1528/1878/1528
f 1475/1799/1475 1527/1882/1527 1532/1883/1532 1478/1800/1478
f 1405/1884/1405 1404/1715/1404 1532/1883/1532 1527/1882/1527
f 1477/1798/1477 1533/1885/1533 1528/1886/1528 1472/1795/1472
f 1533/1885/1533 1534/1887/1534 1530/1888/1530 1528/1886/1528
f 1478/1800/1478 1532/1883/1532 1535/1889/1535 1481/1803/1481
f 1535/1889/1535 1532/1883/1532 1404/1715/1404 1403/1714/1403
f 1480/1802/1480 1536/1890/1536 1533/1885/1533 1477/1798/1477
f 1536/1890/1536 1537/1891/1537 1534/1887/1534 1533/1885/1533
f 1474/1806/1474 1481/1803/1481 1535/1889/1535 1526/1892/1526
f 1535/1889/1535 1403/1714/1403 1402/1893/1402 1526/1892/1526
f 1480/1802/1480 1473/1805/1473 1529/1894/1529 1536/1890/1536
f 1531/1895/1531 1537/1891/1537 1536/1890/1536 1529/1894/1529
f 1538/1896/1538 1539/1897/1539 1495/1825/1495 1494/1824/1494
f 1538/1896/1538 1406/1898/1406 1409/1899/1409 1539/1897/1539
f 1493/1823/1493 1492/1822/1492 1540/1900/1540 1541/1901/1541
f 1542/1902/1542 1530/1880/1530 1541/1901/1541 1540/1900/1540
f 1495/1830/1495 1539/1903/1539 1543/1904/1543 1498/1831/1498
f 1409/1905/1409 1408/1719/1408 1543/1904/1543 1539/1903/1539
f 1497/1829/1497 1544/1906/1544 1540/1907/1540 1492/1826/1492
f 1544/1906/1544 1545/1908/1545 1542/1909/1542 1540/1907/1540
f 1498/1831/1498 1543/1904/1543 1546/1910/1546 1501/1834/1501
f 1546/1910/1546 1543/1904/1543 1408/1719/1408 1407/1718/1407
f 1500/1833/1500 1547/1911/1547 1544/1906/1544 1497/1829/1497
f 1547/1911/1547 1534/1887/1534 1545/1908/1545 1544/1906/1544
f 1494/1837/1494 1501/1834/1501 1546/1910/1546 1538/1912/1538
f 1546/1910/1546 1407/1718/1407 1406/1913/1406 1538/1912/1538
f 1500/1833/1500 1493/1836/1493 1541/1914/1541 1547/1911/1547
f 1530/1888/1530 1534/1887/1534 1547/1911/1547 1541/1914/1541
f 1548/1915/1548 1549/1916/1549 1507/1843/1507 1506/1842/1506
f 1548/1915/1548 1410/1917/1410 1413/1918/1413 1549/1916/1549
f 1505/1841/1505 1550/1919/1550 1551/1920/1551 1502/1838/1502
f 1550/1919/1550 1552/1921/1552 1542/1902/1542 1551/1920/1551
f 1507/1848/1507 1549/1922/1549 1553/1923/1553 1510/1849/1510
f 1413/1924/1413 1412/1723/1412 1553/1923/1553 1549/1922/1549
f 1509/1847/1509 1554/1925/1554 1550/1926/1550 1505/1844/1505
f 1554/1925/1554 1555/1927/1555 1552/1928/1552 1550/1926/1550
f 1510/1849/1510 1553/1923/1553 1556/1929/1556 1513/1852/1513
f 1553/1923/1553 1412/1723/1412 1411/1722/1411 1556/1929/1556
f 1557/1930/1557 1554/1925/1554 1509/1847/1509 1512/1851/1512
f 1545/1908/1545 1555/1927/1555 1554/1925/1554 1557/1930/1557
f 1506/1855/1506 1513/1852/1513 1556/1929/1556 1548/1931/1548
f 1556/1929/1556 1411/1722/1411 1410/1932/1410 1548/1931/1548
f 1512/1851/1512 1502/1854/1502 1551/1933/1551 1557/1930/1557
f 1542/1909/1542 1545/1908/1545 1557/1930/1557 1551/1933/1551
f 1558/1934/1558 1559/1935/1559 1519/1861/1519 1518/1860/1518
f 1414/1936/1414 1417/1937/1417 1559/1935/1559 1558/1934/1558
f 1517/1859/1517 1560/1938/1560 1561/1939/1561 1514/1856/1514
f 1560/1938/1560 1562/1940/1562 1552/1921/1552 1561/1939/1561
f 1519/1866/1519 1559/1941/1559 1563/1942/1563 1522/1867/1522
f 1559/1941/1559 1417/1943/1417 1416/1727/1416 1563/1942/1563
f 1521/1865/1521 1564/1944/1564 1560/1945/1560 1517/1862/1517
f 1564/1944/1564 1565/1946/1565 1562/1947/1562 1560/1945/1560
f 1522/1867/1522 1563/1942/1563 1566/1948/1566 1525/1870/1525
f 1563/1942/1563 1416/1727/1416 1415/1726/1415 1566/1948/1566
f 1521/1865/1521 1524/1869/1524 1567/1949/1567 1564/1944/1564
f 1555/1927/1555 1565/1946/1565 1564/1944/1564 1567/1949/1567
f 1518/1873/1518 1525/1870/1525 1566/1948/1566 1558/1950/1558
f 1415/1726/1415 1414/1951/1414 1558/1950/1558 1566/1948/1566
f 1561/1952/1561 1567/1949/1567 1524/1869/1524 1514/1872/1514
f 1552/1928/1552 1555/1927/1555 1567/1949/1567 1561/1952/1561
f 1568/1953/1568 1569/1954/1569 1465/1782/1465 1464/1781/1464
f 1569/1954/1569 1568/1953/1568 1482/1807/1482 1485/1810/1485
f 1465/1785/1465 1569/1955/1569 1570/1956/1570 1467/1786/1467
f 1569/1955/1569 1485/1816/1485 1487/1815/1487 1570/1956/1570
f 1467/1786/1467 1570/1956/1570 1571/1957/1571 1469/1788/1469
f 1570/1956/1570 1487/1815/1487 1489/1819/1489 1571/1957/1571
f 1464/1781/1464 1469/1788/1469 1571/1957/1571 1568/1953/1568
f 1489/1819/1489 1482/1807/1482 1568/1953/1568 1571/1957/1571
f 1572/1958/1572 1573/1959/1573 1449/1764/1449 1418/1729/1418
f 1573/1959/1573 1574/1960/1574 1447/1762/1447 1449/1764/1449
f 1574/1960/1574 1575/1961/1575 1445/1760/1445 1447/1762/1447
f 1575/1961/1575 1576/1962/1576 1443/1758/1443 1445/1760/1445
f 1576/1962/1576 1577/1963/1577 1439/1750/1439 1443/1758/1443
f 1577/1963/1577 1578/1964/1578 1427/1751/1427 1439/1750/1439
f 1427/1738/1427 1578/1965/1578 1579/1966/1579 1425/1736/1425
f 1425/1736/1425 1579/1966/1579 1580/1967/1580 1423/1734/1423
f 1580/1967/1580 1581/1968/1581 1421/1732/1421 1423/1734/1423
f 1581/1968/1581 1572/1958/1572 1418/1729/1418 1421/1732/1421
f 1582/1969/1582 1583/1970/1583 1573/1971/1573 1572/1972/1572
f 1583/1970/1583 1584/1973/1584 1574/1974/1574 1573/1971/1573
f 1584/1973/1584 1585/1975/1585 1575/1976/1575 1574/1974/1574
f 1585/1975/1585 1586/1977/1586 1576/1978/1576 1575/1976/1575
f 1576/1978/1576 1586/1977/1586 1587/1979/1587 1577/1980/1577
f 1577/1980/1577 1587/1979/1587 1588/1981/1588 1578/1982/1578
f 1578/1982/1578 1588/1981/1588 1589/1983/1589 1579/1984/1579
f 1579/1984/1579 1589/1983/1589 1590/1985/1590 1580/1986/1580
f 1580/1987/1580 1590/1988/1590 1591/1989/1591 1581/1990/1581
f 1591/1989/1591 1582/1969/1582 1572/1972/1572 1581/1990/1581
f 1434/1745/1434 1433/1744/1433 1531/1881/1531 1530/1880/1530
f 1435/1746/1435 1434/1745/1434 1530/1880/1530 1542/1902/1542
f 1552/1921/1552 1436/1747/1436 1435/1746/1435 1542/1902/1542
f 1562/1940/1562 1437/1748/1437 1436/1747/1436 1552/1921/1552
f 1565/1946/1565 1441/1755/1441 1437/1756/1437 1562/1947/1562
f 1454/1769/1454 1441/1755/1441 1565/1946/1565 1555/1927/1555
f 1545/1908/1545 1455/1770/1455 1454/1769/1454 1555/1927/1555
f 1534/1887/1534 1456/1771/1456 1455/1770/1455 1545/1908/1545
f 1537/1891/1537 1457/1772/1457 1456/1771/1456 1534/1887/1534
f 1433/1777/1433 1457/1772/1457 1537/1891/1537 1531/1895/1531
f 1592/1991/1592 1593/1992/1593 1594/1993/1594 1595/1994/1595
f 1593/1992/1593 1596/1995/1596 1597/1996/1597 1594/1993/1594
f 1596/1995/1596 1598/1997/1598 1599/1998/1599 1597/1996/1597
f 1598/1997/1598 1600/1999/1600 1601/2000/1601 1599/1998/1599
f 1600/1999/1600 1602/2001/1602 1603/2002/1603 1601/2000/1601
f 1602/2001/1602 1604/2003/1604 1605/2004/1605 1603/2002/1603
f 1606/2005/1606 1607/2006/1607 1605/2004/1605 1604/2003/1604
f 1608/2007/1608 1609/2008/1609 1607/2006/1607 1606/2005/1606
f 1610/2009/1610 1611/2010/1611 1609/2011/1609 1608/2012/1608
f 1592/1991/1592 1595/1994/1595 1611/2010/1611 1610/2009/1610
f 1612/2013/1612 1613/2014/1613 1614/2015/1614 1615/2016/1615
f 1613/2014/1613 1616/2017/1616 1617/2018/1617 1614/2015/1614
f 1616/2017/1616 1618/2019/1618 1619/2020/1619 1617/2018/1617
f 1618/2019/1618 1620/2021/1620 1621/2022/1621 1619/2020/1619
f 1620/2021/1620 1622/2023/1622 1623/2024/1623 1621/2022/1621
f 1624/2025/1624 1625/2026/1625 1623/2024/1623 1622/2023/1622
f 1626/2027/1626 1627/2028/1627 1625/2026/1625 1624/2025/1624
f 1628/2029/1628 1629/2030/1629 1627/2028/1627 1626/2027/1626
f 1630/2031/1630 1631/2032/1631 1629/2033/1629 1628/2034/1628
f 1630/2031/1630 1612/2013/1612 1615/2016/1615 1631/2032/1631
f 1632/2035/1632 1633/2036/1633 1634/2037/1634 1635/2038/1635
f 1633/2036/1633 1636/2039/1636 1637/2040/1637 1634/2037/1634
f 1636/2039/1636 1638/2041/1638 1639/2042/1639 1637/2040/1637
f 1638/2041/1638 1640/2043/1640 1641/2044/1641 1639/2042/1639
f 1640/2043/1640 1642/2045/1642 1643/2046/1643 1641/2044/1641
f 1644/2047/1644 1645/2048/1645 1643/2046/1643 1642/2045/1642
f 1644/2047/1644 1646/2049/1646 1647/2050/1647 1645/2048/1645
f 1648/2051/1648 1649/2052/1649 1647/2050/1647 1646/2049/1646
f 1648/2053/1648 1650/2054/1650 1651/2055/1651 1649/2056/1649
f 1650/2054/1650 1632/2035/1632 1635/2038/1635 1651/2055/1651
f 1615/2016/1615 1614/2015/1614 1593/1992/1593 1592/1991/1592
f 1614/2015/1614 1617/2018/1617 1596/1995/1596 1593/1992/1593
f 1596/1995/1596 1617/2018/1617 1619/2020/1619 1598/1997/1598
f 1598/1997/1598 1619/2020/1619 1621/2022/1621 1600/1999/1600
f 1600/1999/1600 1621/2022/1621 1623/2024/1623 1602/2001/1602
f 1602/2001/1602 1623/2024/1623 1625/2026/1625 1604/2003/1604
f 1604/2003/1604 1625/2026/1625 1627/2028/1627 1606/2005/1606
f 1627/2028/1627 1629/2030/1629 1608/2007/1608 1606/2005/1606
f 1629/2033/1629 1631/2032/1631 1610/2009/1610 1608/2012/1608
f 1631/2032/1631 1615/2016/1615 1592/1991/1592 1610/2009/1610
f 1652/2057/1652 1653/2058/1653 1654/2059/1654 1655/2060/1655
f 1656/2061/1656 1653/2058/1653 1652/2057/1652 1657/2062/1657
f 1658/2063/1658 1659/2064/1659 1660/2065/1660 1661/2066/1661
f 1661/2066/1661 1660/2065/1660 1662/2067/1662 1663/2068/1663
f 1657/2062/1657 1663/2068/1663 1662/2067/1662 1656/2061/1656
f 1664/2069/1664 1661/2066/1661 1663/2068/1663 1665/2070/1665
f 1665/2070/1665 1663/2068/1663 1657/2062/1657 1666/2071/1666
f 1667/2072/1667 1668/2073/1668 1669/2074/1669 1670/2075/1670
f 653/846/653 656/849/656 1671/2076/1671 1672/2077/1672
f 1652/2057/1652 1655/2060/1655 1673/2078/1673 1674/2079/1674
f 1670/2075/1670 1674/2079/1674 1673/2078/1673 1667/2072/1667
f 1669/2074/1669 1668/2073/1668 1675/2080/1675 1676/2081/1676
f 1672/2077/1672 1671/2076/1671 1676/2081/1676 1675/2080/1675
f 1666/2071/1666 1657/2062/1657 1652/2057/1652 1674/2079/1674
f 1676/2081/1676 1671/2076/1671 1677/2082/1677 1678/2083/1678
f 1669/2074/1669 1676/2081/1676 1678/2083/1678 1679/2084/1679
f 1670/2075/1670 1669/2074/1669 1679/2084/1679 1680/2085/1680
f 1680/2085/1680 1666/2071/1666 1674/2079/1674 1670/2075/1670
f 1681/2086/1681 1665/2070/1665 1666/2071/1666 1680/2085/1680
f 1682/2087/1682 1683/2088/1683 1684/2089/1684 1681/2086/1681
f 1665/2070/1665 1681/2086/1681 1684/2089/1684 1664/2069/1664
f 1661/2066/1661 1664/2069/1664 1685/2090/1685 1658/2063/1658
f 1664/2069/1664 1684/2089/1684 1686/2091/1686 1685/2090/1685
f 1687/2092/1687 1686/2091/1686 1688/2093/1688 1689/2094/1689
f 1688/2093/1688 1686/2091/1686 1684/2089/1684 1683/2088/1683
f 1683/2088/1683 1690/2095/1690 1691/2096/1691 1688/2093/1688
f 676/2097/676 1689/2094/1689 1692/2098/1692 677/2099/677
f 1689/2094/1689 1688/2093/1688 1691/2096/1691 1692/2098/1692
f 1693/2100/1693 1694/2101/1694 1695/2102/1695 1696/2103/1696
f 1695/2102/1695 1697/2104/1697 1698/2105/1698 1696/2103/1696
f 1699/2106/1699 1700/2107/1700 1701/2108/1701 1702/2109/1702
f 1694/2101/1694 1693/2100/1693 1700/2107/1700 1703/2110/1703
f 1693/2100/1693 1696/2103/1696 1701/2108/1701 1700/2107/1700
f 1698/2105/1698 1704/2111/1704 1701/2108/1701 1696/2103/1696
f 1697/2104/1697 1705/2112/1705 1704/2111/1704 1698/2105/1698
f 1697/2104/1697 1695/2102/1695 1706/2113/1706 1705/2112/1705
f 1695/2102/1695 1694/2101/1694 1703/2110/1703 1706/2113/1706
f 1690/2095/1690 1707/2114/1707 1708/2115/1708 1691/2096/1691
f 1707/2114/1707 1709/2116/1709 1710/2117/1710 1708/2115/1708
f 1692/2098/1692 1691/2096/1691 1708/2115/1708 1711/2118/1711
f 1709/2116/1709 1712/2119/1712 1713/2120/1713 1710/2117/1710
f 1712/2121/1712 1699/2106/1699 1714/2122/1714 1713/2123/1713
f 1711/2118/1711 1708/2115/1708 1710/2117/1710 1715/2124/1715
f 1711/2118/1711 702/2125/702 677/2099/677 1692/2098/1692
f 1715/2124/1715 1710/2117/1710 1713/2120/1713 1716/2126/1716
f 704/2127/704 1715/2124/1715 1716/2126/1716 705/2128/705
f 1716/2129/1716 1713/2123/1713 1714/2122/1714 1717/2130/1717
f 1714/2122/1714 1699/2106/1699 1702/2109/1702 1718/2131/1718
f 708/2132/708 705/2133/705 1716/2129/1716 1717/2130/1717
f 1718/2131/1718 1719/2134/1719 1717/2130/1717 1714/2122/1714
f 1701/2108/1701 1704/2111/1704 1720/2135/1720 1702/2109/1702
f 1718/2131/1718 1702/2109/1702 1720/2135/1720 1721/2136/1721
f 1722/2137/1722 1723/2138/1723 1724/2139/1724 1725/2140/1725
f 1726/2141/1726 1722/2137/1722 1725/2140/1725 1727/2142/1727
f 1728/2143/1728 1726/2141/1726 1727/2142/1727 1729/2144/1729
f 1730/2145/1730 1728/2143/1728 1729/2144/1729 1731/2146/1731
f 1732/2147/1732 1730/2145/1730 1731/2146/1731 1733/2148/1733
f 1734/2149/1734 1732/2147/1732 1733/2148/1733 1735/2150/1735
f 1736/2151/1736 1734/2149/1734 1735/2150/1735 1737/2152/1737
f 1738/2153/1738 1736/2151/1736 1737/2152/1737 1739/2154/1739
f 1740/2155/1740 1738/2153/1738 1739/2154/1739 1741/2156/1741
f 1742/2157/1742 1705/2112/1705 1740/2155/1740 1741/2156/1741
f 1743/2158/1743 1704/2111/1704 1705/2112/1705 1742/2157/1742
f 1744/2159/1744 1720/2135/1720 1704/2111/1704 1743/2158/1743
f 1719/2134/1719 1718/2131/1718 1721/2136/1721 1745/2160/1745
f 708/2132/708 1717/2130/1717 1719/2134/1719 736/2161/736
f 1721/2136/1721 1720/2135/1720 1744/2159/1744 1746/2162/1746
f 1745/2160/1745 1721/2136/1721 1746/2162/1746 1747/2163/1747
f 739/2164/739 740/2165/740 1745/2160/1745 1747/2163/1747
f 741/2166/741 1687/2092/1687 1689/2094/1689 676/2097/676
f 1711/2118/1711 1715/2124/1715 704/2127/704 702/2125/702
f 1747/2163/1747 1748/2167/1748 742/2168/742 739/2164/739
f 1724/2139/1724 1749/2169/1749 1750/2170/1750 1751/2171/1751
f 747/944/747 749/2172/749 1752/2173/1752 1750/2170/1750
f 1725/2140/1725 1724/2139/1724 1751/2171/1751 1753/2174/1753
f 1751/2171/1751 1750/2170/1750 1752/2173/1752 1754/2175/1754
f 749/2172/749 753/2176/753 1755/2177/1755 1752/2173/1752
f 1727/2142/1727 1725/2140/1725 1753/2174/1753 1756/2178/1756
f 1747/2163/1747 1746/2162/1746 1757/2179/1757 1748/2167/1748
f 1757/2179/1757 1746/2162/1746 1744/2159/1744 1758/2180/1758
f 1744/2159/1744 1743/2158/1743 1759/2181/1759 1758/2180/1758
f 1759/2181/1759 1760/2182/1760 1761/2183/1761 1758/2180/1758
f 1759/2181/1759 1743/2158/1743 1742/2157/1742 1760/2182/1760
f 1729/2144/1729 1727/2142/1727 1756/2178/1756 1762/2184/1762
f 1763/2185/1763 1731/2146/1731 1729/2144/1729 1762/2184/1762
f 1764/2186/1764 1733/2148/1733 1731/2146/1731 1763/2185/1763
f 1764/2186/1764 1763/2185/1763 1765/2187/1765 1766/2188/1766
f 1764/2186/1764 1766/2188/1766 1735/2150/1735 1733/2148/1733
f 1767/2189/1767 1737/2152/1737 1735/2150/1735 1766/2188/1766
f 1739/2154/1739 1737/2152/1737 1767/2189/1767 1768/2190/1768
f 1769/2191/1769 1741/2156/1741 1739/2154/1739 1768/2190/1768
f 1760/2182/1760 1742/2157/1742 1741/2156/1741 1769/2191/1769
f 1766/2188/1766 1765/2187/1765 1770/2192/1770 1767/2189/1767
f 1771/2193/1771 1761/2183/1761 1760/2182/1760 1769/2191/1769
f 1771/2193/1771 1769/2191/1769 1768/2190/1768 1772/2194/1772
f 1772/2194/1772 1768/2190/1768 1767/2189/1767 1770/2192/1770
f 1763/2185/1763 1762/2184/1762 1773/2195/1773 1765/2187/1765
f 1762/2184/1762 1756/2178/1756 1774/2196/1774 1773/2195/1773
f 1756/2178/1756 1753/2174/1753 1775/2197/1775 1774/2196/1774
f 1754/2175/1754 1775/2197/1775 1753/2174/1753 1751/2171/1751
f 1776/2198/1776 1770/2192/1770 1765/2187/1765 1773/2195/1773
f 1773/2195/1773 1774/2196/1774 1777/2199/1777 1776/2198/1776
f 1774/2196/1774 1775/2197/1775 1778/2200/1778 1777/2199/1777
f 1779/2201/1779 1757/2179/1757 1758/2180/1758 1761/2183/1761
f 1761/2183/1761 1771/2193/1771 1780/2202/1780 1779/2201/1779
f 1771/2193/1771 1772/2194/1772 1781/2203/1781 1780/2202/1780
f 1781/2203/1781 1772/2194/1772 1770/2192/1770 1776/2198/1776
f 1776/2198/1776 1777/2199/1777 1782/2204/1782 1781/2203/1781
f 1775/2197/1775 1754/2175/1754 1783/2205/1783 1778/2200/1778
f 1783/2205/1783 1754/2175/1754 1752/2173/1752 1755/2177/1755
f 747/944/747 1750/2170/1750 1749/2169/1749 782/979/782
f 1784/2206/1784 1748/2167/1748 1757/2179/1757 1779/2201/1779
f 784/2207/784 742/2168/742 1748/2167/1748 1784/2206/1784
f 1779/2201/1779 1780/2202/1780 1785/2208/1785 1784/2206/1784
f 1777/2199/1777 1778/2200/1778 1786/2209/1786 1782/2204/1782
f 1786/2209/1786 1787/2210/1787 1788/2211/1788 1782/2204/1782
f 1778/2200/1778 1783/2205/1783 1787/2210/1787 1786/2209/1786
f 1783/2205/1783 1755/2177/1755 1789/2212/1789 1787/2210/1787
f 1780/2202/1780 1781/2203/1781 1782/2204/1782 1785/2208/1785
f 1790/2213/1790 1785/2208/1785 1782/2204/1782 1788/2211/1788
f 1791/2214/1791 1792/2215/1792 1793/2216/1793 1794/2217/1794
f 1795/2218/1795 1794/2217/1794 1793/2216/1793 1796/2219/1796
f 1791/2214/1791 1797/2220/1797 1798/2221/1798 1792/2215/1792
f 1799/2222/1799 1800/2223/1800 1792/2215/1792 1798/2221/1798
f 1795/2218/1795 1796/2219/1796 1801/2224/1801 1802/2225/1802
f 1801/2224/1801 1796/2219/1796 1803/2226/1803 1804/2227/1804
f 1803/2226/1803 1805/2228/1805 1806/2229/1806 1804/2227/1804
f 1805/2228/1805 1807/2230/1807 1808/2231/1808 1806/2229/1806
f 1808/2231/1808 1807/2230/1807 1809/2232/1809 1810/2233/1810
f 1810/2233/1810 1809/2232/1809 1811/2234/1811 1812/2235/1812
f 1813/2236/1813 1799/2222/1799 1798/2221/1798 1814/2237/1814
f 1814/2237/1814 1798/2221/1798 1797/2220/1797 1815/2238/1815
f 1816/2239/1816 1817/2240/1817 1818/2241/1818 1815/2238/1815
f 1819/2242/1819 1820/2243/1820 1821/2244/1821 1822/2245/1822
f 1819/2242/1819 1822/2245/1822 1818/2241/1818 1823/2246/1823
f 1823/2246/1823 1818/2241/1818 1817/2240/1817 1824/2247/1824
f 1817/2240/1817 1825/2248/1825 1826/2249/1826 1824/2247/1824
f 1821/2244/1821 1820/2243/1820 1827/2250/1827 1828/2251/1828
f 1828/2251/1828 1827/2250/1827 1829/2252/1829 1830/2253/1830
f 1830/2253/1830 1829/2252/1829 1831/2254/1831 1832/2255/1832
f 1831/2254/1831 1833/2256/1833 1834/2257/1834 1832/2255/1832
f 1833/2256/1833 1831/2254/1831 1835/2258/1835 1836/2259/1836
f 1837/2260/1837 1826/2249/1826 1825/2248/1825 1838/2261/1838
f 1793/2216/1793 1792/2215/1792 1800/2223/1800 1796/2219/1796
f 1839/2262/1839 1840/2263/1840 1841/2264/1841 1816/2239/1816
f 1825/2248/1825 1817/2240/1817 1816/2239/1816 1841/2264/1841
f 1842/2265/1842 1843/2266/1843 1844/2267/1844 1845/2268/1845
f 1845/2268/1845 1838/2261/1838 1825/2248/1825 1841/2264/1841
f 1846/2269/1846 1833/2256/1833 1836/2259/1836 1844/2267/1844
f 1846/2269/1846 1844/2267/1844 1843/2266/1843 1847/2270/1847
f 1834/2257/1834 1833/2256/1833 1846/2269/1846 1848/2271/1848
f 1848/2271/1848 1846/2269/1846 1847/2270/1847 1849/2272/1849
f 1813/2236/1813 1814/2237/1814 1822/2245/1822 1821/2244/1821
f 1850/2273/1850 1813/2236/1813 1821/2244/1821 1828/2251/1828
f 1799/2222/1799 1813/2236/1813 1850/2273/1850 1851/2274/1851
f 1800/2223/1800 1799/2222/1799 1851/2274/1851 1852/2275/1852
f 1796/2219/1796 1800/2223/1800 1852/2275/1852 1803/2226/1803
f 1852/2275/1852 1853/2276/1853 1854/2277/1854 1803/2226/1803
f 1805/2228/1805 1803/2226/1803 1854/2277/1854 1855/2278/1855
f 1856/2279/1856 1807/2230/1807 1805/2228/1805 1855/2278/1855
f 1857/2280/1857 1809/2232/1809 1807/2230/1807 1858/2281/1858
f 1855/2278/1855 1854/2277/1854 1859/2282/1859 1860/2283/1860
f 1853/2276/1853 1852/2275/1852 1851/2274/1851 1861/2284/1861
f 1861/2284/1861 1851/2274/1851 1850/2273/1850 1862/2285/1862
f 1828/2251/1828 1830/2253/1830 1862/2285/1862 1850/2273/1850
f 863/1060/863 866/1063/866 1863/2286/1863 1864/2287/1864
f 1830/2253/1830 1832/2255/1832 1865/2288/1865 1862/2285/1862
f 1861/2284/1861 1866/2289/1866 1867/2290/1867 1853/2276/1853
f 1862/2285/1862 1865/2288/1865 1866/2289/1866 1861/2284/1861
f 1832/2255/1832 1834/2257/1834 1868/2291/1868 1865/2288/1865
f 1869/2292/1869 1866/2289/1866 1865/2288/1865 1868/2291/1868
f 1868/2291/1868 1834/2257/1834 1848/2271/1848 1870/2293/1870
f 1869/2292/1869 1868/2291/1868 1870/2293/1870 1871/2294/1871
f 1872/2295/1872 1867/2290/1867 1866/2289/1866 1869/2292/1869
f 1820/2243/1820 1819/2242/1819 1873/2296/1873 1874/2297/1874
f 1875/2298/1875 1823/2246/1823 1824/2247/1824 1876/2299/1876
f 1877/2300/1877 1876/2299/1876 1824/2247/1824 1826/2249/1826
f 1878/2301/1878 1827/2250/1827 1820/2243/1820 1874/2297/1874
f 1878/2301/1878 1879/2302/1879 1829/2252/1829 1827/2250/1827
f 1880/2303/1880 1831/2254/1831 1829/2252/1829 1879/2302/1879
f 1881/2304/1881 1835/2258/1835 1831/2254/1831 1880/2303/1880
f 1881/2304/1881 1882/2305/1882 1837/2260/1837 1835/2258/1835
f 1875/2298/1875 1876/2299/1876 1874/2297/1874 1873/2296/1873
f 1883/2306/1883 1884/2307/1884 1885/2308/1885 1886/2309/1886
f 1838/2261/1838 1836/2259/1836 1835/2258/1835 1837/2260/1837
f 1845/2268/1845 1841/2264/1841 1840/2263/1840 1842/2265/1842
f 1844/2267/1844 1836/2259/1836 1838/2261/1838 1845/2268/1845
f 1877/2300/1877 1826/2249/1826 1837/2260/1837 1882/2305/1882
f 1884/2307/1884 1883/2306/1883 1887/2310/1887 1888/2311/1888
f 1888/2311/1888 1887/2310/1887 1889/2312/1889 1890/2313/1890
f 1891/2314/1891 895/1092/895 894/1091/894 1802/2225/1802
f 1892/2315/1892 1891/2314/1891 1802/2225/1802 1801/2224/1801
f 1893/2316/1893 1892/2315/1892 1801/2224/1801 1804/2227/1804
f 1894/2317/1894 1893/2316/1893 1804/2227/1804 1806/2229/1806
f 1894/2317/1894 1806/2229/1806 1808/2231/1808 1895/2318/1895
f 1895/2318/1895 1808/2231/1808 1810/2233/1810 1896/2319/1896
f 1896/2319/1896 1810/2233/1810 1812/2235/1812 1897/2320/1897
f 902/1099/902 905/1102/905 1898/2321/1898 1899/2322/1899
f 1899/2322/1899 1898/2321/1898 1900/2323/1900 1901/2324/1901
f 1901/2324/1901 1900/2323/1900 1902/2325/1902 1903/2326/1903
f 1902/2325/1902 1904/2327/1904 1905/2328/1905 1903/2326/1903
f 1906/2329/1906 1907/2330/1907 1905/2328/1905 1904/2327/1904
f 1908/2331/1908 1909/2332/1909 1907/2330/1907 1906/2329/1906
f 1908/2331/1908 1910/2333/1910 1911/2334/1911 1909/2332/1909
f 1912/2335/1912 1907/2330/1907 1909/2332/1909 1913/2336/1913
f 1913/2336/1913 1909/2332/1909 1911/2334/1911 1914/2337/1914
f 1912/2335/1912 1913/2336/1913 1901/2324/1901 1903/2326/1903
f 1899/2322/1899 1901/2324/1901 1913/2336/1913 1914/2337/1914
f 902/1099/902 1899/2322/1899 1914/2337/1914 921/1118/921
f 1907/2330/1907 1912/2335/1912 1903/2326/1903 1905/2328/1905
f 1853/2276/1853 1867/2290/1867 1859/2282/1859 1854/2277/1854
f 1859/2282/1859 1867/2290/1867 1872/2295/1872 1915/2338/1915
f 1872/2295/1872 1869/2292/1869 1871/2294/1871 1916/2339/1916
f 1870/2293/1870 1848/2271/1848 1849/2272/1849 1917/2340/1917
f 1871/2294/1871 1870/2293/1870 1917/2340/1917 1918/2341/1918
f 1916/2339/1916 1871/2294/1871 1918/2341/1918 1919/2342/1919
f 1920/2343/1920 1915/2338/1915 1872/2295/1872 1916/2339/1916
f 1920/2343/1920 1916/2339/1916 1919/2342/1919 1921/2344/1921
f 1860/2283/1860 1859/2282/1859 1915/2338/1915 1922/2345/1922
f 1856/2279/1856 1855/2278/1855 1860/2283/1860 1923/2346/1923
f 1923/2346/1923 1860/2283/1860 1922/2345/1922 1924/2347/1924
f 1925/2348/1925 1811/2234/1811 1809/2232/1809 1857/2280/1857
f 933/1130/933 1811/2234/1811 1925/2348/1925 934/1131/934
f 1864/2287/1864 1815/2238/1815 935/1132/935 863/1060/863
f 1815/2238/1815 1797/2220/1797 936/1133/936 935/1132/935
f 1797/2220/1797 1791/2214/1791 937/1134/937 936/1133/936
f 1791/2214/1791 1794/2217/1794 938/1135/938 937/1134/937
f 1794/2217/1794 1795/2218/1795 939/1136/939 938/1135/938
f 940/1137/940 1812/2235/1812 1811/2234/1811 933/1130/933
f 941/1138/941 1897/2320/1897 1812/2235/1812 940/1137/940
f 1910/2333/1910 943/1140/943 942/1139/942 1911/2334/1911
f 1914/2337/1914 1911/2334/1911 942/1139/942 921/1118/921
f 1723/2138/1723 1722/2137/1722 1840/2263/1840 1839/2262/1839
f 1722/2137/1722 1726/2141/1726 1842/2265/1842 1840/2263/1840
f 1839/2262/1839 1864/2287/1864 1863/2286/1863 1723/2138/1723
f 1749/2169/1749 1724/2139/1724 1723/2138/1723 1863/2286/1863
f 1863/2286/1863 866/1063/866 782/979/782 1749/2169/1749
f 1843/2266/1843 1842/2265/1842 1726/2141/1726 1728/2143/1728
f 1728/2143/1728 1730/2145/1730 1847/2270/1847 1843/2266/1843
f 1730/2145/1730 1732/2147/1732 1849/2272/1849 1847/2270/1847
f 1732/2147/1732 1734/2149/1734 1917/2340/1917 1849/2272/1849
f 1918/2341/1918 1917/2340/1917 1734/2149/1734 1736/2151/1736
f 1919/2342/1919 1918/2341/1918 1736/2151/1736 1738/2153/1738
f 1921/2344/1921 1919/2342/1919 1738/2153/1738 1740/2155/1740
f 1740/2155/1740 1705/2112/1705 1706/2113/1706 1921/2344/1921
f 1920/2343/1920 1921/2344/1921 1706/2113/1706 1703/2110/1703
f 1922/2345/1922 1915/2338/1915 1920/2343/1920 1703/2110/1703
f 1926/2349/1926 1700/2107/1700 1699/2106/1699 1712/2121/1712
f 1703/2110/1703 1700/2107/1700 1924/2347/1924 1922/2345/1922
f 1927/2350/1927 1924/2347/1924 1700/2107/1700 1926/2349/1926
f 1654/2059/1654 1653/2058/1653 1636/2351/1636 1633/2352/1633
f 1653/2058/1653 1656/2061/1656 1638/2353/1638 1636/2351/1636
f 1656/2061/1656 1662/2067/1662 1640/2354/1640 1638/2353/1638
f 1662/2067/1662 1660/2065/1660 1642/2355/1642 1640/2354/1640
f 1642/2355/1642 1660/2065/1660 1659/2064/1659 1644/2356/1644
f 1928/2357/1928 1929/2358/1929 1930/2359/1930 1931/2360/1931
f 1930/2359/1930 1929/2358/1929 1932/2361/1932 1933/2362/1933
f 1933/2362/1933 1932/2361/1932 1934/2363/1934 1935/2364/1935
f 1934/2363/1934 1936/2365/1936 1937/2366/1937 1935/2364/1935
f 1936/2365/1936 1938/2367/1938 1939/2368/1939 1937/2366/1937
f 1939/2368/1939 1938/2367/1938 1940/2369/1940 1941/2370/1941
f 1941/2370/1941 1940/2369/1940 1942/2371/1942 1943/2372/1943
f 1943/2372/1943 1942/2371/1942 1944/2373/1944 1945/2374/1945
f 1945/2375/1945 1944/2376/1944 1946/2377/1946 1947/2378/1947
f 1947/2378/1947 1946/2377/1946 1928/2357/1928 1931/2360/1931
f 1635/2038/1635 1634/2037/1634 1929/2358/1929 1928/2357/1928
f 1929/2358/1929 1634/2037/1634 1637/2040/1637 1932/2361/1932
f 1932/2361/1932 1637/2040/1637 1639/2042/1639 1934/2363/1934
f 1639/2042/1639 1641/2044/1641 1936/2365/1936 1934/2363/1934
f 1641/2044/1641 1643/2046/1643 1938/2367/1938 1936/2365/1936
f 1643/2046/1643 1645/2048/1645 1940/2369/1940 1938/2367/1938
f 1645/2048/1645 1647/2050/1647 1942/2371/1942 1940/2369/1940
f 1942/2371/1942 1647/2050/1647 1649/2052/1649 1944/2373/1944
f 1944/2376/1944 1649/2056/1649 1651/2055/1651 1946/2377/1946
f 1946/2377/1946 1651/2055/1651 1635/2038/1635 1928/2357/1928
f 1931/2360/1931 1930/2359/1930 1613/2014/1613 1612/2013/1612
f 1930/2359/1930 1933/2362/1933 1616/2017/1616 1613/2014/1613
f 1616/2017/1616 1933/2362/1933 1935/2364/1935 1618/2019/1618
f 1935/2364/1935 1937/2366/1937 1620/2021/1620 1618/2019/1618
f 1937/2366/1937 1939/2368/1939 1622/2023/1622 1620/2021/1620
f 1622/2023/1622 1939/2368/1939 1941/2370/1941 1624/2025/1624
f 1624/2025/1624 1941/2370/1941 1943/2372/1943 1626/2027/1626
f 1626/2027/1626 1943/2372/1943 1945/2374/1945 1628/2029/1628
f 1628/2034/1628 1945/2375/1945 1947/2378/1947 1630/2031/1630
f 1947/2378/1947 1931/2360/1931 1612/2013/1612 1630/2031/1630
f 1948/2379/1948 1949/2380/1949 1950/2381/1950 1951/2382/1951
f 1949/2380/1949 1952/2383/1952 1953/2384/1953 1950/2381/1950
f 1952/2383/1952 1954/2385/1954 1955/2386/1955 1953/2384/1953
f 1954/2385/1954 1956/2387/1956 1957/2388/1957 1955/2386/1955
f 1957/2388/1957 1956/2387/1956 1958/2389/1958 1959/2390/1959
f 1959/2390/1959 1958/2389/1958 1960/2391/1960 1961/2392/1961
f 1961/2392/1961 1960/2391/1960 1962/2393/1962 1963/2394/1963
f 1963/2394/1963 1962/2393/1962 1964/2395/1964 1965/2396/1965
f 1965/2397/1965 1964/2398/1964 1966/2399/1966 1967/2400/1967
f 1967/2400/1967 1966/2399/1966 1948/2379/1948 1951/2382/1951
f 1595/1994/1595 1594/1993/1594 1949/2380/1949 1948/2379/1948
f 1594/1993/1594 1597/1996/1597 1952/2383/1952 1949/2380/1949
f 1597/1996/1597 1599/1998/1599 1954/2385/1954 1952/2383/1952
f 1599/1998/1599 1601/2000/1601 1956/2387/1956 1954/2385/1954
f 1956/2387/1956 1601/2000/1601 1603/2002/1603 1958/2389/1958
f 1958/2389/1958 1603/2002/1603 1605/2004/1605 1960/2391/1960
f 1960/2391/1960 1605/2004/1605 1607/2006/1607 1962/2393/1962
f 1962/2393/1962 1607/2006/1607 1609/2008/1609 1964/2395/1964
f 1964/2398/1964 1609/2011/1609 1611/2010/1611 1966/2399/1966
f 1966/2399/1966 1611/2010/1611 1595/1994/1595 1948/2379/1948
f 1951/2382/1951 1950/2381/1950 1583/1970/1583 1582/1969/1582
f 1950/2381/1950 1953/2384/1953 1584/1973/1584 1583/1970/1583
f 1953/2384/1953 1955/2386/1955 1585/1975/1585 1584/1973/1584
f 1955/2386/1955 1957/2388/1957 1586/1977/1586 1585/1975/1585
f 1586/1977/1586 1957/2388/1957 1959/2390/1959 1587/1979/1587
f 1587/1979/1587 1959/2390/1959 1961/2392/1961 1588/1981/1588
f 1588/1981/1588 1961/2392/1961 1963/2394/1963 1589/1983/1589
f 1589/1983/1589 1963/2394/1963 1965/2396/1965 1590/1985/1590
f 1590/1988/1590 1965/2397/1965 1967/2400/1967 1591/1989/1591
f 1591/1989/1591 1967/2400/1967 1951/2382/1951 1582/1969/1582
f 986/1193/986 1677/2082/1677 1671/2076/1671 656/849/656
f 1784/2206/1784 1785/2208/1785 987/2401/987 784/2207/784
f 1789/2212/1789 1755/2177/1755 753/2176/753 988/2402/988
f 989/2403/989 1787/2210/1787 1789/2212/1789 988/2402/988
f 990/2404/990 1788/2211/1788 1787/2210/1787 989/2403/989
f 991/2405/991 1790/2213/1790 1788/2211/1788 990/2404/990
f 987/2401/987 1785/2208/1785 1790/2213/1790 991/2405/991
f 1382/1691/1382 1385/1694/1385 1234/1521/1234 1233/1520/1233
f 1385/1694/1385 1387/1696/1387 1235/1524/1235 1234/1521/1234
f 1387/1696/1387 1389/1698/1389 1236/1526/1236 1235/1524/1235
f 1236/1526/1236 1389/1698/1389 1391/1700/1391 1237/1528/1237
f 1237/1528/1237 1391/1700/1391 1393/1702/1393 1238/1530/1238
f 1238/1530/1238 1393/1702/1393 1395/1704/1395 1239/1532/1239
f 1239/1537/1239 1395/1708/1395 1397/1707/1397 1240/1534/1240
f 1240/1534/1240 1397/1707/1397 1399/1710/1399 1241/1538/1241
f 1399/1710/1399 1401/1712/1401 1242/1540/1242 1241/1538/1241
f 1401/1712/1401 1382/1691/1382 1233/1520/1233 1242/1540/1242
f 1383/1692/1383 1245/1544/1245 1244/1543/1244 1384/1693/1384
f 1384/1693/1384 1244/1543/1244 1248/1547/1248 1386/1695/1386
f 1386/1695/1386 1248/1547/1248 1250/1549/1250 1388/1697/1388
f 1388/1697/1388 1250/1549/1250 1252/1551/1252 1390/1699/1390
f 1390/1699/1390 1252/1551/1252 1254/1553/1254 1392/1701/1392
f 1392/1701/1392 1254/1553/1254 1256/1555/1256 1394/1703/1394
f 1256/1559/1256 1258/1558/1258 1396/1706/1396 1394/1705/1394
f 1258/1558/1258 1260/1561/1260 1398/1709/1398 1396/1706/1396
f 1260/1561/1260 1262/1563/1262 1400/1711/1400 1398/1709/1398
f 1400/1711/1400 1262/1563/1262 1245/1544/1245 1383/1692/1383
f 1246/1545/1246 1265/1566/1265 1264/1565/1264 1243/1542/1243
f 1243/1542/1243 1264/1565/1264 1268/1569/1268 1247/1546/1247
f 1247/1546/1247 1268/1569/1268 1270/1571/1270 1249/1548/1249
f 1249/1548/1249 1270/1571/1270 1272/1573/1272 1251/1550/1251
f 1272/1573/1272 1274/1575/1274 1253/1552/1253 1251/1550/1251
f 1274/1575/1274 1276/1577/1276 1255/1554/1255 1253/1552/1253
f 1276/1581/1276 1278/1580/1278 1257/1557/1257 1255/1556/1255
f 1278/1580/1278 1280/1583/1280 1259/1560/1259 1257/1557/1257
f 1280/1583/1280 1282/1585/1282 1261/1562/1261 1259/1560/1259
f 1261/1562/1261 1282/1585/1282 1265/1566/1265 1246/1545/1246
f 1283/1586/1283 1263/1564/1263 1266/1567/1266 1284/1587/1284
f 1291/1594/1291 1267/1568/1267 1263/1564/1263 1283/1586/1283
f 1290/1593/1290 1269/1570/1269 1267/1568/1267 1291/1594/1291
f 1294/1597/1294 1271/1572/1271 1269/1570/1269 1290/1593/1290
f 1273/1574/1273 1271/1572/1271 1294/1597/1294 1300/1603/1300
f 1300/1603/1300 1302/1605/1302 1275/1576/1275 1273/1574/1273
f 1302/1608/1302 1304/1607/1304 1277/1579/1277 1275/1578/1275
f 1304/1607/1304 1306/1611/1306 1279/1582/1279 1277/1579/1277
f 1279/1582/1279 1306/1611/1306 1307/1612/1307 1281/1584/1281
f 1284/1587/1284 1266/1567/1266 1281/1584/1281 1307/1612/1307
f 1818/2241/1818 1822/2245/1822 1814/2237/1814 1815/2238/1815
f 1864/2287/1864 1839/2262/1839 1816/2239/1816 1815/2238/1815
f 1682/2087/1682 1968/2406/1968 1690/2095/1690 1683/2088/1683
f 1690/2095/1690 1968/2406/1968 1969/2407/1969 1707/2114/1707
f 1707/2114/1707 1969/2407/1969 1970/2408/1970 1709/2116/1709
f 1858/2281/1858 1807/2230/1807 1856/2279/1856 1971/2409/1971
f 1923/2346/1923 1972/2410/1972 1971/2409/1971 1856/2279/1856
f 1973/2411/1973 1974/2412/1974 1975/2413/1975 1976/2414/1976
f 1976/2414/1976 1977/2415/1977 1978/2416/1978 1973/2411/1973
f 1678/2083/1678 1677/2082/1677 1979/2417/1979 1980/2418/1980
f 1712/2119/1712 1709/2116/1709 1970/2408/1970 1926/2419/1926
f 939/1136/939 1795/2218/1795 1802/2225/1802 894/1091/894
f 1972/2410/1972 1981/2420/1981 1977/2415/1977 1971/2409/1971
f 1971/2409/1971 1977/2415/1977 1976/2414/1976 1858/2281/1858
f 1970/2408/1970 1982/2421/1982 1981/2422/1981 1926/2419/1926
f 1981/2420/1981 1972/2410/1972 1927/2350/1927 1926/2349/1926
f 1975/2413/1975 1857/2280/1857 1858/2281/1858 1976/2414/1976
f 1974/2412/1974 1925/2348/1925 1857/2280/1857 1975/2413/1975
f 1925/2348/1925 1974/2412/1974 1007/1216/1007 934/1131/934
f 1927/2350/1927 1972/2410/1972 1923/2346/1923 1924/2347/1924
f 1974/2412/1974 1973/2411/1973 1008/1217/1008 1007/1216/1007
f 1678/2083/1678 1980/2418/1980 1983/2423/1983 1679/2084/1679
f 1984/2424/1984 1969/2407/1969 1968/2406/1968 1983/2423/1983
f 1970/2408/1970 1969/2407/1969 1984/2424/1984 1982/2421/1982
f 1983/2423/1983 1980/2418/1980 1985/2425/1985 1984/2424/1984
f 1986/2426/1986 1977/2427/1977 1981/2422/1981 1982/2421/1982
f 1985/2425/1985 1986/2426/1986 1982/2421/1982 1984/2424/1984
f 1987/2428/1987 1978/2429/1978 1977/2427/1977 1986/2426/1986
f 1987/2428/1987 1015/1226/1015 1014/1225/1014 1978/2429/1978
f 1986/2426/1986 1985/2425/1985 1988/2430/1988 1987/2428/1987
f 1985/2425/1985 1980/2418/1980 1979/2417/1979 1988/2430/1988
f 1988/2430/1988 1017/1228/1017 1015/1226/1015 1987/2428/1987
f 1017/1228/1017 1988/2430/1988 1979/2417/1979 1018/1229/1018
f 1983/2423/1983 1968/2406/1968 1682/2087/1682 1679/2084/1679
f 1682/2087/1682 1681/2086/1681 1680/2085/1680 1679/2084/1679
f 1719/2134/1719 1745/2160/1745 740/2165/740 736/2161/736
f 1677/2082/1677 986/1193/986 1018/1229/1018 1979/2417/1979
f 1978/2416/1978 1014/1230/1014 1008/1217/1008 1973/2411/1973
f 905/1102/905 895/1092/895 1891/2314/1891 1898/2321/1898
f 1898/2321/1898 1891/2314/1891 1892/2315/1892 1900/2323/1900
f 1900/2323/1900 1892/2315/1892 1893/2316/1893 1902/2325/1902
f 1902/2325/1902 1893/2316/1893 1894/2317/1894 1904/2327/1904
f 1904/2327/1904 1894/2317/1894 1895/2318/1895 1906/2329/1906
f 1906/2329/1906 1895/2318/1895 1896/2319/1896 1908/2331/1908
f 1896/2319/1896 1897/2320/1897 1910/2333/1910 1908/2331/1908
f 1897/2320/1897 941/1138/941 943/1140/943 1910/2333/1910
f 1886/2309/1886 1876/2299/1876 1877/2300/1877 1883/2306/1883
f 1885/2308/1885 1874/2297/1874 1876/2299/1876 1886/2309/1886
f 1884/2307/1884 1878/2301/1878 1874/2297/1874 1885/2308/1885
f 1888/2311/1888 1879/2302/1879 1878/2301/1878 1884/2307/1884
f 1890/2313/1890 1880/2303/1880 1879/2302/1879 1888/2311/1888
f 1889/2312/1889 1881/2304/1881 1880/2303/1880 1890/2313/1890
f 1887/2310/1887 1882/2305/1882 1881/2304/1881 1889/2312/1889
f 1883/2306/1883 1877/2300/1877 1882/2305/1882 1887/2310/1887
f 1315/1620/1315 1314/1619/1314 1317/1622/1317 1316/1621/1316
f 1357/1664/1357 1354/1661/1354 1355/1662/1355 1358/1665/1358
f 1314/1619/1314 1355/1662/1355 1343/1650/1343 1317/1622/1317
f 1287/1590/1287 1375/1684/1375 1315/1620/1315 1316/1621/1316
f 1341/1648/1341 1340/1647/1340 1313/1618/1313 1312/1617/1312
f 1353/1660/1353 1356/1663/1356 1359/1666/1359 1350/1657/1350
f 1313/1618/1313 1340/1647/1340 1359/1666/1359 1358/1665/1358
f 1309/1614/1309 1341/1648/1341 1312/1617/1312 1310/1615/1310
f 1283/1586/1283 1286/1589/1286 1375/1684/1375 1287/1590/1287
f 1375/1684/1375 1286/1589/1286 1285/1588/1285 1310/1615/1310
f 1284/1587/1284 1307/1612/1307 1311/1616/1311 1285/1588/1285
f 1309/1614/1309 1311/1616/1311 1307/1612/1307 1308/1613/1308
f 1319/1624/1319 1318/1623/1318 1374/1683/1374 1377/1686/1377
f 1346/1653/1346 1342/1649/1342 1345/1652/1345 1347/1654/1347
f 1318/1623/1318 1342/1649/1342 1346/1653/1346 1374/1683/1374
f 1376/1685/1376 1288/1591/1288 1319/1624/1319 1377/1686/1377
f 1380/1689/1380 1378/1687/1378 1321/1626/1321 1320/1625/1320
f 1360/1667/1360 1349/1656/1349 1348/1655/1348 1361/1668/1361
f 1323/1628/1323 1322/1627/1322 1349/1656/1349 1360/1667/1360
f 1327/1632/1327 1324/1629/1324 1325/1630/1325 1328/1633/1328
f 1365/1672/1365 1363/1670/1363 1362/1669/1362 1366/1673/1366
f 1328/1633/1328 1325/1630/1325 1363/1670/1363 1365/1672/1365
f 1381/1690/1381 1379/1688/1379 1324/1629/1324 1327/1632/1327
f 1322/1627/1322 1321/1626/1321 1377/1686/1377 1374/1683/1374
f 1332/1637/1332 1326/1631/1326 1329/1634/1329 1333/1638/1333
f 1371/1678/1371 1364/1671/1364 1367/1674/1367 1368/1675/1368
f 1333/1638/1333 1329/1634/1329 1364/1671/1364 1371/1678/1371
f 1299/1602/1299 1298/1601/1298 1326/1631/1326 1332/1637/1332
f 1292/1595/1292 1289/1592/1289 1288/1591/1288 1376/1685/1376
f 1291/1594/1291 1283/1586/1283 1289/1592/1289 1292/1595/1292
f 1290/1593/1290 1293/1596/1293 1378/1687/1378 1380/1689/1380
f 1378/1687/1378 1293/1596/1293 1292/1595/1292 1376/1685/1376
f 1296/1599/1296 1295/1598/1295 1379/1688/1379 1381/1690/1381
f 1379/1688/1379 1295/1598/1295 1290/1593/1290 1380/1689/1380
f 1298/1601/1298 1297/1600/1297 1296/1599/1296 1381/1690/1381
f 1296/1599/1296 1297/1600/1297 1300/1603/1300 1294/1597/1294
f 1819/2242/1819 1823/2246/1823 1875/2298/1875 1873/2296/1873
f 1989/2431/1989 1990/2432/1990 1991/2433/1991 1992/2434/1992
f 1993/2435/1993 1994/2436/1994 1995/2437/1995 1996/2438/1996
f 1997/2439/1997 1998/2440/1998 1999/2441/1999 2000/2442/2000
f 1999/2441/1999 1998/2440/1998 2001/2443/2001 2002/2444/2002
f 2003/2445/2003 1992/2434/1992 1996/2438/1996 2004/2446/2004
f 2005/2447/2005 2006/2448/2006 2007/2449/2007 2008/2450/2008
f 2009/2451/2009 2010/2452/2010 2000/2442/2000 2011/2453/2011
f 2012/2454/2012 1999/2441/1999 2002/2444/2002 2013/2455/2013
f 2014/2456/2014 2015/2457/2015 2016/2458/2016 2017/2459/2017
f 2018/2460/2018 2019/2461/2019 2016/2458/2016 2015/2457/2015
f 2018/2460/2018 2020/2462/2020 2021/2463/2021 2022/2464/2022
f 2023/2465/2023 2024/2466/2024 2021/2463/2021 2025/2467/2025
f 2026/2468/2026 2027/2469/2027 2028/2470/2028 2029/2471/2029
f 2030/2472/2030 2031/2473/2031 2032/2474/2032 2033/2475/2033
f 2028/2470/2028 2034/2476/2034 2035/2477/2035 2023/2465/2023
f 2036/2478/2036 2034/2476/2034 2037/2479/2037 2038/2480/2038
f 2039/2481/2039 2040/2482/2040 2041/2483/2041 2042/2484/2042
f 2043/2485/2043 2044/2486/2044 2045/2487/2045 2046/2488/2046
f 1344/2489/1344 2047/2490/2047 2048/2491/2048 1345/2492/1345
f 1347/2493/1347 2049/2494/2049 2050/2495/2050 1348/2496/1348
f 1989/2431/1989 2045/2497/2045 2051/2498/2051 1990/2432/1990
f 2052/2499/2052 2020/2462/2020 2053/2500/2053 2054/2501/2054
f 2055/2502/2055 2056/2503/2056 2057/2504/2057 2058/2505/2058
f 2059/2506/2059 2060/2507/2060 2058/2505/2058 2057/2504/2057
f 2054/2501/2054 2053/2500/2053 2061/2508/2061 2062/2509/2062
f 2043/2485/2043 2046/2488/2046 1369/2510/1369 1368/2511/1368
f 1367/2512/1367 1366/2513/1366 2041/2483/2041 2040/2482/2040
f 1361/2514/1361 2036/2478/2036 2038/2480/2038 1362/2515/1362
f 1373/2516/1373 1369/2517/1369 2046/2518/2046 2063/2519/2063
f 1352/2520/1352 1373/2516/1373 2063/2519/2063 2064/2521/2064
f 1353/2522/1353 1352/2520/1352 2064/2521/2064 2065/2523/2065
f 1356/2524/1356 1353/2522/1353 2065/2523/2065 2066/2525/2066
f 1995/2437/1995 2067/2526/2067 2004/2446/2004 1996/2438/1996
f 2068/2527/2068 2069/2528/2069 2070/2529/2070 2071/2530/2071
f 2024/2466/2024 2072/2531/2072 2073/2532/2073 2074/2533/2074
f 2075/2534/2075 2069/2528/2069 2076/2535/2076 2077/2536/2077
f 2075/2534/2075 2004/2446/2004 2067/2526/2067 2078/2537/2078
f 2068/2527/2068 2079/2538/2079 2080/2539/2080 2081/2540/2081
f 2082/2541/2082 2047/2490/2047 1344/2489/1344 1354/2542/1354
f 2034/2476/2034 2036/2478/2036 2050/2495/2050 2035/2477/2035
f 2034/2476/2034 2028/2470/2028 2027/2469/2027 2037/2479/2037
f 2031/2473/2031 2039/2481/2039 2042/2484/2042 2032/2474/2032
f 2083/2543/2083 2051/2544/2051 2045/2487/2045 2044/2486/2044
f 1989/2431/1989 2063/2519/2063 2046/2518/2046 2045/2497/2045
f 2072/2531/2072 2049/2494/2049 2048/2491/2048 2073/2532/2073
f 2077/2536/2077 2076/2535/2076 2084/2545/2084 2066/2525/2066
f 2081/2540/2081 2080/2539/2080 2047/2490/2047 2082/2541/2082
f 2064/2521/2064 2063/2519/2063 1989/2431/1989 1992/2434/1992
f 2065/2523/2065 2064/2521/2064 1992/2434/1992 2003/2445/2003
f 1992/2434/1992 1991/2433/1991 1993/2435/1993 1996/2438/1996
f 1993/2435/1993 2085/2546/2085 2086/2547/2086 1994/2436/1994
f 1991/2433/1991 2087/2548/2087 2085/2546/2085 1993/2435/1993
f 2056/2503/2056 2088/2549/2088 2089/2550/2089 2057/2504/2057
f 2059/2506/2059 2090/2551/2090 2091/2552/2091 2092/2553/2092
f 2093/2554/2093 2094/2555/2094 2095/2556/2095 2096/2557/2096
f 2097/2558/2097 2098/2559/2098 2099/2560/2099 2100/2561/2100
f 2101/2562/2101 2102/2563/2102 2103/2564/2103 2104/2565/2104
f 1991/2433/1991 1990/2432/1990 2105/2566/2105 2087/2548/2087
f 1990/2432/1990 2051/2498/2051 2106/2567/2106 2105/2566/2105
f 2107/2568/2107 2108/2569/2108 2109/2570/2109 2110/2571/2110
f 2110/2571/2110 2111/2572/2111 2112/2573/2112 2113/2574/2113
f 2113/2574/2113 2112/2573/2112 2114/2575/2114 2115/2576/2115
f 2116/2577/2116 2117/2578/2117 2118/2579/2118 2119/2580/2119
f 2120/2581/2120 2118/2579/2118 2117/2578/2117 2121/2582/2121
f 2122/2583/2122 2123/2584/2123 2124/2585/2124 2125/2586/2125
f 2126/2587/2126 2127/2588/2127 2128/2589/2128 2129/2590/2129
f 2130/2591/2130 2131/2592/2131 2132/2593/2132 2133/2594/2133
f 2134/2595/2134 2135/2596/2135 2133/2594/2133 2132/2593/2132
f 2136/2597/2136 2137/2598/2137 2138/2599/2138 2139/2600/2139
f 2112/2573/2112 2111/2572/2111 2140/2601/2140 2141/2602/2141
f 2138/2599/2138 2142/2603/2142 2143/2604/2143 2139/2600/2139
f 2112/2573/2112 2141/2602/2141 2144/2605/2144 2114/2575/2114
f 2145/2606/2145 2144/2605/2144 2146/2607/2146 2147/2608/2147
f 2148/2609/2148 2149/2610/2149 2150/2611/2150 2151/2612/2151
f 2142/2603/2142 2149/2610/2149 2148/2609/2148 2143/2604/2143
f 2152/2613/2152 2153/2614/2153 2154/2615/2154 2155/2616/2155
f 2156/2617/2156 2157/2618/2157 2158/2619/2158 2159/2620/2159
f 2157/2618/2157 2160/2621/2160 2161/2622/2161 2158/2619/2158
f 2162/2623/2162 2163/2624/2163 2164/2625/2164 2165/2626/2165
f 2166/2627/2166 2167/2628/2167 2168/2629/2168 2169/2630/2169
f 2170/2631/2170 2171/2632/2171 2172/2633/2172 2173/2634/2173
f 2125/2586/2125 2124/2585/2124 2129/2590/2129 2174/2635/2174
f 2175/2636/2175 2176/2637/2176 2177/2638/2177 2178/2639/2178
f 2178/2639/2178 2177/2638/2177 2179/2640/2179 2180/2641/2180
f 2164/2625/2164 2163/2624/2163 2181/2642/2181 2182/2643/2182
f 2168/2629/2168 2167/2628/2167 2183/2644/2183 2184/2645/2184
f 2172/2633/2172 2171/2632/2171 2185/2646/2185 2186/2647/2186
f 2187/2648/2187 2174/2635/2174 2129/2590/2129 2188/2649/2188
f 2189/2650/2189 2115/2576/2115 2190/2651/2190 2191/2652/2191
f 2119/2580/2119 2118/2579/2118 2192/2653/2192 2193/2654/2193
f 2118/2579/2118 2120/2581/2120 2170/2631/2170 2192/2653/2192
f 2194/2655/2194 2111/2572/2111 2195/2656/2195 2196/2657/2196
f 2140/2601/2140 2111/2572/2111 2194/2655/2194 2197/2658/2197
f 2198/2659/2198 2199/2660/2199 2121/2582/2121 2117/2578/2117
f 2144/2605/2144 2141/2602/2141 2200/2661/2200 2146/2607/2146
f 2201/2662/2201 2202/2663/2202 2151/2612/2151 2150/2611/2150
f 2200/2661/2200 2141/2602/2141 2140/2601/2140 2197/2658/2197
f 2203/2664/2203 2204/2665/2204 2205/2666/2205 2199/2660/2199
f 2197/2658/2197 2194/2655/2194 2139/2600/2139 2143/2604/2143
f 2154/2615/2154 2203/2664/2203 2206/2667/2206 2207/2668/2207
f 2200/2661/2200 2148/2609/2148 2151/2612/2151 2146/2607/2146
f 2202/2663/2202 2147/2608/2147 2146/2607/2146 2151/2612/2151
f 2200/2661/2200 2197/2658/2197 2143/2604/2143 2148/2609/2148
f 2204/2665/2204 2203/2664/2203 2154/2615/2154 2153/2614/2153
f 2208/2669/2208 2014/2456/2014 2017/2459/2017 2007/2449/2007
f 2209/2670/2209 2062/2509/2062 2061/2508/2061 2210/2671/2210
f 1997/2439/1997 2211/2672/2211 2212/2673/2212 2213/2674/2213
f 2101/2562/2101 2212/2673/2212 2211/2672/2211 1994/2436/1994
f 2010/2452/2010 1995/2437/1995 1994/2436/1994 2211/2672/2211
f 2067/2526/2067 1995/2437/1995 2010/2452/2010 2009/2451/2009
f 2022/2464/2022 2021/2463/2021 2024/2466/2024 2074/2533/2074
f 2025/2467/2025 2021/2463/2021 2020/2462/2020 2052/2499/2052
f 2055/2502/2055 2026/2468/2026 2029/2471/2029 2214/2675/2214
f 2060/2507/2060 2030/2472/2030 2033/2475/2033 2058/2505/2058
f 2071/2530/2071 2070/2529/2070 2012/2454/2012 2013/2455/2013
f 2078/2537/2078 2067/2526/2067 2009/2451/2009 2011/2453/2011
f 2100/2561/2100 2099/2560/2099 2215/2676/2215 2216/2677/2216
f 2152/2613/2152 2155/2616/2155 2217/2678/2217 2218/2679/2218
f 2152/2613/2152 2218/2679/2218 2219/2680/2219 2220/2681/2220
f 2149/2610/2149 1668/2682/1668 1667/2683/1667 2150/2611/2150
f 2149/2610/2149 2142/2603/2142 1675/2684/1675 1668/2682/1668
f 1675/2684/1675 2142/2603/2142 2138/2599/2138 1672/2685/1672
f 2150/2611/2150 1667/2683/1667 1673/2686/1673 2201/2662/2201
f 2201/2662/2201 1673/2686/1673 1655/2687/1655 2221/2688/2221
f 2219/2680/2219 2222/2689/2222 2223/2690/2223 2220/2681/2220
f 2222/2689/2222 2219/2680/2219 1659/2691/1659 1658/2692/1658
f 2224/2693/2224 2225/2694/2225 2226/2695/2226 2227/2696/2227
f 2228/2697/2228 2229/2698/2229 2230/2699/2230 2231/2700/2231
f 2232/2701/2232 2220/2681/2220 2229/2698/2229 2228/2697/2228
f 2220/2681/2220 2223/2690/2223 2233/2702/2233 2229/2698/2229
f 2234/2703/2234 2222/2689/2222 1658/2692/1658 1685/2704/1685
f 1654/2705/1654 2235/2706/2235 2221/2688/2221 1655/2687/1655
f 2235/2706/2235 2217/2678/2217 2155/2616/2155 2221/2688/2221
f 2155/2616/2155 2154/2615/2154 2207/2668/2207 2221/2688/2221
f 2147/2608/2147 2202/2663/2202 2207/2668/2207 2206/2667/2206
f 2202/2663/2202 2201/2662/2201 2221/2688/2221 2207/2668/2207
f 1687/2707/1687 2236/2708/2236 2237/2709/2237 1686/2710/1686
f 1685/2704/1685 1686/2710/1686 2237/2709/2237 2234/2703/2234
f 2237/2709/2237 2238/2711/2238 2239/2712/2239 2234/2703/2234
f 2222/2689/2222 2234/2703/2234 2239/2712/2239 2223/2690/2223
f 2240/2713/2240 2233/2702/2233 2223/2690/2223 2239/2712/2239
f 2225/2694/2225 2224/2693/2224 2241/2714/2241 2242/2715/2242
f 2238/2711/2238 2243/2716/2243 2240/2713/2240 2239/2712/2239
f 2243/2716/2243 2238/2711/2238 2244/2717/2244 2245/2718/2245
f 2236/2708/2236 2244/2717/2244 2238/2711/2238 2237/2709/2237
f 2139/2600/2139 2194/2655/2194 2196/2657/2196 2136/2597/2136
f 2134/2595/2134 2132/2593/2132 2246/2719/2246 2247/2720/2247
f 2225/2694/2225 2242/2715/2242 2248/2721/2248 2249/2722/2249
f 2250/2723/2250 2236/2708/2236 1687/2707/1687 741/2724/741
f 2244/2717/2244 2236/2708/2236 2250/2723/2250 2251/2725/2251
f 2245/2718/2245 2244/2717/2244 2251/2725/2251 2252/2726/2252
f 2235/2706/2235 1654/2705/1654 1633/2727/1633 1632/2728/1632
f 1644/2729/1644 1659/2691/1659 2219/2680/2219 1646/2730/1646
f 1646/2730/1646 2219/2680/2219 2218/2679/2218 1648/2731/1648
f 2218/2679/2218 2217/2678/2217 1650/2732/1650 1648/2731/1648
f 2217/2678/2217 2235/2706/2235 1632/2728/1632 1650/2732/1650
f 2051/2544/2051 2083/2543/2083 2253/2733/2253 2106/2734/2106
f 2254/2735/2254 2255/2736/2255 2256/2737/2256 2257/2738/2257
f 2256/2737/2256 2092/2553/2092 2258/2739/2258 2257/2738/2257
f 2092/2553/2092 2091/2552/2091 2259/2740/2259 2258/2739/2258
f 1672/2685/1672 2138/2599/2138 2137/2598/2137 653/2741/653
f 2008/2450/2008 2007/2449/2007 2017/2459/2017 2001/2443/2001
f 2088/2549/2088 2095/2556/2095 2094/2555/2094 2089/2550/2089
f 2090/2551/2090 2097/2558/2097 2100/2561/2100 2091/2552/2091
f 2101/2562/2101 1994/2436/1994 2086/2547/2086 2102/2563/2102
f 2208/2669/2208 2007/2449/2007 2006/2448/2006 2260/2742/2260
f 2210/2671/2210 2261/2743/2261 2262/2744/2262 2209/2670/2209
f 2263/2745/2263 2264/2746/2264 2180/2641/2180 2182/2643/2182
f 2212/2673/2212 2101/2562/2101 2104/2565/2104 2264/2746/2264
f 2216/2677/2216 2259/2740/2259 2091/2552/2091 2100/2561/2100
f 2083/2543/2083 2255/2736/2255 2254/2735/2254 2253/2733/2253
f 2199/2660/2199 2198/2659/2198 2206/2667/2206 2203/2664/2203
f 2131/2592/2131 2265/2747/2265 2246/2719/2246 2132/2593/2132
f 2266/2748/2266 2267/2749/2267 2127/2588/2127 2126/2587/2126
f 2247/2720/2247 2246/2719/2246 2226/2695/2226 2268/2750/2268
f 2016/2458/2016 2002/2444/2002 2001/2443/2001 2017/2459/2017
f 2269/2751/2269 2005/2447/2005 2008/2450/2008 2270/2752/2270
f 2019/2461/2019 2013/2455/2013 2002/2444/2002 2016/2458/2016
f 2079/2538/2079 2068/2527/2068 2071/2530/2071 2271/2753/2271
f 2069/2528/2069 2068/2527/2068 2081/2540/2081 2076/2535/2076
f 2084/2545/2084 2082/2541/2082 1354/2542/1354 1357/2754/1357
f 2076/2535/2076 2081/2540/2081 2082/2541/2082 2084/2545/2084
f 2114/2575/2114 2116/2577/2116 2119/2580/2119 2115/2576/2115
f 2169/2630/2169 2168/2629/2168 2163/2624/2163 2162/2623/2162
f 2163/2624/2163 2168/2629/2168 2184/2645/2184 2181/2642/2181
f 2119/2580/2119 2193/2654/2193 2190/2651/2190 2115/2576/2115
f 2271/2753/2271 2071/2530/2071 2013/2455/2013 2019/2461/2019
f 2270/2752/2270 2008/2450/2008 2001/2443/2001 1998/2440/1998
f 2198/2659/2198 2145/2606/2145 2147/2608/2147 2206/2667/2206
f 2145/2606/2145 2198/2659/2198 2117/2578/2117 2116/2577/2116
f 2144/2605/2144 2145/2606/2145 2116/2577/2116 2114/2575/2114
f 1997/2439/1997 2000/2442/2000 2010/2452/2010 2211/2672/2211
f 2011/2453/2011 2000/2442/2000 1999/2441/1999 2012/2454/2012
f 1357/2754/1357 1356/2524/1356 2066/2525/2066 2084/2545/2084
f 2004/2446/2004 2075/2534/2075 2077/2536/2077 2003/2445/2003
f 2069/2528/2069 2075/2534/2075 2078/2537/2078 2070/2529/2070
f 2003/2445/2003 2077/2536/2077 2066/2525/2066 2065/2523/2065
f 2161/2622/2161 2165/2626/2165 2164/2625/2164 2179/2640/2179
f 2179/2640/2179 2164/2625/2164 2182/2643/2182 2180/2641/2180
f 1998/2440/1998 1997/2439/1997 2213/2674/2213 2270/2752/2270
f 2070/2529/2070 2078/2537/2078 2011/2453/2011 2012/2454/2012
f 2269/2751/2269 2263/2745/2263 2182/2643/2182 2181/2642/2181
f 2108/2569/2108 2107/2568/2107 2157/2618/2157 2156/2617/2156
f 2107/2568/2107 2272/2755/2272 2160/2621/2160 2157/2618/2157
f 2272/2755/2272 2189/2650/2189 2191/2652/2191 2160/2621/2160
f 2053/2500/2053 2015/2457/2015 2014/2456/2014 2061/2508/2061
f 2020/2462/2020 2018/2460/2018 2015/2457/2015 2053/2500/2053
f 2019/2461/2019 2018/2460/2018 2022/2464/2022 2271/2753/2271
f 1347/2493/1347 1345/2492/1345 2048/2491/2048 2049/2494/2049
f 2079/2538/2079 2074/2533/2074 2073/2532/2073 2080/2539/2080
f 2073/2532/2073 2048/2491/2048 2047/2490/2047 2080/2539/2080
f 2167/2628/2167 2172/2633/2172 2186/2647/2186 2183/2644/2183
f 2014/2456/2014 2208/2669/2208 2210/2671/2210 2061/2508/2061
f 2271/2753/2271 2022/2464/2022 2074/2533/2074 2079/2538/2079
f 2260/2742/2260 2186/2647/2186 2185/2646/2185 2261/2743/2261
f 2159/2620/2159 2158/2619/2158 2177/2638/2177 2176/2637/2176
f 2158/2619/2158 2161/2622/2161 2179/2640/2179 2177/2638/2177
f 2190/2651/2190 2162/2623/2162 2165/2626/2165 2191/2652/2191
f 2192/2653/2192 2166/2627/2166 2169/2630/2169 2193/2654/2193
f 2193/2654/2193 2169/2630/2169 2162/2623/2162 2190/2651/2190
f 2191/2652/2191 2165/2626/2165 2161/2622/2161 2160/2621/2160
f 2166/2627/2166 2173/2634/2173 2172/2633/2172 2167/2628/2167
f 2192/2653/2192 2170/2631/2170 2173/2634/2173 2166/2627/2166
f 2028/2470/2028 2023/2465/2023 2025/2467/2025 2029/2471/2029
f 2023/2465/2023 2035/2477/2035 2072/2531/2072 2024/2466/2024
f 1348/2496/1348 2050/2495/2050 2036/2478/2036 1361/2514/1361
f 2214/2675/2214 2052/2499/2052 2054/2501/2054 2273/2756/2273
f 2273/2756/2273 2054/2501/2054 2062/2509/2062 2274/2757/2274
f 2035/2477/2035 2050/2495/2050 2049/2494/2049 2072/2531/2072
f 2274/2757/2274 2062/2509/2062 2209/2670/2209 2275/2758/2275
f 2029/2471/2029 2025/2467/2025 2052/2499/2052 2214/2675/2214
f 2006/2448/2006 2005/2447/2005 2184/2645/2184 2183/2644/2183
f 2178/2639/2178 2104/2565/2104 2103/2564/2103 2175/2636/2175
f 2260/2742/2260 2006/2448/2006 2183/2644/2183 2186/2647/2186
f 2264/2746/2264 2263/2745/2263 2213/2674/2213 2212/2673/2212
f 2264/2746/2264 2104/2565/2104 2178/2639/2178 2180/2641/2180
f 2005/2447/2005 2269/2751/2269 2181/2642/2181 2184/2645/2184
f 2263/2745/2263 2269/2751/2269 2270/2752/2270 2213/2674/2213
f 2208/2669/2208 2260/2742/2260 2261/2743/2261 2210/2671/2210
f 2027/2469/2027 2026/2468/2026 2033/2475/2033 2032/2474/2032
f 2041/2483/2041 2038/2480/2038 2037/2479/2037 2042/2484/2042
f 2056/2503/2056 2055/2502/2055 2214/2675/2214 2273/2756/2273
f 1366/2513/1366 1362/2515/1362 2038/2480/2038 2041/2483/2041
f 2037/2479/2037 2027/2469/2027 2032/2474/2032 2042/2484/2042
f 2088/2549/2088 2056/2503/2056 2273/2756/2273 2274/2757/2274
f 2026/2468/2026 2055/2502/2055 2058/2505/2058 2033/2475/2033
f 2095/2556/2095 2088/2549/2088 2274/2757/2274 2275/2758/2275
f 2093/2554/2093 2096/2557/2096 2276/2759/2276 2188/2649/2188
f 2276/2759/2276 2096/2557/2096 2095/2556/2095 2275/2758/2275
f 2125/2586/2125 2174/2635/2174 2171/2632/2171 2170/2631/2170
f 2174/2635/2174 2187/2648/2187 2185/2646/2185 2171/2632/2171
f 2187/2648/2187 2262/2744/2262 2261/2743/2261 2185/2646/2185
f 2209/2670/2209 2262/2744/2262 2276/2759/2276 2275/2758/2275
f 2262/2744/2262 2187/2648/2187 2188/2649/2188 2276/2759/2276
f 2126/2587/2126 2129/2590/2129 2124/2585/2124 2277/2760/2277
f 2278/2761/2278 2266/2748/2266 2126/2587/2126 2277/2760/2277
f 2278/2761/2278 2277/2760/2277 2205/2666/2205 2204/2665/2204
f 2153/2614/2153 2232/2701/2232 2278/2761/2278 2204/2665/2204
f 2152/2613/2152 2220/2681/2220 2232/2701/2232 2153/2614/2153
f 2124/2585/2124 2123/2584/2123 2205/2666/2205 2277/2760/2277
f 2120/2581/2120 2122/2583/2122 2125/2586/2125 2170/2631/2170
f 2122/2583/2122 2120/2581/2120 2121/2582/2121 2123/2584/2123
f 2205/2666/2205 2123/2584/2123 2121/2582/2121 2199/2660/2199
f 2227/2696/2227 2226/2695/2226 2246/2719/2246 2265/2747/2265
f 2228/2697/2228 2231/2700/2231 2267/2749/2267 2266/2748/2266
f 2268/2750/2268 2226/2695/2226 2225/2694/2225 2249/2722/2249
f 2232/2701/2232 2228/2697/2228 2266/2748/2266 2278/2761/2278
f 2031/2473/2031 2030/2472/2030 2255/2736/2255 2083/2543/2083
f 2040/2482/2040 2039/2481/2039 2044/2486/2044 2043/2485/2043
f 2060/2507/2060 2059/2506/2059 2092/2553/2092 2256/2737/2256
f 1368/2511/1368 1367/2512/1367 2040/2482/2040 2043/2485/2043
f 2039/2481/2039 2031/2473/2031 2083/2543/2083 2044/2486/2044
f 2090/2551/2090 2059/2506/2059 2057/2504/2057 2089/2550/2089
f 2098/2559/2098 2097/2558/2097 2094/2555/2094 2093/2554/2093
f 2131/2592/2131 2130/2591/2130 2128/2589/2128 2127/2588/2127
f 2130/2591/2130 2098/2559/2098 2093/2554/2093 2128/2589/2128
f 2030/2472/2030 2060/2507/2060 2256/2737/2256 2255/2736/2255
f 2230/2699/2230 2224/2693/2224 2227/2696/2227 2231/2700/2231
f 2279/2762/2279 2280/2763/2280 2243/2716/2243 2245/2718/2245
f 2242/2715/2242 2279/2762/2279 2281/2764/2281 2248/2721/2248
f 2097/2558/2097 2090/2551/2090 2089/2550/2089 2094/2555/2094
f 2265/2747/2265 2131/2592/2131 2127/2588/2127 2267/2749/2267
f 2227/2696/2227 2265/2747/2265 2267/2749/2267 2231/2700/2231
f 2098/2559/2098 2130/2591/2130 2133/2594/2133 2099/2560/2099
f 2099/2560/2099 2133/2594/2133 2135/2596/2135 2215/2676/2215
f 2129/2590/2129 2128/2589/2128 2093/2554/2093 2188/2649/2188
f 2110/2571/2110 2109/2570/2109 2195/2656/2195 2111/2572/2111
f 2110/2571/2110 2113/2574/2113 2272/2755/2272 2107/2568/2107
f 2272/2755/2272 2113/2574/2113 2115/2576/2115 2189/2650/2189
f 2233/2702/2233 2240/2713/2240 2282/2765/2282 2283/2766/2283
f 2230/2699/2230 2229/2698/2229 2233/2702/2233 2283/2766/2283
f 2224/2693/2224 2230/2699/2230 2283/2766/2283 2241/2714/2241
f 2283/2766/2283 2282/2765/2282 2280/2763/2280 2241/2714/2241
f 2242/2715/2242 2241/2714/2241 2280/2763/2280 2279/2762/2279
f 2279/2762/2279 2245/2718/2245 2252/2726/2252 2281/2764/2281
f 2282/2765/2282 2240/2713/2240 2243/2716/2243 2280/2763/2280
f 2284/2767/2284 2285/2768/2285 2286/2769/2286 2287/2770/2287
f 2288/2771/2288 2289/2772/2289 2290/2773/2290 2291/2774/2291
f 2292/2775/2292 2293/2776/2293 2294/2777/2294 2295/2778/2295
f 2294/2777/2294 2296/2779/2296 2297/2780/2297 2295/2778/2295
f 2298/2781/2298 2299/2782/2299 2289/2772/2289 2285/2768/2285
f 2300/2783/2300 2301/2784/2301 2302/2785/2302 2303/2786/2303
f 2304/2787/2304 2305/2788/2305 2293/2776/2293 2306/2789/2306
f 2307/2790/2307 2308/2791/2308 2296/2779/2296 2294/2777/2294
f 2309/2792/2309 2310/2793/2310 2311/2794/2311 2312/2795/2312
f 2313/2796/2313 2312/2795/2312 2311/2794/2311 2314/2797/2314
f 2313/2796/2313 2315/2798/2315 2316/2799/2316 2317/2800/2317
f 2318/2801/2318 2319/2802/2319 2316/2799/2316 2320/2803/2320
f 2321/2804/2321 2322/2805/2322 2323/2806/2323 2324/2807/2324
f 2325/2808/2325 2326/2809/2326 2327/2810/2327 2328/2811/2328
f 2323/2806/2323 2318/2801/2318 2329/2812/2329 2330/2813/2330
f 2331/2814/2331 2332/2815/2332 2333/2816/2333 2330/2813/2330
f 2334/2817/2334 2335/2818/2335 2336/2819/2336 2337/2820/2337
f 2338/2821/2338 2339/2822/2339 2340/2823/2340 2341/2824/2341
f 326/2825/326 325/2826/325 2342/2827/2342 2343/2828/2343
f 331/2829/331 330/2830/330 2344/2831/2344 2345/2832/2345
f 2284/2767/2284 2287/2770/2287 2346/2833/2346 2340/2834/2340
f 2347/2835/2347 2348/2836/2348 2349/2837/2349 2317/2800/2317
f 2350/2838/2350 2351/2839/2351 2352/2840/2352 2353/2841/2353
f 2354/2842/2354 2352/2840/2352 2351/2839/2351 2355/2843/2355
f 2348/2836/2348 2356/2844/2356 2357/2845/2357 2349/2837/2349
f 2338/2821/2338 350/2846/350 353/2847/353 2339/2822/2339
f 347/2848/347 2337/2820/2337 2336/2819/2336 348/2849/348
f 345/2850/345 344/2851/344 2332/2815/2332 2331/2814/2331
f 354/2852/354 2358/2853/2358 2339/2854/2339 353/2855/353
f 334/2856/334 2359/2857/2359 2358/2853/2358 354/2852/354
f 333/2858/333 2360/2859/2360 2359/2857/2359 334/2856/334
f 338/2860/338 2361/2861/2361 2360/2859/2360 333/2858/333
f 2290/2773/2290 2289/2772/2289 2299/2782/2299 2362/2862/2362
f 2363/2863/2363 2364/2864/2364 2365/2865/2365 2366/2866/2366
f 2320/2803/2320 2367/2867/2367 2368/2868/2368 2369/2869/2369
f 2370/2870/2370 2371/2871/2371 2372/2872/2372 2366/2866/2366
f 2370/2870/2370 2373/2873/2373 2362/2862/2362 2299/2782/2299
f 2363/2863/2363 2374/2874/2374 2375/2875/2375 2376/2876/2376
f 2377/2877/2377 336/2878/336 326/2825/326 2343/2828/2343
f 2330/2813/2330 2329/2812/2329 2344/2831/2344 2331/2814/2331
f 2330/2813/2330 2333/2816/2333 2324/2807/2324 2323/2806/2323
f 2328/2811/2328 2327/2810/2327 2335/2818/2335 2334/2817/2334
f 2378/2879/2378 2341/2824/2341 2340/2823/2340 2346/2880/2346
f 2284/2767/2284 2340/2834/2340 2339/2854/2339 2358/2853/2358
f 2369/2869/2369 2368/2868/2368 2342/2827/2342 2345/2832/2345
f 2371/2871/2371 2361/2861/2361 2379/2881/2379 2372/2872/2372
f 2374/2874/2374 2377/2877/2377 2343/2828/2343 2375/2875/2375
f 2359/2857/2359 2285/2768/2285 2284/2767/2284 2358/2853/2358
f 2360/2859/2360 2298/2781/2298 2285/2768/2285 2359/2857/2359
f 2285/2768/2285 2289/2772/2289 2288/2771/2288 2286/2769/2286
f 2288/2771/2288 2291/2774/2291 2086/2547/2086 2085/2546/2085
f 2286/2769/2286 2288/2771/2288 2085/2546/2085 2087/2548/2087
f 2353/2841/2353 2352/2840/2352 2380/2882/2380 2381/2883/2381
f 2354/2842/2354 2382/2884/2382 2383/2885/2383 2384/2886/2384
f 2385/2887/2385 2386/2888/2386 2387/2889/2387 2388/2890/2388
f 2389/2891/2389 2390/2892/2390 2391/2893/2391 2392/2894/2392
f 2393/2895/2393 2394/2896/2394 2103/2564/2103 2102/2563/2102
f 2286/2769/2286 2087/2548/2087 2105/2566/2105 2287/2770/2287
f 2287/2770/2287 2105/2566/2105 2106/2567/2106 2346/2833/2346
f 2395/2897/2395 2396/2898/2396 2109/2570/2109 2108/2569/2108
f 2396/2898/2396 2397/2899/2397 2398/2900/2398 2399/2901/2399
f 2397/2899/2397 2400/2902/2400 2401/2903/2401 2398/2900/2398
f 2402/2904/2402 2403/2905/2403 2404/2906/2404 2405/2907/2405
f 2406/2908/2406 2407/2909/2407 2405/2907/2405 2404/2906/2404
f 2408/2910/2408 2409/2911/2409 2410/2912/2410 2411/2913/2411
f 2412/2914/2412 2413/2915/2413 2414/2916/2414 2415/2917/2415
f 2416/2918/2416 2417/2919/2417 2418/2920/2418 2419/2921/2419
f 2134/2922/2134 2418/2920/2418 2417/2919/2417 2135/2923/2135
f 2136/2597/2136 2420/2924/2420 2421/2925/2421 2137/2598/2137
f 2398/2900/2398 2422/2926/2422 2423/2927/2423 2399/2901/2399
f 2421/2925/2421 2420/2924/2420 2424/2928/2424 2425/2929/2425
f 2398/2900/2398 2401/2903/2401 2426/2930/2426 2422/2926/2422
f 2427/2931/2427 2428/2932/2428 2429/2933/2429 2426/2930/2426
f 2430/2934/2430 2431/2935/2431 2432/2936/2432 2433/2937/2433
f 2425/2929/2425 2424/2928/2424 2430/2934/2430 2433/2937/2433
f 2434/2938/2434 2435/2939/2435 2436/2940/2436 2437/2941/2437
f 2156/2617/2156 2159/2620/2159 2438/2942/2438 2439/2943/2439
f 2439/2943/2439 2438/2942/2438 2440/2944/2440 2441/2945/2441
f 2442/2946/2442 2443/2947/2443 2444/2948/2444 2445/2949/2445
f 2446/2950/2446 2447/2951/2447 2448/2952/2448 2449/2953/2449
f 2450/2954/2450 2451/2955/2451 2452/2956/2452 2453/2957/2453
f 2409/2911/2409 2454/2958/2454 2413/2915/2413 2410/2912/2410
f 2175/2636/2175 2455/2959/2455 2456/2960/2456 2176/2637/2176
f 2455/2959/2455 2457/2961/2457 2458/2962/2458 2456/2960/2456
f 2444/2948/2444 2459/2963/2459 2460/2964/2460 2445/2949/2445
f 2448/2952/2448 2461/2965/2461 2462/2966/2462 2449/2953/2449
f 2452/2956/2452 2463/2967/2463 2464/2968/2464 2453/2957/2453
f 2465/2969/2465 2466/2970/2466 2413/2915/2413 2454/2958/2454
f 2467/2971/2467 2468/2972/2468 2469/2973/2469 2400/2902/2400
f 2403/2905/2403 2470/2974/2470 2471/2975/2471 2404/2906/2404
f 2404/2906/2404 2471/2975/2471 2450/2954/2450 2406/2908/2406
f 2472/2976/2472 2196/2657/2196 2195/2656/2195 2399/2901/2399
f 2423/2927/2423 2473/2977/2473 2472/2976/2472 2399/2901/2399
f 2474/2978/2474 2405/2907/2405 2407/2909/2407 2475/2979/2475
f 2426/2930/2426 2429/2933/2429 2476/2980/2476 2422/2926/2422
f 2477/2981/2477 2432/2936/2432 2431/2935/2431 2478/2982/2478
f 2476/2980/2476 2473/2977/2473 2423/2927/2423 2422/2926/2422
f 2479/2983/2479 2475/2979/2475 2480/2984/2480 2481/2985/2481
f 2473/2977/2473 2424/2928/2424 2420/2924/2420 2472/2976/2472
f 2436/2940/2436 2482/2986/2482 2483/2987/2483 2479/2983/2479
f 2476/2980/2476 2429/2933/2429 2431/2935/2431 2430/2934/2430
f 2478/2982/2478 2431/2935/2431 2429/2933/2429 2428/2932/2428
f 2476/2980/2476 2430/2934/2430 2424/2928/2424 2473/2977/2473
f 2481/2985/2481 2437/2941/2437 2436/2940/2436 2479/2983/2479
f 2484/2988/2484 2302/2785/2302 2310/2793/2310 2309/2792/2309
f 2485/2989/2485 2486/2990/2486 2357/2845/2357 2356/2844/2356
f 2292/2775/2292 2487/2991/2487 2488/2992/2488 2489/2993/2489
f 2393/2895/2393 2291/2774/2291 2489/2993/2489 2488/2992/2488
f 2306/2789/2306 2489/2993/2489 2291/2774/2291 2290/2773/2290
f 2362/2862/2362 2304/2787/2304 2306/2789/2306 2290/2773/2290
f 2315/2798/2315 2367/2867/2367 2320/2803/2320 2316/2799/2316
f 2319/2802/2319 2347/2835/2347 2317/2800/2317 2316/2799/2316
f 2350/2838/2350 2490/2994/2490 2322/2805/2322 2321/2804/2321
f 2355/2843/2355 2351/2839/2351 2326/2809/2326 2325/2808/2325
f 2364/2864/2364 2308/2791/2308 2307/2790/2307 2365/2865/2365
f 2373/2873/2373 2305/2788/2305 2304/2787/2304 2362/2862/2362
f 2390/2892/2390 2216/2995/2216 2215/2996/2215 2391/2893/2391
f 2434/2938/2434 2491/2997/2491 2492/2998/2492 2435/2939/2435
f 2434/2938/2434 2493/2999/2493 2494/3000/2494 2491/2997/2491
f 2433/2937/2433 2432/2936/2432 649/3001/649 652/3002/652
f 2433/2937/2433 652/3002/652 660/3003/660 2425/2929/2425
f 660/3003/660 654/3004/654 2421/2925/2421 2425/2929/2425
f 2432/2936/2432 2477/2981/2477 658/3005/658 649/3001/649
f 2477/2981/2477 2495/3006/2495 635/3007/635 658/3005/658
f 2494/3000/2494 2493/2999/2493 2496/3008/2496 2497/3009/2497
f 2497/3009/2497 640/3010/640 643/3011/643 2494/3000/2494
f 2498/3012/2498 2499/3013/2499 2500/3014/2500 2501/3015/2501
f 2502/3016/2502 2503/3017/2503 2504/3018/2504 2505/3019/2505
f 2506/3020/2506 2502/3016/2502 2505/3019/2505 2493/2999/2493
f 2493/2999/2493 2505/3019/2505 2507/3021/2507 2496/3008/2496
f 2508/3022/2508 669/3023/669 640/3010/640 2497/3009/2497
f 636/3024/636 635/3007/635 2495/3006/2495 2509/3025/2509
f 2509/3025/2509 2495/3006/2495 2435/2939/2435 2492/2998/2492
f 2435/2939/2435 2495/3006/2495 2482/2986/2482 2436/2940/2436
f 2428/2932/2428 2483/2987/2483 2482/2986/2482 2478/2982/2478
f 2478/2982/2478 2482/2986/2482 2495/3006/2495 2477/2981/2477
f 671/3026/671 670/3027/670 2510/3028/2510 2511/3029/2511
f 669/3023/669 2508/3022/2508 2510/3028/2510 670/3027/670
f 2510/3028/2510 2508/3022/2508 2512/3030/2512 2513/3031/2513
f 2497/3009/2497 2496/3008/2496 2512/3030/2512 2508/3022/2508
f 2514/3032/2514 2512/3030/2512 2496/3008/2496 2507/3021/2507
f 2501/3015/2501 2515/3033/2515 2516/3034/2516 2498/3012/2498
f 2513/3031/2513 2512/3030/2512 2514/3032/2514 2517/3035/2517
f 2517/3035/2517 2518/3036/2518 2519/3037/2519 2513/3031/2513
f 2511/3029/2511 2510/3028/2510 2513/3031/2513 2519/3037/2519
f 2420/2924/2420 2136/2597/2136 2196/2657/2196 2472/2976/2472
f 2134/2922/2134 2247/3038/2247 2520/3039/2520 2418/2920/2418
f 2501/3015/2501 2249/3040/2249 2248/3041/2248 2515/3033/2515
f 2250/3042/2250 741/3043/741 671/3026/671 2511/3029/2511
f 2519/3037/2519 2251/3044/2251 2250/3042/2250 2511/3029/2511
f 2518/3036/2518 2252/3045/2252 2251/3044/2251 2519/3037/2519
f 2509/3025/2509 614/3046/614 617/3047/617 636/3024/636
f 626/3048/626 629/3049/629 2494/3000/2494 643/3011/643
f 629/3049/629 630/3050/630 2491/2997/2491 2494/3000/2494
f 2491/2997/2491 630/3050/630 633/3051/633 2492/2998/2492
f 2492/2998/2492 633/3051/633 614/3046/614 2509/3025/2509
f 2346/2880/2346 2106/3052/2106 2253/3053/2253 2378/2879/2378
f 2254/3054/2254 2257/3055/2257 2521/3056/2521 2522/3057/2522
f 2521/3056/2521 2257/3055/2257 2258/3058/2258 2382/2884/2382
f 2382/2884/2382 2258/3058/2258 2259/3059/2259 2383/2885/2383
f 654/3004/654 653/2741/653 2137/2598/2137 2421/2925/2421
f 2301/2784/2301 2297/2780/2297 2310/2793/2310 2302/2785/2302
f 2381/2883/2381 2380/2882/2380 2388/2890/2388 2387/2889/2387
f 2384/2886/2384 2383/2885/2383 2390/2892/2390 2389/2891/2389
f 2393/2895/2393 2102/2563/2102 2086/2547/2086 2291/2774/2291
f 2484/2988/2484 2523/3060/2523 2303/2786/2303 2302/2785/2302
f 2486/2990/2486 2485/2989/2485 2524/3061/2524 2525/3062/2525
f 2526/3063/2526 2459/2963/2459 2457/2961/2457 2527/3064/2527
f 2488/2992/2488 2527/3064/2527 2394/2896/2394 2393/2895/2393
f 2216/2995/2216 2390/2892/2390 2383/2885/2383 2259/3059/2259
f 2378/2879/2378 2253/3053/2253 2254/3054/2254 2522/3057/2522
f 2475/2979/2475 2479/2983/2479 2483/2987/2483 2474/2978/2474
f 2419/2921/2419 2418/2920/2418 2520/3039/2520 2528/3065/2528
f 2529/3066/2529 2412/2914/2412 2415/2917/2415 2530/3067/2530
f 2247/3038/2247 2268/3068/2268 2500/3014/2500 2520/3039/2520
f 2311/2794/2311 2310/2793/2310 2297/2780/2297 2296/2779/2296
f 2531/3069/2531 2532/3070/2532 2301/2784/2301 2300/2783/2300
f 2314/2797/2314 2311/2794/2311 2296/2779/2296 2308/2791/2308
f 2376/2876/2376 2533/3071/2533 2364/2864/2364 2363/2863/2363
f 2366/2866/2366 2372/2872/2372 2374/2874/2374 2363/2863/2363
f 2379/2881/2379 341/3072/341 336/2878/336 2377/2877/2377
f 2372/2872/2372 2379/2881/2379 2377/2877/2377 2374/2874/2374
f 2401/2903/2401 2400/2902/2400 2403/2905/2403 2402/2904/2402
f 2447/2951/2447 2442/2946/2442 2445/2949/2445 2448/2952/2448
f 2445/2949/2445 2460/2964/2460 2461/2965/2461 2448/2952/2448
f 2403/2905/2403 2400/2902/2400 2469/2973/2469 2470/2974/2470
f 2533/3071/2533 2314/2797/2314 2308/2791/2308 2364/2864/2364
f 2532/3070/2532 2295/2778/2295 2297/2780/2297 2301/2784/2301
f 2474/2978/2474 2483/2987/2483 2428/2932/2428 2427/2931/2427
f 2427/2931/2427 2402/2904/2402 2405/2907/2405 2474/2978/2474
f 2426/2930/2426 2401/2903/2401 2402/2904/2402 2427/2931/2427
f 2292/2775/2292 2489/2993/2489 2306/2789/2306 2293/2776/2293
f 2305/2788/2305 2307/2790/2307 2294/2777/2294 2293/2776/2293
f 341/3072/341 2379/2881/2379 2361/2861/2361 338/2860/338
f 2299/2782/2299 2298/2781/2298 2371/2871/2371 2370/2870/2370
f 2366/2866/2366 2365/2865/2365 2373/2873/2373 2370/2870/2370
f 2298/2781/2298 2360/2859/2360 2361/2861/2361 2371/2871/2371
f 2440/2944/2440 2458/2962/2458 2444/2948/2444 2443/2947/2443
f 2458/2962/2458 2457/2961/2457 2459/2963/2459 2444/2948/2444
f 2295/2778/2295 2532/3070/2532 2487/2991/2487 2292/2775/2292
f 2365/2865/2365 2307/2790/2307 2305/2788/2305 2373/2873/2373
f 2531/3069/2531 2460/2964/2460 2459/2963/2459 2526/3063/2526
f 2108/2569/2108 2156/2617/2156 2439/2943/2439 2395/2897/2395
f 2395/2897/2395 2439/2943/2439 2441/2945/2441 2534/3073/2534
f 2534/3073/2534 2441/2945/2441 2468/2972/2468 2467/2971/2467
f 2349/2837/2349 2357/2845/2357 2309/2792/2309 2312/2795/2312
f 2317/2800/2317 2349/2837/2349 2312/2795/2312 2313/2796/2313
f 2314/2797/2314 2533/3071/2533 2315/2798/2315 2313/2796/2313
f 331/2829/331 2345/2832/2345 2342/2827/2342 325/2826/325
f 2376/2876/2376 2375/2875/2375 2368/2868/2368 2367/2867/2367
f 2368/2868/2368 2375/2875/2375 2343/2828/2343 2342/2827/2342
f 2449/2953/2449 2462/2966/2462 2463/2967/2463 2452/2956/2452
f 2309/2792/2309 2357/2845/2357 2486/2990/2486 2484/2988/2484
f 2533/3071/2533 2376/2876/2376 2367/2867/2367 2315/2798/2315
f 2523/3060/2523 2525/3062/2525 2464/2968/2464 2463/2967/2463
f 2159/2620/2159 2176/2637/2176 2456/2960/2456 2438/2942/2438
f 2438/2942/2438 2456/2960/2456 2458/2962/2458 2440/2944/2440
f 2469/2973/2469 2468/2972/2468 2443/2947/2443 2442/2946/2442
f 2471/2975/2471 2470/2974/2470 2447/2951/2447 2446/2950/2446
f 2470/2974/2470 2469/2973/2469 2442/2946/2442 2447/2951/2447
f 2468/2972/2468 2441/2945/2441 2440/2944/2440 2443/2947/2443
f 2446/2950/2446 2449/2953/2449 2452/2956/2452 2451/2955/2451
f 2471/2975/2471 2446/2950/2446 2451/2955/2451 2450/2954/2450
f 2323/2806/2323 2322/2805/2322 2319/2802/2319 2318/2801/2318
f 2318/2801/2318 2320/2803/2320 2369/2869/2369 2329/2812/2329
f 330/2830/330 345/2850/345 2331/2814/2331 2344/2831/2344
f 2490/2994/2490 2535/3074/2535 2348/2836/2348 2347/2835/2347
f 2535/3074/2535 2536/3075/2536 2356/2844/2356 2348/2836/2348
f 2329/2812/2329 2369/2869/2369 2345/2832/2345 2344/2831/2344
f 2536/3075/2536 2537/3076/2537 2485/2989/2485 2356/2844/2356
f 2322/2805/2322 2490/2994/2490 2347/2835/2347 2319/2802/2319
f 2303/2786/2303 2462/2966/2462 2461/2965/2461 2300/2783/2300
f 2455/2959/2455 2175/2636/2175 2103/2564/2103 2394/2896/2394
f 2523/3060/2523 2463/2967/2463 2462/2966/2462 2303/2786/2303
f 2527/3064/2527 2488/2992/2488 2487/2991/2487 2526/3063/2526
f 2527/3064/2527 2457/2961/2457 2455/2959/2455 2394/2896/2394
f 2300/2783/2300 2461/2965/2461 2460/2964/2460 2531/3069/2531
f 2526/3063/2526 2487/2991/2487 2532/3070/2532 2531/3069/2531
f 2484/2988/2484 2486/2990/2486 2525/3062/2525 2523/3060/2523
f 2324/2807/2324 2327/2810/2327 2326/2809/2326 2321/2804/2321
f 2336/2819/2336 2335/2818/2335 2333/2816/2333 2332/2815/2332
f 2353/2841/2353 2535/3074/2535 2490/2994/2490 2350/2838/2350
f 348/2849/348 2336/2819/2336 2332/2815/2332 344/2851/344
f 2333/2816/2333 2335/2818/2335 2327/2810/2327 2324/2807/2324
f 2381/2883/2381 2536/3075/2536 2535/3074/2535 2353/2841/2353
f 2321/2804/2321 2326/2809/2326 2351/2839/2351 2350/2838/2350
f 2387/2889/2387 2537/3076/2537 2536/3075/2536 2381/2883/2381
f 2385/2887/2385 2466/2970/2466 2538/3077/2538 2386/2888/2386
f 2538/3077/2538 2537/3076/2537 2387/2889/2387 2386/2888/2386
f 2409/2911/2409 2450/2954/2450 2453/2957/2453 2454/2958/2454
f 2454/2958/2454 2453/2957/2453 2464/2968/2464 2465/2969/2465
f 2465/2969/2465 2464/2968/2464 2525/3062/2525 2524/3061/2524
f 2485/2989/2485 2537/3076/2537 2538/3077/2538 2524/3061/2524
f 2524/3061/2524 2538/3077/2538 2466/2970/2466 2465/2969/2465
f 2412/2914/2412 2539/3078/2539 2410/2912/2410 2413/2915/2413
f 2540/3079/2540 2539/3078/2539 2412/2914/2412 2529/3066/2529
f 2540/3079/2540 2481/2985/2481 2480/2984/2480 2539/3078/2539
f 2437/2941/2437 2481/2985/2481 2540/3079/2540 2506/3020/2506
f 2434/2938/2434 2437/2941/2437 2506/3020/2506 2493/2999/2493
f 2410/2912/2410 2539/3078/2539 2480/2984/2480 2411/2913/2411
f 2406/2908/2406 2450/2954/2450 2409/2911/2409 2408/2910/2408
f 2408/2910/2408 2411/2913/2411 2407/2909/2407 2406/2908/2406
f 2480/2984/2480 2475/2979/2475 2407/2909/2407 2411/2913/2411
f 2499/3013/2499 2528/3065/2528 2520/3039/2520 2500/3014/2500
f 2502/3016/2502 2529/3066/2529 2530/3067/2530 2503/3017/2503
f 2268/3068/2268 2249/3040/2249 2501/3015/2501 2500/3014/2500
f 2506/3020/2506 2540/3079/2540 2529/3066/2529 2502/3016/2502
f 2328/2811/2328 2378/2879/2378 2522/3057/2522 2325/2808/2325
f 2337/2820/2337 2338/2821/2338 2341/2824/2341 2334/2817/2334
f 2355/2843/2355 2521/3056/2521 2382/2884/2382 2354/2842/2354
f 350/2846/350 2338/2821/2338 2337/2820/2337 347/2848/347
f 2334/2817/2334 2341/2824/2341 2378/2879/2378 2328/2811/2328
f 2384/2886/2384 2380/2882/2380 2352/2840/2352 2354/2842/2354
f 2392/2894/2392 2385/2887/2385 2388/2890/2388 2389/2891/2389
f 2419/2921/2419 2415/2917/2415 2414/2916/2414 2416/2918/2416
f 2416/2918/2416 2414/2916/2414 2385/2887/2385 2392/2894/2392
f 2325/2808/2325 2522/3057/2522 2521/3056/2521 2355/2843/2355
f 2504/3018/2504 2503/3017/2503 2499/3013/2499 2498/3012/2498
f 2541/3080/2541 2518/3036/2518 2517/3035/2517 2542/3081/2542
f 2515/3033/2515 2248/3041/2248 2281/3082/2281 2541/3080/2541
f 2389/2891/2389 2388/2890/2388 2380/2882/2380 2384/2886/2384
f 2528/3065/2528 2530/3067/2530 2415/2917/2415 2419/2921/2419
f 2499/3013/2499 2503/3017/2503 2530/3067/2530 2528/3065/2528
f 2392/2894/2392 2391/2893/2391 2417/2919/2417 2416/2918/2416
f 2391/2893/2391 2215/2996/2215 2135/2923/2135 2417/2919/2417
f 2413/2915/2413 2466/2970/2466 2385/2887/2385 2414/2916/2414
f 2396/2898/2396 2399/2901/2399 2195/2656/2195 2109/2570/2109
f 2396/2898/2396 2395/2897/2395 2534/3073/2534 2397/2899/2397
f 2534/3073/2534 2467/2971/2467 2400/2902/2400 2397/2899/2397
f 2507/3021/2507 2543/3083/2543 2544/3084/2544 2514/3032/2514
f 2504/3018/2504 2543/3083/2543 2507/3021/2507 2505/3019/2505
f 2498/3012/2498 2516/3034/2516 2543/3083/2543 2504/3018/2504
f 2543/3083/2543 2516/3034/2516 2542/3081/2542 2544/3084/2544
f 2515/3033/2515 2541/3080/2541 2542/3081/2542 2516/3034/2516
f 2541/3080/2541 2281/3082/2281 2252/3045/2252 2518/3036/2518
f 2544/3084/2544 2542/3081/2542 2517/3035/2517 2514/3032/2514
