# This file uses centimeters as units for non-parametric coordinates.

mtllib TorusX3_box.mtl
g default
v 6.259687 0.000000 -2.033895
v 5.324808 0.000000 -3.868699
v 3.868699 0.000000 -5.324807
v 2.033895 0.000000 -6.259686
v 0.000000 0.000000 -6.581823
v -2.033895 0.000000 -6.259686
v -3.868698 0.000000 -5.324806
v -5.324806 0.000000 -3.868698
v -6.259684 0.000000 -2.033895
v -6.581821 0.000000 0.000000
v -6.259684 0.000000 2.033895
v -5.324805 0.000000 3.868697
v -3.868697 0.000000 5.324805
v -2.033895 0.000000 6.259684
v -0.000000 0.000000 6.581821
v 2.033894 0.000000 6.259683
v 3.868697 0.000000 5.324805
v 5.324804 0.000000 3.868697
v 6.259683 0.000000 2.033894
v 6.581820 0.000000 0.000000
v 6.309102 0.328047 -2.049951
v 5.366842 0.328047 -3.899239
v 3.899239 0.328047 -5.366842
v 2.049951 0.328047 -6.309101
v 0.000000 0.328047 -6.633781
v -2.049951 0.328047 -6.309100
v -3.899238 0.328047 -5.366841
v -5.366840 0.328047 -3.899238
v -6.309099 0.328047 -2.049951
v -6.633779 0.328047 0.000000
v -6.309099 0.328047 2.049951
v -5.366840 0.328047 3.899237
v -3.899237 0.328047 5.366839
v -2.049951 0.328047 6.309098
v -0.000000 0.328047 6.633779
v 2.049950 0.328047 6.309098
v 3.899236 0.328047 5.366839
v 5.366839 0.328047 3.899237
v 6.309098 0.328047 2.049950
v 6.633778 0.328047 0.000000
v 6.452508 0.623983 -2.096547
v 5.488831 0.623983 -3.987869
v 3.987869 0.623983 -5.488831
v 2.096547 0.623983 -6.452507
v 0.000000 0.623983 -6.784567
v -2.096547 0.623983 -6.452507
v -3.987868 0.623983 -5.488830
v -5.488829 0.623983 -3.987868
v -6.452506 0.623983 -2.096546
v -6.784566 0.623983 0.000000
v -6.452506 0.623983 2.096546
v -5.488829 0.623983 3.987867
v -3.987867 0.623983 5.488829
v -2.096546 0.623983 6.452505
v -0.000000 0.623983 6.784565
v 2.096545 0.623983 6.452504
v 3.987867 0.623983 5.488828
v 5.488828 0.623983 3.987867
v 6.452504 0.623983 2.096546
v 6.784564 0.623983 0.000000
v 6.675870 0.858839 -2.169122
v 5.678834 0.858839 -4.125914
v 4.125914 0.858839 -5.678834
v 2.169121 0.858839 -6.675869
v 0.000000 0.858839 -7.019424
v -2.169121 0.858839 -6.675869
v -4.125913 0.858839 -5.678832
v -5.678832 0.858839 -4.125913
v -6.675867 0.858839 -2.169121
v -7.019422 0.858839 0.000000
v -6.675867 0.858839 2.169121
v -5.678832 0.858839 4.125912
v -4.125912 0.858839 5.678831
v -2.169121 0.858839 6.675867
v -0.000000 0.858839 7.019421
v 2.169120 0.858839 6.675866
v 4.125912 0.858839 5.678831
v 5.678830 0.858839 4.125912
v 6.675866 0.858839 2.169120
v 7.019420 0.858839 0.000000
v 6.957322 1.009626 -2.260571
v 5.918252 1.009626 -4.299861
v 4.299861 1.009626 -5.918251
v 2.260570 1.009626 -6.957321
v 0.000000 1.009626 -7.315360
v -2.260570 1.009626 -6.957321
v -4.299860 1.009626 -5.918249
v -5.918249 1.009626 -4.299860
v -6.957319 1.009626 -2.260570
v -7.315358 1.009626 0.000000
v -6.957319 1.009626 2.260570
v -5.918249 1.009626 4.299859
v -4.299859 1.009626 5.918248
v -2.260570 1.009626 6.957318
v -0.000000 1.009626 7.315357
v 2.260569 1.009626 6.957317
v 4.299858 1.009626 5.918248
v 5.918247 1.009626 4.299859
v 6.957317 1.009626 2.260569
v 7.315356 1.009626 0.000000
v 7.269314 1.061584 -2.361943
v 6.183647 1.061584 -4.492683
v 4.492683 1.061584 -6.183647
v 2.361943 1.061584 -7.269313
v 0.000000 1.061584 -7.643407
v -2.361943 1.061584 -7.269312
v -4.492682 1.061584 -6.183646
v -6.183645 1.061584 -4.492681
v -7.269311 1.061584 -2.361942
v -7.643406 1.061584 0.000000
v -7.269311 1.061584 2.361942
v -6.183645 1.061584 4.492681
v -4.492681 1.061584 6.183644
v -2.361942 1.061584 7.269310
v -0.000000 1.061584 7.643405
v 2.361942 1.061584 7.269309
v 4.492680 1.061584 6.183644
v 6.183643 1.061584 4.492681
v 7.269309 1.061584 2.361942
v 7.643404 1.061584 0.000000
v 7.581306 1.009626 -2.463315
v 6.449044 1.009626 -4.685504
v 4.685504 1.009626 -6.449043
v 2.463315 1.009626 -7.581305
v 0.000000 1.009626 -7.971456
v -2.463315 1.009626 -7.581304
v -4.685503 1.009626 -6.449042
v -6.449041 1.009626 -4.685503
v -7.581303 1.009626 -2.463314
v -7.971453 1.009626 0.000000
v -7.581303 1.009626 2.463314
v -6.449041 1.009626 4.685502
v -4.685502 1.009626 6.449041
v -2.463314 1.009626 7.581302
v -0.000000 1.009626 7.971452
v 2.463314 1.009626 7.581301
v 4.685502 1.009626 6.449040
v 6.449040 1.009626 4.685502
v 7.581301 1.009626 2.463314
v 7.971451 1.009626 0.000000
v 7.862758 0.858840 -2.554765
v 6.688461 0.858840 -4.859451
v 4.859451 0.858840 -6.688461
v 2.554765 0.858840 -7.862757
v 0.000000 0.858840 -8.267391
v -2.554765 0.858840 -7.862756
v -4.859450 0.858840 -6.688459
v -6.688459 0.858840 -4.859450
v -7.862755 0.858840 -2.554764
v -8.267389 0.858840 0.000000
v -7.862755 0.858840 2.554764
v -6.688458 0.858840 4.859449
v -4.859449 0.858840 6.688458
v -2.554764 0.858840 7.862754
v -0.000000 0.858840 8.267388
v 2.554763 0.858840 7.862753
v 4.859448 0.858840 6.688457
v 6.688457 0.858840 4.859449
v 7.862753 0.858840 2.554763
v 8.267387 0.858840 0.000000
v 8.086119 0.623983 -2.627339
v 6.878464 0.623983 -4.997496
v 4.997496 0.623983 -6.878464
v 2.627339 0.623983 -8.086118
v 0.000000 0.623983 -8.502247
v -2.627339 0.623983 -8.086117
v -4.997495 0.623983 -6.878462
v -6.878462 0.623983 -4.997495
v -8.086116 0.623983 -2.627338
v -8.502245 0.623983 0.000000
v -8.086116 0.623983 2.627338
v -6.878461 0.623983 4.997494
v -4.997494 0.623983 6.878461
v -2.627338 0.623983 8.086115
v -0.000000 0.623983 8.502244
v 2.627338 0.623983 8.086114
v 4.997493 0.623983 6.878460
v 6.878460 0.623983 4.997494
v 8.086114 0.623983 2.627338
v 8.502243 0.623983 0.000000
v 8.229526 0.328048 -2.673935
v 7.000453 0.328048 -5.086126
v 5.086126 0.328048 -7.000453
v 2.673935 0.328048 -8.229525
v 0.000000 0.328048 -8.653034
v -2.673935 0.328048 -8.229524
v -5.086125 0.328048 -7.000451
v -7.000451 0.328048 -5.086125
v -8.229523 0.328048 -2.673934
v -8.653032 0.328048 0.000000
v -8.229523 0.328048 2.673934
v -7.000450 0.328048 5.086124
v -5.086124 0.328048 7.000449
v -2.673934 0.328048 8.229522
v -0.000000 0.328048 8.653031
v 2.673933 0.328048 8.229521
v 5.086123 0.328048 7.000449
v 7.000448 0.328048 5.086124
v 8.229521 0.328048 2.673933
v 8.653030 0.328048 0.000000
v 8.278941 0.000000 -2.689991
v 7.042488 0.000000 -5.116666
v 5.116666 0.000000 -7.042487
v 2.689990 0.000000 -8.278940
v 0.000000 0.000000 -8.704992
v -2.689990 0.000000 -8.278939
v -5.116665 0.000000 -7.042486
v -7.042485 0.000000 -5.116665
v -8.278938 0.000000 -2.689990
v -8.704990 0.000000 0.000000
v -8.278938 0.000000 2.689990
v -7.042485 0.000000 5.116664
v -5.116664 0.000000 7.042484
v -2.689990 0.000000 8.278937
v -0.000000 0.000000 8.704989
v 2.689989 0.000000 8.278936
v 5.116663 0.000000 7.042484
v 7.042483 0.000000 5.116664
v 8.278936 0.000000 2.689989
v 8.704988 0.000000 0.000000
v 8.229526 -0.328048 -2.673935
v 7.000453 -0.328048 -5.086126
v 5.086126 -0.328048 -7.000453
v 2.673935 -0.328048 -8.229525
v 0.000000 -0.328048 -8.653034
v -2.673935 -0.328048 -8.229524
v -5.086125 -0.328048 -7.000451
v -7.000451 -0.328048 -5.086125
v -8.229523 -0.328048 -2.673934
v -8.653032 -0.328048 0.000000
v -8.229523 -0.328048 2.673934
v -7.000450 -0.328048 5.086124
v -5.086124 -0.328048 7.000449
v -2.673934 -0.328048 8.229522
v -0.000000 -0.328048 8.653031
v 2.673933 -0.328048 8.229521
v 5.086123 -0.328048 7.000449
v 7.000448 -0.328048 5.086124
v 8.229521 -0.328048 2.673933
v 8.653030 -0.328048 0.000000
v 8.086119 -0.623984 -2.627339
v 6.878464 -0.623984 -4.997496
v 4.997496 -0.623984 -6.878464
v 2.627339 -0.623984 -8.086118
v 0.000000 -0.623984 -8.502247
v -2.627339 -0.623984 -8.086117
v -4.997495 -0.623984 -6.878462
v -6.878462 -0.623984 -4.997495
v -8.086116 -0.623984 -2.627338
v -8.502245 -0.623984 0.000000
v -8.086116 -0.623984 2.627338
v -6.878461 -0.623984 4.997494
v -4.997494 -0.623984 6.878461
v -2.627338 -0.623984 8.086115
v -0.000000 -0.623984 8.502244
v 2.627338 -0.623984 8.086114
v 4.997493 -0.623984 6.878460
v 6.878460 -0.623984 4.997494
v 8.086114 -0.623984 2.627338
v 8.502243 -0.623984 0.000000
v 7.862758 -0.858840 -2.554765
v 6.688462 -0.858840 -4.859451
v 4.859451 -0.858840 -6.688461
v 2.554765 -0.858840 -7.862757
v 0.000000 -0.858840 -8.267392
v -2.554765 -0.858840 -7.862757
v -4.859450 -0.858840 -6.688460
v -6.688459 -0.858840 -4.859450
v -7.862755 -0.858840 -2.554764
v -8.267390 -0.858840 0.000000
v -7.862755 -0.858840 2.554764
v -6.688459 -0.858840 4.859449
v -4.859449 -0.858840 6.688458
v -2.554764 -0.858840 7.862754
v -0.000000 -0.858840 8.267389
v 2.554763 -0.858840 7.862754
v 4.859449 -0.858840 6.688458
v 6.688457 -0.858840 4.859449
v 7.862753 -0.858840 2.554763
v 8.267388 -0.858840 0.000000
v 7.581306 -1.009627 -2.463315
v 6.449044 -1.009627 -4.685504
v 4.685504 -1.009627 -6.449043
v 2.463315 -1.009627 -7.581305
v 0.000000 -1.009627 -7.971456
v -2.463315 -1.009627 -7.581304
v -4.685503 -1.009627 -6.449042
v -6.449041 -1.009627 -4.685503
v -7.581303 -1.009627 -2.463314
v -7.971453 -1.009627 0.000000
v -7.581303 -1.009627 2.463314
v -6.449041 -1.009627 4.685502
v -4.685502 -1.009627 6.449041
v -2.463314 -1.009627 7.581302
v -0.000000 -1.009627 7.971452
v 2.463314 -1.009627 7.581301
v 4.685502 -1.009627 6.449040
v 6.449040 -1.009627 4.685502
v 7.581301 -1.009627 2.463314
v 7.971451 -1.009627 0.000000
v 7.269314 -1.061584 -2.361943
v 6.183647 -1.061584 -4.492683
v 4.492683 -1.061584 -6.183647
v 2.361943 -1.061584 -7.269313
v 0.000000 -1.061584 -7.643407
v -2.361943 -1.061584 -7.269312
v -4.492682 -1.061584 -6.183646
v -6.183645 -1.061584 -4.492681
v -7.269311 -1.061584 -2.361942
v -7.643406 -1.061584 0.000000
v -7.269311 -1.061584 2.361942
v -6.183645 -1.061584 4.492681
v -4.492681 -1.061584 6.183644
v -2.361942 -1.061584 7.269310
v -0.000000 -1.061584 7.643405
v 2.361942 -1.061584 7.269309
v 4.492680 -1.061584 6.183644
v 6.183643 -1.061584 4.492681
v 7.269309 -1.061584 2.361942
v 7.643404 -1.061584 0.000000
v 6.957322 -1.009627 -2.260571
v 5.918252 -1.009627 -4.299861
v 4.299861 -1.009627 -5.918251
v 2.260570 -1.009627 -6.957321
v 0.000000 -1.009627 -7.315360
v -2.260570 -1.009627 -6.957321
v -4.299860 -1.009627 -5.918249
v -5.918249 -1.009627 -4.299860
v -6.957319 -1.009627 -2.260570
v -7.315358 -1.009627 0.000000
v -6.957319 -1.009627 2.260570
v -5.918249 -1.009627 4.299859
v -4.299859 -1.009627 5.918248
v -2.260570 -1.009627 6.957318
v -0.000000 -1.009627 7.315357
v 2.260569 -1.009627 6.957317
v 4.299858 -1.009627 5.918248
v 5.918247 -1.009627 4.299859
v 6.957317 -1.009627 2.260569
v 7.315356 -1.009627 0.000000
v 6.675869 -0.858840 -2.169121
v 5.678834 -0.858840 -4.125914
v 4.125914 -0.858840 -5.678833
v 2.169121 -0.858840 -6.675869
v 0.000000 -0.858840 -7.019423
v -2.169121 -0.858840 -6.675868
v -4.125913 -0.858840 -5.678832
v -5.678832 -0.858840 -4.125913
v -6.675867 -0.858840 -2.169121
v -7.019421 -0.858840 0.000000
v -6.675867 -0.858840 2.169121
v -5.678831 -0.858840 4.125912
v -4.125912 -0.858840 5.678831
v -2.169121 -0.858840 6.675866
v -0.000000 -0.858840 7.019421
v 2.169120 -0.858840 6.675866
v 4.125911 -0.858840 5.678830
v 5.678830 -0.858840 4.125912
v 6.675865 -0.858840 2.169120
v 7.019420 -0.858840 0.000000
v 6.452508 -0.623984 -2.096547
v 5.488831 -0.623984 -3.987869
v 3.987869 -0.623984 -5.488831
v 2.096547 -0.623984 -6.452507
v 0.000000 -0.623984 -6.784567
v -2.096547 -0.623984 -6.452506
v -3.987868 -0.623984 -5.488829
v -5.488829 -0.623984 -3.987868
v -6.452505 -0.623984 -2.096546
v -6.784565 -0.623984 0.000000
v -6.452505 -0.623984 2.096546
v -5.488829 -0.623984 3.987867
v -3.987867 -0.623984 5.488828
v -2.096546 -0.623984 6.452504
v -0.000000 -0.623984 6.784565
v 2.096545 -0.623984 6.452504
v 3.987866 -0.623984 5.488828
v 5.488827 -0.623984 3.987867
v 6.452504 -0.623984 2.096546
v 6.784564 -0.623984 0.000000
v 6.309101 -0.328048 -2.049951
v 5.366842 -0.328048 -3.899239
v 3.899239 -0.328048 -5.366841
v 2.049951 -0.328048 -6.309100
v 0.000000 -0.328048 -6.633780
v -2.049951 -0.328048 -6.309100
v -3.899238 -0.328048 -5.366840
v -5.366840 -0.328048 -3.899237
v -6.309099 -0.328048 -2.049950
v -6.633779 -0.328048 0.000000
v -6.309099 -0.328048 2.049950
v -5.366839 -0.328048 3.899237
v -3.899237 -0.328048 5.366839
v -2.049950 -0.328048 6.309098
v -0.000000 -0.328048 6.633778
v 2.049950 -0.328048 6.309098
v 3.899236 -0.328048 5.366839
v 5.366838 -0.328048 3.899237
v 6.309097 -0.328048 2.049950
v 6.633777 -0.328048 0.000000
vt 0.000000 1.000000
vt 0.050000 1.000000
vt 0.100000 1.000000
vt 0.150000 1.000000
vt 0.200000 1.000000
vt 0.250000 1.000000
vt 0.300000 1.000000
vt 0.350000 1.000000
vt 0.400000 1.000000
vt 0.450000 1.000000
vt 0.500000 1.000000
vt 0.550000 1.000000
vt 0.600000 1.000000
vt 0.650000 1.000000
vt 0.700000 1.000000
vt 0.750000 1.000000
vt 0.800000 1.000000
vt 0.850000 1.000000
vt 0.900000 1.000000
vt 0.950000 1.000000
vt 1.000000 1.000000
vt 0.000000 0.950000
vt 0.050000 0.950000
vt 0.100000 0.950000
vt 0.150000 0.950000
vt 0.200000 0.950000
vt 0.250000 0.950000
vt 0.300000 0.950000
vt 0.350000 0.950000
vt 0.400000 0.950000
vt 0.450000 0.950000
vt 0.500000 0.950000
vt 0.550000 0.950000
vt 0.600000 0.950000
vt 0.650000 0.950000
vt 0.700000 0.950000
vt 0.750000 0.950000
vt 0.800000 0.950000
vt 0.850000 0.950000
vt 0.900000 0.950000
vt 0.950000 0.950000
vt 1.000000 0.950000
vt 0.000000 0.900000
vt 0.050000 0.900000
vt 0.100000 0.900000
vt 0.150000 0.900000
vt 0.200000 0.900000
vt 0.250000 0.900000
vt 0.300000 0.900000
vt 0.350000 0.900000
vt 0.400000 0.900000
vt 0.450000 0.900000
vt 0.500000 0.900000
vt 0.550000 0.900000
vt 0.600000 0.900000
vt 0.650000 0.900000
vt 0.700000 0.900000
vt 0.750000 0.900000
vt 0.800000 0.900000
vt 0.850000 0.900000
vt 0.900000 0.900000
vt 0.950000 0.900000
vt 1.000000 0.900000
vt 0.000000 0.850000
vt 0.050000 0.850000
vt 0.100000 0.850000
vt 0.150000 0.850000
vt 0.200000 0.850000
vt 0.250000 0.850000
vt 0.300000 0.850000
vt 0.350000 0.850000
vt 0.400000 0.850000
vt 0.450000 0.850000
vt 0.500000 0.850000
vt 0.550000 0.850000
vt 0.600000 0.850000
vt 0.650000 0.850000
vt 0.700000 0.850000
vt 0.750000 0.850000
vt 0.800000 0.850000
vt 0.850000 0.850000
vt 0.900000 0.850000
vt 0.950000 0.850000
vt 1.000000 0.850000
vt 0.000000 0.800000
vt 0.050000 0.800000
vt 0.100000 0.800000
vt 0.150000 0.800000
vt 0.200000 0.800000
vt 0.250000 0.800000
vt 0.300000 0.800000
vt 0.350000 0.800000
vt 0.400000 0.800000
vt 0.450000 0.800000
vt 0.500000 0.800000
vt 0.550000 0.800000
vt 0.600000 0.800000
vt 0.650000 0.800000
vt 0.700000 0.800000
vt 0.750000 0.800000
vt 0.800000 0.800000
vt 0.850000 0.800000
vt 0.900000 0.800000
vt 0.950000 0.800000
vt 1.000000 0.800000
vt 0.000000 0.750000
vt 0.050000 0.750000
vt 0.100000 0.750000
vt 0.150000 0.750000
vt 0.200000 0.750000
vt 0.250000 0.750000
vt 0.300000 0.750000
vt 0.350000 0.750000
vt 0.400000 0.750000
vt 0.450000 0.750000
vt 0.500000 0.750000
vt 0.550000 0.750000
vt 0.600000 0.750000
vt 0.650000 0.750000
vt 0.700000 0.750000
vt 0.750000 0.750000
vt 0.800000 0.750000
vt 0.850000 0.750000
vt 0.900000 0.750000
vt 0.950000 0.750000
vt 1.000000 0.750000
vt 0.000000 0.700000
vt 0.050000 0.700000
vt 0.100000 0.700000
vt 0.150000 0.700000
vt 0.200000 0.700000
vt 0.250000 0.700000
vt 0.300000 0.700000
vt 0.350000 0.700000
vt 0.400000 0.700000
vt 0.450000 0.700000
vt 0.500000 0.700000
vt 0.550000 0.700000
vt 0.600000 0.700000
vt 0.650000 0.700000
vt 0.700000 0.700000
vt 0.750000 0.700000
vt 0.800000 0.700000
vt 0.850000 0.700000
vt 0.900000 0.700000
vt 0.950000 0.700000
vt 1.000000 0.700000
vt 0.000000 0.650000
vt 0.050000 0.650000
vt 0.100000 0.650000
vt 0.150000 0.650000
vt 0.200000 0.650000
vt 0.250000 0.650000
vt 0.300000 0.650000
vt 0.350000 0.650000
vt 0.400000 0.650000
vt 0.450000 0.650000
vt 0.500000 0.650000
vt 0.550000 0.650000
vt 0.600000 0.650000
vt 0.650000 0.650000
vt 0.700000 0.650000
vt 0.750000 0.650000
vt 0.800000 0.650000
vt 0.850000 0.650000
vt 0.900000 0.650000
vt 0.950000 0.650000
vt 1.000000 0.650000
vt 0.000000 0.600000
vt 0.050000 0.600000
vt 0.100000 0.600000
vt 0.150000 0.600000
vt 0.200000 0.600000
vt 0.250000 0.600000
vt 0.300000 0.600000
vt 0.350000 0.600000
vt 0.400000 0.600000
vt 0.450000 0.600000
vt 0.500000 0.600000
vt 0.550000 0.600000
vt 0.600000 0.600000
vt 0.650000 0.600000
vt 0.700000 0.600000
vt 0.750000 0.600000
vt 0.800000 0.600000
vt 0.850000 0.600000
vt 0.900000 0.600000
vt 0.950000 0.600000
vt 1.000000 0.600000
vt 0.000000 0.550000
vt 0.050000 0.550000
vt 0.100000 0.550000
vt 0.150000 0.550000
vt 0.200000 0.550000
vt 0.250000 0.550000
vt 0.300000 0.550000
vt 0.350000 0.550000
vt 0.400000 0.550000
vt 0.450000 0.550000
vt 0.500000 0.550000
vt 0.550000 0.550000
vt 0.600000 0.550000
vt 0.650000 0.550000
vt 0.700000 0.550000
vt 0.750000 0.550000
vt 0.800000 0.550000
vt 0.850000 0.550000
vt 0.900000 0.550000
vt 0.950000 0.550000
vt 1.000000 0.550000
vt 0.000000 0.500000
vt 0.050000 0.500000
vt 0.100000 0.500000
vt 0.150000 0.500000
vt 0.200000 0.500000
vt 0.250000 0.500000
vt 0.300000 0.500000
vt 0.350000 0.500000
vt 0.400000 0.500000
vt 0.450000 0.500000
vt 0.500000 0.500000
vt 0.550000 0.500000
vt 0.600000 0.500000
vt 0.650000 0.500000
vt 0.700000 0.500000
vt 0.750000 0.500000
vt 0.800000 0.500000
vt 0.850000 0.500000
vt 0.900000 0.500000
vt 0.950000 0.500000
vt 1.000000 0.500000
vt 0.000000 0.450000
vt 0.050000 0.450000
vt 0.100000 0.450000
vt 0.150000 0.450000
vt 0.200000 0.450000
vt 0.250000 0.450000
vt 0.300000 0.450000
vt 0.350000 0.450000
vt 0.400000 0.450000
vt 0.450000 0.450000
vt 0.500000 0.450000
vt 0.550000 0.450000
vt 0.600000 0.450000
vt 0.650000 0.450000
vt 0.700000 0.450000
vt 0.750000 0.450000
vt 0.800000 0.450000
vt 0.850000 0.450000
vt 0.900000 0.450000
vt 0.950000 0.450000
vt 1.000000 0.450000
vt 0.000000 0.400000
vt 0.050000 0.400000
vt 0.100000 0.400000
vt 0.150000 0.400000
vt 0.200000 0.400000
vt 0.250000 0.400000
vt 0.300000 0.400000
vt 0.350000 0.400000
vt 0.400000 0.400000
vt 0.450000 0.400000
vt 0.500000 0.400000
vt 0.550000 0.400000
vt 0.600000 0.400000
vt 0.650000 0.400000
vt 0.700000 0.400000
vt 0.750000 0.400000
vt 0.800000 0.400000
vt 0.850000 0.400000
vt 0.900000 0.400000
vt 0.950000 0.400000
vt 1.000000 0.400000
vt 0.000000 0.350000
vt 0.050000 0.350000
vt 0.100000 0.350000
vt 0.150000 0.350000
vt 0.200000 0.350000
vt 0.250000 0.350000
vt 0.300000 0.350000
vt 0.350000 0.350000
vt 0.400000 0.350000
vt 0.450000 0.350000
vt 0.500000 0.350000
vt 0.550000 0.350000
vt 0.600000 0.350000
vt 0.650000 0.350000
vt 0.700000 0.350000
vt 0.750000 0.350000
vt 0.800000 0.350000
vt 0.850000 0.350000
vt 0.900000 0.350000
vt 0.950000 0.350000
vt 1.000000 0.350000
vt 0.000000 0.300000
vt 0.050000 0.300000
vt 0.100000 0.300000
vt 0.150000 0.300000
vt 0.200000 0.300000
vt 0.250000 0.300000
vt 0.300000 0.300000
vt 0.350000 0.300000
vt 0.400000 0.300000
vt 0.450000 0.300000
vt 0.500000 0.300000
vt 0.550000 0.300000
vt 0.600000 0.300000
vt 0.650000 0.300000
vt 0.700000 0.300000
vt 0.750000 0.300000
vt 0.800000 0.300000
vt 0.850000 0.300000
vt 0.900000 0.300000
vt 0.950000 0.300000
vt 1.000000 0.300000
vt 0.000000 0.250000
vt 0.050000 0.250000
vt 0.100000 0.250000
vt 0.150000 0.250000
vt 0.200000 0.250000
vt 0.250000 0.250000
vt 0.300000 0.250000
vt 0.350000 0.250000
vt 0.400000 0.250000
vt 0.450000 0.250000
vt 0.500000 0.250000
vt 0.550000 0.250000
vt 0.600000 0.250000
vt 0.650000 0.250000
vt 0.700000 0.250000
vt 0.750000 0.250000
vt 0.800000 0.250000
vt 0.850000 0.250000
vt 0.900000 0.250000
vt 0.950000 0.250000
vt 1.000000 0.250000
vt 0.000000 0.200000
vt 0.050000 0.200000
vt 0.100000 0.200000
vt 0.150000 0.200000
vt 0.200000 0.200000
vt 0.250000 0.200000
vt 0.300000 0.200000
vt 0.350000 0.200000
vt 0.400000 0.200000
vt 0.450000 0.200000
vt 0.500000 0.200000
vt 0.550000 0.200000
vt 0.600000 0.200000
vt 0.650000 0.200000
vt 0.700000 0.200000
vt 0.750000 0.200000
vt 0.800000 0.200000
vt 0.850000 0.200000
vt 0.900000 0.200000
vt 0.950000 0.200000
vt 1.000000 0.200000
vt 0.000000 0.150000
vt 0.050000 0.150000
vt 0.100000 0.150000
vt 0.150000 0.150000
vt 0.200000 0.150000
vt 0.250000 0.150000
vt 0.300000 0.150000
vt 0.350000 0.150000
vt 0.400000 0.150000
vt 0.450000 0.150000
vt 0.500000 0.150000
vt 0.550000 0.150000
vt 0.600000 0.150000
vt 0.650000 0.150000
vt 0.700000 0.150000
vt 0.750000 0.150000
vt 0.800000 0.150000
vt 0.850000 0.150000
vt 0.900000 0.150000
vt 0.950000 0.150000
vt 1.000000 0.150000
vt 0.000000 0.100000
vt 0.050000 0.100000
vt 0.100000 0.100000
vt 0.150000 0.100000
vt 0.200000 0.100000
vt 0.250000 0.100000
vt 0.300000 0.100000
vt 0.350000 0.100000
vt 0.400000 0.100000
vt 0.450000 0.100000
vt 0.500000 0.100000
vt 0.550000 0.100000
vt 0.600000 0.100000
vt 0.650000 0.100000
vt 0.700000 0.100000
vt 0.750000 0.100000
vt 0.800000 0.100000
vt 0.850000 0.100000
vt 0.900000 0.100000
vt 0.950000 0.100000
vt 1.000000 0.100000
vt 0.000000 0.050000
vt 0.050000 0.050000
vt 0.100000 0.050000
vt 0.150000 0.050000
vt 0.200000 0.050000
vt 0.250000 0.050000
vt 0.300000 0.050000
vt 0.350000 0.050000
vt 0.400000 0.050000
vt 0.450000 0.050000
vt 0.500000 0.050000
vt 0.550000 0.050000
vt 0.600000 0.050000
vt 0.650000 0.050000
vt 0.700000 0.050000
vt 0.750000 0.050000
vt 0.800000 0.050000
vt 0.850000 0.050000
vt 0.900000 0.050000
vt 0.950000 0.050000
vt 1.000000 0.050000
vt 0.000000 -0.000000
vt 0.050000 -0.000000
vt 0.100000 -0.000000
vt 0.150000 -0.000000
vt 0.200000 -0.000000
vt 0.250000 -0.000000
vt 0.300000 -0.000000
vt 0.350000 -0.000000
vt 0.400000 -0.000000
vt 0.450000 -0.000000
vt 0.500000 -0.000000
vt 0.550000 -0.000000
vt 0.600000 -0.000000
vt 0.650000 -0.000000
vt 0.700000 -0.000000
vt 0.750000 -0.000000
vt 0.800000 -0.000000
vt 0.850000 -0.000000
vt 0.900000 -0.000000
vt 0.950000 -0.000000
vt 1.000000 -0.000000
vn -0.809017 0.000001 0.587785
vn -0.951057 0.000000 0.309016
vn -0.902744 0.314671 0.293318
vn -0.767919 0.314672 0.557926
vn -0.587785 0.000001 0.809017
vn -0.557926 0.314672 0.767920
vn -0.309017 0.000001 0.951057
vn -0.293319 0.314671 0.902744
vn 0.000000 0.000001 1.000000
vn 0.000000 0.314671 0.949201
vn 0.309017 0.000001 0.951056
vn 0.293319 0.314671 0.902744
vn 0.587785 0.000001 0.809017
vn 0.557926 0.314671 0.767920
vn 0.809017 0.000001 0.587785
vn 0.767920 0.314671 0.557926
vn 0.951056 0.000002 0.309017
vn 0.902744 0.314671 0.293319
vn 1.000000 0.000002 0.000000
vn 0.949201 0.314671 0.000000
vn 0.951057 0.000001 -0.309017
vn 0.902744 0.314671 -0.293319
vn 0.809017 0.000000 -0.587785
vn 0.767919 0.314671 -0.557926
vn 0.587785 0.000001 -0.809017
vn 0.557926 0.314671 -0.767920
vn 0.309017 0.000001 -0.951056
vn 0.293319 0.314671 -0.902744
vn -0.000000 0.000001 -1.000000
vn -0.000000 0.314671 -0.949201
vn -0.309017 0.000001 -0.951056
vn -0.293319 0.314671 -0.902744
vn -0.587785 0.000001 -0.809017
vn -0.557926 0.314671 -0.767920
vn -0.809017 0.000001 -0.587785
vn -0.767920 0.314671 -0.557926
vn -0.951056 0.000001 -0.309017
vn -0.902744 0.314671 -0.293319
vn -1.000000 -0.000000 -0.000001
vn -0.949201 0.314671 -0.000001
vn -0.763060 0.596882 0.247932
vn -0.649098 0.596882 0.471597
vn -0.471597 0.596883 0.649098
vn -0.247933 0.596883 0.763060
vn 0.000000 0.596883 0.802328
vn 0.247933 0.596883 0.763060
vn 0.471597 0.596883 0.649097
vn 0.649098 0.596882 0.471597
vn 0.763060 0.596882 0.247933
vn 0.802329 0.596882 0.000000
vn 0.763060 0.596883 -0.247933
vn 0.649097 0.596883 -0.471597
vn 0.471597 0.596882 -0.649098
vn 0.247933 0.596882 -0.763060
vn -0.000000 0.596882 -0.802329
vn -0.247933 0.596882 -0.763060
vn -0.471597 0.596882 -0.649098
vn -0.649098 0.596882 -0.471597
vn -0.763060 0.596883 -0.247933
vn -0.802328 0.596883 -0.000001
vn -0.547036 0.818022 0.177742
vn -0.465336 0.818022 0.338086
vn -0.338086 0.818022 0.465336
vn -0.177742 0.818022 0.547035
vn 0.000000 0.818022 0.575187
vn 0.177743 0.818022 0.547035
vn 0.338086 0.818022 0.465336
vn 0.465336 0.818022 0.338086
vn 0.547035 0.818022 0.177742
vn 0.575187 0.818022 0.000000
vn 0.547035 0.818022 -0.177742
vn 0.465336 0.818022 -0.338086
vn 0.338086 0.818022 -0.465336
vn 0.177742 0.818022 -0.547035
vn -0.000000 0.818022 -0.575187
vn -0.177743 0.818022 -0.547035
vn -0.338086 0.818022 -0.465336
vn -0.465336 0.818022 -0.338086
vn -0.547035 0.818022 -0.177742
vn -0.575187 0.818022 -0.000001
vn -0.277442 0.956504 0.090146
vn -0.236006 0.956504 0.171469
vn -0.171469 0.956504 0.236007
vn -0.090146 0.956504 0.277442
vn 0.000000 0.956504 0.291720
vn 0.090146 0.956504 0.277442
vn 0.171469 0.956504 0.236006
vn 0.236007 0.956504 0.171469
vn 0.277442 0.956504 0.090146
vn 0.291720 0.956504 0.000000
vn 0.277442 0.956504 -0.090146
vn 0.236007 0.956504 -0.171469
vn 0.171469 0.956504 -0.236006
vn 0.090146 0.956504 -0.277442
vn -0.000000 0.956504 -0.291720
vn -0.090147 0.956504 -0.277442
vn -0.171469 0.956504 -0.236006
vn -0.236006 0.956504 -0.171469
vn -0.277442 0.956504 -0.090146
vn -0.291720 0.956504 -0.000000
vn 0.018067 0.999820 -0.005870
vn 0.015369 0.999820 -0.011166
vn 0.011166 0.999820 -0.015369
vn 0.005870 0.999820 -0.018067
vn -0.000000 0.999820 -0.018997
vn -0.005870 0.999820 -0.018067
vn -0.011166 0.999820 -0.015369
vn -0.015369 0.999820 -0.011166
vn -0.018067 0.999820 -0.005870
vn -0.018997 0.999820 -0.000000
vn -0.018067 0.999820 0.005870
vn -0.015369 0.999820 0.011166
vn -0.011166 0.999820 0.015369
vn -0.005870 0.999820 0.018067
vn 0.000000 0.999820 0.018997
vn 0.005870 0.999820 0.018067
vn 0.011166 0.999820 0.015369
vn 0.015369 0.999820 0.011166
vn 0.018067 0.999820 0.005870
vn 0.018997 0.999820 0.000000
vn 0.310135 0.945337 -0.100769
vn 0.263817 0.945337 -0.191674
vn 0.191674 0.945337 -0.263817
vn 0.100769 0.945337 -0.310135
vn -0.000000 0.945337 -0.326095
vn -0.100769 0.945337 -0.310135
vn -0.191674 0.945337 -0.263817
vn -0.263817 0.945337 -0.191674
vn -0.310136 0.945337 -0.100769
vn -0.326096 0.945337 -0.000000
vn -0.310135 0.945337 0.100769
vn -0.263817 0.945337 0.191674
vn -0.191674 0.945337 0.263817
vn -0.100769 0.945337 0.310135
vn 0.000000 0.945337 0.326096
vn 0.100769 0.945337 0.310135
vn 0.191674 0.945337 0.263817
vn 0.263817 0.945337 0.191674
vn 0.310135 0.945337 0.100769
vn 0.326095 0.945337 0.000000
vn 0.570710 0.799940 -0.185434
vn 0.485474 0.799941 -0.352718
vn 0.352718 0.799941 -0.485474
vn 0.185435 0.799940 -0.570709
vn -0.000000 0.799940 -0.600079
vn -0.185435 0.799941 -0.570709
vn -0.352718 0.799941 -0.485474
vn -0.485474 0.799940 -0.352718
vn -0.570709 0.799940 -0.185435
vn -0.600079 0.799940 -0.000000
vn -0.570709 0.799941 0.185435
vn -0.485474 0.799941 0.352718
vn -0.352718 0.799941 0.485474
vn -0.185435 0.799941 0.570709
vn 0.000000 0.799940 0.600079
vn 0.185435 0.799940 0.570709
vn 0.352718 0.799941 0.485474
vn 0.485475 0.799940 0.352718
vn 0.570710 0.799940 0.185435
vn 0.600079 0.799940 0.000001
vn 0.775569 0.578784 -0.251997
vn 0.659738 0.578784 -0.479327
vn 0.479327 0.578784 -0.659738
vn 0.251997 0.578784 -0.775568
vn 0.000000 0.578784 -0.815481
vn -0.251998 0.578784 -0.775568
vn -0.479328 0.578784 -0.659738
vn -0.659738 0.578784 -0.479328
vn -0.775569 0.578784 -0.251998
vn -0.815481 0.578784 0.000000
vn -0.775568 0.578784 0.251997
vn -0.659738 0.578784 0.479328
vn -0.479328 0.578784 0.659738
vn -0.251998 0.578784 0.775568
vn -0.000000 0.578784 0.815481
vn 0.251998 0.578784 0.775568
vn 0.479328 0.578784 0.659738
vn 0.659738 0.578784 0.479328
vn 0.775569 0.578783 0.251998
vn 0.815481 0.578784 0.000001
vn 0.906204 0.303478 -0.294442
vn 0.770863 0.303477 -0.560064
vn 0.560064 0.303477 -0.770863
vn 0.294443 0.303477 -0.906203
vn -0.000000 0.303477 -0.952839
vn -0.294443 0.303477 -0.906203
vn -0.560065 0.303477 -0.770863
vn -0.770863 0.303477 -0.560064
vn -0.906204 0.303477 -0.294443
vn -0.952839 0.303476 0.000000
vn -0.906204 0.303477 0.294443
vn -0.770863 0.303477 0.560065
vn -0.560065 0.303477 0.770863
vn -0.294443 0.303477 0.906203
vn 0.000000 0.303477 0.952839
vn 0.294444 0.303477 0.906203
vn 0.560065 0.303477 0.770863
vn 0.770863 0.303477 0.560064
vn 0.906203 0.303478 0.294443
vn 0.952839 0.303478 0.000001
vn 0.951057 0.000000 -0.309016
vn 0.809017 0.000000 -0.587785
vn 0.587785 -0.000000 -0.809017
vn 0.309017 -0.000000 -0.951057
vn -0.000000 0.000000 -1.000000
vn -0.309017 0.000000 -0.951056
vn -0.587786 -0.000000 -0.809017
vn -0.809017 0.000000 -0.587785
vn -0.951057 0.000000 -0.309017
vn -1.000000 0.000000 0.000000
vn -0.951057 0.000000 0.309017
vn -0.809017 0.000000 0.587785
vn -0.587785 0.000000 0.809017
vn -0.309017 0.000000 0.951056
vn 0.000000 0.000000 1.000000
vn 0.309017 -0.000000 0.951056
vn 0.587785 0.000000 0.809017
vn 0.809017 -0.000000 0.587785
vn 0.951057 0.000000 0.309017
vn 1.000000 0.000000 0.000001
vn 0.906204 -0.303477 -0.294442
vn 0.770863 -0.303477 -0.560065
vn 0.560064 -0.303477 -0.770863
vn 0.294443 -0.303477 -0.906204
vn -0.000000 -0.303477 -0.952839
vn -0.294443 -0.303477 -0.906203
vn -0.560065 -0.303477 -0.770863
vn -0.770863 -0.303477 -0.560064
vn -0.906204 -0.303477 -0.294443
vn -0.952839 -0.303476 0.000000
vn -0.906204 -0.303477 0.294443
vn -0.770863 -0.303477 0.560065
vn -0.560064 -0.303477 0.770863
vn -0.294443 -0.303477 0.906203
vn 0.000000 -0.303477 0.952839
vn 0.294444 -0.303477 0.906203
vn 0.560064 -0.303477 0.770863
vn 0.770863 -0.303478 0.560064
vn 0.906203 -0.303478 0.294443
vn 0.952839 -0.303478 0.000001
vn 0.775569 -0.578783 -0.251997
vn 0.659738 -0.578783 -0.479328
vn 0.479328 -0.578783 -0.659738
vn 0.251997 -0.578783 -0.775569
vn -0.000000 -0.578783 -0.815481
vn -0.251998 -0.578783 -0.775569
vn -0.479328 -0.578783 -0.659738
vn -0.659738 -0.578783 -0.479328
vn -0.775569 -0.578783 -0.251998
vn -0.815482 -0.578783 -0.000000
vn -0.775569 -0.578783 0.251998
vn -0.659738 -0.578783 0.479328
vn -0.479328 -0.578783 0.659738
vn -0.251998 -0.578783 0.775569
vn 0.000000 -0.578783 0.815481
vn 0.251998 -0.578783 0.775569
vn 0.479328 -0.578783 0.659738
vn 0.659739 -0.578783 0.479328
vn 0.775569 -0.578783 0.251998
vn 0.815482 -0.578783 0.000001
vn 0.570710 -0.799940 -0.185434
vn 0.485475 -0.799940 -0.352718
vn 0.352718 -0.799940 -0.485475
vn 0.185435 -0.799940 -0.570710
vn -0.000000 -0.799940 -0.600080
vn -0.185435 -0.799940 -0.570710
vn -0.352718 -0.799940 -0.485474
vn -0.485475 -0.799940 -0.352718
vn -0.570710 -0.799940 -0.185435
vn -0.600080 -0.799940 -0.000000
vn -0.570710 -0.799940 0.185435
vn -0.485474 -0.799940 0.352718
vn -0.352718 -0.799940 0.485474
vn -0.185435 -0.799940 0.570710
vn 0.000000 -0.799940 0.600080
vn 0.185435 -0.799940 0.570710
vn 0.352718 -0.799940 0.485475
vn 0.485475 -0.799940 0.352718
vn 0.570710 -0.799940 0.185435
vn 0.600080 -0.799940 0.000001
vn 0.310135 -0.945337 -0.100769
vn 0.263817 -0.945337 -0.191674
vn 0.191674 -0.945337 -0.263817
vn 0.100769 -0.945337 -0.310135
vn -0.000000 -0.945337 -0.326095
vn -0.100769 -0.945337 -0.310135
vn -0.191674 -0.945337 -0.263817
vn -0.263817 -0.945337 -0.191674
vn -0.310135 -0.945337 -0.100769
vn -0.326095 -0.945337 -0.000000
vn -0.310135 -0.945337 0.100769
vn -0.263817 -0.945337 0.191674
vn -0.191674 -0.945337 0.263817
vn -0.100769 -0.945337 0.310135
vn 0.000000 -0.945337 0.326095
vn 0.100769 -0.945337 0.310135
vn 0.191674 -0.945337 0.263817
vn 0.263817 -0.945337 0.191674
vn 0.310135 -0.945337 0.100769
vn 0.326095 -0.945337 0.000000
vn 0.018067 -0.999820 -0.005870
vn 0.015369 -0.999820 -0.011166
vn 0.011166 -0.999820 -0.015369
vn 0.005870 -0.999820 -0.018067
vn -0.000000 -0.999820 -0.018997
vn -0.005870 -0.999820 -0.018067
vn -0.011166 -0.999820 -0.015369
vn -0.015369 -0.999820 -0.011166
vn -0.018067 -0.999820 -0.005870
vn -0.018997 -0.999820 -0.000000
vn -0.018067 -0.999820 0.005870
vn -0.015369 -0.999820 0.011166
vn -0.011166 -0.999820 0.015369
vn -0.005870 -0.999820 0.018067
vn 0.000000 -0.999820 0.018997
vn 0.005870 -0.999820 0.018067
vn 0.011166 -0.999820 0.015369
vn 0.015369 -0.999820 0.011166
vn 0.018067 -0.999820 0.005870
vn 0.018997 -0.999820 0.000000
vn -0.277442 -0.956504 0.090146
vn -0.236006 -0.956504 0.171469
vn -0.171469 -0.956504 0.236006
vn -0.090146 -0.956504 0.277442
vn 0.000000 -0.956504 0.291720
vn 0.090146 -0.956504 0.277442
vn 0.171469 -0.956504 0.236006
vn 0.236006 -0.956504 0.171469
vn 0.277442 -0.956504 0.090146
vn 0.291720 -0.956504 -0.000000
vn 0.277442 -0.956504 -0.090146
vn 0.236006 -0.956504 -0.171468
vn 0.171469 -0.956504 -0.236006
vn 0.090146 -0.956504 -0.277442
vn -0.000000 -0.956504 -0.291720
vn -0.090146 -0.956504 -0.277442
vn -0.171469 -0.956504 -0.236006
vn -0.236006 -0.956504 -0.171469
vn -0.277442 -0.956504 -0.090146
vn -0.291720 -0.956504 -0.000000
vn -0.547035 -0.818022 0.177742
vn -0.465336 -0.818022 0.338086
vn -0.338086 -0.818022 0.465336
vn -0.177742 -0.818022 0.547035
vn 0.000000 -0.818022 0.575186
vn 0.177742 -0.818022 0.547035
vn 0.338086 -0.818022 0.465336
vn 0.465336 -0.818022 0.338086
vn 0.547035 -0.818022 0.177742
vn 0.575187 -0.818022 0.000000
vn 0.547035 -0.818022 -0.177742
vn 0.465335 -0.818022 -0.338086
vn 0.338086 -0.818022 -0.465336
vn 0.177742 -0.818022 -0.547035
vn -0.000000 -0.818022 -0.575187
vn -0.177742 -0.818022 -0.547035
vn -0.338086 -0.818022 -0.465336
vn -0.465336 -0.818022 -0.338086
vn -0.547035 -0.818022 -0.177742
vn -0.575187 -0.818022 -0.000001
vn -0.763060 -0.596883 0.247932
vn -0.649097 -0.596883 0.471597
vn -0.471597 -0.596882 0.649098
vn -0.247933 -0.596883 0.763060
vn 0.000000 -0.596883 0.802329
vn 0.247933 -0.596883 0.763060
vn 0.471597 -0.596882 0.649097
vn 0.649098 -0.596882 0.471597
vn 0.763060 -0.596882 0.247933
vn 0.802329 -0.596882 0.000000
vn 0.763060 -0.596882 -0.247933
vn 0.649098 -0.596882 -0.471597
vn 0.471597 -0.596882 -0.649098
vn 0.247933 -0.596882 -0.763060
vn -0.000000 -0.596882 -0.802329
vn -0.247933 -0.596882 -0.763060
vn -0.471597 -0.596882 -0.649098
vn -0.649098 -0.596882 -0.471597
vn -0.763060 -0.596882 -0.247933
vn -0.802329 -0.596882 -0.000001
vn -0.902744 -0.314671 0.293318
vn -0.767920 -0.314670 0.557926
vn -0.557926 -0.314670 0.767920
vn -0.293319 -0.314670 0.902744
vn 0.000000 -0.314670 0.949201
vn 0.293319 -0.314670 0.902744
vn 0.557927 -0.314670 0.767920
vn 0.767920 -0.314670 0.557926
vn 0.902744 -0.314671 0.293319
vn 0.949201 -0.314671 -0.000000
vn 0.902744 -0.314670 -0.293319
vn 0.767920 -0.314670 -0.557926
vn 0.557926 -0.314670 -0.767920
vn 0.293319 -0.314670 -0.902744
vn 0.000000 -0.314670 -0.949201
vn -0.293319 -0.314670 -0.902744
vn -0.557926 -0.314670 -0.767920
vn -0.767920 -0.314670 -0.557926
vn -0.902744 -0.314670 -0.293319
vn -0.949201 -0.314670 -0.000001
s 1
g pTorus1
usemtl initialShadingGroup
f 2/2/1 1/1/2 21/22/3 22/23/4
f 3/3/5 2/2/1 22/23/4 23/24/6
f 4/4/7 3/3/5 23/24/6 24/25/8
f 5/5/9 4/4/7 24/25/8 25/26/10
f 6/6/11 5/5/9 25/26/10 26/27/12
f 7/7/13 6/6/11 26/27/12 27/28/14
f 8/8/15 7/7/13 27/28/14 28/29/16
f 9/9/17 8/8/15 28/29/16 29/30/18
f 10/10/19 9/9/17 29/30/18 30/31/20
f 11/11/21 10/10/19 30/31/20 31/32/22
f 12/12/23 11/11/21 31/32/22 32/33/24
f 13/13/25 12/12/23 32/33/24 33/34/26
f 14/14/27 13/13/25 33/34/26 34/35/28
f 15/15/29 14/14/27 34/35/28 35/36/30
f 16/16/31 15/15/29 35/36/30 36/37/32
f 17/17/33 16/16/31 36/37/32 37/38/34
f 18/18/35 17/17/33 37/38/34 38/39/36
f 19/19/37 18/18/35 38/39/36 39/40/38
f 20/20/39 19/19/37 39/40/38 40/41/40
f 1/21/2 20/20/39 40/41/40 21/42/3
f 22/23/4 21/22/3 41/43/41 42/44/42
f 23/24/6 22/23/4 42/44/42 43/45/43
f 24/25/8 23/24/6 43/45/43 44/46/44
f 25/26/10 24/25/8 44/46/44 45/47/45
f 26/27/12 25/26/10 45/47/45 46/48/46
f 27/28/14 26/27/12 46/48/46 47/49/47
f 28/29/16 27/28/14 47/49/47 48/50/48
f 29/30/18 28/29/16 48/50/48 49/51/49
f 30/31/20 29/30/18 49/51/49 50/52/50
f 31/32/22 30/31/20 50/52/50 51/53/51
f 32/33/24 31/32/22 51/53/51 52/54/52
f 33/34/26 32/33/24 52/54/52 53/55/53
f 34/35/28 33/34/26 53/55/53 54/56/54
f 35/36/30 34/35/28 54/56/54 55/57/55
f 36/37/32 35/36/30 55/57/55 56/58/56
f 37/38/34 36/37/32 56/58/56 57/59/57
f 38/39/36 37/38/34 57/59/57 58/60/58
f 39/40/38 38/39/36 58/60/58 59/61/59
f 40/41/40 39/40/38 59/61/59 60/62/60
f 21/42/3 40/41/40 60/62/60 41/63/41
f 42/44/42 41/43/41 61/64/61 62/65/62
f 43/45/43 42/44/42 62/65/62 63/66/63
f 44/46/44 43/45/43 63/66/63 64/67/64
f 45/47/45 44/46/44 64/67/64 65/68/65
f 46/48/46 45/47/45 65/68/65 66/69/66
f 47/49/47 46/48/46 66/69/66 67/70/67
f 48/50/48 47/49/47 67/70/67 68/71/68
f 49/51/49 48/50/48 68/71/68 69/72/69
f 50/52/50 49/51/49 69/72/69 70/73/70
f 51/53/51 50/52/50 70/73/70 71/74/71
f 52/54/52 51/53/51 71/74/71 72/75/72
f 53/55/53 52/54/52 72/75/72 73/76/73
f 54/56/54 53/55/53 73/76/73 74/77/74
f 55/57/55 54/56/54 74/77/74 75/78/75
f 56/58/56 55/57/55 75/78/75 76/79/76
f 57/59/57 56/58/56 76/79/76 77/80/77
f 58/60/58 57/59/57 77/80/77 78/81/78
f 59/61/59 58/60/58 78/81/78 79/82/79
f 60/62/60 59/61/59 79/82/79 80/83/80
f 41/63/41 60/62/60 80/83/80 61/84/61
f 62/65/62 61/64/61 81/85/81 82/86/82
f 63/66/63 62/65/62 82/86/82 83/87/83
f 64/67/64 63/66/63 83/87/83 84/88/84
f 65/68/65 64/67/64 84/88/84 85/89/85
f 66/69/66 65/68/65 85/89/85 86/90/86
f 67/70/67 66/69/66 86/90/86 87/91/87
f 68/71/68 67/70/67 87/91/87 88/92/88
f 69/72/69 68/71/68 88/92/88 89/93/89
f 70/73/70 69/72/69 89/93/89 90/94/90
f 71/74/71 70/73/70 90/94/90 91/95/91
f 72/75/72 71/74/71 91/95/91 92/96/92
f 73/76/73 72/75/72 92/96/92 93/97/93
f 74/77/74 73/76/73 93/97/93 94/98/94
f 75/78/75 74/77/74 94/98/94 95/99/95
f 76/79/76 75/78/75 95/99/95 96/100/96
f 77/80/77 76/79/76 96/100/96 97/101/97
f 78/81/78 77/80/77 97/101/97 98/102/98
f 79/82/79 78/81/78 98/102/98 99/103/99
f 80/83/80 79/82/79 99/103/99 100/104/100
f 61/84/61 80/83/80 100/104/100 81/105/81
f 82/86/82 81/85/81 101/106/101 102/107/102
f 83/87/83 82/86/82 102/107/102 103/108/103
f 84/88/84 83/87/83 103/108/103 104/109/104
f 85/89/85 84/88/84 104/109/104 105/110/105
f 86/90/86 85/89/85 105/110/105 106/111/106
f 87/91/87 86/90/86 106/111/106 107/112/107
f 88/92/88 87/91/87 107/112/107 108/113/108
f 89/93/89 88/92/88 108/113/108 109/114/109
f 90/94/90 89/93/89 109/114/109 110/115/110
f 91/95/91 90/94/90 110/115/110 111/116/111
f 92/96/92 91/95/91 111/116/111 112/117/112
f 93/97/93 92/96/92 112/117/112 113/118/113
f 94/98/94 93/97/93 113/118/113 114/119/114
f 95/99/95 94/98/94 114/119/114 115/120/115
f 96/100/96 95/99/95 115/120/115 116/121/116
f 97/101/97 96/100/96 116/121/116 117/122/117
f 98/102/98 97/101/97 117/122/117 118/123/118
f 99/103/99 98/102/98 118/123/118 119/124/119
f 100/104/100 99/103/99 119/124/119 120/125/120
f 81/105/81 100/104/100 120/125/120 101/126/101
f 102/107/102 101/106/101 121/127/121 122/128/122
f 103/108/103 102/107/102 122/128/122 123/129/123
f 104/109/104 103/108/103 123/129/123 124/130/124
f 105/110/105 104/109/104 124/130/124 125/131/125
f 106/111/106 105/110/105 125/131/125 126/132/126
f 107/112/107 106/111/106 126/132/126 127/133/127
f 108/113/108 107/112/107 127/133/127 128/134/128
f 109/114/109 108/113/108 128/134/128 129/135/129
f 110/115/110 109/114/109 129/135/129 130/136/130
f 111/116/111 110/115/110 130/136/130 131/137/131
f 112/117/112 111/116/111 131/137/131 132/138/132
f 113/118/113 112/117/112 132/138/132 133/139/133
f 114/119/114 113/118/113 133/139/133 134/140/134
f 115/120/115 114/119/114 134/140/134 135/141/135
f 116/121/116 115/120/115 135/141/135 136/142/136
f 117/122/117 116/121/116 136/142/136 137/143/137
f 118/123/118 117/122/117 137/143/137 138/144/138
f 119/124/119 118/123/118 138/144/138 139/145/139
f 120/125/120 119/124/119 139/145/139 140/146/140
f 101/126/101 120/125/120 140/146/140 121/147/121
f 122/128/122 121/127/121 141/148/141 142/149/142
f 123/129/123 122/128/122 142/149/142 143/150/143
f 124/130/124 123/129/123 143/150/143 144/151/144
f 125/131/125 124/130/124 144/151/144 145/152/145
f 126/132/126 125/131/125 145/152/145 146/153/146
f 127/133/127 126/132/126 146/153/146 147/154/147
f 128/134/128 127/133/127 147/154/147 148/155/148
f 129/135/129 128/134/128 148/155/148 149/156/149
f 130/136/130 129/135/129 149/156/149 150/157/150
f 131/137/131 130/136/130 150/157/150 151/158/151
f 132/138/132 131/137/131 151/158/151 152/159/152
f 133/139/133 132/138/132 152/159/152 153/160/153
f 134/140/134 133/139/133 153/160/153 154/161/154
f 135/141/135 134/140/134 154/161/154 155/162/155
f 136/142/136 135/141/135 155/162/155 156/163/156
f 137/143/137 136/142/136 156/163/156 157/164/157
f 138/144/138 137/143/137 157/164/157 158/165/158
f 139/145/139 138/144/138 158/165/158 159/166/159
f 140/146/140 139/145/139 159/166/159 160/167/160
f 121/147/121 140/146/140 160/167/160 141/168/141
f 142/149/142 141/148/141 161/169/161 162/170/162
f 143/150/143 142/149/142 162/170/162 163/171/163
f 144/151/144 143/150/143 163/171/163 164/172/164
f 145/152/145 144/151/144 164/172/164 165/173/165
f 146/153/146 145/152/145 165/173/165 166/174/166
f 147/154/147 146/153/146 166/174/166 167/175/167
f 148/155/148 147/154/147 167/175/167 168/176/168
f 149/156/149 148/155/148 168/176/168 169/177/169
f 150/157/150 149/156/149 169/177/169 170/178/170
f 151/158/151 150/157/150 170/178/170 171/179/171
f 152/159/152 151/158/151 171/179/171 172/180/172
f 153/160/153 152/159/152 172/180/172 173/181/173
f 154/161/154 153/160/153 173/181/173 174/182/174
f 155/162/155 154/161/154 174/182/174 175/183/175
f 156/163/156 155/162/155 175/183/175 176/184/176
f 157/164/157 156/163/156 176/184/176 177/185/177
f 158/165/158 157/164/157 177/185/177 178/186/178
f 159/166/159 158/165/158 178/186/178 179/187/179
f 160/167/160 159/166/159 179/187/179 180/188/180
f 141/168/141 160/167/160 180/188/180 161/189/161
f 162/170/162 161/169/161 181/190/181 182/191/182
f 163/171/163 162/170/162 182/191/182 183/192/183
f 164/172/164 163/171/163 183/192/183 184/193/184
f 165/173/165 164/172/164 184/193/184 185/194/185
f 166/174/166 165/173/165 185/194/185 186/195/186
f 167/175/167 166/174/166 186/195/186 187/196/187
f 168/176/168 167/175/167 187/196/187 188/197/188
f 169/177/169 168/176/168 188/197/188 189/198/189
f 170/178/170 169/177/169 189/198/189 190/199/190
f 171/179/171 170/178/170 190/199/190 191/200/191
f 172/180/172 171/179/171 191/200/191 192/201/192
f 173/181/173 172/180/172 192/201/192 193/202/193
f 174/182/174 173/181/173 193/202/193 194/203/194
f 175/183/175 174/182/174 194/203/194 195/204/195
f 176/184/176 175/183/175 195/204/195 196/205/196
f 177/185/177 176/184/176 196/205/196 197/206/197
f 178/186/178 177/185/177 197/206/197 198/207/198
f 179/187/179 178/186/178 198/207/198 199/208/199
f 180/188/180 179/187/179 199/208/199 200/209/200
f 161/189/161 180/188/180 200/209/200 181/210/181
f 182/191/182 181/190/181 201/211/201 202/212/202
f 183/192/183 182/191/182 202/212/202 203/213/203
f 184/193/184 183/192/183 203/213/203 204/214/204
f 185/194/185 184/193/184 204/214/204 205/215/205
f 186/195/186 185/194/185 205/215/205 206/216/206
f 187/196/187 186/195/186 206/216/206 207/217/207
f 188/197/188 187/196/187 207/217/207 208/218/208
f 189/198/189 188/197/188 208/218/208 209/219/209
f 190/199/190 189/198/189 209/219/209 210/220/210
f 191/200/191 190/199/190 210/220/210 211/221/211
f 192/201/192 191/200/191 211/221/211 212/222/212
f 193/202/193 192/201/192 212/222/212 213/223/213
f 194/203/194 193/202/193 213/223/213 214/224/214
f 195/204/195 194/203/194 214/224/214 215/225/215
f 196/205/196 195/204/195 215/225/215 216/226/216
f 197/206/197 196/205/196 216/226/216 217/227/217
f 198/207/198 197/206/197 217/227/217 218/228/218
f 199/208/199 198/207/198 218/228/218 219/229/219
f 200/209/200 199/208/199 219/229/219 220/230/220
f 181/210/181 200/209/200 220/230/220 201/231/201
f 202/212/202 201/211/201 221/232/221 222/233/222
f 203/213/203 202/212/202 222/233/222 223/234/223
f 204/214/204 203/213/203 223/234/223 224/235/224
f 205/215/205 204/214/204 224/235/224 225/236/225
f 206/216/206 205/215/205 225/236/225 226/237/226
f 207/217/207 206/216/206 226/237/226 227/238/227
f 208/218/208 207/217/207 227/238/227 228/239/228
f 209/219/209 208/218/208 228/239/228 229/240/229
f 210/220/210 209/219/209 229/240/229 230/241/230
f 211/221/211 210/220/210 230/241/230 231/242/231
f 212/222/212 211/221/211 231/242/231 232/243/232
f 213/223/213 212/222/212 232/243/232 233/244/233
f 214/224/214 213/223/213 233/244/233 234/245/234
f 215/225/215 214/224/214 234/245/234 235/246/235
f 216/226/216 215/225/215 235/246/235 236/247/236
f 217/227/217 216/226/216 236/247/236 237/248/237
f 218/228/218 217/227/217 237/248/237 238/249/238
f 219/229/219 218/228/218 238/249/238 239/250/239
f 220/230/220 219/229/219 239/250/239 240/251/240
f 201/231/201 220/230/220 240/251/240 221/252/221
f 222/233/222 221/232/221 241/253/241 242/254/242
f 223/234/223 222/233/222 242/254/242 243/255/243
f 224/235/224 223/234/223 243/255/243 244/256/244
f 225/236/225 224/235/224 244/256/244 245/257/245
f 226/237/226 225/236/225 245/257/245 246/258/246
f 227/238/227 226/237/226 246/258/246 247/259/247
f 228/239/228 227/238/227 247/259/247 248/260/248
f 229/240/229 228/239/228 248/260/248 249/261/249
f 230/241/230 229/240/229 249/261/249 250/262/250
f 231/242/231 230/241/230 250/262/250 251/263/251
f 232/243/232 231/242/231 251/263/251 252/264/252
f 233/244/233 232/243/232 252/264/252 253/265/253
f 234/245/234 233/244/233 253/265/253 254/266/254
f 235/246/235 234/245/234 254/266/254 255/267/255
f 236/247/236 235/246/235 255/267/255 256/268/256
f 237/248/237 236/247/236 256/268/256 257/269/257
f 238/249/238 237/248/237 257/269/257 258/270/258
f 239/250/239 238/249/238 258/270/258 259/271/259
f 240/251/240 239/250/239 259/271/259 260/272/260
f 221/252/221 240/251/240 260/272/260 241/273/241
f 242/254/242 241/253/241 261/274/261 262/275/262
f 243/255/243 242/254/242 262/275/262 263/276/263
f 244/256/244 243/255/243 263/276/263 264/277/264
f 245/257/245 244/256/244 264/277/264 265/278/265
f 246/258/246 245/257/245 265/278/265 266/279/266
f 247/259/247 246/258/246 266/279/266 267/280/267
f 248/260/248 247/259/247 267/280/267 268/281/268
f 249/261/249 248/260/248 268/281/268 269/282/269
f 250/262/250 249/261/249 269/282/269 270/283/270
f 251/263/251 250/262/250 270/283/270 271/284/271
f 252/264/252 251/263/251 271/284/271 272/285/272
f 253/265/253 252/264/252 272/285/272 273/286/273
f 254/266/254 253/265/253 273/286/273 274/287/274
f 255/267/255 254/266/254 274/287/274 275/288/275
f 256/268/256 255/267/255 275/288/275 276/289/276
f 257/269/257 256/268/256 276/289/276 277/290/277
f 258/270/258 257/269/257 277/290/277 278/291/278
f 259/271/259 258/270/258 278/291/278 279/292/279
f 260/272/260 259/271/259 279/292/279 280/293/280
f 241/273/241 260/272/260 280/293/280 261/294/261
f 262/275/262 261/274/261 281/295/281 282/296/282
f 263/276/263 262/275/262 282/296/282 283/297/283
f 264/277/264 263/276/263 283/297/283 284/298/284
f 265/278/265 264/277/264 284/298/284 285/299/285
f 266/279/266 265/278/265 285/299/285 286/300/286
f 267/280/267 266/279/266 286/300/286 287/301/287
f 268/281/268 267/280/267 287/301/287 288/302/288
f 269/282/269 268/281/268 288/302/288 289/303/289
f 270/283/270 269/282/269 289/303/289 290/304/290
f 271/284/271 270/283/270 290/304/290 291/305/291
f 272/285/272 271/284/271 291/305/291 292/306/292
f 273/286/273 272/285/272 292/306/292 293/307/293
f 274/287/274 273/286/273 293/307/293 294/308/294
f 275/288/275 274/287/274 294/308/294 295/309/295
f 276/289/276 275/288/275 295/309/295 296/310/296
f 277/290/277 276/289/276 296/310/296 297/311/297
f 278/291/278 277/290/277 297/311/297 298/312/298
f 279/292/279 278/291/278 298/312/298 299/313/299
f 280/293/280 279/292/279 299/313/299 300/314/300
f 261/294/261 280/293/280 300/314/300 281/315/281
f 282/296/282 281/295/281 301/316/301 302/317/302
f 283/297/283 282/296/282 302/317/302 303/318/303
f 284/298/284 283/297/283 303/318/303 304/319/304
f 285/299/285 284/298/284 304/319/304 305/320/305
f 286/300/286 285/299/285 305/320/305 306/321/306
f 287/301/287 286/300/286 306/321/306 307/322/307
f 288/302/288 287/301/287 307/322/307 308/323/308
f 289/303/289 288/302/288 308/323/308 309/324/309
f 290/304/290 289/303/289 309/324/309 310/325/310
f 291/305/291 290/304/290 310/325/310 311/326/311
f 292/306/292 291/305/291 311/326/311 312/327/312
f 293/307/293 292/306/292 312/327/312 313/328/313
f 294/308/294 293/307/293 313/328/313 314/329/314
f 295/309/295 294/308/294 314/329/314 315/330/315
f 296/310/296 295/309/295 315/330/315 316/331/316
f 297/311/297 296/310/296 316/331/316 317/332/317
f 298/312/298 297/311/297 317/332/317 318/333/318
f 299/313/299 298/312/298 318/333/318 319/334/319
f 300/314/300 299/313/299 319/334/319 320/335/320
f 281/315/281 300/314/300 320/335/320 301/336/301
f 302/317/302 301/316/301 321/337/321 322/338/322
f 303/318/303 302/317/302 322/338/322 323/339/323
f 304/319/304 303/318/303 323/339/323 324/340/324
f 305/320/305 304/319/304 324/340/324 325/341/325
f 306/321/306 305/320/305 325/341/325 326/342/326
f 307/322/307 306/321/306 326/342/326 327/343/327
f 308/323/308 307/322/307 327/343/327 328/344/328
f 309/324/309 308/323/308 328/344/328 329/345/329
f 310/325/310 309/324/309 329/345/329 330/346/330
f 311/326/311 310/325/310 330/346/330 331/347/331
f 312/327/312 311/326/311 331/347/331 332/348/332
f 313/328/313 312/327/312 332/348/332 333/349/333
f 314/329/314 313/328/313 333/349/333 334/350/334
f 315/330/315 314/329/314 334/350/334 335/351/335
f 316/331/316 315/330/315 335/351/335 336/352/336
f 317/332/317 316/331/316 336/352/336 337/353/337
f 318/333/318 317/332/317 337/353/337 338/354/338
f 319/334/319 318/333/318 338/354/338 339/355/339
f 320/335/320 319/334/319 339/355/339 340/356/340
f 301/336/301 320/335/320 340/356/340 321/357/321
f 322/338/322 321/337/321 341/358/341 342/359/342
f 323/339/323 322/338/322 342/359/342 343/360/343
f 324/340/324 323/339/323 343/360/343 344/361/344
f 325/341/325 324/340/324 344/361/344 345/362/345
f 326/342/326 325/341/325 345/362/345 346/363/346
f 327/343/327 326/342/326 346/363/346 347/364/347
f 328/344/328 327/343/327 347/364/347 348/365/348
f 329/345/329 328/344/328 348/365/348 349/366/349
f 330/346/330 329/345/329 349/366/349 350/367/350
f 331/347/331 330/346/330 350/367/350 351/368/351
f 332/348/332 331/347/331 351/368/351 352/369/352
f 333/349/333 332/348/332 352/369/352 353/370/353
f 334/350/334 333/349/333 353/370/353 354/371/354
f 335/351/335 334/350/334 354/371/354 355/372/355
f 336/352/336 335/351/335 355/372/355 356/373/356
f 337/353/337 336/352/336 356/373/356 357/374/357
f 338/354/338 337/353/337 357/374/357 358/375/358
f 339/355/339 338/354/338 358/375/358 359/376/359
f 340/356/340 339/355/339 359/376/359 360/377/360
f 321/357/321 340/356/340 360/377/360 341/378/341
f 342/359/342 341/358/341 361/379/361 362/380/362
f 343/360/343 342/359/342 362/380/362 363/381/363
f 344/361/344 343/360/343 363/381/363 364/382/364
f 345/362/345 344/361/344 364/382/364 365/383/365
f 346/363/346 345/362/345 365/383/365 366/384/366
f 347/364/347 346/363/346 366/384/366 367/385/367
f 348/365/348 347/364/347 367/385/367 368/386/368
f 349/366/349 348/365/348 368/386/368 369/387/369
f 350/367/350 349/366/349 369/387/369 370/388/370
f 351/368/351 350/367/350 370/388/370 371/389/371
f 352/369/352 351/368/351 371/389/371 372/390/372
f 353/370/353 352/369/352 372/390/372 373/391/373
f 354/371/354 353/370/353 373/391/373 374/392/374
f 355/372/355 354/371/354 374/392/374 375/393/375
f 356/373/356 355/372/355 375/393/375 376/394/376
f 357/374/357 356/373/356 376/394/376 377/395/377
f 358/375/358 357/374/357 377/395/377 378/396/378
f 359/376/359 358/375/358 378/396/378 379/397/379
f 360/377/360 359/376/359 379/397/379 380/398/380
f 341/378/341 360/377/360 380/398/380 361/399/361
f 362/380/362 361/379/361 381/400/381 382/401/382
f 363/381/363 362/380/362 382/401/382 383/402/383
f 364/382/364 363/381/363 383/402/383 384/403/384
f 365/383/365 364/382/364 384/403/384 385/404/385
f 366/384/366 365/383/365 385/404/385 386/405/386
f 367/385/367 366/384/366 386/405/386 387/406/387
f 368/386/368 367/385/367 387/406/387 388/407/388
f 369/387/369 368/386/368 388/407/388 389/408/389
f 370/388/370 369/387/369 389/408/389 390/409/390
f 371/389/371 370/388/370 390/409/390 391/410/391
f 372/390/372 371/389/371 391/410/391 392/411/392
f 373/391/373 372/390/372 392/411/392 393/412/393
f 374/392/374 373/391/373 393/412/393 394/413/394
f 375/393/375 374/392/374 394/413/394 395/414/395
f 376/394/376 375/393/375 395/414/395 396/415/396
f 377/395/377 376/394/376 396/415/396 397/416/397
f 378/396/378 377/395/377 397/416/397 398/417/398
f 379/397/379 378/396/378 398/417/398 399/418/399
f 380/398/380 379/397/379 399/418/399 400/419/400
f 361/399/361 380/398/380 400/419/400 381/420/381
f 382/401/382 381/400/381 1/421/2 2/422/1
f 383/402/383 382/401/382 2/422/1 3/423/5
f 384/403/384 383/402/383 3/423/5 4/424/7
f 385/404/385 384/403/384 4/424/7 5/425/9
f 386/405/386 385/404/385 5/425/9 6/426/11
f 387/406/387 386/405/386 6/426/11 7/427/13
f 388/407/388 387/406/387 7/427/13 8/428/15
f 389/408/389 388/407/388 8/428/15 9/429/17
f 390/409/390 389/408/389 9/429/17 10/430/19
f 391/410/391 390/409/390 10/430/19 11/431/21
f 392/411/392 391/410/391 11/431/21 12/432/23
f 393/412/393 392/411/392 12/432/23 13/433/25
f 394/413/394 393/412/393 13/433/25 14/434/27
f 395/414/395 394/413/394 14/434/27 15/435/29
f 396/415/396 395/414/395 15/435/29 16/436/31
f 397/416/397 396/415/396 16/436/31 17/437/33
f 398/417/398 397/416/397 17/437/33 18/438/35
f 399/418/399 398/417/398 18/438/35 19/439/37
f 400/419/400 399/418/399 19/439/37 20/440/39
f 381/420/381 400/419/400 20/440/39 1/441/2
g default
v 0.000000 6.259687 -2.033895
v 0.000000 5.324808 -3.868699
v 0.000000 3.868699 -5.324807
v 0.000000 2.033895 -6.259686
v 0.000000 0.000000 -6.581823
v -0.000000 -2.033895 -6.259686
v -0.000000 -3.868698 -5.324806
v -0.000000 -5.324806 -3.868698
v -0.000000 -6.259684 -2.033895
v -0.000000 -6.581821 0.000000
v -0.000000 -6.259684 2.033895
v -0.000000 -5.324805 3.868697
v -0.000000 -3.868697 5.324805
v -0.000000 -2.033895 6.259684
v -0.000000 -0.000000 6.581821
v 0.000000 2.033894 6.259683
v 0.000000 3.868697 5.324805
v 0.000000 5.324804 3.868697
v 0.000000 6.259683 2.033894
v 0.000000 6.581820 0.000000
v -0.328047 6.309102 -2.049951
v -0.328047 5.366842 -3.899239
v -0.328047 3.899239 -5.366842
v -0.328047 2.049951 -6.309101
v -0.328047 0.000000 -6.633781
v -0.328047 -2.049951 -6.309100
v -0.328047 -3.899238 -5.366841
v -0.328047 -5.366840 -3.899238
v -0.328047 -6.309099 -2.049951
v -0.328047 -6.633779 0.000000
v -0.328047 -6.309099 2.049951
v -0.328047 -5.366840 3.899237
v -0.328047 -3.899237 5.366839
v -0.328047 -2.049951 6.309098
v -0.328047 -0.000000 6.633779
v -0.328047 2.049950 6.309098
v -0.328047 3.899236 5.366839
v -0.328047 5.366839 3.899237
v -0.328047 6.309098 2.049950
v -0.328047 6.633778 0.000000
v -0.623983 6.452508 -2.096547
v -0.623983 5.488831 -3.987869
v -0.623983 3.987869 -5.488831
v -0.623983 2.096547 -6.452507
v -0.623983 0.000000 -6.784567
v -0.623983 -2.096547 -6.452507
v -0.623983 -3.987868 -5.488830
v -0.623983 -5.488829 -3.987868
v -0.623983 -6.452506 -2.096546
v -0.623983 -6.784566 0.000000
v -0.623983 -6.452506 2.096546
v -0.623983 -5.488829 3.987867
v -0.623983 -3.987867 5.488829
v -0.623983 -2.096546 6.452505
v -0.623983 -0.000000 6.784565
v -0.623983 2.096545 6.452504
v -0.623983 3.987867 5.488828
v -0.623983 5.488828 3.987867
v -0.623983 6.452504 2.096546
v -0.623983 6.784564 0.000000
v -0.858839 6.675870 -2.169122
v -0.858839 5.678834 -4.125914
v -0.858839 4.125914 -5.678834
v -0.858839 2.169121 -6.675869
v -0.858839 0.000000 -7.019424
v -0.858839 -2.169121 -6.675869
v -0.858839 -4.125913 -5.678832
v -0.858839 -5.678832 -4.125913
v -0.858839 -6.675867 -2.169121
v -0.858839 -7.019422 0.000000
v -0.858839 -6.675867 2.169121
v -0.858839 -5.678832 4.125912
v -0.858839 -4.125912 5.678831
v -0.858839 -2.169121 6.675867
v -0.858839 -0.000000 7.019421
v -0.858839 2.169120 6.675866
v -0.858839 4.125912 5.678831
v -0.858839 5.678830 4.125912
v -0.858839 6.675866 2.169120
v -0.858839 7.019420 0.000000
v -1.009626 6.957322 -2.260571
v -1.009626 5.918252 -4.299861
v -1.009626 4.299861 -5.918251
v -1.009626 2.260570 -6.957321
v -1.009626 0.000000 -7.315360
v -1.009626 -2.260570 -6.957321
v -1.009626 -4.299860 -5.918249
v -1.009626 -5.918249 -4.299860
v -1.009626 -6.957319 -2.260570
v -1.009626 -7.315358 0.000000
v -1.009626 -6.957319 2.260570
v -1.009626 -5.918249 4.299859
v -1.009626 -4.299859 5.918248
v -1.009626 -2.260570 6.957318
v -1.009626 -0.000000 7.315357
v -1.009626 2.260569 6.957317
v -1.009626 4.299858 5.918248
v -1.009626 5.918247 4.299859
v -1.009626 6.957317 2.260569
v -1.009626 7.315356 0.000000
v -1.061584 7.269314 -2.361943
v -1.061584 6.183647 -4.492683
v -1.061584 4.492683 -6.183647
v -1.061584 2.361943 -7.269313
v -1.061584 0.000000 -7.643407
v -1.061584 -2.361943 -7.269312
v -1.061584 -4.492682 -6.183646
v -1.061584 -6.183645 -4.492681
v -1.061584 -7.269311 -2.361942
v -1.061584 -7.643406 0.000000
v -1.061584 -7.269311 2.361942
v -1.061584 -6.183645 4.492681
v -1.061584 -4.492681 6.183644
v -1.061584 -2.361942 7.269310
v -1.061584 -0.000000 7.643405
v -1.061584 2.361942 7.269309
v -1.061584 4.492680 6.183644
v -1.061584 6.183643 4.492681
v -1.061584 7.269309 2.361942
v -1.061584 7.643404 0.000000
v -1.009626 7.581306 -2.463315
v -1.009626 6.449044 -4.685504
v -1.009626 4.685504 -6.449043
v -1.009626 2.463315 -7.581305
v -1.009626 0.000000 -7.971456
v -1.009626 -2.463315 -7.581304
v -1.009626 -4.685503 -6.449042
v -1.009626 -6.449041 -4.685503
v -1.009626 -7.581303 -2.463314
v -1.009626 -7.971453 0.000000
v -1.009626 -7.581303 2.463314
v -1.009626 -6.449041 4.685502
v -1.009626 -4.685502 6.449041
v -1.009626 -2.463314 7.581302
v -1.009626 -0.000000 7.971452
v -1.009626 2.463314 7.581301
v -1.009626 4.685502 6.449040
v -1.009626 6.449040 4.685502
v -1.009626 7.581301 2.463314
v -1.009626 7.971451 0.000000
v -0.858840 7.862758 -2.554765
v -0.858840 6.688461 -4.859451
v -0.858840 4.859451 -6.688461
v -0.858840 2.554765 -7.862757
v -0.858840 0.000000 -8.267391
v -0.858840 -2.554765 -7.862756
v -0.858840 -4.859450 -6.688459
v -0.858840 -6.688459 -4.859450
v -0.858840 -7.862755 -2.554764
v -0.858840 -8.267389 0.000000
v -0.858840 -7.862755 2.554764
v -0.858840 -6.688458 4.859449
v -0.858840 -4.859449 6.688458
v -0.858840 -2.554764 7.862754
v -0.858840 -0.000000 8.267388
v -0.858840 2.554763 7.862753
v -0.858840 4.859448 6.688457
v -0.858840 6.688457 4.859449
v -0.858840 7.862753 2.554763
v -0.858840 8.267387 0.000000
v -0.623983 8.086119 -2.627339
v -0.623983 6.878464 -4.997496
v -0.623983 4.997496 -6.878464
v -0.623983 2.627339 -8.086118
v -0.623983 0.000000 -8.502247
v -0.623983 -2.627339 -8.086117
v -0.623983 -4.997495 -6.878462
v -0.623983 -6.878462 -4.997495
v -0.623983 -8.086116 -2.627338
v -0.623983 -8.502245 0.000000
v -0.623983 -8.086116 2.627338
v -0.623983 -6.878461 4.997494
v -0.623983 -4.997494 6.878461
v -0.623983 -2.627338 8.086115
v -0.623983 -0.000000 8.502244
v -0.623983 2.627338 8.086114
v -0.623983 4.997493 6.878460
v -0.623983 6.878460 4.997494
v -0.623983 8.086114 2.627338
v -0.623983 8.502243 0.000000
v -0.328048 8.229526 -2.673935
v -0.328048 7.000453 -5.086126
v -0.328048 5.086126 -7.000453
v -0.328048 2.673935 -8.229525
v -0.328048 0.000000 -8.653034
v -0.328048 -2.673935 -8.229524
v -0.328048 -5.086125 -7.000451
v -0.328048 -7.000451 -5.086125
v -0.328048 -8.229523 -2.673934
v -0.328048 -8.653032 0.000000
v -0.328048 -8.229523 2.673934
v -0.328048 -7.000450 5.086124
v -0.328048 -5.086124 7.000449
v -0.328048 -2.673934 8.229522
v -0.328048 -0.000000 8.653031
v -0.328048 2.673933 8.229521
v -0.328048 5.086123 7.000449
v -0.328048 7.000448 5.086124
v -0.328048 8.229521 2.673933
v -0.328048 8.653030 0.000000
v 0.000000 8.278941 -2.689991
v 0.000000 7.042488 -5.116666
v 0.000000 5.116666 -7.042487
v 0.000000 2.689990 -8.278940
v 0.000000 0.000000 -8.704992
v -0.000000 -2.689990 -8.278939
v -0.000000 -5.116665 -7.042486
v -0.000000 -7.042485 -5.116665
v -0.000000 -8.278938 -2.689990
v -0.000000 -8.704990 0.000000
v -0.000000 -8.278938 2.689990
v -0.000000 -7.042485 5.116664
v -0.000000 -5.116664 7.042484
v -0.000000 -2.689990 8.278937
v -0.000000 -0.000000 8.704989
v 0.000000 2.689989 8.278936
v 0.000000 5.116663 7.042484
v 0.000000 7.042483 5.116664
v 0.000000 8.278936 2.689989
v 0.000000 8.704988 0.000000
v 0.328048 8.229526 -2.673935
v 0.328048 7.000453 -5.086126
v 0.328048 5.086126 -7.000453
v 0.328048 2.673935 -8.229525
v 0.328048 -0.000000 -8.653034
v 0.328048 -2.673935 -8.229524
v 0.328048 -5.086125 -7.000451
v 0.328048 -7.000451 -5.086125
v 0.328048 -8.229523 -2.673934
v 0.328048 -8.653032 0.000000
v 0.328048 -8.229523 2.673934
v 0.328048 -7.000450 5.086124
v 0.328048 -5.086124 7.000449
v 0.328048 -2.673934 8.229522
v 0.328048 -0.000000 8.653031
v 0.328048 2.673933 8.229521
v 0.328048 5.086123 7.000449
v 0.328048 7.000448 5.086124
v 0.328048 8.229521 2.673933
v 0.328048 8.653030 0.000000
v 0.623984 8.086119 -2.627339
v 0.623984 6.878464 -4.997496
v 0.623984 4.997496 -6.878464
v 0.623984 2.627339 -8.086118
v 0.623984 -0.000000 -8.502247
v 0.623984 -2.627339 -8.086117
v 0.623984 -4.997495 -6.878462
v 0.623984 -6.878462 -4.997495
v 0.623984 -8.086116 -2.627338
v 0.623984 -8.502245 0.000000
v 0.623984 -8.086116 2.627338
v 0.623984 -6.878461 4.997494
v 0.623984 -4.997494 6.878461
v 0.623984 -2.627338 8.086115
v 0.623984 -0.000000 8.502244
v 0.623984 2.627338 8.086114
v 0.623984 4.997493 6.878460
v 0.623984 6.878460 4.997494
v 0.623984 8.086114 2.627338
v 0.623984 8.502243 0.000000
v 0.858840 7.862758 -2.554765
v 0.858840 6.688462 -4.859451
v 0.858840 4.859451 -6.688461
v 0.858840 2.554765 -7.862757
v 0.858840 -0.000000 -8.267392
v 0.858840 -2.554765 -7.862757
v 0.858840 -4.859450 -6.688460
v 0.858840 -6.688459 -4.859450
v 0.858840 -7.862755 -2.554764
v 0.858840 -8.267390 0.000000
v 0.858840 -7.862755 2.554764
v 0.858840 -6.688459 4.859449
v 0.858840 -4.859449 6.688458
v 0.858840 -2.554764 7.862754
v 0.858840 -0.000000 8.267389
v 0.858840 2.554763 7.862754
v 0.858840 4.859449 6.688458
v 0.858840 6.688457 4.859449
v 0.858840 7.862753 2.554763
v 0.858840 8.267388 0.000000
v 1.009627 7.581306 -2.463315
v 1.009627 6.449044 -4.685504
v 1.009627 4.685504 -6.449043
v 1.009627 2.463315 -7.581305
v 1.009627 -0.000000 -7.971456
v 1.009627 -2.463315 -7.581304
v 1.009627 -4.685503 -6.449042
v 1.009627 -6.449041 -4.685503
v 1.009627 -7.581303 -2.463314
v 1.009627 -7.971453 0.000000
v 1.009627 -7.581303 2.463314
v 1.009627 -6.449041 4.685502
v 1.009627 -4.685502 6.449041
v 1.009627 -2.463314 7.581302
v 1.009627 -0.000000 7.971452
v 1.009627 2.463314 7.581301
v 1.009627 4.685502 6.449040
v 1.009627 6.449040 4.685502
v 1.009627 7.581301 2.463314
v 1.009627 7.971451 0.000000
v 1.061584 7.269314 -2.361943
v 1.061584 6.183647 -4.492683
v 1.061584 4.492683 -6.183647
v 1.061584 2.361943 -7.269313
v 1.061584 -0.000000 -7.643407
v 1.061584 -2.361943 -7.269312
v 1.061584 -4.492682 -6.183646
v 1.061584 -6.183645 -4.492681
v 1.061584 -7.269311 -2.361942
v 1.061584 -7.643406 0.000000
v 1.061584 -7.269311 2.361942
v 1.061584 -6.183645 4.492681
v 1.061584 -4.492681 6.183644
v 1.061584 -2.361942 7.269310
v 1.061584 -0.000000 7.643405
v 1.061584 2.361942 7.269309
v 1.061584 4.492680 6.183644
v 1.061584 6.183643 4.492681
v 1.061584 7.269309 2.361942
v 1.061584 7.643404 0.000000
v 1.009627 6.957322 -2.260571
v 1.009627 5.918252 -4.299861
v 1.009627 4.299861 -5.918251
v 1.009627 2.260570 -6.957321
v 1.009627 -0.000000 -7.315360
v 1.009627 -2.260570 -6.957321
v 1.009627 -4.299860 -5.918249
v 1.009627 -5.918249 -4.299860
v 1.009627 -6.957319 -2.260570
v 1.009627 -7.315358 0.000000
v 1.009627 -6.957319 2.260570
v 1.009627 -5.918249 4.299859
v 1.009627 -4.299859 5.918248
v 1.009627 -2.260570 6.957318
v 1.009627 -0.000000 7.315357
v 1.009627 2.260569 6.957317
v 1.009627 4.299858 5.918248
v 1.009627 5.918247 4.299859
v 1.009627 6.957317 2.260569
v 1.009627 7.315356 0.000000
v 0.858840 6.675869 -2.169121
v 0.858840 5.678834 -4.125914
v 0.858840 4.125914 -5.678833
v 0.858840 2.169121 -6.675869
v 0.858840 -0.000000 -7.019423
v 0.858840 -2.169121 -6.675868
v 0.858840 -4.125913 -5.678832
v 0.858840 -5.678832 -4.125913
v 0.858840 -6.675867 -2.169121
v 0.858840 -7.019421 0.000000
v 0.858840 -6.675867 2.169121
v 0.858840 -5.678831 4.125912
v 0.858840 -4.125912 5.678831
v 0.858840 -2.169121 6.675866
v 0.858840 -0.000000 7.019421
v 0.858840 2.169120 6.675866
v 0.858840 4.125911 5.678830
v 0.858840 5.678830 4.125912
v 0.858840 6.675865 2.169120
v 0.858840 7.019420 0.000000
v 0.623984 6.452508 -2.096547
v 0.623984 5.488831 -3.987869
v 0.623984 3.987869 -5.488831
v 0.623984 2.096547 -6.452507
v 0.623984 -0.000000 -6.784567
v 0.623984 -2.096547 -6.452506
v 0.623984 -3.987868 -5.488829
v 0.623984 -5.488829 -3.987868
v 0.623984 -6.452505 -2.096546
v 0.623984 -6.784565 0.000000
v 0.623984 -6.452505 2.096546
v 0.623984 -5.488829 3.987867
v 0.623984 -3.987867 5.488828
v 0.623984 -2.096546 6.452504
v 0.623984 -0.000000 6.784565
v 0.623984 2.096545 6.452504
v 0.623984 3.987866 5.488828
v 0.623984 5.488827 3.987867
v 0.623984 6.452504 2.096546
v 0.623984 6.784564 0.000000
v 0.328048 6.309101 -2.049951
v 0.328048 5.366842 -3.899239
v 0.328048 3.899239 -5.366841
v 0.328048 2.049951 -6.309100
v 0.328048 -0.000000 -6.633780
v 0.328048 -2.049951 -6.309100
v 0.328048 -3.899238 -5.366840
v 0.328048 -5.366840 -3.899237
v 0.328048 -6.309099 -2.049950
v 0.328048 -6.633779 0.000000
v 0.328048 -6.309099 2.049950
v 0.328048 -5.366839 3.899237
v 0.328048 -3.899237 5.366839
v 0.328048 -2.049950 6.309098
v 0.328048 -0.000000 6.633778
v 0.328048 2.049950 6.309098
v 0.328048 3.899236 5.366839
v 0.328048 5.366838 3.899237
v 0.328048 6.309097 2.049950
v 0.328048 6.633777 0.000000
vt 0.000000 1.000000
vt 0.050000 1.000000
vt 0.100000 1.000000
vt 0.150000 1.000000
vt 0.200000 1.000000
vt 0.250000 1.000000
vt 0.300000 1.000000
vt 0.350000 1.000000
vt 0.400000 1.000000
vt 0.450000 1.000000
vt 0.500000 1.000000
vt 0.550000 1.000000
vt 0.600000 1.000000
vt 0.650000 1.000000
vt 0.700000 1.000000
vt 0.750000 1.000000
vt 0.800000 1.000000
vt 0.850000 1.000000
vt 0.900000 1.000000
vt 0.950000 1.000000
vt 1.000000 1.000000
vt 0.000000 0.950000
vt 0.050000 0.950000
vt 0.100000 0.950000
vt 0.150000 0.950000
vt 0.200000 0.950000
vt 0.250000 0.950000
vt 0.300000 0.950000
vt 0.350000 0.950000
vt 0.400000 0.950000
vt 0.450000 0.950000
vt 0.500000 0.950000
vt 0.550000 0.950000
vt 0.600000 0.950000
vt 0.650000 0.950000
vt 0.700000 0.950000
vt 0.750000 0.950000
vt 0.800000 0.950000
vt 0.850000 0.950000
vt 0.900000 0.950000
vt 0.950000 0.950000
vt 1.000000 0.950000
vt 0.000000 0.900000
vt 0.050000 0.900000
vt 0.100000 0.900000
vt 0.150000 0.900000
vt 0.200000 0.900000
vt 0.250000 0.900000
vt 0.300000 0.900000
vt 0.350000 0.900000
vt 0.400000 0.900000
vt 0.450000 0.900000
vt 0.500000 0.900000
vt 0.550000 0.900000
vt 0.600000 0.900000
vt 0.650000 0.900000
vt 0.700000 0.900000
vt 0.750000 0.900000
vt 0.800000 0.900000
vt 0.850000 0.900000
vt 0.900000 0.900000
vt 0.950000 0.900000
vt 1.000000 0.900000
vt 0.000000 0.850000
vt 0.050000 0.850000
vt 0.100000 0.850000
vt 0.150000 0.850000
vt 0.200000 0.850000
vt 0.250000 0.850000
vt 0.300000 0.850000
vt 0.350000 0.850000
vt 0.400000 0.850000
vt 0.450000 0.850000
vt 0.500000 0.850000
vt 0.550000 0.850000
vt 0.600000 0.850000
vt 0.650000 0.850000
vt 0.700000 0.850000
vt 0.750000 0.850000
vt 0.800000 0.850000
vt 0.850000 0.850000
vt 0.900000 0.850000
vt 0.950000 0.850000
vt 1.000000 0.850000
vt 0.000000 0.800000
vt 0.050000 0.800000
vt 0.100000 0.800000
vt 0.150000 0.800000
vt 0.200000 0.800000
vt 0.250000 0.800000
vt 0.300000 0.800000
vt 0.350000 0.800000
vt 0.400000 0.800000
vt 0.450000 0.800000
vt 0.500000 0.800000
vt 0.550000 0.800000
vt 0.600000 0.800000
vt 0.650000 0.800000
vt 0.700000 0.800000
vt 0.750000 0.800000
vt 0.800000 0.800000
vt 0.850000 0.800000
vt 0.900000 0.800000
vt 0.950000 0.800000
vt 1.000000 0.800000
vt 0.000000 0.750000
vt 0.050000 0.750000
vt 0.100000 0.750000
vt 0.150000 0.750000
vt 0.200000 0.750000
vt 0.250000 0.750000
vt 0.300000 0.750000
vt 0.350000 0.750000
vt 0.400000 0.750000
vt 0.450000 0.750000
vt 0.500000 0.750000
vt 0.550000 0.750000
vt 0.600000 0.750000
vt 0.650000 0.750000
vt 0.700000 0.750000
vt 0.750000 0.750000
vt 0.800000 0.750000
vt 0.850000 0.750000
vt 0.900000 0.750000
vt 0.950000 0.750000
vt 1.000000 0.750000
vt 0.000000 0.700000
vt 0.050000 0.700000
vt 0.100000 0.700000
vt 0.150000 0.700000
vt 0.200000 0.700000
vt 0.250000 0.700000
vt 0.300000 0.700000
vt 0.350000 0.700000
vt 0.400000 0.700000
vt 0.450000 0.700000
vt 0.500000 0.700000
vt 0.550000 0.700000
vt 0.600000 0.700000
vt 0.650000 0.700000
vt 0.700000 0.700000
vt 0.750000 0.700000
vt 0.800000 0.700000
vt 0.850000 0.700000
vt 0.900000 0.700000
vt 0.950000 0.700000
vt 1.000000 0.700000
vt 0.000000 0.650000
vt 0.050000 0.650000
vt 0.100000 0.650000
vt 0.150000 0.650000
vt 0.200000 0.650000
vt 0.250000 0.650000
vt 0.300000 0.650000
vt 0.350000 0.650000
vt 0.400000 0.650000
vt 0.450000 0.650000
vt 0.500000 0.650000
vt 0.550000 0.650000
vt 0.600000 0.650000
vt 0.650000 0.650000
vt 0.700000 0.650000
vt 0.750000 0.650000
vt 0.800000 0.650000
vt 0.850000 0.650000
vt 0.900000 0.650000
vt 0.950000 0.650000
vt 1.000000 0.650000
vt 0.000000 0.600000
vt 0.050000 0.600000
vt 0.100000 0.600000
vt 0.150000 0.600000
vt 0.200000 0.600000
vt 0.250000 0.600000
vt 0.300000 0.600000
vt 0.350000 0.600000
vt 0.400000 0.600000
vt 0.450000 0.600000
vt 0.500000 0.600000
vt 0.550000 0.600000
vt 0.600000 0.600000
vt 0.650000 0.600000
vt 0.700000 0.600000
vt 0.750000 0.600000
vt 0.800000 0.600000
vt 0.850000 0.600000
vt 0.900000 0.600000
vt 0.950000 0.600000
vt 1.000000 0.600000
vt 0.000000 0.550000
vt 0.050000 0.550000
vt 0.100000 0.550000
vt 0.150000 0.550000
vt 0.200000 0.550000
vt 0.250000 0.550000
vt 0.300000 0.550000
vt 0.350000 0.550000
vt 0.400000 0.550000
vt 0.450000 0.550000
vt 0.500000 0.550000
vt 0.550000 0.550000
vt 0.600000 0.550000
vt 0.650000 0.550000
vt 0.700000 0.550000
vt 0.750000 0.550000
vt 0.800000 0.550000
vt 0.850000 0.550000
vt 0.900000 0.550000
vt 0.950000 0.550000
vt 1.000000 0.550000
vt 0.000000 0.500000
vt 0.050000 0.500000
vt 0.100000 0.500000
vt 0.150000 0.500000
vt 0.200000 0.500000
vt 0.250000 0.500000
vt 0.300000 0.500000
vt 0.350000 0.500000
vt 0.400000 0.500000
vt 0.450000 0.500000
vt 0.500000 0.500000
vt 0.550000 0.500000
vt 0.600000 0.500000
vt 0.650000 0.500000
vt 0.700000 0.500000
vt 0.750000 0.500000
vt 0.800000 0.500000
vt 0.850000 0.500000
vt 0.900000 0.500000
vt 0.950000 0.500000
vt 1.000000 0.500000
vt 0.000000 0.450000
vt 0.050000 0.450000
vt 0.100000 0.450000
vt 0.150000 0.450000
vt 0.200000 0.450000
vt 0.250000 0.450000
vt 0.300000 0.450000
vt 0.350000 0.450000
vt 0.400000 0.450000
vt 0.450000 0.450000
vt 0.500000 0.450000
vt 0.550000 0.450000
vt 0.600000 0.450000
vt 0.650000 0.450000
vt 0.700000 0.450000
vt 0.750000 0.450000
vt 0.800000 0.450000
vt 0.850000 0.450000
vt 0.900000 0.450000
vt 0.950000 0.450000
vt 1.000000 0.450000
vt 0.000000 0.400000
vt 0.050000 0.400000
vt 0.100000 0.400000
vt 0.150000 0.400000
vt 0.200000 0.400000
vt 0.250000 0.400000
vt 0.300000 0.400000
vt 0.350000 0.400000
vt 0.400000 0.400000
vt 0.450000 0.400000
vt 0.500000 0.400000
vt 0.550000 0.400000
vt 0.600000 0.400000
vt 0.650000 0.400000
vt 0.700000 0.400000
vt 0.750000 0.400000
vt 0.800000 0.400000
vt 0.850000 0.400000
vt 0.900000 0.400000
vt 0.950000 0.400000
vt 1.000000 0.400000
vt 0.000000 0.350000
vt 0.050000 0.350000
vt 0.100000 0.350000
vt 0.150000 0.350000
vt 0.200000 0.350000
vt 0.250000 0.350000
vt 0.300000 0.350000
vt 0.350000 0.350000
vt 0.400000 0.350000
vt 0.450000 0.350000
vt 0.500000 0.350000
vt 0.550000 0.350000
vt 0.600000 0.350000
vt 0.650000 0.350000
vt 0.700000 0.350000
vt 0.750000 0.350000
vt 0.800000 0.350000
vt 0.850000 0.350000
vt 0.900000 0.350000
vt 0.950000 0.350000
vt 1.000000 0.350000
vt 0.000000 0.300000
vt 0.050000 0.300000
vt 0.100000 0.300000
vt 0.150000 0.300000
vt 0.200000 0.300000
vt 0.250000 0.300000
vt 0.300000 0.300000
vt 0.350000 0.300000
vt 0.400000 0.300000
vt 0.450000 0.300000
vt 0.500000 0.300000
vt 0.550000 0.300000
vt 0.600000 0.300000
vt 0.650000 0.300000
vt 0.700000 0.300000
vt 0.750000 0.300000
vt 0.800000 0.300000
vt 0.850000 0.300000
vt 0.900000 0.300000
vt 0.950000 0.300000
vt 1.000000 0.300000
vt 0.000000 0.250000
vt 0.050000 0.250000
vt 0.100000 0.250000
vt 0.150000 0.250000
vt 0.200000 0.250000
vt 0.250000 0.250000
vt 0.300000 0.250000
vt 0.350000 0.250000
vt 0.400000 0.250000
vt 0.450000 0.250000
vt 0.500000 0.250000
vt 0.550000 0.250000
vt 0.600000 0.250000
vt 0.650000 0.250000
vt 0.700000 0.250000
vt 0.750000 0.250000
vt 0.800000 0.250000
vt 0.850000 0.250000
vt 0.900000 0.250000
vt 0.950000 0.250000
vt 1.000000 0.250000
vt 0.000000 0.200000
vt 0.050000 0.200000
vt 0.100000 0.200000
vt 0.150000 0.200000
vt 0.200000 0.200000
vt 0.250000 0.200000
vt 0.300000 0.200000
vt 0.350000 0.200000
vt 0.400000 0.200000
vt 0.450000 0.200000
vt 0.500000 0.200000
vt 0.550000 0.200000
vt 0.600000 0.200000
vt 0.650000 0.200000
vt 0.700000 0.200000
vt 0.750000 0.200000
vt 0.800000 0.200000
vt 0.850000 0.200000
vt 0.900000 0.200000
vt 0.950000 0.200000
vt 1.000000 0.200000
vt 0.000000 0.150000
vt 0.050000 0.150000
vt 0.100000 0.150000
vt 0.150000 0.150000
vt 0.200000 0.150000
vt 0.250000 0.150000
vt 0.300000 0.150000
vt 0.350000 0.150000
vt 0.400000 0.150000
vt 0.450000 0.150000
vt 0.500000 0.150000
vt 0.550000 0.150000
vt 0.600000 0.150000
vt 0.650000 0.150000
vt 0.700000 0.150000
vt 0.750000 0.150000
vt 0.800000 0.150000
vt 0.850000 0.150000
vt 0.900000 0.150000
vt 0.950000 0.150000
vt 1.000000 0.150000
vt 0.000000 0.100000
vt 0.050000 0.100000
vt 0.100000 0.100000
vt 0.150000 0.100000
vt 0.200000 0.100000
vt 0.250000 0.100000
vt 0.300000 0.100000
vt 0.350000 0.100000
vt 0.400000 0.100000
vt 0.450000 0.100000
vt 0.500000 0.100000
vt 0.550000 0.100000
vt 0.600000 0.100000
vt 0.650000 0.100000
vt 0.700000 0.100000
vt 0.750000 0.100000
vt 0.800000 0.100000
vt 0.850000 0.100000
vt 0.900000 0.100000
vt 0.950000 0.100000
vt 1.000000 0.100000
vt 0.000000 0.050000
vt 0.050000 0.050000
vt 0.100000 0.050000
vt 0.150000 0.050000
vt 0.200000 0.050000
vt 0.250000 0.050000
vt 0.300000 0.050000
vt 0.350000 0.050000
vt 0.400000 0.050000
vt 0.450000 0.050000
vt 0.500000 0.050000
vt 0.550000 0.050000
vt 0.600000 0.050000
vt 0.650000 0.050000
vt 0.700000 0.050000
vt 0.750000 0.050000
vt 0.800000 0.050000
vt 0.850000 0.050000
vt 0.900000 0.050000
vt 0.950000 0.050000
vt 1.000000 0.050000
vt 0.000000 -0.000000
vt 0.050000 -0.000000
vt 0.100000 -0.000000
vt 0.150000 -0.000000
vt 0.200000 -0.000000
vt 0.250000 -0.000000
vt 0.300000 -0.000000
vt 0.350000 -0.000000
vt 0.400000 -0.000000
vt 0.450000 -0.000000
vt 0.500000 -0.000000
vt 0.550000 -0.000000
vt 0.600000 -0.000000
vt 0.650000 -0.000000
vt 0.700000 -0.000000
vt 0.750000 -0.000000
vt 0.800000 -0.000000
vt 0.850000 -0.000000
vt 0.900000 -0.000000
vt 0.950000 -0.000000
vt 1.000000 -0.000000
vn -0.000001 -0.809017 0.587785
vn -0.000000 -0.951057 0.309016
vn -0.314671 -0.902744 0.293318
vn -0.314672 -0.767919 0.557926
vn -0.000001 -0.587785 0.809017
vn -0.314672 -0.557926 0.767920
vn -0.000001 -0.309017 0.951057
vn -0.314671 -0.293319 0.902744
vn -0.000001 0.000000 1.000000
vn -0.314671 0.000000 0.949201
vn -0.000001 0.309017 0.951056
vn -0.314671 0.293319 0.902744
vn -0.000001 0.587785 0.809017
vn -0.314671 0.557926 0.767920
vn -0.000001 0.809017 0.587785
vn -0.314671 0.767920 0.557926
vn -0.000002 0.951056 0.309017
vn -0.314671 0.902744 0.293319
vn -0.000002 1.000000 0.000000
vn -0.314671 0.949201 0.000000
vn -0.000001 0.951057 -0.309017
vn -0.314671 0.902744 -0.293319
vn -0.000000 0.809017 -0.587785
vn -0.314671 0.767919 -0.557926
vn -0.000001 0.587785 -0.809017
vn -0.314671 0.557926 -0.767920
vn -0.000001 0.309017 -0.951056
vn -0.314671 0.293319 -0.902744
vn -0.000001 -0.000000 -1.000000
vn -0.314671 -0.000000 -0.949201
vn -0.000001 -0.309017 -0.951056
vn -0.314671 -0.293319 -0.902744
vn -0.000001 -0.587785 -0.809017
vn -0.314671 -0.557926 -0.767920
vn -0.000001 -0.809017 -0.587785
vn -0.314671 -0.767920 -0.557926
vn -0.000001 -0.951056 -0.309017
vn -0.314671 -0.902744 -0.293319
vn 0.000000 -1.000000 -0.000001
vn -0.314671 -0.949201 -0.000001
vn -0.596882 -0.763060 0.247932
vn -0.596882 -0.649098 0.471597
vn -0.596883 -0.471597 0.649098
vn -0.596883 -0.247933 0.763060
vn -0.596883 0.000000 0.802328
vn -0.596883 0.247933 0.763060
vn -0.596883 0.471597 0.649097
vn -0.596882 0.649098 0.471597
vn -0.596882 0.763060 0.247933
vn -0.596882 0.802329 0.000000
vn -0.596883 0.763060 -0.247933
vn -0.596883 0.649097 -0.471597
vn -0.596882 0.471597 -0.649098
vn -0.596882 0.247933 -0.763060
vn -0.596882 -0.000000 -0.802329
vn -0.596882 -0.247933 -0.763060
vn -0.596882 -0.471597 -0.649098
vn -0.596882 -0.649098 -0.471597
vn -0.596883 -0.763060 -0.247933
vn -0.596883 -0.802328 -0.000001
vn -0.818022 -0.547036 0.177742
vn -0.818022 -0.465336 0.338086
vn -0.818022 -0.338086 0.465336
vn -0.818022 -0.177742 0.547035
vn -0.818022 0.000000 0.575187
vn -0.818022 0.177743 0.547035
vn -0.818022 0.338086 0.465336
vn -0.818022 0.465336 0.338086
vn -0.818022 0.547035 0.177742
vn -0.818022 0.575187 0.000000
vn -0.818022 0.547035 -0.177742
vn -0.818022 0.465336 -0.338086
vn -0.818022 0.338086 -0.465336
vn -0.818022 0.177742 -0.547035
vn -0.818022 -0.000000 -0.575187
vn -0.818022 -0.177743 -0.547035
vn -0.818022 -0.338086 -0.465336
vn -0.818022 -0.465336 -0.338086
vn -0.818022 -0.547035 -0.177742
vn -0.818022 -0.575187 -0.000001
vn -0.956504 -0.277442 0.090146
vn -0.956504 -0.236006 0.171469
vn -0.956504 -0.171469 0.236007
vn -0.956504 -0.090146 0.277442
vn -0.956504 0.000000 0.291720
vn -0.956504 0.090146 0.277442
vn -0.956504 0.171469 0.236006
vn -0.956504 0.236007 0.171469
vn -0.956504 0.277442 0.090146
vn -0.956504 0.291720 0.000000
vn -0.956504 0.277442 -0.090146
vn -0.956504 0.236007 -0.171469
vn -0.956504 0.171469 -0.236006
vn -0.956504 0.090146 -0.277442
vn -0.956504 -0.000000 -0.291720
vn -0.956504 -0.090147 -0.277442
vn -0.956504 -0.171469 -0.236006
vn -0.956504 -0.236006 -0.171469
vn -0.956504 -0.277442 -0.090146
vn -0.956504 -0.291720 -0.000000
vn -0.999820 0.018067 -0.005870
vn -0.999820 0.015369 -0.011166
vn -0.999820 0.011166 -0.015369
vn -0.999820 0.005870 -0.018067
vn -0.999820 -0.000000 -0.018997
vn -0.999820 -0.005870 -0.018067
vn -0.999820 -0.011166 -0.015369
vn -0.999820 -0.015369 -0.011166
vn -0.999820 -0.018067 -0.005870
vn -0.999820 -0.018997 -0.000000
vn -0.999820 -0.018067 0.005870
vn -0.999820 -0.015369 0.011166
vn -0.999820 -0.011166 0.015369
vn -0.999820 -0.005870 0.018067
vn -0.999820 0.000000 0.018997
vn -0.999820 0.005870 0.018067
vn -0.999820 0.011166 0.015369
vn -0.999820 0.015369 0.011166
vn -0.999820 0.018067 0.005870
vn -0.999820 0.018997 0.000000
vn -0.945337 0.310135 -0.100769
vn -0.945337 0.263817 -0.191674
vn -0.945337 0.191674 -0.263817
vn -0.945337 0.100769 -0.310135
vn -0.945337 -0.000000 -0.326095
vn -0.945337 -0.100769 -0.310135
vn -0.945337 -0.191674 -0.263817
vn -0.945337 -0.263817 -0.191674
vn -0.945337 -0.310136 -0.100769
vn -0.945337 -0.326096 -0.000000
vn -0.945337 -0.310135 0.100769
vn -0.945337 -0.263817 0.191674
vn -0.945337 -0.191674 0.263817
vn -0.945337 -0.100769 0.310135
vn -0.945337 0.000000 0.326096
vn -0.945337 0.100769 0.310135
vn -0.945337 0.191674 0.263817
vn -0.945337 0.263817 0.191674
vn -0.945337 0.310135 0.100769
vn -0.945337 0.326095 0.000000
vn -0.799940 0.570710 -0.185434
vn -0.799941 0.485474 -0.352718
vn -0.799941 0.352718 -0.485474
vn -0.799940 0.185435 -0.570709
vn -0.799940 -0.000000 -0.600079
vn -0.799941 -0.185435 -0.570709
vn -0.799941 -0.352718 -0.485474
vn -0.799940 -0.485474 -0.352718
vn -0.799940 -0.570709 -0.185435
vn -0.799940 -0.600079 -0.000000
vn -0.799941 -0.570709 0.185435
vn -0.799941 -0.485474 0.352718
vn -0.799941 -0.352718 0.485474
vn -0.799941 -0.185435 0.570709
vn -0.799940 0.000000 0.600079
vn -0.799940 0.185435 0.570709
vn -0.799941 0.352718 0.485474
vn -0.799940 0.485475 0.352718
vn -0.799940 0.570710 0.185435
vn -0.799940 0.600079 0.000001
vn -0.578784 0.775569 -0.251997
vn -0.578784 0.659738 -0.479327
vn -0.578784 0.479327 -0.659738
vn -0.578784 0.251997 -0.775568
vn -0.578784 0.000000 -0.815481
vn -0.578784 -0.251998 -0.775568
vn -0.578784 -0.479328 -0.659738
vn -0.578784 -0.659738 -0.479328
vn -0.578784 -0.775569 -0.251998
vn -0.578784 -0.815481 0.000000
vn -0.578784 -0.775568 0.251997
vn -0.578784 -0.659738 0.479328
vn -0.578784 -0.479328 0.659738
vn -0.578784 -0.251998 0.775568
vn -0.578784 -0.000000 0.815481
vn -0.578784 0.251998 0.775568
vn -0.578784 0.479328 0.659738
vn -0.578784 0.659738 0.479328
vn -0.578783 0.775569 0.251998
vn -0.578784 0.815481 0.000001
vn -0.303478 0.906204 -0.294442
vn -0.303477 0.770863 -0.560064
vn -0.303477 0.560064 -0.770863
vn -0.303477 0.294443 -0.906203
vn -0.303477 -0.000000 -0.952839
vn -0.303477 -0.294443 -0.906203
vn -0.303477 -0.560065 -0.770863
vn -0.303477 -0.770863 -0.560064
vn -0.303477 -0.906204 -0.294443
vn -0.303476 -0.952839 0.000000
vn -0.303477 -0.906204 0.294443
vn -0.303477 -0.770863 0.560065
vn -0.303477 -0.560065 0.770863
vn -0.303477 -0.294443 0.906203
vn -0.303477 0.000000 0.952839
vn -0.303477 0.294444 0.906203
vn -0.303477 0.560065 0.770863
vn -0.303477 0.770863 0.560064
vn -0.303478 0.906203 0.294443
vn -0.303478 0.952839 0.000001
vn 0.000000 0.951057 -0.309016
vn -0.000000 0.809017 -0.587785
vn 0.000000 0.587785 -0.809017
vn 0.000000 0.309017 -0.951057
vn -0.000000 -0.000000 -1.000000
vn -0.000000 -0.309017 -0.951056
vn 0.000000 -0.587786 -0.809017
vn -0.000000 -0.809017 -0.587785
vn -0.000000 -0.951057 -0.309017
vn -0.000000 -1.000000 0.000000
vn -0.000000 -0.951057 0.309017
vn -0.000000 -0.809017 0.587785
vn -0.000000 -0.587785 0.809017
vn -0.000000 -0.309017 0.951056
vn 0.000000 0.000000 1.000000
vn 0.000000 0.309017 0.951056
vn -0.000000 0.587785 0.809017
vn 0.000000 0.809017 0.587785
vn 0.000000 0.951057 0.309017
vn -0.000000 1.000000 0.000001
vn 0.303477 0.906204 -0.294442
vn 0.303477 0.770863 -0.560065
vn 0.303477 0.560064 -0.770863
vn 0.303477 0.294443 -0.906204
vn 0.303477 -0.000000 -0.952839
vn 0.303477 -0.294443 -0.906203
vn 0.303477 -0.560065 -0.770863
vn 0.303477 -0.770863 -0.560064
vn 0.303477 -0.906204 -0.294443
vn 0.303476 -0.952839 0.000000
vn 0.303477 -0.906204 0.294443
vn 0.303477 -0.770863 0.560065
vn 0.303477 -0.560064 0.770863
vn 0.303477 -0.294443 0.906203
vn 0.303477 0.000000 0.952839
vn 0.303477 0.294444 0.906203
vn 0.303477 0.560064 0.770863
vn 0.303478 0.770863 0.560064
vn 0.303478 0.906203 0.294443
vn 0.303478 0.952839 0.000001
vn 0.578783 0.775569 -0.251997
vn 0.578783 0.659738 -0.479328
vn 0.578783 0.479328 -0.659738
vn 0.578783 0.251997 -0.775569
vn 0.578783 -0.000000 -0.815481
vn 0.578783 -0.251998 -0.775569
vn 0.578783 -0.479328 -0.659738
vn 0.578783 -0.659738 -0.479328
vn 0.578783 -0.775569 -0.251998
vn 0.578783 -0.815482 -0.000000
vn 0.578783 -0.775569 0.251998
vn 0.578783 -0.659738 0.479328
vn 0.578783 -0.479328 0.659738
vn 0.578783 -0.251998 0.775569
vn 0.578783 0.000000 0.815481
vn 0.578783 0.251998 0.775569
vn 0.578783 0.479328 0.659738
vn 0.578783 0.659739 0.479328
vn 0.578783 0.775569 0.251998
vn 0.578783 0.815482 0.000001
vn 0.799940 0.570710 -0.185434
vn 0.799940 0.485475 -0.352718
vn 0.799940 0.352718 -0.485475
vn 0.799940 0.185435 -0.570710
vn 0.799940 -0.000000 -0.600080
vn 0.799940 -0.185435 -0.570710
vn 0.799940 -0.352718 -0.485474
vn 0.799940 -0.485475 -0.352718
vn 0.799940 -0.570710 -0.185435
vn 0.799940 -0.600080 -0.000000
vn 0.799940 -0.570710 0.185435
vn 0.799940 -0.485474 0.352718
vn 0.799940 -0.352718 0.485474
vn 0.799940 -0.185435 0.570710
vn 0.799940 0.000000 0.600080
vn 0.799940 0.185435 0.570710
vn 0.799940 0.352718 0.485475
vn 0.799940 0.485475 0.352718
vn 0.799940 0.570710 0.185435
vn 0.799940 0.600080 0.000001
vn 0.945337 0.310135 -0.100769
vn 0.945337 0.263817 -0.191674
vn 0.945337 0.191674 -0.263817
vn 0.945337 0.100769 -0.310135
vn 0.945337 -0.000000 -0.326095
vn 0.945337 -0.100769 -0.310135
vn 0.945337 -0.191674 -0.263817
vn 0.945337 -0.263817 -0.191674
vn 0.945337 -0.310135 -0.100769
vn 0.945337 -0.326095 -0.000000
vn 0.945337 -0.310135 0.100769
vn 0.945337 -0.263817 0.191674
vn 0.945337 -0.191674 0.263817
vn 0.945337 -0.100769 0.310135
vn 0.945337 0.000000 0.326095
vn 0.945337 0.100769 0.310135
vn 0.945337 0.191674 0.263817
vn 0.945337 0.263817 0.191674
vn 0.945337 0.310135 0.100769
vn 0.945337 0.326095 0.000000
vn 0.999820 0.018067 -0.005870
vn 0.999820 0.015369 -0.011166
vn 0.999820 0.011166 -0.015369
vn 0.999820 0.005870 -0.018067
vn 0.999820 -0.000000 -0.018997
vn 0.999820 -0.005870 -0.018067
vn 0.999820 -0.011166 -0.015369
vn 0.999820 -0.015369 -0.011166
vn 0.999820 -0.018067 -0.005870
vn 0.999820 -0.018997 -0.000000
vn 0.999820 -0.018067 0.005870
vn 0.999820 -0.015369 0.011166
vn 0.999820 -0.011166 0.015369
vn 0.999820 -0.005870 0.018067
vn 0.999820 0.000000 0.018997
vn 0.999820 0.005870 0.018067
vn 0.999820 0.011166 0.015369
vn 0.999820 0.015369 0.011166
vn 0.999820 0.018067 0.005870
vn 0.999820 0.018997 0.000000
vn 0.956504 -0.277442 0.090146
vn 0.956504 -0.236006 0.171469
vn 0.956504 -0.171469 0.236006
vn 0.956504 -0.090146 0.277442
vn 0.956504 0.000000 0.291720
vn 0.956504 0.090146 0.277442
vn 0.956504 0.171469 0.236006
vn 0.956504 0.236006 0.171469
vn 0.956504 0.277442 0.090146
vn 0.956504 0.291720 -0.000000
vn 0.956504 0.277442 -0.090146
vn 0.956504 0.236006 -0.171468
vn 0.956504 0.171469 -0.236006
vn 0.956504 0.090146 -0.277442
vn 0.956504 -0.000000 -0.291720
vn 0.956504 -0.090146 -0.277442
vn 0.956504 -0.171469 -0.236006
vn 0.956504 -0.236006 -0.171469
vn 0.956504 -0.277442 -0.090146
vn 0.956504 -0.291720 -0.000000
vn 0.818022 -0.547035 0.177742
vn 0.818022 -0.465336 0.338086
vn 0.818022 -0.338086 0.465336
vn 0.818022 -0.177742 0.547035
vn 0.818022 0.000000 0.575186
vn 0.818022 0.177742 0.547035
vn 0.818022 0.338086 0.465336
vn 0.818022 0.465336 0.338086
vn 0.818022 0.547035 0.177742
vn 0.818022 0.575187 0.000000
vn 0.818022 0.547035 -0.177742
vn 0.818022 0.465335 -0.338086
vn 0.818022 0.338086 -0.465336
vn 0.818022 0.177742 -0.547035
vn 0.818022 -0.000000 -0.575187
vn 0.818022 -0.177742 -0.547035
vn 0.818022 -0.338086 -0.465336
vn 0.818022 -0.465336 -0.338086
vn 0.818022 -0.547035 -0.177742
vn 0.818022 -0.575187 -0.000001
vn 0.596883 -0.763060 0.247932
vn 0.596883 -0.649097 0.471597
vn 0.596882 -0.471597 0.649098
vn 0.596883 -0.247933 0.763060
vn 0.596883 0.000000 0.802329
vn 0.596883 0.247933 0.763060
vn 0.596882 0.471597 0.649097
vn 0.596882 0.649098 0.471597
vn 0.596882 0.763060 0.247933
vn 0.596882 0.802329 0.000000
vn 0.596882 0.763060 -0.247933
vn 0.596882 0.649098 -0.471597
vn 0.596882 0.471597 -0.649098
vn 0.596882 0.247933 -0.763060
vn 0.596882 -0.000000 -0.802329
vn 0.596882 -0.247933 -0.763060
vn 0.596882 -0.471597 -0.649098
vn 0.596882 -0.649098 -0.471597
vn 0.596882 -0.763060 -0.247933
vn 0.596882 -0.802329 -0.000001
vn 0.314671 -0.902744 0.293318
vn 0.314670 -0.767920 0.557926
vn 0.314670 -0.557926 0.767920
vn 0.314670 -0.293319 0.902744
vn 0.314670 0.000000 0.949201
vn 0.314670 0.293319 0.902744
vn 0.314670 0.557927 0.767920
vn 0.314670 0.767920 0.557926
vn 0.314671 0.902744 0.293319
vn 0.314671 0.949201 -0.000000
vn 0.314670 0.902744 -0.293319
vn 0.314670 0.767920 -0.557926
vn 0.314670 0.557926 -0.767920
vn 0.314670 0.293319 -0.902744
vn 0.314670 0.000000 -0.949201
vn 0.314670 -0.293319 -0.902744
vn 0.314670 -0.557926 -0.767920
vn 0.314670 -0.767920 -0.557926
vn 0.314670 -0.902744 -0.293319
vn 0.314670 -0.949201 -0.000001
s 1
g pTorus2
usemtl initialShadingGroup
f 402/443/401 401/442/402 421/463/403 422/464/404
f 403/444/405 402/443/401 422/464/404 423/465/406
f 404/445/407 403/444/405 423/465/406 424/466/408
f 405/446/409 404/445/407 424/466/408 425/467/410
f 406/447/411 405/446/409 425/467/410 426/468/412
f 407/448/413 406/447/411 426/468/412 427/469/414
f 408/449/415 407/448/413 427/469/414 428/470/416
f 409/450/417 408/449/415 428/470/416 429/471/418
f 410/451/419 409/450/417 429/471/418 430/472/420
f 411/452/421 410/451/419 430/472/420 431/473/422
f 412/453/423 411/452/421 431/473/422 432/474/424
f 413/454/425 412/453/423 432/474/424 433/475/426
f 414/455/427 413/454/425 433/475/426 434/476/428
f 415/456/429 414/455/427 434/476/428 435/477/430
f 416/457/431 415/456/429 435/477/430 436/478/432
f 417/458/433 416/457/431 436/478/432 437/479/434
f 418/459/435 417/458/433 437/479/434 438/480/436
f 419/460/437 418/459/435 438/480/436 439/481/438
f 420/461/439 419/460/437 439/481/438 440/482/440
f 401/462/402 420/461/439 440/482/440 421/483/403
f 422/464/404 421/463/403 441/484/441 442/485/442
f 423/465/406 422/464/404 442/485/442 443/486/443
f 424/466/408 423/465/406 443/486/443 444/487/444
f 425/467/410 424/466/408 444/487/444 445/488/445
f 426/468/412 425/467/410 445/488/445 446/489/446
f 427/469/414 426/468/412 446/489/446 447/490/447
f 428/470/416 427/469/414 447/490/447 448/491/448
f 429/471/418 428/470/416 448/491/448 449/492/449
f 430/472/420 429/471/418 449/492/449 450/493/450
f 431/473/422 430/472/420 450/493/450 451/494/451
f 432/474/424 431/473/422 451/494/451 452/495/452
f 433/475/426 432/474/424 452/495/452 453/496/453
f 434/476/428 433/475/426 453/496/453 454/497/454
f 435/477/430 434/476/428 454/497/454 455/498/455
f 436/478/432 435/477/430 455/498/455 456/499/456
f 437/479/434 436/478/432 456/499/456 457/500/457
f 438/480/436 437/479/434 457/500/457 458/501/458
f 439/481/438 438/480/436 458/501/458 459/502/459
f 440/482/440 439/481/438 459/502/459 460/503/460
f 421/483/403 440/482/440 460/503/460 441/504/441
f 442/485/442 441/484/441 461/505/461 462/506/462
f 443/486/443 442/485/442 462/506/462 463/507/463
f 444/487/444 443/486/443 463/507/463 464/508/464
f 445/488/445 444/487/444 464/508/464 465/509/465
f 446/489/446 445/488/445 465/509/465 466/510/466
f 447/490/447 446/489/446 466/510/466 467/511/467
f 448/491/448 447/490/447 467/511/467 468/512/468
f 449/492/449 448/491/448 468/512/468 469/513/469
f 450/493/450 449/492/449 469/513/469 470/514/470
f 451/494/451 450/493/450 470/514/470 471/515/471
f 452/495/452 451/494/451 471/515/471 472/516/472
f 453/496/453 452/495/452 472/516/472 473/517/473
f 454/497/454 453/496/453 473/517/473 474/518/474
f 455/498/455 454/497/454 474/518/474 475/519/475
f 456/499/456 455/498/455 475/519/475 476/520/476
f 457/500/457 456/499/456 476/520/476 477/521/477
f 458/501/458 457/500/457 477/521/477 478/522/478
f 459/502/459 458/501/458 478/522/478 479/523/479
f 460/503/460 459/502/459 479/523/479 480/524/480
f 441/504/441 460/503/460 480/524/480 461/525/461
f 462/506/462 461/505/461 481/526/481 482/527/482
f 463/507/463 462/506/462 482/527/482 483/528/483
f 464/508/464 463/507/463 483/528/483 484/529/484
f 465/509/465 464/508/464 484/529/484 485/530/485
f 466/510/466 465/509/465 485/530/485 486/531/486
f 467/511/467 466/510/466 486/531/486 487/532/487
f 468/512/468 467/511/467 487/532/487 488/533/488
f 469/513/469 468/512/468 488/533/488 489/534/489
f 470/514/470 469/513/469 489/534/489 490/535/490
f 471/515/471 470/514/470 490/535/490 491/536/491
f 472/516/472 471/515/471 491/536/491 492/537/492
f 473/517/473 472/516/472 492/537/492 493/538/493
f 474/518/474 473/517/473 493/538/493 494/539/494
f 475/519/475 474/518/474 494/539/494 495/540/495
f 476/520/476 475/519/475 495/540/495 496/541/496
f 477/521/477 476/520/476 496/541/496 497/542/497
f 478/522/478 477/521/477 497/542/497 498/543/498
f 479/523/479 478/522/478 498/543/498 499/544/499
f 480/524/480 479/523/479 499/544/499 500/545/500
f 461/525/461 480/524/480 500/545/500 481/546/481
f 482/527/482 481/526/481 501/547/501 502/548/502
f 483/528/483 482/527/482 502/548/502 503/549/503
f 484/529/484 483/528/483 503/549/503 504/550/504
f 485/530/485 484/529/484 504/550/504 505/551/505
f 486/531/486 485/530/485 505/551/505 506/552/506
f 487/532/487 486/531/486 506/552/506 507/553/507
f 488/533/488 487/532/487 507/553/507 508/554/508
f 489/534/489 488/533/488 508/554/508 509/555/509
f 490/535/490 489/534/489 509/555/509 510/556/510
f 491/536/491 490/535/490 510/556/510 511/557/511
f 492/537/492 491/536/491 511/557/511 512/558/512
f 493/538/493 492/537/492 512/558/512 513/559/513
f 494/539/494 493/538/493 513/559/513 514/560/514
f 495/540/495 494/539/494 514/560/514 515/561/515
f 496/541/496 495/540/495 515/561/515 516/562/516
f 497/542/497 496/541/496 516/562/516 517/563/517
f 498/543/498 497/542/497 517/563/517 518/564/518
f 499/544/499 498/543/498 518/564/518 519/565/519
f 500/545/500 499/544/499 519/565/519 520/566/520
f 481/546/481 500/545/500 520/566/520 501/567/501
f 502/548/502 501/547/501 521/568/521 522/569/522
f 503/549/503 502/548/502 522/569/522 523/570/523
f 504/550/504 503/549/503 523/570/523 524/571/524
f 505/551/505 504/550/504 524/571/524 525/572/525
f 506/552/506 505/551/505 525/572/525 526/573/526
f 507/553/507 506/552/506 526/573/526 527/574/527
f 508/554/508 507/553/507 527/574/527 528/575/528
f 509/555/509 508/554/508 528/575/528 529/576/529
f 510/556/510 509/555/509 529/576/529 530/577/530
f 511/557/511 510/556/510 530/577/530 531/578/531
f 512/558/512 511/557/511 531/578/531 532/579/532
f 513/559/513 512/558/512 532/579/532 533/580/533
f 514/560/514 513/559/513 533/580/533 534/581/534
f 515/561/515 514/560/514 534/581/534 535/582/535
f 516/562/516 515/561/515 535/582/535 536/583/536
f 517/563/517 516/562/516 536/583/536 537/584/537
f 518/564/518 517/563/517 537/584/537 538/585/538
f 519/565/519 518/564/518 538/585/538 539/586/539
f 520/566/520 519/565/519 539/586/539 540/587/540
f 501/567/501 520/566/520 540/587/540 521/588/521
f 522/569/522 521/568/521 541/589/541 542/590/542
f 523/570/523 522/569/522 542/590/542 543/591/543
f 524/571/524 523/570/523 543/591/543 544/592/544
f 525/572/525 524/571/524 544/592/544 545/593/545
f 526/573/526 525/572/525 545/593/545 546/594/546
f 527/574/527 526/573/526 546/594/546 547/595/547
f 528/575/528 527/574/527 547/595/547 548/596/548
f 529/576/529 528/575/528 548/596/548 549/597/549
f 530/577/530 529/576/529 549/597/549 550/598/550
f 531/578/531 530/577/530 550/598/550 551/599/551
f 532/579/532 531/578/531 551/599/551 552/600/552
f 533/580/533 532/579/532 552/600/552 553/601/553
f 534/581/534 533/580/533 553/601/553 554/602/554
f 535/582/535 534/581/534 554/602/554 555/603/555
f 536/583/536 535/582/535 555/603/555 556/604/556
f 537/584/537 536/583/536 556/604/556 557/605/557
f 538/585/538 537/584/537 557/605/557 558/606/558
f 539/586/539 538/585/538 558/606/558 559/607/559
f 540/587/540 539/586/539 559/607/559 560/608/560
f 521/588/521 540/587/540 560/608/560 541/609/541
f 542/590/542 541/589/541 561/610/561 562/611/562
f 543/591/543 542/590/542 562/611/562 563/612/563
f 544/592/544 543/591/543 563/612/563 564/613/564
f 545/593/545 544/592/544 564/613/564 565/614/565
f 546/594/546 545/593/545 565/614/565 566/615/566
f 547/595/547 546/594/546 566/615/566 567/616/567
f 548/596/548 547/595/547 567/616/567 568/617/568
f 549/597/549 548/596/548 568/617/568 569/618/569
f 550/598/550 549/597/549 569/618/569 570/619/570
f 551/599/551 550/598/550 570/619/570 571/620/571
f 552/600/552 551/599/551 571/620/571 572/621/572
f 553/601/553 552/600/552 572/621/572 573/622/573
f 554/602/554 553/601/553 573/622/573 574/623/574
f 555/603/555 554/602/554 574/623/574 575/624/575
f 556/604/556 555/603/555 575/624/575 576/625/576
f 557/605/557 556/604/556 576/625/576 577/626/577
f 558/606/558 557/605/557 577/626/577 578/627/578
f 559/607/559 558/606/558 578/627/578 579/628/579
f 560/608/560 559/607/559 579/628/579 580/629/580
f 541/609/541 560/608/560 580/629/580 561/630/561
f 562/611/562 561/610/561 581/631/581 582/632/582
f 563/612/563 562/611/562 582/632/582 583/633/583
f 564/613/564 563/612/563 583/633/583 584/634/584
f 565/614/565 564/613/564 584/634/584 585/635/585
f 566/615/566 565/614/565 585/635/585 586/636/586
f 567/616/567 566/615/566 586/636/586 587/637/587
f 568/617/568 567/616/567 587/637/587 588/638/588
f 569/618/569 568/617/568 588/638/588 589/639/589
f 570/619/570 569/618/569 589/639/589 590/640/590
f 571/620/571 570/619/570 590/640/590 591/641/591
f 572/621/572 571/620/571 591/641/591 592/642/592
f 573/622/573 572/621/572 592/642/592 593/643/593
f 574/623/574 573/622/573 593/643/593 594/644/594
f 575/624/575 574/623/574 594/644/594 595/645/595
f 576/625/576 575/624/575 595/645/595 596/646/596
f 577/626/577 576/625/576 596/646/596 597/647/597
f 578/627/578 577/626/577 597/647/597 598/648/598
f 579/628/579 578/627/578 598/648/598 599/649/599
f 580/629/580 579/628/579 599/649/599 600/650/600
f 561/630/561 580/629/580 600/650/600 581/651/581
f 582/632/582 581/631/581 601/652/601 602/653/602
f 583/633/583 582/632/582 602/653/602 603/654/603
f 584/634/584 583/633/583 603/654/603 604/655/604
f 585/635/585 584/634/584 604/655/604 605/656/605
f 586/636/586 585/635/585 605/656/605 606/657/606
f 587/637/587 586/636/586 606/657/606 607/658/607
f 588/638/588 587/637/587 607/658/607 608/659/608
f 589/639/589 588/638/588 608/659/608 609/660/609
f 590/640/590 589/639/589 609/660/609 610/661/610
f 591/641/591 590/640/590 610/661/610 611/662/611
f 592/642/592 591/641/591 611/662/611 612/663/612
f 593/643/593 592/642/592 612/663/612 613/664/613
f 594/644/594 593/643/593 613/664/613 614/665/614
f 595/645/595 594/644/594 614/665/614 615/666/615
f 596/646/596 595/645/595 615/666/615 616/667/616
f 597/647/597 596/646/596 616/667/616 617/668/617
f 598/648/598 597/647/597 617/668/617 618/669/618
f 599/649/599 598/648/598 618/669/618 619/670/619
f 600/650/600 599/649/599 619/670/619 620/671/620
f 581/651/581 600/650/600 620/671/620 601/672/601
f 602/653/602 601/652/601 621/673/621 622/674/622
f 603/654/603 602/653/602 622/674/622 623/675/623
f 604/655/604 603/654/603 623/675/623 624/676/624
f 605/656/605 604/655/604 624/676/624 625/677/625
f 606/657/606 605/656/605 625/677/625 626/678/626
f 607/658/607 606/657/606 626/678/626 627/679/627
f 608/659/608 607/658/607 627/679/627 628/680/628
f 609/660/609 608/659/608 628/680/628 629/681/629
f 610/661/610 609/660/609 629/681/629 630/682/630
f 611/662/611 610/661/610 630/682/630 631/683/631
f 612/663/612 611/662/611 631/683/631 632/684/632
f 613/664/613 612/663/612 632/684/632 633/685/633
f 614/665/614 613/664/613 633/685/633 634/686/634
f 615/666/615 614/665/614 634/686/634 635/687/635
f 616/667/616 615/666/615 635/687/635 636/688/636
f 617/668/617 616/667/616 636/688/636 637/689/637
f 618/669/618 617/668/617 637/689/637 638/690/638
f 619/670/619 618/669/618 638/690/638 639/691/639
f 620/671/620 619/670/619 639/691/639 640/692/640
f 601/672/601 620/671/620 640/692/640 621/693/621
f 622/674/622 621/673/621 641/694/641 642/695/642
f 623/675/623 622/674/622 642/695/642 643/696/643
f 624/676/624 623/675/623 643/696/643 644/697/644
f 625/677/625 624/676/624 644/697/644 645/698/645
f 626/678/626 625/677/625 645/698/645 646/699/646
f 627/679/627 626/678/626 646/699/646 647/700/647
f 628/680/628 627/679/627 647/700/647 648/701/648
f 629/681/629 628/680/628 648/701/648 649/702/649
f 630/682/630 629/681/629 649/702/649 650/703/650
f 631/683/631 630/682/630 650/703/650 651/704/651
f 632/684/632 631/683/631 651/704/651 652/705/652
f 633/685/633 632/684/632 652/705/652 653/706/653
f 634/686/634 633/685/633 653/706/653 654/707/654
f 635/687/635 634/686/634 654/707/654 655/708/655
f 636/688/636 635/687/635 655/708/655 656/709/656
f 637/689/637 636/688/636 656/709/656 657/710/657
f 638/690/638 637/689/637 657/710/657 658/711/658
f 639/691/639 638/690/638 658/711/658 659/712/659
f 640/692/640 639/691/639 659/712/659 660/713/660
f 621/693/621 640/692/640 660/713/660 641/714/641
f 642/695/642 641/694/641 661/715/661 662/716/662
f 643/696/643 642/695/642 662/716/662 663/717/663
f 644/697/644 643/696/643 663/717/663 664/718/664
f 645/698/645 644/697/644 664/718/664 665/719/665
f 646/699/646 645/698/645 665/719/665 666/720/666
f 647/700/647 646/699/646 666/720/666 667/721/667
f 648/701/648 647/700/647 667/721/667 668/722/668
f 649/702/649 648/701/648 668/722/668 669/723/669
f 650/703/650 649/702/649 669/723/669 670/724/670
f 651/704/651 650/703/650 670/724/670 671/725/671
f 652/705/652 651/704/651 671/725/671 672/726/672
f 653/706/653 652/705/652 672/726/672 673/727/673
f 654/707/654 653/706/653 673/727/673 674/728/674
f 655/708/655 654/707/654 674/728/674 675/729/675
f 656/709/656 655/708/655 675/729/675 676/730/676
f 657/710/657 656/709/656 676/730/676 677/731/677
f 658/711/658 657/710/657 677/731/677 678/732/678
f 659/712/659 658/711/658 678/732/678 679/733/679
f 660/713/660 659/712/659 679/733/679 680/734/680
f 641/714/641 660/713/660 680/734/680 661/735/661
f 662/716/662 661/715/661 681/736/681 682/737/682
f 663/717/663 662/716/662 682/737/682 683/738/683
f 664/718/664 663/717/663 683/738/683 684/739/684
f 665/719/665 664/718/664 684/739/684 685/740/685
f 666/720/666 665/719/665 685/740/685 686/741/686
f 667/721/667 666/720/666 686/741/686 687/742/687
f 668/722/668 667/721/667 687/742/687 688/743/688
f 669/723/669 668/722/668 688/743/688 689/744/689
f 670/724/670 669/723/669 689/744/689 690/745/690
f 671/725/671 670/724/670 690/745/690 691/746/691
f 672/726/672 671/725/671 691/746/691 692/747/692
f 673/727/673 672/726/672 692/747/692 693/748/693
f 674/728/674 673/727/673 693/748/693 694/749/694
f 675/729/675 674/728/674 694/749/694 695/750/695
f 676/730/676 675/729/675 695/750/695 696/751/696
f 677/731/677 676/730/676 696/751/696 697/752/697
f 678/732/678 677/731/677 697/752/697 698/753/698
f 679/733/679 678/732/678 698/753/698 699/754/699
f 680/734/680 679/733/679 699/754/699 700/755/700
f 661/735/661 680/734/680 700/755/700 681/756/681
f 682/737/682 681/736/681 701/757/701 702/758/702
f 683/738/683 682/737/682 702/758/702 703/759/703
f 684/739/684 683/738/683 703/759/703 704/760/704
f 685/740/685 684/739/684 704/760/704 705/761/705
f 686/741/686 685/740/685 705/761/705 706/762/706
f 687/742/687 686/741/686 706/762/706 707/763/707
f 688/743/688 687/742/687 707/763/707 708/764/708
f 689/744/689 688/743/688 708/764/708 709/765/709
f 690/745/690 689/744/689 709/765/709 710/766/710
f 691/746/691 690/745/690 710/766/710 711/767/711
f 692/747/692 691/746/691 711/767/711 712/768/712
f 693/748/693 692/747/692 712/768/712 713/769/713
f 694/749/694 693/748/693 713/769/713 714/770/714
f 695/750/695 694/749/694 714/770/714 715/771/715
f 696/751/696 695/750/695 715/771/715 716/772/716
f 697/752/697 696/751/696 716/772/716 717/773/717
f 698/753/698 697/752/697 717/773/717 718/774/718
f 699/754/699 698/753/698 718/774/718 719/775/719
f 700/755/700 699/754/699 719/775/719 720/776/720
f 681/756/681 700/755/700 720/776/720 701/777/701
f 702/758/702 701/757/701 721/778/721 722/779/722
f 703/759/703 702/758/702 722/779/722 723/780/723
f 704/760/704 703/759/703 723/780/723 724/781/724
f 705/761/705 704/760/704 724/781/724 725/782/725
f 706/762/706 705/761/705 725/782/725 726/783/726
f 707/763/707 706/762/706 726/783/726 727/784/727
f 708/764/708 707/763/707 727/784/727 728/785/728
f 709/765/709 708/764/708 728/785/728 729/786/729
f 710/766/710 709/765/709 729/786/729 730/787/730
f 711/767/711 710/766/710 730/787/730 731/788/731
f 712/768/712 711/767/711 731/788/731 732/789/732
f 713/769/713 712/768/712 732/789/732 733/790/733
f 714/770/714 713/769/713 733/790/733 734/791/734
f 715/771/715 714/770/714 734/791/734 735/792/735
f 716/772/716 715/771/715 735/792/735 736/793/736
f 717/773/717 716/772/716 736/793/736 737/794/737
f 718/774/718 717/773/717 737/794/737 738/795/738
f 719/775/719 718/774/718 738/795/738 739/796/739
f 720/776/720 719/775/719 739/796/739 740/797/740
f 701/777/701 720/776/720 740/797/740 721/798/721
f 722/779/722 721/778/721 741/799/741 742/800/742
f 723/780/723 722/779/722 742/800/742 743/801/743
f 724/781/724 723/780/723 743/801/743 744/802/744
f 725/782/725 724/781/724 744/802/744 745/803/745
f 726/783/726 725/782/725 745/803/745 746/804/746
f 727/784/727 726/783/726 746/804/746 747/805/747
f 728/785/728 727/784/727 747/805/747 748/806/748
f 729/786/729 728/785/728 748/806/748 749/807/749
f 730/787/730 729/786/729 749/807/749 750/808/750
f 731/788/731 730/787/730 750/808/750 751/809/751
f 732/789/732 731/788/731 751/809/751 752/810/752
f 733/790/733 732/789/732 752/810/752 753/811/753
f 734/791/734 733/790/733 753/811/753 754/812/754
f 735/792/735 734/791/734 754/812/754 755/813/755
f 736/793/736 735/792/735 755/813/755 756/814/756
f 737/794/737 736/793/736 756/814/756 757/815/757
f 738/795/738 737/794/737 757/815/757 758/816/758
f 739/796/739 738/795/738 758/816/758 759/817/759
f 740/797/740 739/796/739 759/817/759 760/818/760
f 721/798/721 740/797/740 760/818/760 741/819/741
f 742/800/742 741/799/741 761/820/761 762/821/762
f 743/801/743 742/800/742 762/821/762 763/822/763
f 744/802/744 743/801/743 763/822/763 764/823/764
f 745/803/745 744/802/744 764/823/764 765/824/765
f 746/804/746 745/803/745 765/824/765 766/825/766
f 747/805/747 746/804/746 766/825/766 767/826/767
f 748/806/748 747/805/747 767/826/767 768/827/768
f 749/807/749 748/806/748 768/827/768 769/828/769
f 750/808/750 749/807/749 769/828/769 770/829/770
f 751/809/751 750/808/750 770/829/770 771/830/771
f 752/810/752 751/809/751 771/830/771 772/831/772
f 753/811/753 752/810/752 772/831/772 773/832/773
f 754/812/754 753/811/753 773/832/773 774/833/774
f 755/813/755 754/812/754 774/833/774 775/834/775
f 756/814/756 755/813/755 775/834/775 776/835/776
f 757/815/757 756/814/756 776/835/776 777/836/777
f 758/816/758 757/815/757 777/836/777 778/837/778
f 759/817/759 758/816/758 778/837/778 779/838/779
f 760/818/760 759/817/759 779/838/779 780/839/780
f 741/819/741 760/818/760 780/839/780 761/840/761
f 762/821/762 761/820/761 781/841/781 782/842/782
f 763/822/763 762/821/762 782/842/782 783/843/783
f 764/823/764 763/822/763 783/843/783 784/844/784
f 765/824/765 764/823/764 784/844/784 785/845/785
f 766/825/766 765/824/765 785/845/785 786/846/786
f 767/826/767 766/825/766 786/846/786 787/847/787
f 768/827/768 767/826/767 787/847/787 788/848/788
f 769/828/769 768/827/768 788/848/788 789/849/789
f 770/829/770 769/828/769 789/849/789 790/850/790
f 771/830/771 770/829/770 790/850/790 791/851/791
f 772/831/772 771/830/771 791/851/791 792/852/792
f 773/832/773 772/831/772 792/852/792 793/853/793
f 774/833/774 773/832/773 793/853/793 794/854/794
f 775/834/775 774/833/774 794/854/794 795/855/795
f 776/835/776 775/834/775 795/855/795 796/856/796
f 777/836/777 776/835/776 796/856/796 797/857/797
f 778/837/778 777/836/777 797/857/797 798/858/798
f 779/838/779 778/837/778 798/858/798 799/859/799
f 780/839/780 779/838/779 799/859/799 800/860/800
f 761/840/761 780/839/780 800/860/800 781/861/781
f 782/842/782 781/841/781 401/862/402 402/863/401
f 783/843/783 782/842/782 402/863/401 403/864/405
f 784/844/784 783/843/783 403/864/405 404/865/407
f 785/845/785 784/844/784 404/865/407 405/866/409
f 786/846/786 785/845/785 405/866/409 406/867/411
f 787/847/787 786/846/786 406/867/411 407/868/413
f 788/848/788 787/847/787 407/868/413 408/869/415
f 789/849/789 788/848/788 408/869/415 409/870/417
f 790/850/790 789/849/789 409/870/417 410/871/419
f 791/851/791 790/850/790 410/871/419 411/872/421
f 792/852/792 791/851/791 411/872/421 412/873/423
f 793/853/793 792/852/792 412/873/423 413/874/425
f 794/854/794 793/853/793 413/874/425 414/875/427
f 795/855/795 794/854/794 414/875/427 415/876/429
f 796/856/796 795/855/795 415/876/429 416/877/431
f 797/857/797 796/856/796 416/877/431 417/878/433
f 798/858/798 797/857/797 417/878/433 418/879/435
f 799/859/799 798/858/798 418/879/435 419/880/437
f 800/860/800 799/859/799 419/880/437 420/881/439
f 781/861/781 800/860/800 420/881/439 401/882/402
g default
v -2.033895 6.259687 -0.000000
v -3.868699 5.324808 -0.000000
v -5.324807 3.868699 -0.000000
v -6.259686 2.033895 -0.000000
v -6.581823 0.000000 -0.000000
v -6.259686 -2.033895 -0.000000
v -5.324806 -3.868698 -0.000000
v -3.868698 -5.324806 -0.000000
v -2.033895 -6.259684 -0.000000
v -0.000000 -6.581821 0.000000
v 2.033895 -6.259684 0.000000
v 3.868697 -5.324805 0.000000
v 5.324805 -3.868697 0.000000
v 6.259684 -2.033895 0.000000
v 6.581821 -0.000000 0.000000
v 6.259683 2.033894 0.000000
v 5.324805 3.868697 0.000000
v 3.868697 5.324804 0.000000
v 2.033894 6.259683 0.000000
v 0.000000 6.581820 -0.000000
v -2.049951 6.309102 0.328047
v -3.899239 5.366842 0.328047
v -5.366842 3.899239 0.328047
v -6.309101 2.049951 0.328047
v -6.633781 0.000000 0.328047
v -6.309100 -2.049951 0.328047
v -5.366841 -3.899238 0.328047
v -3.899238 -5.366840 0.328047
v -2.049951 -6.309099 0.328047
v -0.000000 -6.633779 0.328047
v 2.049951 -6.309099 0.328047
v 3.899237 -5.366840 0.328047
v 5.366839 -3.899237 0.328047
v 6.309098 -2.049951 0.328047
v 6.633779 -0.000000 0.328047
v 6.309098 2.049950 0.328047
v 5.366839 3.899236 0.328047
v 3.899237 5.366839 0.328047
v 2.049950 6.309098 0.328047
v 0.000000 6.633778 0.328047
v -2.096547 6.452508 0.623983
v -3.987869 5.488831 0.623983
v -5.488831 3.987869 0.623983
v -6.452507 2.096547 0.623983
v -6.784567 0.000000 0.623983
v -6.452507 -2.096547 0.623983
v -5.488830 -3.987868 0.623983
v -3.987868 -5.488829 0.623983
v -2.096546 -6.452506 0.623983
v -0.000000 -6.784566 0.623983
v 2.096546 -6.452506 0.623983
v 3.987867 -5.488829 0.623983
v 5.488829 -3.987867 0.623983
v 6.452505 -2.096546 0.623983
v 6.784565 -0.000000 0.623983
v 6.452504 2.096545 0.623983
v 5.488828 3.987867 0.623983
v 3.987867 5.488828 0.623983
v 2.096546 6.452504 0.623983
v 0.000000 6.784564 0.623983
v -2.169122 6.675870 0.858839
v -4.125914 5.678834 0.858839
v -5.678834 4.125914 0.858839
v -6.675869 2.169121 0.858839
v -7.019424 0.000000 0.858839
v -6.675869 -2.169121 0.858839
v -5.678832 -4.125913 0.858839
v -4.125913 -5.678832 0.858839
v -2.169121 -6.675867 0.858839
v -0.000000 -7.019422 0.858839
v 2.169121 -6.675867 0.858839
v 4.125912 -5.678832 0.858839
v 5.678831 -4.125912 0.858839
v 6.675867 -2.169121 0.858839
v 7.019421 -0.000000 0.858839
v 6.675866 2.169120 0.858839
v 5.678831 4.125912 0.858839
v 4.125912 5.678830 0.858839
v 2.169120 6.675866 0.858839
v 0.000000 7.019420 0.858839
v -2.260571 6.957322 1.009626
v -4.299861 5.918252 1.009626
v -5.918251 4.299861 1.009626
v -6.957321 2.260570 1.009626
v -7.315360 0.000000 1.009626
v -6.957321 -2.260570 1.009626
v -5.918249 -4.299860 1.009626
v -4.299860 -5.918249 1.009626
v -2.260570 -6.957319 1.009626
v -0.000000 -7.315358 1.009626
v 2.260570 -6.957319 1.009626
v 4.299859 -5.918249 1.009626
v 5.918248 -4.299859 1.009626
v 6.957318 -2.260570 1.009626
v 7.315357 -0.000000 1.009626
v 6.957317 2.260569 1.009626
v 5.918248 4.299858 1.009626
v 4.299859 5.918247 1.009626
v 2.260569 6.957317 1.009626
v 0.000000 7.315356 1.009626
v -2.361943 7.269314 1.061584
v -4.492683 6.183647 1.061584
v -6.183647 4.492683 1.061584
v -7.269313 2.361943 1.061584
v -7.643407 0.000000 1.061584
v -7.269312 -2.361943 1.061584
v -6.183646 -4.492682 1.061584
v -4.492681 -6.183645 1.061584
v -2.361942 -7.269311 1.061584
v -0.000000 -7.643406 1.061584
v 2.361942 -7.269311 1.061584
v 4.492681 -6.183645 1.061584
v 6.183644 -4.492681 1.061584
v 7.269310 -2.361942 1.061584
v 7.643405 -0.000000 1.061584
v 7.269309 2.361942 1.061584
v 6.183644 4.492680 1.061584
v 4.492681 6.183643 1.061584
v 2.361942 7.269309 1.061584
v 0.000000 7.643404 1.061584
v -2.463315 7.581306 1.009626
v -4.685504 6.449044 1.009626
v -6.449043 4.685504 1.009626
v -7.581305 2.463315 1.009626
v -7.971456 0.000000 1.009626
v -7.581304 -2.463315 1.009626
v -6.449042 -4.685503 1.009626
v -4.685503 -6.449041 1.009626
v -2.463314 -7.581303 1.009626
v -0.000000 -7.971453 1.009626
v 2.463314 -7.581303 1.009626
v 4.685502 -6.449041 1.009626
v 6.449041 -4.685502 1.009626
v 7.581302 -2.463314 1.009626
v 7.971452 -0.000000 1.009626
v 7.581301 2.463314 1.009626
v 6.449040 4.685502 1.009626
v 4.685502 6.449040 1.009626
v 2.463314 7.581301 1.009626
v 0.000000 7.971451 1.009626
v -2.554765 7.862758 0.858840
v -4.859451 6.688461 0.858840
v -6.688461 4.859451 0.858840
v -7.862757 2.554765 0.858840
v -8.267391 0.000000 0.858840
v -7.862756 -2.554765 0.858840
v -6.688459 -4.859450 0.858840
v -4.859450 -6.688459 0.858840
v -2.554764 -7.862755 0.858840
v -0.000000 -8.267389 0.858840
v 2.554764 -7.862755 0.858840
v 4.859449 -6.688458 0.858840
v 6.688458 -4.859449 0.858840
v 7.862754 -2.554764 0.858840
v 8.267388 -0.000000 0.858840
v 7.862753 2.554763 0.858840
v 6.688457 4.859448 0.858840
v 4.859449 6.688457 0.858840
v 2.554763 7.862753 0.858840
v 0.000000 8.267387 0.858840
v -2.627339 8.086119 0.623983
v -4.997496 6.878464 0.623983
v -6.878464 4.997496 0.623983
v -8.086118 2.627339 0.623983
v -8.502247 0.000000 0.623983
v -8.086117 -2.627339 0.623983
v -6.878462 -4.997495 0.623983
v -4.997495 -6.878462 0.623983
v -2.627338 -8.086116 0.623983
v -0.000000 -8.502245 0.623983
v 2.627338 -8.086116 0.623983
v 4.997494 -6.878461 0.623983
v 6.878461 -4.997494 0.623983
v 8.086115 -2.627338 0.623983
v 8.502244 -0.000000 0.623983
v 8.086114 2.627338 0.623983
v 6.878460 4.997493 0.623983
v 4.997494 6.878460 0.623983
v 2.627338 8.086114 0.623983
v 0.000000 8.502243 0.623983
v -2.673935 8.229526 0.328048
v -5.086126 7.000453 0.328048
v -7.000453 5.086126 0.328048
v -8.229525 2.673935 0.328048
v -8.653034 0.000000 0.328048
v -8.229524 -2.673935 0.328048
v -7.000451 -5.086125 0.328048
v -5.086125 -7.000451 0.328048
v -2.673934 -8.229523 0.328048
v -0.000000 -8.653032 0.328048
v 2.673934 -8.229523 0.328048
v 5.086124 -7.000450 0.328048
v 7.000449 -5.086124 0.328048
v 8.229522 -2.673934 0.328048
v 8.653031 -0.000000 0.328048
v 8.229521 2.673933 0.328048
v 7.000449 5.086123 0.328048
v 5.086124 7.000448 0.328048
v 2.673933 8.229521 0.328048
v 0.000000 8.653030 0.328048
v -2.689991 8.278941 -0.000000
v -5.116666 7.042488 -0.000000
v -7.042487 5.116666 -0.000000
v -8.278940 2.689990 -0.000000
v -8.704992 0.000000 -0.000000
v -8.278939 -2.689990 -0.000000
v -7.042486 -5.116665 -0.000000
v -5.116665 -7.042485 -0.000000
v -2.689990 -8.278938 -0.000000
v -0.000000 -8.704990 0.000000
v 2.689990 -8.278938 0.000000
v 5.116664 -7.042485 0.000000
v 7.042484 -5.116664 0.000000
v 8.278937 -2.689990 0.000000
v 8.704989 -0.000000 0.000000
v 8.278936 2.689989 0.000000
v 7.042484 5.116663 0.000000
v 5.116664 7.042483 0.000000
v 2.689989 8.278936 0.000000
v 0.000000 8.704988 -0.000000
v -2.673935 8.229526 -0.328048
v -5.086126 7.000453 -0.328048
v -7.000453 5.086126 -0.328048
v -8.229525 2.673935 -0.328048
v -8.653034 0.000000 -0.328048
v -8.229524 -2.673935 -0.328048
v -7.000451 -5.086125 -0.328048
v -5.086125 -7.000451 -0.328048
v -2.673934 -8.229523 -0.328048
v -0.000000 -8.653032 -0.328048
v 2.673934 -8.229523 -0.328048
v 5.086124 -7.000450 -0.328048
v 7.000449 -5.086124 -0.328048
v 8.229522 -2.673934 -0.328048
v 8.653031 -0.000000 -0.328048
v 8.229521 2.673933 -0.328048
v 7.000449 5.086123 -0.328048
v 5.086124 7.000448 -0.328048
v 2.673933 8.229521 -0.328048
v 0.000000 8.653030 -0.328048
v -2.627339 8.086119 -0.623984
v -4.997496 6.878464 -0.623984
v -6.878464 4.997496 -0.623984
v -8.086118 2.627339 -0.623984
v -8.502247 0.000000 -0.623984
v -8.086117 -2.627339 -0.623984
v -6.878462 -4.997495 -0.623984
v -4.997495 -6.878462 -0.623984
v -2.627338 -8.086116 -0.623984
v -0.000000 -8.502245 -0.623984
v 2.627338 -8.086116 -0.623984
v 4.997494 -6.878461 -0.623984
v 6.878461 -4.997494 -0.623984
v 8.086115 -2.627338 -0.623984
v 8.502244 -0.000000 -0.623984
v 8.086114 2.627338 -0.623984
v 6.878460 4.997493 -0.623984
v 4.997494 6.878460 -0.623984
v 2.627338 8.086114 -0.623984
v 0.000000 8.502243 -0.623984
v -2.554765 7.862758 -0.858840
v -4.859451 6.688462 -0.858840
v -6.688461 4.859451 -0.858840
v -7.862757 2.554765 -0.858840
v -8.267392 0.000000 -0.858840
v -7.862757 -2.554765 -0.858840
v -6.688460 -4.859450 -0.858840
v -4.859450 -6.688459 -0.858840
v -2.554764 -7.862755 -0.858840
v -0.000000 -8.267390 -0.858840
v 2.554764 -7.862755 -0.858840
v 4.859449 -6.688459 -0.858840
v 6.688458 -4.859449 -0.858840
v 7.862754 -2.554764 -0.858840
v 8.267389 -0.000000 -0.858840
v 7.862754 2.554763 -0.858840
v 6.688458 4.859449 -0.858840
v 4.859449 6.688457 -0.858840
v 2.554763 7.862753 -0.858840
v 0.000000 8.267388 -0.858840
v -2.463315 7.581306 -1.009627
v -4.685504 6.449044 -1.009627
v -6.449043 4.685504 -1.009627
v -7.581305 2.463315 -1.009627
v -7.971456 0.000000 -1.009627
v -7.581304 -2.463315 -1.009627
v -6.449042 -4.685503 -1.009627
v -4.685503 -6.449041 -1.009627
v -2.463314 -7.581303 -1.009627
v -0.000000 -7.971453 -1.009627
v 2.463314 -7.581303 -1.009627
v 4.685502 -6.449041 -1.009627
v 6.449041 -4.685502 -1.009627
v 7.581302 -2.463314 -1.009627
v 7.971452 -0.000000 -1.009627
v 7.581301 2.463314 -1.009627
v 6.449040 4.685502 -1.009627
v 4.685502 6.449040 -1.009627
v 2.463314 7.581301 -1.009627
v 0.000000 7.971451 -1.009627
v -2.361943 7.269314 -1.061584
v -4.492683 6.183647 -1.061584
v -6.183647 4.492683 -1.061584
v -7.269313 2.361943 -1.061584
v -7.643407 0.000000 -1.061584
v -7.269312 -2.361943 -1.061584
v -6.183646 -4.492682 -1.061584
v -4.492681 -6.183645 -1.061584
v -2.361942 -7.269311 -1.061584
v -0.000000 -7.643406 -1.061584
v 2.361942 -7.269311 -1.061584
v 4.492681 -6.183645 -1.061584
v 6.183644 -4.492681 -1.061584
v 7.269310 -2.361942 -1.061584
v 7.643405 -0.000000 -1.061584
v 7.269309 2.361942 -1.061584
v 6.183644 4.492680 -1.061584
v 4.492681 6.183643 -1.061584
v 2.361942 7.269309 -1.061584
v 0.000000 7.643404 -1.061584
v -2.260571 6.957322 -1.009627
v -4.299861 5.918252 -1.009627
v -5.918251 4.299861 -1.009627
v -6.957321 2.260570 -1.009627
v -7.315360 0.000000 -1.009627
v -6.957321 -2.260570 -1.009627
v -5.918249 -4.299860 -1.009627
v -4.299860 -5.918249 -1.009627
v -2.260570 -6.957319 -1.009627
v -0.000000 -7.315358 -1.009627
v 2.260570 -6.957319 -1.009627
v 4.299859 -5.918249 -1.009627
v 5.918248 -4.299859 -1.009627
v 6.957318 -2.260570 -1.009627
v 7.315357 -0.000000 -1.009627
v 6.957317 2.260569 -1.009627
v 5.918248 4.299858 -1.009627
v 4.299859 5.918247 -1.009627
v 2.260569 6.957317 -1.009627
v 0.000000 7.315356 -1.009627
v -2.169121 6.675869 -0.858840
v -4.125914 5.678834 -0.858840
v -5.678833 4.125914 -0.858840
v -6.675869 2.169121 -0.858840
v -7.019423 0.000000 -0.858840
v -6.675868 -2.169121 -0.858840
v -5.678832 -4.125913 -0.858840
v -4.125913 -5.678832 -0.858840
v -2.169121 -6.675867 -0.858840
v -0.000000 -7.019421 -0.858840
v 2.169121 -6.675867 -0.858840
v 4.125912 -5.678831 -0.858840
v 5.678831 -4.125912 -0.858840
v 6.675866 -2.169121 -0.858840
v 7.019421 -0.000000 -0.858840
v 6.675866 2.169120 -0.858840
v 5.678830 4.125911 -0.858840
v 4.125912 5.678830 -0.858840
v 2.169120 6.675865 -0.858840
v 0.000000 7.019420 -0.858840
v -2.096547 6.452508 -0.623984
v -3.987869 5.488831 -0.623984
v -5.488831 3.987869 -0.623984
v -6.452507 2.096547 -0.623984
v -6.784567 0.000000 -0.623984
v -6.452506 -2.096547 -0.623984
v -5.488829 -3.987868 -0.623984
v -3.987868 -5.488829 -0.623984
v -2.096546 -6.452505 -0.623984
v -0.000000 -6.784565 -0.623984
v 2.096546 -6.452505 -0.623984
v 3.987867 -5.488829 -0.623984
v 5.488828 -3.987867 -0.623984
v 6.452504 -2.096546 -0.623984
v 6.784565 -0.000000 -0.623984
v 6.452504 2.096545 -0.623984
v 5.488828 3.987866 -0.623984
v 3.987867 5.488827 -0.623984
v 2.096546 6.452504 -0.623984
v 0.000000 6.784564 -0.623984
v -2.049951 6.309101 -0.328048
v -3.899239 5.366842 -0.328048
v -5.366841 3.899239 -0.328048
v -6.309100 2.049951 -0.328048
v -6.633780 0.000000 -0.328048
v -6.309100 -2.049951 -0.328048
v -5.366840 -3.899238 -0.328048
v -3.899237 -5.366840 -0.328048
v -2.049950 -6.309099 -0.328048
v -0.000000 -6.633779 -0.328048
v 2.049950 -6.309099 -0.328048
v 3.899237 -5.366839 -0.328048
v 5.366839 -3.899237 -0.328048
v 6.309098 -2.049950 -0.328048
v 6.633778 -0.000000 -0.328048
v 6.309098 2.049950 -0.328048
v 5.366839 3.899236 -0.328048
v 3.899237 5.366838 -0.328048
v 2.049950 6.309097 -0.328048
v 0.000000 6.633777 -0.328048
vt 0.000000 1.000000
vt 0.050000 1.000000
vt 0.100000 1.000000
vt 0.150000 1.000000
vt 0.200000 1.000000
vt 0.250000 1.000000
vt 0.300000 1.000000
vt 0.350000 1.000000
vt 0.400000 1.000000
vt 0.450000 1.000000
vt 0.500000 1.000000
vt 0.550000 1.000000
vt 0.600000 1.000000
vt 0.650000 1.000000
vt 0.700000 1.000000
vt 0.750000 1.000000
vt 0.800000 1.000000
vt 0.850000 1.000000
vt 0.900000 1.000000
vt 0.950000 1.000000
vt 1.000000 1.000000
vt 0.000000 0.950000
vt 0.050000 0.950000
vt 0.100000 0.950000
vt 0.150000 0.950000
vt 0.200000 0.950000
vt 0.250000 0.950000
vt 0.300000 0.950000
vt 0.350000 0.950000
vt 0.400000 0.950000
vt 0.450000 0.950000
vt 0.500000 0.950000
vt 0.550000 0.950000
vt 0.600000 0.950000
vt 0.650000 0.950000
vt 0.700000 0.950000
vt 0.750000 0.950000
vt 0.800000 0.950000
vt 0.850000 0.950000
vt 0.900000 0.950000
vt 0.950000 0.950000
vt 1.000000 0.950000
vt 0.000000 0.900000
vt 0.050000 0.900000
vt 0.100000 0.900000
vt 0.150000 0.900000
vt 0.200000 0.900000
vt 0.250000 0.900000
vt 0.300000 0.900000
vt 0.350000 0.900000
vt 0.400000 0.900000
vt 0.450000 0.900000
vt 0.500000 0.900000
vt 0.550000 0.900000
vt 0.600000 0.900000
vt 0.650000 0.900000
vt 0.700000 0.900000
vt 0.750000 0.900000
vt 0.800000 0.900000
vt 0.850000 0.900000
vt 0.900000 0.900000
vt 0.950000 0.900000
vt 1.000000 0.900000
vt 0.000000 0.850000
vt 0.050000 0.850000
vt 0.100000 0.850000
vt 0.150000 0.850000
vt 0.200000 0.850000
vt 0.250000 0.850000
vt 0.300000 0.850000
vt 0.350000 0.850000
vt 0.400000 0.850000
vt 0.450000 0.850000
vt 0.500000 0.850000
vt 0.550000 0.850000
vt 0.600000 0.850000
vt 0.650000 0.850000
vt 0.700000 0.850000
vt 0.750000 0.850000
vt 0.800000 0.850000
vt 0.850000 0.850000
vt 0.900000 0.850000
vt 0.950000 0.850000
vt 1.000000 0.850000
vt 0.000000 0.800000
vt 0.050000 0.800000
vt 0.100000 0.800000
vt 0.150000 0.800000
vt 0.200000 0.800000
vt 0.250000 0.800000
vt 0.300000 0.800000
vt 0.350000 0.800000
vt 0.400000 0.800000
vt 0.450000 0.800000
vt 0.500000 0.800000
vt 0.550000 0.800000
vt 0.600000 0.800000
vt 0.650000 0.800000
vt 0.700000 0.800000
vt 0.750000 0.800000
vt 0.800000 0.800000
vt 0.850000 0.800000
vt 0.900000 0.800000
vt 0.950000 0.800000
vt 1.000000 0.800000
vt 0.000000 0.750000
vt 0.050000 0.750000
vt 0.100000 0.750000
vt 0.150000 0.750000
vt 0.200000 0.750000
vt 0.250000 0.750000
vt 0.300000 0.750000
vt 0.350000 0.750000
vt 0.400000 0.750000
vt 0.450000 0.750000
vt 0.500000 0.750000
vt 0.550000 0.750000
vt 0.600000 0.750000
vt 0.650000 0.750000
vt 0.700000 0.750000
vt 0.750000 0.750000
vt 0.800000 0.750000
vt 0.850000 0.750000
vt 0.900000 0.750000
vt 0.950000 0.750000
vt 1.000000 0.750000
vt 0.000000 0.700000
vt 0.050000 0.700000
vt 0.100000 0.700000
vt 0.150000 0.700000
vt 0.200000 0.700000
vt 0.250000 0.700000
vt 0.300000 0.700000
vt 0.350000 0.700000
vt 0.400000 0.700000
vt 0.450000 0.700000
vt 0.500000 0.700000
vt 0.550000 0.700000
vt 0.600000 0.700000
vt 0.650000 0.700000
vt 0.700000 0.700000
vt 0.750000 0.700000
vt 0.800000 0.700000
vt 0.850000 0.700000
vt 0.900000 0.700000
vt 0.950000 0.700000
vt 1.000000 0.700000
vt 0.000000 0.650000
vt 0.050000 0.650000
vt 0.100000 0.650000
vt 0.150000 0.650000
vt 0.200000 0.650000
vt 0.250000 0.650000
vt 0.300000 0.650000
vt 0.350000 0.650000
vt 0.400000 0.650000
vt 0.450000 0.650000
vt 0.500000 0.650000
vt 0.550000 0.650000
vt 0.600000 0.650000
vt 0.650000 0.650000
vt 0.700000 0.650000
vt 0.750000 0.650000
vt 0.800000 0.650000
vt 0.850000 0.650000
vt 0.900000 0.650000
vt 0.950000 0.650000
vt 1.000000 0.650000
vt 0.000000 0.600000
vt 0.050000 0.600000
vt 0.100000 0.600000
vt 0.150000 0.600000
vt 0.200000 0.600000
vt 0.250000 0.600000
vt 0.300000 0.600000
vt 0.350000 0.600000
vt 0.400000 0.600000
vt 0.450000 0.600000
vt 0.500000 0.600000
vt 0.550000 0.600000
vt 0.600000 0.600000
vt 0.650000 0.600000
vt 0.700000 0.600000
vt 0.750000 0.600000
vt 0.800000 0.600000
vt 0.850000 0.600000
vt 0.900000 0.600000
vt 0.950000 0.600000
vt 1.000000 0.600000
vt 0.000000 0.550000
vt 0.050000 0.550000
vt 0.100000 0.550000
vt 0.150000 0.550000
vt 0.200000 0.550000
vt 0.250000 0.550000
vt 0.300000 0.550000
vt 0.350000 0.550000
vt 0.400000 0.550000
vt 0.450000 0.550000
vt 0.500000 0.550000
vt 0.550000 0.550000
vt 0.600000 0.550000
vt 0.650000 0.550000
vt 0.700000 0.550000
vt 0.750000 0.550000
vt 0.800000 0.550000
vt 0.850000 0.550000
vt 0.900000 0.550000
vt 0.950000 0.550000
vt 1.000000 0.550000
vt 0.000000 0.500000
vt 0.050000 0.500000
vt 0.100000 0.500000
vt 0.150000 0.500000
vt 0.200000 0.500000
vt 0.250000 0.500000
vt 0.300000 0.500000
vt 0.350000 0.500000
vt 0.400000 0.500000
vt 0.450000 0.500000
vt 0.500000 0.500000
vt 0.550000 0.500000
vt 0.600000 0.500000
vt 0.650000 0.500000
vt 0.700000 0.500000
vt 0.750000 0.500000
vt 0.800000 0.500000
vt 0.850000 0.500000
vt 0.900000 0.500000
vt 0.950000 0.500000
vt 1.000000 0.500000
vt 0.000000 0.450000
vt 0.050000 0.450000
vt 0.100000 0.450000
vt 0.150000 0.450000
vt 0.200000 0.450000
vt 0.250000 0.450000
vt 0.300000 0.450000
vt 0.350000 0.450000
vt 0.400000 0.450000
vt 0.450000 0.450000
vt 0.500000 0.450000
vt 0.550000 0.450000
vt 0.600000 0.450000
vt 0.650000 0.450000
vt 0.700000 0.450000
vt 0.750000 0.450000
vt 0.800000 0.450000
vt 0.850000 0.450000
vt 0.900000 0.450000
vt 0.950000 0.450000
vt 1.000000 0.450000
vt 0.000000 0.400000
vt 0.050000 0.400000
vt 0.100000 0.400000
vt 0.150000 0.400000
vt 0.200000 0.400000
vt 0.250000 0.400000
vt 0.300000 0.400000
vt 0.350000 0.400000
vt 0.400000 0.400000
vt 0.450000 0.400000
vt 0.500000 0.400000
vt 0.550000 0.400000
vt 0.600000 0.400000
vt 0.650000 0.400000
vt 0.700000 0.400000
vt 0.750000 0.400000
vt 0.800000 0.400000
vt 0.850000 0.400000
vt 0.900000 0.400000
vt 0.950000 0.400000
vt 1.000000 0.400000
vt 0.000000 0.350000
vt 0.050000 0.350000
vt 0.100000 0.350000
vt 0.150000 0.350000
vt 0.200000 0.350000
vt 0.250000 0.350000
vt 0.300000 0.350000
vt 0.350000 0.350000
vt 0.400000 0.350000
vt 0.450000 0.350000
vt 0.500000 0.350000
vt 0.550000 0.350000
vt 0.600000 0.350000
vt 0.650000 0.350000
vt 0.700000 0.350000
vt 0.750000 0.350000
vt 0.800000 0.350000
vt 0.850000 0.350000
vt 0.900000 0.350000
vt 0.950000 0.350000
vt 1.000000 0.350000
vt 0.000000 0.300000
vt 0.050000 0.300000
vt 0.100000 0.300000
vt 0.150000 0.300000
vt 0.200000 0.300000
vt 0.250000 0.300000
vt 0.300000 0.300000
vt 0.350000 0.300000
vt 0.400000 0.300000
vt 0.450000 0.300000
vt 0.500000 0.300000
vt 0.550000 0.300000
vt 0.600000 0.300000
vt 0.650000 0.300000
vt 0.700000 0.300000
vt 0.750000 0.300000
vt 0.800000 0.300000
vt 0.850000 0.300000
vt 0.900000 0.300000
vt 0.950000 0.300000
vt 1.000000 0.300000
vt 0.000000 0.250000
vt 0.050000 0.250000
vt 0.100000 0.250000
vt 0.150000 0.250000
vt 0.200000 0.250000
vt 0.250000 0.250000
vt 0.300000 0.250000
vt 0.350000 0.250000
vt 0.400000 0.250000
vt 0.450000 0.250000
vt 0.500000 0.250000
vt 0.550000 0.250000
vt 0.600000 0.250000
vt 0.650000 0.250000
vt 0.700000 0.250000
vt 0.750000 0.250000
vt 0.800000 0.250000
vt 0.850000 0.250000
vt 0.900000 0.250000
vt 0.950000 0.250000
vt 1.000000 0.250000
vt 0.000000 0.200000
vt 0.050000 0.200000
vt 0.100000 0.200000
vt 0.150000 0.200000
vt 0.200000 0.200000
vt 0.250000 0.200000
vt 0.300000 0.200000
vt 0.350000 0.200000
vt 0.400000 0.200000
vt 0.450000 0.200000
vt 0.500000 0.200000
vt 0.550000 0.200000
vt 0.600000 0.200000
vt 0.650000 0.200000
vt 0.700000 0.200000
vt 0.750000 0.200000
vt 0.800000 0.200000
vt 0.850000 0.200000
vt 0.900000 0.200000
vt 0.950000 0.200000
vt 1.000000 0.200000
vt 0.000000 0.150000
vt 0.050000 0.150000
vt 0.100000 0.150000
vt 0.150000 0.150000
vt 0.200000 0.150000
vt 0.250000 0.150000
vt 0.300000 0.150000
vt 0.350000 0.150000
vt 0.400000 0.150000
vt 0.450000 0.150000
vt 0.500000 0.150000
vt 0.550000 0.150000
vt 0.600000 0.150000
vt 0.650000 0.150000
vt 0.700000 0.150000
vt 0.750000 0.150000
vt 0.800000 0.150000
vt 0.850000 0.150000
vt 0.900000 0.150000
vt 0.950000 0.150000
vt 1.000000 0.150000
vt 0.000000 0.100000
vt 0.050000 0.100000
vt 0.100000 0.100000
vt 0.150000 0.100000
vt 0.200000 0.100000
vt 0.250000 0.100000
vt 0.300000 0.100000
vt 0.350000 0.100000
vt 0.400000 0.100000
vt 0.450000 0.100000
vt 0.500000 0.100000
vt 0.550000 0.100000
vt 0.600000 0.100000
vt 0.650000 0.100000
vt 0.700000 0.100000
vt 0.750000 0.100000
vt 0.800000 0.100000
vt 0.850000 0.100000
vt 0.900000 0.100000
vt 0.950000 0.100000
vt 1.000000 0.100000
vt 0.000000 0.050000
vt 0.050000 0.050000
vt 0.100000 0.050000
vt 0.150000 0.050000
vt 0.200000 0.050000
vt 0.250000 0.050000
vt 0.300000 0.050000
vt 0.350000 0.050000
vt 0.400000 0.050000
vt 0.450000 0.050000
vt 0.500000 0.050000
vt 0.550000 0.050000
vt 0.600000 0.050000
vt 0.650000 0.050000
vt 0.700000 0.050000
vt 0.750000 0.050000
vt 0.800000 0.050000
vt 0.850000 0.050000
vt 0.900000 0.050000
vt 0.950000 0.050000
vt 1.000000 0.050000
vt 0.000000 -0.000000
vt 0.050000 -0.000000
vt 0.100000 -0.000000
vt 0.150000 -0.000000
vt 0.200000 -0.000000
vt 0.250000 -0.000000
vt 0.300000 -0.000000
vt 0.350000 -0.000000
vt 0.400000 -0.000000
vt 0.450000 -0.000000
vt 0.500000 -0.000000
vt 0.550000 -0.000000
vt 0.600000 -0.000000
vt 0.650000 -0.000000
vt 0.700000 -0.000000
vt 0.750000 -0.000000
vt 0.800000 -0.000000
vt 0.850000 -0.000000
vt 0.900000 -0.000000
vt 0.950000 -0.000000
vt 1.000000 -0.000000
vn 0.587785 -0.809017 0.000001
vn 0.309016 -0.951057 0.000000
vn 0.293318 -0.902744 0.314671
vn 0.557926 -0.767919 0.314672
vn 0.809017 -0.587785 0.000001
vn 0.767920 -0.557926 0.314672
vn 0.951057 -0.309017 0.000001
vn 0.902744 -0.293319 0.314671
vn 1.000000 0.000000 0.000001
vn 0.949201 0.000000 0.314671
vn 0.951056 0.309017 0.000001
vn 0.902744 0.293319 0.314671
vn 0.809017 0.587785 0.000001
vn 0.767920 0.557926 0.314671
vn 0.587785 0.809017 0.000001
vn 0.557926 0.767920 0.314671
vn 0.309017 0.951056 0.000002
vn 0.293319 0.902744 0.314671
vn 0.000000 1.000000 0.000002
vn 0.000000 0.949201 0.314671
vn -0.309017 0.951057 0.000001
vn -0.293319 0.902744 0.314671
vn -0.587785 0.809017 0.000000
vn -0.557926 0.767919 0.314671
vn -0.809017 0.587785 0.000001
vn -0.767920 0.557926 0.314671
vn -0.951056 0.309017 0.000001
vn -0.902744 0.293319 0.314671
vn -1.000000 -0.000000 0.000001
vn -0.949201 -0.000000 0.314671
vn -0.951056 -0.309017 0.000001
vn -0.902744 -0.293319 0.314671
vn -0.809017 -0.587785 0.000001
vn -0.767920 -0.557926 0.314671
vn -0.587785 -0.809017 0.000001
vn -0.557926 -0.767920 0.314671
vn -0.309017 -0.951056 0.000001
vn -0.293319 -0.902744 0.314671
vn -0.000001 -1.000000 -0.000000
vn -0.000001 -0.949201 0.314671
vn 0.247932 -0.763060 0.596882
vn 0.471597 -0.649098 0.596882
vn 0.649098 -0.471597 0.596883
vn 0.763060 -0.247933 0.596883
vn 0.802328 0.000000 0.596883
vn 0.763060 0.247933 0.596883
vn 0.649097 0.471597 0.596883
vn 0.471597 0.649098 0.596882
vn 0.247933 0.763060 0.596882
vn 0.000000 0.802329 0.596882
vn -0.247933 0.763060 0.596883
vn -0.471597 0.649097 0.596883
vn -0.649098 0.471597 0.596882
vn -0.763060 0.247933 0.596882
vn -0.802329 -0.000000 0.596882
vn -0.763060 -0.247933 0.596882
vn -0.649098 -0.471597 0.596882
vn -0.471597 -0.649098 0.596882
vn -0.247933 -0.763060 0.596883
vn -0.000001 -0.802328 0.596883
vn 0.177742 -0.547036 0.818022
vn 0.338086 -0.465336 0.818022
vn 0.465336 -0.338086 0.818022
vn 0.547035 -0.177742 0.818022
vn 0.575187 0.000000 0.818022
vn 0.547035 0.177743 0.818022
vn 0.465336 0.338086 0.818022
vn 0.338086 0.465336 0.818022
vn 0.177742 0.547035 0.818022
vn 0.000000 0.575187 0.818022
vn -0.177742 0.547035 0.818022
vn -0.338086 0.465336 0.818022
vn -0.465336 0.338086 0.818022
vn -0.547035 0.177742 0.818022
vn -0.575187 -0.000000 0.818022
vn -0.547035 -0.177743 0.818022
vn -0.465336 -0.338086 0.818022
vn -0.338086 -0.465336 0.818022
vn -0.177742 -0.547035 0.818022
vn -0.000001 -0.575187 0.818022
vn 0.090146 -0.277442 0.956504
vn 0.171469 -0.236006 0.956504
vn 0.236007 -0.171469 0.956504
vn 0.277442 -0.090146 0.956504
vn 0.291720 0.000000 0.956504
vn 0.277442 0.090146 0.956504
vn 0.236006 0.171469 0.956504
vn 0.171469 0.236007 0.956504
vn 0.090146 0.277442 0.956504
vn 0.000000 0.291720 0.956504
vn -0.090146 0.277442 0.956504
vn -0.171469 0.236007 0.956504
vn -0.236006 0.171469 0.956504
vn -0.277442 0.090146 0.956504
vn -0.291720 -0.000000 0.956504
vn -0.277442 -0.090147 0.956504
vn -0.236006 -0.171469 0.956504
vn -0.171469 -0.236006 0.956504
vn -0.090146 -0.277442 0.956504
vn -0.000000 -0.291720 0.956504
vn -0.005870 0.018067 0.999820
vn -0.011166 0.015369 0.999820
vn -0.015369 0.011166 0.999820
vn -0.018067 0.005870 0.999820
vn -0.018997 -0.000000 0.999820
vn -0.018067 -0.005870 0.999820
vn -0.015369 -0.011166 0.999820
vn -0.011166 -0.015369 0.999820
vn -0.005870 -0.018067 0.999820
vn -0.000000 -0.018997 0.999820
vn 0.005870 -0.018067 0.999820
vn 0.011166 -0.015369 0.999820
vn 0.015369 -0.011166 0.999820
vn 0.018067 -0.005870 0.999820
vn 0.018997 0.000000 0.999820
vn 0.018067 0.005870 0.999820
vn 0.015369 0.011166 0.999820
vn 0.011166 0.015369 0.999820
vn 0.005870 0.018067 0.999820
vn 0.000000 0.018997 0.999820
vn -0.100769 0.310135 0.945337
vn -0.191674 0.263817 0.945337
vn -0.263817 0.191674 0.945337
vn -0.310135 0.100769 0.945337
vn -0.326095 -0.000000 0.945337
vn -0.310135 -0.100769 0.945337
vn -0.263817 -0.191674 0.945337
vn -0.191674 -0.263817 0.945337
vn -0.100769 -0.310136 0.945337
vn -0.000000 -0.326096 0.945337
vn 0.100769 -0.310135 0.945337
vn 0.191674 -0.263817 0.945337
vn 0.263817 -0.191674 0.945337
vn 0.310135 -0.100769 0.945337
vn 0.326096 0.000000 0.945337
vn 0.310135 0.100769 0.945337
vn 0.263817 0.191674 0.945337
vn 0.191674 0.263817 0.945337
vn 0.100769 0.310135 0.945337
vn 0.000000 0.326095 0.945337
vn -0.185434 0.570710 0.799940
vn -0.352718 0.485474 0.799941
vn -0.485474 0.352718 0.799941
vn -0.570709 0.185435 0.799940
vn -0.600079 -0.000000 0.799940
vn -0.570709 -0.185435 0.799941
vn -0.485474 -0.352718 0.799941
vn -0.352718 -0.485474 0.799940
vn -0.185435 -0.570709 0.799940
vn -0.000000 -0.600079 0.799940
vn 0.185435 -0.570709 0.799941
vn 0.352718 -0.485474 0.799941
vn 0.485474 -0.352718 0.799941
vn 0.570709 -0.185435 0.799941
vn 0.600079 -0.000000 0.799940
vn 0.570709 0.185435 0.799940
vn 0.485474 0.352718 0.799941
vn 0.352718 0.485475 0.799940
vn 0.185435 0.570710 0.799940
vn 0.000001 0.600079 0.799940
vn -0.251997 0.775569 0.578784
vn -0.479327 0.659738 0.578784
vn -0.659738 0.479327 0.578784
vn -0.775568 0.251997 0.578784
vn -0.815481 0.000000 0.578784
vn -0.775568 -0.251998 0.578784
vn -0.659738 -0.479328 0.578784
vn -0.479328 -0.659738 0.578784
vn -0.251998 -0.775569 0.578784
vn -0.000000 -0.815481 0.578784
vn 0.251997 -0.775568 0.578784
vn 0.479328 -0.659738 0.578784
vn 0.659738 -0.479328 0.578784
vn 0.775568 -0.251998 0.578784
vn 0.815481 -0.000000 0.578784
vn 0.775568 0.251998 0.578784
vn 0.659738 0.479328 0.578784
vn 0.479328 0.659738 0.578784
vn 0.251998 0.775569 0.578783
vn 0.000001 0.815481 0.578784
vn -0.294442 0.906204 0.303478
vn -0.560064 0.770863 0.303477
vn -0.770863 0.560064 0.303477
vn -0.906204 0.294443 0.303477
vn -0.952839 -0.000000 0.303477
vn -0.906203 -0.294443 0.303477
vn -0.770863 -0.560065 0.303477
vn -0.560064 -0.770863 0.303477
vn -0.294443 -0.906204 0.303477
vn 0.000000 -0.952839 0.303476
vn 0.294443 -0.906204 0.303477
vn 0.560065 -0.770863 0.303477
vn 0.770863 -0.560065 0.303477
vn 0.906203 -0.294443 0.303477
vn 0.952839 0.000000 0.303477
vn 0.906203 0.294444 0.303477
vn 0.770863 0.560065 0.303477
vn 0.560064 0.770863 0.303477
vn 0.294443 0.906203 0.303478
vn 0.000001 0.952839 0.303478
vn -0.309016 0.951057 -0.000000
vn -0.587785 0.809017 0.000000
vn -0.809017 0.587785 -0.000000
vn -0.951057 0.309017 -0.000000
vn -1.000000 -0.000000 -0.000000
vn -0.951056 -0.309017 -0.000000
vn -0.809017 -0.587786 -0.000000
vn -0.587785 -0.809017 0.000000
vn -0.309017 -0.951057 0.000000
vn -0.000000 -1.000000 0.000000
vn 0.309017 -0.951057 0.000000
vn 0.587785 -0.809017 0.000000
vn 0.809017 -0.587785 0.000000
vn 0.951056 -0.309017 0.000000
vn 1.000000 0.000000 0.000000
vn 0.951056 0.309017 -0.000000
vn 0.809017 0.587785 0.000000
vn 0.587785 0.809017 -0.000000
vn 0.309017 0.951057 -0.000000
vn 0.000001 1.000000 0.000000
vn -0.294442 0.906204 -0.303477
vn -0.560065 0.770863 -0.303477
vn -0.770863 0.560064 -0.303477
vn -0.906204 0.294443 -0.303477
vn -0.952839 -0.000000 -0.303477
vn -0.906203 -0.294443 -0.303477
vn -0.770863 -0.560065 -0.303477
vn -0.560064 -0.770863 -0.303477
vn -0.294443 -0.906204 -0.303477
vn 0.000000 -0.952839 -0.303476
vn 0.294443 -0.906204 -0.303477
vn 0.560065 -0.770863 -0.303477
vn 0.770863 -0.560064 -0.303477
vn 0.906203 -0.294443 -0.303477
vn 0.952839 0.000000 -0.303477
vn 0.906203 0.294444 -0.303477
vn 0.770863 0.560064 -0.303477
vn 0.560064 0.770863 -0.303478
vn 0.294443 0.906203 -0.303478
vn 0.000001 0.952839 -0.303478
vn -0.251997 0.775569 -0.578783
vn -0.479328 0.659738 -0.578783
vn -0.659738 0.479328 -0.578783
vn -0.775569 0.251997 -0.578783
vn -0.815481 -0.000000 -0.578783
vn -0.775569 -0.251998 -0.578783
vn -0.659738 -0.479328 -0.578783
vn -0.479328 -0.659738 -0.578783
vn -0.251998 -0.775569 -0.578783
vn -0.000000 -0.815482 -0.578783
vn 0.251998 -0.775569 -0.578783
vn 0.479328 -0.659738 -0.578783
vn 0.659738 -0.479328 -0.578783
vn 0.775569 -0.251998 -0.578783
vn 0.815481 0.000000 -0.578783
vn 0.775569 0.251998 -0.578783
vn 0.659738 0.479328 -0.578783
vn 0.479328 0.659738 -0.578783
vn 0.251998 0.775569 -0.578783
vn 0.000001 0.815482 -0.578783
vn -0.185434 0.570710 -0.799940
vn -0.352718 0.485475 -0.799940
vn -0.485475 0.352718 -0.799940
vn -0.570710 0.185435 -0.799940
vn -0.600080 -0.000000 -0.799940
vn -0.570710 -0.185435 -0.799940
vn -0.485474 -0.352718 -0.799940
vn -0.352718 -0.485475 -0.799940
vn -0.185435 -0.570710 -0.799940
vn -0.000000 -0.600080 -0.799940
vn 0.185435 -0.570710 -0.799940
vn 0.352718 -0.485474 -0.799940
vn 0.485474 -0.352718 -0.799940
vn 0.570710 -0.185435 -0.799940
vn 0.600080 0.000000 -0.799940
vn 0.570710 0.185435 -0.799940
vn 0.485475 0.352718 -0.799940
vn 0.352718 0.485475 -0.799940
vn 0.185435 0.570710 -0.799940
vn 0.000001 0.600080 -0.799940
vn -0.100769 0.310135 -0.945337
vn -0.191674 0.263817 -0.945337
vn -0.263817 0.191674 -0.945337
vn -0.310135 0.100769 -0.945337
vn -0.326095 -0.000000 -0.945337
vn -0.310135 -0.100769 -0.945337
vn -0.263817 -0.191674 -0.945337
vn -0.191674 -0.263817 -0.945337
vn -0.100769 -0.310135 -0.945337
vn -0.000000 -0.326095 -0.945337
vn 0.100769 -0.310135 -0.945337
vn 0.191674 -0.263817 -0.945337
vn 0.263817 -0.191674 -0.945337
vn 0.310135 -0.100769 -0.945337
vn 0.326095 0.000000 -0.945337
vn 0.310135 0.100769 -0.945337
vn 0.263817 0.191674 -0.945337
vn 0.191674 0.263817 -0.945337
vn 0.100769 0.310135 -0.945337
vn 0.000000 0.326095 -0.945337
vn -0.005870 0.018067 -0.999820
vn -0.011166 0.015369 -0.999820
vn -0.015369 0.011166 -0.999820
vn -0.018067 0.005870 -0.999820
vn -0.018997 -0.000000 -0.999820
vn -0.018067 -0.005870 -0.999820
vn -0.015369 -0.011166 -0.999820
vn -0.011166 -0.015369 -0.999820
vn -0.005870 -0.018067 -0.999820
vn -0.000000 -0.018997 -0.999820
vn 0.005870 -0.018067 -0.999820
vn 0.011166 -0.015369 -0.999820
vn 0.015369 -0.011166 -0.999820
vn 0.018067 -0.005870 -0.999820
vn 0.018997 0.000000 -0.999820
vn 0.018067 0.005870 -0.999820
vn 0.015369 0.011166 -0.999820
vn 0.011166 0.015369 -0.999820
vn 0.005870 0.018067 -0.999820
vn 0.000000 0.018997 -0.999820
vn 0.090146 -0.277442 -0.956504
vn 0.171469 -0.236006 -0.956504
vn 0.236006 -0.171469 -0.956504
vn 0.277442 -0.090146 -0.956504
vn 0.291720 0.000000 -0.956504
vn 0.277442 0.090146 -0.956504
vn 0.236006 0.171469 -0.956504
vn 0.171469 0.236006 -0.956504
vn 0.090146 0.277442 -0.956504
vn -0.000000 0.291720 -0.956504
vn -0.090146 0.277442 -0.956504
vn -0.171468 0.236006 -0.956504
vn -0.236006 0.171469 -0.956504
vn -0.277442 0.090146 -0.956504
vn -0.291720 -0.000000 -0.956504
vn -0.277442 -0.090146 -0.956504
vn -0.236006 -0.171469 -0.956504
vn -0.171469 -0.236006 -0.956504
vn -0.090146 -0.277442 -0.956504
vn -0.000000 -0.291720 -0.956504
vn 0.177742 -0.547035 -0.818022
vn 0.338086 -0.465336 -0.818022
vn 0.465336 -0.338086 -0.818022
vn 0.547035 -0.177742 -0.818022
vn 0.575186 0.000000 -0.818022
vn 0.547035 0.177742 -0.818022
vn 0.465336 0.338086 -0.818022
vn 0.338086 0.465336 -0.818022
vn 0.177742 0.547035 -0.818022
vn 0.000000 0.575187 -0.818022
vn -0.177742 0.547035 -0.818022
vn -0.338086 0.465335 -0.818022
vn -0.465336 0.338086 -0.818022
vn -0.547035 0.177742 -0.818022
vn -0.575187 -0.000000 -0.818022
vn -0.547035 -0.177742 -0.818022
vn -0.465336 -0.338086 -0.818022
vn -0.338086 -0.465336 -0.818022
vn -0.177742 -0.547035 -0.818022
vn -0.000001 -0.575187 -0.818022
vn 0.247932 -0.763060 -0.596883
vn 0.471597 -0.649097 -0.596883
vn 0.649098 -0.471597 -0.596882
vn 0.763060 -0.247933 -0.596883
vn 0.802329 0.000000 -0.596883
vn 0.763060 0.247933 -0.596883
vn 0.649097 0.471597 -0.596882
vn 0.471597 0.649098 -0.596882
vn 0.247933 0.763060 -0.596882
vn 0.000000 0.802329 -0.596882
vn -0.247933 0.763060 -0.596882
vn -0.471597 0.649098 -0.596882
vn -0.649098 0.471597 -0.596882
vn -0.763060 0.247933 -0.596882
vn -0.802329 -0.000000 -0.596882
vn -0.763060 -0.247933 -0.596882
vn -0.649098 -0.471597 -0.596882
vn -0.471597 -0.649098 -0.596882
vn -0.247933 -0.763060 -0.596882
vn -0.000001 -0.802329 -0.596882
vn 0.293318 -0.902744 -0.314671
vn 0.557926 -0.767920 -0.314670
vn 0.767920 -0.557926 -0.314670
vn 0.902744 -0.293319 -0.314670
vn 0.949201 0.000000 -0.314670
vn 0.902744 0.293319 -0.314670
vn 0.767920 0.557927 -0.314670
vn 0.557926 0.767920 -0.314670
vn 0.293319 0.902744 -0.314671
vn -0.000000 0.949201 -0.314671
vn -0.293319 0.902744 -0.314670
vn -0.557926 0.767920 -0.314670
vn -0.767920 0.557926 -0.314670
vn -0.902744 0.293319 -0.314670
vn -0.949201 0.000000 -0.314670
vn -0.902744 -0.293319 -0.314670
vn -0.767920 -0.557926 -0.314670
vn -0.557926 -0.767920 -0.314670
vn -0.293319 -0.902744 -0.314670
vn -0.000001 -0.949201 -0.314670
s 1
g pTorus3
usemtl initialShadingGroup
f 802/884/801 801/883/802 821/904/803 822/905/804
f 803/885/805 802/884/801 822/905/804 823/906/806
f 804/886/807 803/885/805 823/906/806 824/907/808
f 805/887/809 804/886/807 824/907/808 825/908/810
f 806/888/811 805/887/809 825/908/810 826/909/812
f 807/889/813 806/888/811 826/909/812 827/910/814
f 808/890/815 807/889/813 827/910/814 828/911/816
f 809/891/817 808/890/815 828/911/816 829/912/818
f 810/892/819 809/891/817 829/912/818 830/913/820
f 811/893/821 810/892/819 830/913/820 831/914/822
f 812/894/823 811/893/821 831/914/822 832/915/824
f 813/895/825 812/894/823 832/915/824 833/916/826
f 814/896/827 813/895/825 833/916/826 834/917/828
f 815/897/829 814/896/827 834/917/828 835/918/830
f 816/898/831 815/897/829 835/918/830 836/919/832
f 817/899/833 816/898/831 836/919/832 837/920/834
f 818/900/835 817/899/833 837/920/834 838/921/836
f 819/901/837 818/900/835 838/921/836 839/922/838
f 820/902/839 819/901/837 839/922/838 840/923/840
f 801/903/802 820/902/839 840/923/840 821/924/803
f 822/905/804 821/904/803 841/925/841 842/926/842
f 823/906/806 822/905/804 842/926/842 843/927/843
f 824/907/808 823/906/806 843/927/843 844/928/844
f 825/908/810 824/907/808 844/928/844 845/929/845
f 826/909/812 825/908/810 845/929/845 846/930/846
f 827/910/814 826/909/812 846/930/846 847/931/847
f 828/911/816 827/910/814 847/931/847 848/932/848
f 829/912/818 828/911/816 848/932/848 849/933/849
f 830/913/820 829/912/818 849/933/849 850/934/850
f 831/914/822 830/913/820 850/934/850 851/935/851
f 832/915/824 831/914/822 851/935/851 852/936/852
f 833/916/826 832/915/824 852/936/852 853/937/853
f 834/917/828 833/916/826 853/937/853 854/938/854
f 835/918/830 834/917/828 854/938/854 855/939/855
f 836/919/832 835/918/830 855/939/855 856/940/856
f 837/920/834 836/919/832 856/940/856 857/941/857
f 838/921/836 837/920/834 857/941/857 858/942/858
f 839/922/838 838/921/836 858/942/858 859/943/859
f 840/923/840 839/922/838 859/943/859 860/944/860
f 821/924/803 840/923/840 860/944/860 841/945/841
f 842/926/842 841/925/841 861/946/861 862/947/862
f 843/927/843 842/926/842 862/947/862 863/948/863
f 844/928/844 843/927/843 863/948/863 864/949/864
f 845/929/845 844/928/844 864/949/864 865/950/865
f 846/930/846 845/929/845 865/950/865 866/951/866
f 847/931/847 846/930/846 866/951/866 867/952/867
f 848/932/848 847/931/847 867/952/867 868/953/868
f 849/933/849 848/932/848 868/953/868 869/954/869
f 850/934/850 849/933/849 869/954/869 870/955/870
f 851/935/851 850/934/850 870/955/870 871/956/871
f 852/936/852 851/935/851 871/956/871 872/957/872
f 853/937/853 852/936/852 872/957/872 873/958/873
f 854/938/854 853/937/853 873/958/873 874/959/874
f 855/939/855 854/938/854 874/959/874 875/960/875
f 856/940/856 855/939/855 875/960/875 876/961/876
f 857/941/857 856/940/856 876/961/876 877/962/877
f 858/942/858 857/941/857 877/962/877 878/963/878
f 859/943/859 858/942/858 878/963/878 879/964/879
f 860/944/860 859/943/859 879/964/879 880/965/880
f 841/945/841 860/944/860 880/965/880 861/966/861
f 862/947/862 861/946/861 881/967/881 882/968/882
f 863/948/863 862/947/862 882/968/882 883/969/883
f 864/949/864 863/948/863 883/969/883 884/970/884
f 865/950/865 864/949/864 884/970/884 885/971/885
f 866/951/866 865/950/865 885/971/885 886/972/886
f 867/952/867 866/951/866 886/972/886 887/973/887
f 868/953/868 867/952/867 887/973/887 888/974/888
f 869/954/869 868/953/868 888/974/888 889/975/889
f 870/955/870 869/954/869 889/975/889 890/976/890
f 871/956/871 870/955/870 890/976/890 891/977/891
f 872/957/872 871/956/871 891/977/891 892/978/892
f 873/958/873 872/957/872 892/978/892 893/979/893
f 874/959/874 873/958/873 893/979/893 894/980/894
f 875/960/875 874/959/874 894/980/894 895/981/895
f 876/961/876 875/960/875 895/981/895 896/982/896
f 877/962/877 876/961/876 896/982/896 897/983/897
f 878/963/878 877/962/877 897/983/897 898/984/898
f 879/964/879 878/963/878 898/984/898 899/985/899
f 880/965/880 879/964/879 899/985/899 900/986/900
f 861/966/861 880/965/880 900/986/900 881/987/881
f 882/968/882 881/967/881 901/988/901 902/989/902
f 883/969/883 882/968/882 902/989/902 903/990/903
f 884/970/884 883/969/883 903/990/903 904/991/904
f 885/971/885 884/970/884 904/991/904 905/992/905
f 886/972/886 885/971/885 905/992/905 906/993/906
f 887/973/887 886/972/886 906/993/906 907/994/907
f 888/974/888 887/973/887 907/994/907 908/995/908
f 889/975/889 888/974/888 908/995/908 909/996/909
f 890/976/890 889/975/889 909/996/909 910/997/910
f 891/977/891 890/976/890 910/997/910 911/998/911
f 892/978/892 891/977/891 911/998/911 912/999/912
f 893/979/893 892/978/892 912/999/912 913/1000/913
f 894/980/894 893/979/893 913/1000/913 914/1001/914
f 895/981/895 894/980/894 914/1001/914 915/1002/915
f 896/982/896 895/981/895 915/1002/915 916/1003/916
f 897/983/897 896/982/896 916/1003/916 917/1004/917
f 898/984/898 897/983/897 917/1004/917 918/1005/918
f 899/985/899 898/984/898 918/1005/918 919/1006/919
f 900/986/900 899/985/899 919/1006/919 920/1007/920
f 881/987/881 900/986/900 920/1007/920 901/1008/901
f 902/989/902 901/988/901 921/1009/921 922/1010/922
f 903/990/903 902/989/902 922/1010/922 923/1011/923
f 904/991/904 903/990/903 923/1011/923 924/1012/924
f 905/992/905 904/991/904 924/1012/924 925/1013/925
f 906/993/906 905/992/905 925/1013/925 926/1014/926
f 907/994/907 906/993/906 926/1014/926 927/1015/927
f 908/995/908 907/994/907 927/1015/927 928/1016/928
f 909/996/909 908/995/908 928/1016/928 929/1017/929
f 910/997/910 909/996/909 929/1017/929 930/1018/930
f 911/998/911 910/997/910 930/1018/930 931/1019/931
f 912/999/912 911/998/911 931/1019/931 932/1020/932
f 913/1000/913 912/999/912 932/1020/932 933/1021/933
f 914/1001/914 913/1000/913 933/1021/933 934/1022/934
f 915/1002/915 914/1001/914 934/1022/934 935/1023/935
f 916/1003/916 915/1002/915 935/1023/935 936/1024/936
f 917/1004/917 916/1003/916 936/1024/936 937/1025/937
f 918/1005/918 917/1004/917 937/1025/937 938/1026/938
f 919/1006/919 918/1005/918 938/1026/938 939/1027/939
f 920/1007/920 919/1006/919 939/1027/939 940/1028/940
f 901/1008/901 920/1007/920 940/1028/940 921/1029/921
f 922/1010/922 921/1009/921 941/1030/941 942/1031/942
f 923/1011/923 922/1010/922 942/1031/942 943/1032/943
f 924/1012/924 923/1011/923 943/1032/943 944/1033/944
f 925/1013/925 924/1012/924 944/1033/944 945/1034/945
f 926/1014/926 925/1013/925 945/1034/945 946/1035/946
f 927/1015/927 926/1014/926 946/1035/946 947/1036/947
f 928/1016/928 927/1015/927 947/1036/947 948/1037/948
f 929/1017/929 928/1016/928 948/1037/948 949/1038/949
f 930/1018/930 929/1017/929 949/1038/949 950/1039/950
f 931/1019/931 930/1018/930 950/1039/950 951/1040/951
f 932/1020/932 931/1019/931 951/1040/951 952/1041/952
f 933/1021/933 932/1020/932 952/1041/952 953/1042/953
f 934/1022/934 933/1021/933 953/1042/953 954/1043/954
f 935/1023/935 934/1022/934 954/1043/954 955/1044/955
f 936/1024/936 935/1023/935 955/1044/955 956/1045/956
f 937/1025/937 936/1024/936 956/1045/956 957/1046/957
f 938/1026/938 937/1025/937 957/1046/957 958/1047/958
f 939/1027/939 938/1026/938 958/1047/958 959/1048/959
f 940/1028/940 939/1027/939 959/1048/959 960/1049/960
f 921/1029/921 940/1028/940 960/1049/960 941/1050/941
f 942/1031/942 941/1030/941 961/1051/961 962/1052/962
f 943/1032/943 942/1031/942 962/1052/962 963/1053/963
f 944/1033/944 943/1032/943 963/1053/963 964/1054/964
f 945/1034/945 944/1033/944 964/1054/964 965/1055/965
f 946/1035/946 945/1034/945 965/1055/965 966/1056/966
f 947/1036/947 946/1035/946 966/1056/966 967/1057/967
f 948/1037/948 947/1036/947 967/1057/967 968/1058/968
f 949/1038/949 948/1037/948 968/1058/968 969/1059/969
f 950/1039/950 949/1038/949 969/1059/969 970/1060/970
f 951/1040/951 950/1039/950 970/1060/970 971/1061/971
f 952/1041/952 951/1040/951 971/1061/971 972/1062/972
f 953/1042/953 952/1041/952 972/1062/972 973/1063/973
f 954/1043/954 953/1042/953 973/1063/973 974/1064/974
f 955/1044/955 954/1043/954 974/1064/974 975/1065/975
f 956/1045/956 955/1044/955 975/1065/975 976/1066/976
f 957/1046/957 956/1045/956 976/1066/976 977/1067/977
f 958/1047/958 957/1046/957 977/1067/977 978/1068/978
f 959/1048/959 958/1047/958 978/1068/978 979/1069/979
f 960/1049/960 959/1048/959 979/1069/979 980/1070/980
f 941/1050/941 960/1049/960 980/1070/980 961/1071/961
f 962/1052/962 961/1051/961 981/1072/981 982/1073/982
f 963/1053/963 962/1052/962 982/1073/982 983/1074/983
f 964/1054/964 963/1053/963 983/1074/983 984/1075/984
f 965/1055/965 964/1054/964 984/1075/984 985/1076/985
f 966/1056/966 965/1055/965 985/1076/985 986/1077/986
f 967/1057/967 966/1056/966 986/1077/986 987/1078/987
f 968/1058/968 967/1057/967 987/1078/987 988/1079/988
f 969/1059/969 968/1058/968 988/1079/988 989/1080/989
f 970/1060/970 969/1059/969 989/1080/989 990/1081/990
f 971/1061/971 970/1060/970 990/1081/990 991/1082/991
f 972/1062/972 971/1061/971 991/1082/991 992/1083/992
f 973/1063/973 972/1062/972 992/1083/992 993/1084/993
f 974/1064/974 973/1063/973 993/1084/993 994/1085/994
f 975/1065/975 974/1064/974 994/1085/994 995/1086/995
f 976/1066/976 975/1065/975 995/1086/995 996/1087/996
f 977/1067/977 976/1066/976 996/1087/996 997/1088/997
f 978/1068/978 977/1067/977 997/1088/997 998/1089/998
f 979/1069/979 978/1068/978 998/1089/998 999/1090/999
f 980/1070/980 979/1069/979 999/1090/999 1000/1091/1000
f 961/1071/961 980/1070/980 1000/1091/1000 981/1092/981
f 982/1073/982 981/1072/981 1001/1093/1001 1002/1094/1002
f 983/1074/983 982/1073/982 1002/1094/1002 1003/1095/1003
f 984/1075/984 983/1074/983 1003/1095/1003 1004/1096/1004
f 985/1076/985 984/1075/984 1004/1096/1004 1005/1097/1005
f 986/1077/986 985/1076/985 1005/1097/1005 1006/1098/1006
f 987/1078/987 986/1077/986 1006/1098/1006 1007/1099/1007
f 988/1079/988 987/1078/987 1007/1099/1007 1008/1100/1008
f 989/1080/989 988/1079/988 1008/1100/1008 1009/1101/1009
f 990/1081/990 989/1080/989 1009/1101/1009 1010/1102/1010
f 991/1082/991 990/1081/990 1010/1102/1010 1011/1103/1011
f 992/1083/992 991/1082/991 1011/1103/1011 1012/1104/1012
f 993/1084/993 992/1083/992 1012/1104/1012 1013/1105/1013
f 994/1085/994 993/1084/993 1013/1105/1013 1014/1106/1014
f 995/1086/995 994/1085/994 1014/1106/1014 1015/1107/1015
f 996/1087/996 995/1086/995 1015/1107/1015 1016/1108/1016
f 997/1088/997 996/1087/996 1016/1108/1016 1017/1109/1017
f 998/1089/998 997/1088/997 1017/1109/1017 1018/1110/1018
f 999/1090/999 998/1089/998 1018/1110/1018 1019/1111/1019
f 1000/1091/1000 999/1090/999 1019/1111/1019 1020/1112/1020
f 981/1092/981 1000/1091/1000 1020/1112/1020 1001/1113/1001
f 1002/1094/1002 1001/1093/1001 1021/1114/1021 1022/1115/1022
f 1003/1095/1003 1002/1094/1002 1022/1115/1022 1023/1116/1023
f 1004/1096/1004 1003/1095/1003 1023/1116/1023 1024/1117/1024
f 1005/1097/1005 1004/1096/1004 1024/1117/1024 1025/1118/1025
f 1006/1098/1006 1005/1097/1005 1025/1118/1025 1026/1119/1026
f 1007/1099/1007 1006/1098/1006 1026/1119/1026 1027/1120/1027
f 1008/1100/1008 1007/1099/1007 1027/1120/1027 1028/1121/1028
f 1009/1101/1009 1008/1100/1008 1028/1121/1028 1029/1122/1029
f 1010/1102/1010 1009/1101/1009 1029/1122/1029 1030/1123/1030
f 1011/1103/1011 1010/1102/1010 1030/1123/1030 1031/1124/1031
f 1012/1104/1012 1011/1103/1011 1031/1124/1031 1032/1125/1032
f 1013/1105/1013 1012/1104/1012 1032/1125/1032 1033/1126/1033
f 1014/1106/1014 1013/1105/1013 1033/1126/1033 1034/1127/1034
f 1015/1107/1015 1014/1106/1014 1034/1127/1034 1035/1128/1035
f 1016/1108/1016 1015/1107/1015 1035/1128/1035 1036/1129/1036
f 1017/1109/1017 1016/1108/1016 1036/1129/1036 1037/1130/1037
f 1018/1110/1018 1017/1109/1017 1037/1130/1037 1038/1131/1038
f 1019/1111/1019 1018/1110/1018 1038/1131/1038 1039/1132/1039
f 1020/1112/1020 1019/1111/1019 1039/1132/1039 1040/1133/1040
f 1001/1113/1001 1020/1112/1020 1040/1133/1040 1021/1134/1021
f 1022/1115/1022 1021/1114/1021 1041/1135/1041 1042/1136/1042
f 1023/1116/1023 1022/1115/1022 1042/1136/1042 1043/1137/1043
f 1024/1117/1024 1023/1116/1023 1043/1137/1043 1044/1138/1044
f 1025/1118/1025 1024/1117/1024 1044/1138/1044 1045/1139/1045
f 1026/1119/1026 1025/1118/1025 1045/1139/1045 1046/1140/1046
f 1027/1120/1027 1026/1119/1026 1046/1140/1046 1047/1141/1047
f 1028/1121/1028 1027/1120/1027 1047/1141/1047 1048/1142/1048
f 1029/1122/1029 1028/1121/1028 1048/1142/1048 1049/1143/1049
f 1030/1123/1030 1029/1122/1029 1049/1143/1049 1050/1144/1050
f 1031/1124/1031 1030/1123/1030 1050/1144/1050 1051/1145/1051
f 1032/1125/1032 1031/1124/1031 1051/1145/1051 1052/1146/1052
f 1033/1126/1033 1032/1125/1032 1052/1146/1052 1053/1147/1053
f 1034/1127/1034 1033/1126/1033 1053/1147/1053 1054/1148/1054
f 1035/1128/1035 1034/1127/1034 1054/1148/1054 1055/1149/1055
f 1036/1129/1036 1035/1128/1035 1055/1149/1055 1056/1150/1056
f 1037/1130/1037 1036/1129/1036 1056/1150/1056 1057/1151/1057
f 1038/1131/1038 1037/1130/1037 1057/1151/1057 1058/1152/1058
f 1039/1132/1039 1038/1131/1038 1058/1152/1058 1059/1153/1059
f 1040/1133/1040 1039/1132/1039 1059/1153/1059 1060/1154/1060
f 1021/1134/1021 1040/1133/1040 1060/1154/1060 1041/1155/1041
f 1042/1136/1042 1041/1135/1041 1061/1156/1061 1062/1157/1062
f 1043/1137/1043 1042/1136/1042 1062/1157/1062 1063/1158/1063
f 1044/1138/1044 1043/1137/1043 1063/1158/1063 1064/1159/1064
f 1045/1139/1045 1044/1138/1044 1064/1159/1064 1065/1160/1065
f 1046/1140/1046 1045/1139/1045 1065/1160/1065 1066/1161/1066
f 1047/1141/1047 1046/1140/1046 1066/1161/1066 1067/1162/1067
f 1048/1142/1048 1047/1141/1047 1067/1162/1067 1068/1163/1068
f 1049/1143/1049 1048/1142/1048 1068/1163/1068 1069/1164/1069
f 1050/1144/1050 1049/1143/1049 1069/1164/1069 1070/1165/1070
f 1051/1145/1051 1050/1144/1050 1070/1165/1070 1071/1166/1071
f 1052/1146/1052 1051/1145/1051 1071/1166/1071 1072/1167/1072
f 1053/1147/1053 1052/1146/1052 1072/1167/1072 1073/1168/1073
f 1054/1148/1054 1053/1147/1053 1073/1168/1073 1074/1169/1074
f 1055/1149/1055 1054/1148/1054 1074/1169/1074 1075/1170/1075
f 1056/1150/1056 1055/1149/1055 1075/1170/1075 1076/1171/1076
f 1057/1151/1057 1056/1150/1056 1076/1171/1076 1077/1172/1077
f 1058/1152/1058 1057/1151/1057 1077/1172/1077 1078/1173/1078
f 1059/1153/1059 1058/1152/1058 1078/1173/1078 1079/1174/1079
f 1060/1154/1060 1059/1153/1059 1079/1174/1079 1080/1175/1080
f 1041/1155/1041 1060/1154/1060 1080/1175/1080 1061/1176/1061
f 1062/1157/1062 1061/1156/1061 1081/1177/1081 1082/1178/1082
f 1063/1158/1063 1062/1157/1062 1082/1178/1082 1083/1179/1083
f 1064/1159/1064 1063/1158/1063 1083/1179/1083 1084/1180/1084
f 1065/1160/1065 1064/1159/1064 1084/1180/1084 1085/1181/1085
f 1066/1161/1066 1065/1160/1065 1085/1181/1085 1086/1182/1086
f 1067/1162/1067 1066/1161/1066 1086/1182/1086 1087/1183/1087
f 1068/1163/1068 1067/1162/1067 1087/1183/1087 1088/1184/1088
f 1069/1164/1069 1068/1163/1068 1088/1184/1088 1089/1185/1089
f 1070/1165/1070 1069/1164/1069 1089/1185/1089 1090/1186/1090
f 1071/1166/1071 1070/1165/1070 1090/1186/1090 1091/1187/1091
f 1072/1167/1072 1071/1166/1071 1091/1187/1091 1092/1188/1092
f 1073/1168/1073 1072/1167/1072 1092/1188/1092 1093/1189/1093
f 1074/1169/1074 1073/1168/1073 1093/1189/1093 1094/1190/1094
f 1075/1170/1075 1074/1169/1074 1094/1190/1094 1095/1191/1095
f 1076/1171/1076 1075/1170/1075 1095/1191/1095 1096/1192/1096
f 1077/1172/1077 1076/1171/1076 1096/1192/1096 1097/1193/1097
f 1078/1173/1078 1077/1172/1077 1097/1193/1097 1098/1194/1098
f 1079/1174/1079 1078/1173/1078 1098/1194/1098 1099/1195/1099
f 1080/1175/1080 1079/1174/1079 1099/1195/1099 1100/1196/1100
f 1061/1176/1061 1080/1175/1080 1100/1196/1100 1081/1197/1081
f 1082/1178/1082 1081/1177/1081 1101/1198/1101 1102/1199/1102
f 1083/1179/1083 1082/1178/1082 1102/1199/1102 1103/1200/1103
f 1084/1180/1084 1083/1179/1083 1103/1200/1103 1104/1201/1104
f 1085/1181/1085 1084/1180/1084 1104/1201/1104 1105/1202/1105
f 1086/1182/1086 1085/1181/1085 1105/1202/1105 1106/1203/1106
f 1087/1183/1087 1086/1182/1086 1106/1203/1106 1107/1204/1107
f 1088/1184/1088 1087/1183/1087 1107/1204/1107 1108/1205/1108
f 1089/1185/1089 1088/1184/1088 1108/1205/1108 1109/1206/1109
f 1090/1186/1090 1089/1185/1089 1109/1206/1109 1110/1207/1110
f 1091/1187/1091 1090/1186/1090 1110/1207/1110 1111/1208/1111
f 1092/1188/1092 1091/1187/1091 1111/1208/1111 1112/1209/1112
f 1093/1189/1093 1092/1188/1092 1112/1209/1112 1113/1210/1113
f 1094/1190/1094 1093/1189/1093 1113/1210/1113 1114/1211/1114
f 1095/1191/1095 1094/1190/1094 1114/1211/1114 1115/1212/1115
f 1096/1192/1096 1095/1191/1095 1115/1212/1115 1116/1213/1116
f 1097/1193/1097 1096/1192/1096 1116/1213/1116 1117/1214/1117
f 1098/1194/1098 1097/1193/1097 1117/1214/1117 1118/1215/1118
f 1099/1195/1099 1098/1194/1098 1118/1215/1118 1119/1216/1119
f 1100/1196/1100 1099/1195/1099 1119/1216/1119 1120/1217/1120
f 1081/1197/1081 1100/1196/1100 1120/1217/1120 1101/1218/1101
f 1102/1199/1102 1101/1198/1101 1121/1219/1121 1122/1220/1122
f 1103/1200/1103 1102/1199/1102 1122/1220/1122 1123/1221/1123
f 1104/1201/1104 1103/1200/1103 1123/1221/1123 1124/1222/1124
f 1105/1202/1105 1104/1201/1104 1124/1222/1124 1125/1223/1125
f 1106/1203/1106 1105/1202/1105 1125/1223/1125 1126/1224/1126
f 1107/1204/1107 1106/1203/1106 1126/1224/1126 1127/1225/1127
f 1108/1205/1108 1107/1204/1107 1127/1225/1127 1128/1226/1128
f 1109/1206/1109 1108/1205/1108 1128/1226/1128 1129/1227/1129
f 1110/1207/1110 1109/1206/1109 1129/1227/1129 1130/1228/1130
f 1111/1208/1111 1110/1207/1110 1130/1228/1130 1131/1229/1131
f 1112/1209/1112 1111/1208/1111 1131/1229/1131 1132/1230/1132
f 1113/1210/1113 1112/1209/1112 1132/1230/1132 1133/1231/1133
f 1114/1211/1114 1113/1210/1113 1133/1231/1133 1134/1232/1134
f 1115/1212/1115 1114/1211/1114 1134/1232/1134 1135/1233/1135
f 1116/1213/1116 1115/1212/1115 1135/1233/1135 1136/1234/1136
f 1117/1214/1117 1116/1213/1116 1136/1234/1136 1137/1235/1137
f 1118/1215/1118 1117/1214/1117 1137/1235/1137 1138/1236/1138
f 1119/1216/1119 1118/1215/1118 1138/1236/1138 1139/1237/1139
f 1120/1217/1120 1119/1216/1119 1139/1237/1139 1140/1238/1140
f 1101/1218/1101 1120/1217/1120 1140/1238/1140 1121/1239/1121
f 1122/1220/1122 1121/1219/1121 1141/1240/1141 1142/1241/1142
f 1123/1221/1123 1122/1220/1122 1142/1241/1142 1143/1242/1143
f 1124/1222/1124 1123/1221/1123 1143/1242/1143 1144/1243/1144
f 1125/1223/1125 1124/1222/1124 1144/1243/1144 1145/1244/1145
f 1126/1224/1126 1125/1223/1125 1145/1244/1145 1146/1245/1146
f 1127/1225/1127 1126/1224/1126 1146/1245/1146 1147/1246/1147
f 1128/1226/1128 1127/1225/1127 1147/1246/1147 1148/1247/1148
f 1129/1227/1129 1128/1226/1128 1148/1247/1148 1149/1248/1149
f 1130/1228/1130 1129/1227/1129 1149/1248/1149 1150/1249/1150
f 1131/1229/1131 1130/1228/1130 1150/1249/1150 1151/1250/1151
f 1132/1230/1132 1131/1229/1131 1151/1250/1151 1152/1251/1152
f 1133/1231/1133 1132/1230/1132 1152/1251/1152 1153/1252/1153
f 1134/1232/1134 1133/1231/1133 1153/1252/1153 1154/1253/1154
f 1135/1233/1135 1134/1232/1134 1154/1253/1154 1155/1254/1155
f 1136/1234/1136 1135/1233/1135 1155/1254/1155 1156/1255/1156
f 1137/1235/1137 1136/1234/1136 1156/1255/1156 1157/1256/1157
f 1138/1236/1138 1137/1235/1137 1157/1256/1157 1158/1257/1158
f 1139/1237/1139 1138/1236/1138 1158/1257/1158 1159/1258/1159
f 1140/1238/1140 1139/1237/1139 1159/1258/1159 1160/1259/1160
f 1121/1239/1121 1140/1238/1140 1160/1259/1160 1141/1260/1141
f 1142/1241/1142 1141/1240/1141 1161/1261/1161 1162/1262/1162
f 1143/1242/1143 1142/1241/1142 1162/1262/1162 1163/1263/1163
f 1144/1243/1144 1143/1242/1143 1163/1263/1163 1164/1264/1164
f 1145/1244/1145 1144/1243/1144 1164/1264/1164 1165/1265/1165
f 1146/1245/1146 1145/1244/1145 1165/1265/1165 1166/1266/1166
f 1147/1246/1147 1146/1245/1146 1166/1266/1166 1167/1267/1167
f 1148/1247/1148 1147/1246/1147 1167/1267/1167 1168/1268/1168
f 1149/1248/1149 1148/1247/1148 1168/1268/1168 1169/1269/1169
f 1150/1249/1150 1149/1248/1149 1169/1269/1169 1170/1270/1170
f 1151/1250/1151 1150/1249/1150 1170/1270/1170 1171/1271/1171
f 1152/1251/1152 1151/1250/1151 1171/1271/1171 1172/1272/1172
f 1153/1252/1153 1152/1251/1152 1172/1272/1172 1173/1273/1173
f 1154/1253/1154 1153/1252/1153 1173/1273/1173 1174/1274/1174
f 1155/1254/1155 1154/1253/1154 1174/1274/1174 1175/1275/1175
f 1156/1255/1156 1155/1254/1155 1175/1275/1175 1176/1276/1176
f 1157/1256/1157 1156/1255/1156 1176/1276/1176 1177/1277/1177
f 1158/1257/1158 1157/1256/1157 1177/1277/1177 1178/1278/1178
f 1159/1258/1159 1158/1257/1158 1178/1278/1178 1179/1279/1179
f 1160/1259/1160 1159/1258/1159 1179/1279/1179 1180/1280/1180
f 1141/1260/1141 1160/1259/1160 1180/1280/1180 1161/1281/1161
f 1162/1262/1162 1161/1261/1161 1181/1282/1181 1182/1283/1182
f 1163/1263/1163 1162/1262/1162 1182/1283/1182 1183/1284/1183
f 1164/1264/1164 1163/1263/1163 1183/1284/1183 1184/1285/1184
f 1165/1265/1165 1164/1264/1164 1184/1285/1184 1185/1286/1185
f 1166/1266/1166 1165/1265/1165 1185/1286/1185 1186/1287/1186
f 1167/1267/1167 1166/1266/1166 1186/1287/1186 1187/1288/1187
f 1168/1268/1168 1167/1267/1167 1187/1288/1187 1188/1289/1188
f 1169/1269/1169 1168/1268/1168 1188/1289/1188 1189/1290/1189
f 1170/1270/1170 1169/1269/1169 1189/1290/1189 1190/1291/1190
f 1171/1271/1171 1170/1270/1170 1190/1291/1190 1191/1292/1191
f 1172/1272/1172 1171/1271/1171 1191/1292/1191 1192/1293/1192
f 1173/1273/1173 1172/1272/1172 1192/1293/1192 1193/1294/1193
f 1174/1274/1174 1173/1273/1173 1193/1294/1193 1194/1295/1194
f 1175/1275/1175 1174/1274/1174 1194/1295/1194 1195/1296/1195
f 1176/1276/1176 1175/1275/1175 1195/1296/1195 1196/1297/1196
f 1177/1277/1177 1176/1276/1176 1196/1297/1196 1197/1298/1197
f 1178/1278/1178 1177/1277/1177 1197/1298/1197 1198/1299/1198
f 1179/1279/1179 1178/1278/1178 1198/1299/1198 1199/1300/1199
f 1180/1280/1180 1179/1279/1179 1199/1300/1199 1200/1301/1200
f 1161/1281/1161 1180/1280/1180 1200/1301/1200 1181/1302/1181
f 1182/1283/1182 1181/1282/1181 801/1303/802 802/1304/801
f 1183/1284/1183 1182/1283/1182 802/1304/801 803/1305/805
f 1184/1285/1184 1183/1284/1183 803/1305/805 804/1306/807
f 1185/1286/1185 1184/1285/1184 804/1306/807 805/1307/809
f 1186/1287/1186 1185/1286/1185 805/1307/809 806/1308/811
f 1187/1288/1187 1186/1287/1186 806/1308/811 807/1309/813
f 1188/1289/1188 1187/1288/1187 807/1309/813 808/1310/815
f 1189/1290/1189 1188/1289/1188 808/1310/815 809/1311/817
f 1190/1291/1190 1189/1290/1189 809/1311/817 810/1312/819
f 1191/1292/1191 1190/1291/1190 810/1312/819 811/1313/821
f 1192/1293/1192 1191/1292/1191 811/1313/821 812/1314/823
f 1193/1294/1193 1192/1293/1192 812/1314/823 813/1315/825
f 1194/1295/1194 1193/1294/1193 813/1315/825 814/1316/827
f 1195/1296/1195 1194/1295/1194 814/1316/827 815/1317/829
f 1196/1297/1196 1195/1296/1195 815/1317/829 816/1318/831
f 1197/1298/1197 1196/1297/1196 816/1318/831 817/1319/833
f 1198/1299/1198 1197/1298/1197 817/1319/833 818/1320/835
f 1199/1300/1199 1198/1299/1198 818/1320/835 819/1321/837
f 1200/1301/1200 1199/1300/1199 819/1321/837 820/1322/839
f 1181/1302/1181 1200/1301/1200 820/1322/839 801/1323/802
g default
v -1.275371 -1.275371 1.275371
v 0.000000 -1.275371 1.275371
v 1.275371 -1.275371 1.275371
v -1.275371 0.000000 1.275371
v 0.000000 0.000000 1.275371
v 1.275371 0.000000 1.275371
v -1.275371 1.275371 1.275371
v 0.000000 1.275371 1.275371
v 1.275371 1.275371 1.275371
v -1.275371 1.275371 0.000000
v 0.000000 1.275371 0.000000
v 1.275371 1.275371 0.000000
v -1.275371 1.275371 -1.275371
v 0.000000 1.275371 -1.275371
v 1.275371 1.275371 -1.275371
v -1.275371 0.000000 -1.275371
v 0.000000 0.000000 -1.275371
v 1.275371 0.000000 -1.275371
v -1.275371 -1.275371 -1.275371
v 0.000000 -1.275371 -1.275371
v 1.275371 -1.275371 -1.275371
v -1.275371 -1.275371 0.000000
v 0.000000 -1.275371 0.000000
v 1.275371 -1.275371 0.000000
v 1.275371 0.000000 0.000000
v -1.275371 0.000000 0.000000
vt 0.375000 0.000000
vt 0.500000 0.000000
vt 0.625000 0.000000
vt 0.375000 0.125000
vt 0.500000 0.125000
vt 0.625000 0.125000
vt 0.375000 0.250000
vt 0.500000 0.250000
vt 0.625000 0.250000
vt 0.375000 0.375000
vt 0.500000 0.375000
vt 0.625000 0.375000
vt 0.375000 0.500000
vt 0.500000 0.500000
vt 0.625000 0.500000
vt 0.375000 0.625000
vt 0.500000 0.625000
vt 0.625000 0.625000
vt 0.375000 0.750000
vt 0.500000 0.750000
vt 0.625000 0.750000
vt 0.375000 0.875000
vt 0.500000 0.875000
vt 0.625000 0.875000
vt 0.375000 1.000000
vt 0.500000 1.000000
vt 0.625000 1.000000
vt 0.875000 0.000000
vt 0.750000 0.000000
vt 0.875000 0.125000
vt 0.750000 0.125000
vt 0.875000 0.250000
vt 0.750000 0.250000
vt 0.125000 0.000000
vt 0.250000 0.000000
vt 0.125000 0.125000
vt 0.250000 0.125000
vt 0.125000 0.250000
vt 0.250000 0.250000
vn 0.000000 0.000000 1.000000
vn 0.000000 0.000000 1.000000
vn 0.000000 0.000000 1.000000
vn 0.000000 0.000000 1.000000
vn 0.000000 0.000000 1.000000
vn 0.000000 0.000000 1.000000
vn 0.000000 0.000000 1.000000
vn 0.000000 0.000000 1.000000
vn 0.000000 0.000000 1.000000
vn 0.000000 1.000000 0.000000
vn 0.000000 1.000000 0.000000
vn 0.000000 1.000000 0.000000
vn 0.000000 1.000000 0.000000
vn 0.000000 1.000000 0.000000
vn 0.000000 1.000000 0.000000
vn 0.000000 1.000000 0.000000
vn 0.000000 1.000000 0.000000
vn 0.000000 1.000000 0.000000
vn 0.000000 0.000000 -1.000000
vn 0.000000 0.000000 -1.000000
vn 0.000000 0.000000 -1.000000
vn 0.000000 0.000000 -1.000000
vn 0.000000 0.000000 -1.000000
vn 0.000000 0.000000 -1.000000
vn 0.000000 0.000000 -1.000000
vn 0.000000 0.000000 -1.000000
vn 0.000000 0.000000 -1.000000
vn 0.000000 -1.000000 0.000000
vn 0.000000 -1.000000 0.000000
vn 0.000000 -1.000000 0.000000
vn 0.000000 -1.000000 0.000000
vn 0.000000 -1.000000 0.000000
vn 0.000000 -1.000000 0.000000
vn 0.000000 -1.000000 0.000000
vn 0.000000 -1.000000 0.000000
vn 0.000000 -1.000000 0.000000
vn 1.000000 0.000000 0.000000
vn 1.000000 0.000000 0.000000
vn 1.000000 0.000000 0.000000
vn 1.000000 0.000000 0.000000
vn 1.000000 0.000000 0.000000
vn 1.000000 0.000000 0.000000
vn 1.000000 0.000000 0.000000
vn 1.000000 0.000000 0.000000
vn 1.000000 0.000000 0.000000
vn -1.000000 0.000000 0.000000
vn -1.000000 0.000000 0.000000
vn -1.000000 0.000000 0.000000
vn -1.000000 0.000000 0.000000
vn -1.000000 0.000000 0.000000
vn -1.000000 0.000000 0.000000
vn -1.000000 0.000000 0.000000
vn -1.000000 0.000000 0.000000
vn -1.000000 0.000000 0.000000
s 1
g pCube1
usemtl initialShadingGroup
f 1201/1324/1201 1202/1325/1202 1205/1328/1203 1204/1327/1204
f 1202/1325/1202 1203/1326/1205 1206/1329/1206 1205/1328/1203
f 1204/1327/1204 1205/1328/1203 1208/1331/1207 1207/1330/1208
f 1205/1328/1203 1206/1329/1206 1209/1332/1209 1208/1331/1207
s 2
f 1207/1330/1210 1208/1331/1211 1211/1334/1212 1210/1333/1213
f 1208/1331/1211 1209/1332/1214 1212/1335/1215 1211/1334/1212
f 1210/1333/1213 1211/1334/1212 1214/1337/1216 1213/1336/1217
f 1211/1334/1212 1212/1335/1215 1215/1338/1218 1214/1337/1216
s 3
f 1213/1336/1219 1214/1337/1220 1217/1340/1221 1216/1339/1222
f 1214/1337/1220 1215/1338/1223 1218/1341/1224 1217/1340/1221
f 1216/1339/1222 1217/1340/1221 1220/1343/1225 1219/1342/1226
f 1217/1340/1221 1218/1341/1224 1221/1344/1227 1220/1343/1225
s 4
f 1219/1342/1228 1220/1343/1229 1223/1346/1230 1222/1345/1231
f 1220/1343/1229 1221/1344/1232 1224/1347/1233 1223/1346/1230
f 1222/1345/1231 1223/1346/1230 1202/1349/1234 1201/1348/1235
f 1223/1346/1230 1224/1347/1233 1203/1350/1236 1202/1349/1234
s 5
f 1224/1352/1237 1221/1351/1238 1218/1353/1239 1225/1354/1240
f 1203/1326/1241 1224/1352/1237 1225/1354/1240 1206/1329/1242
f 1225/1354/1240 1218/1353/1239 1215/1355/1243 1212/1356/1244
f 1206/1329/1242 1225/1354/1240 1212/1356/1244 1209/1332/1245
s 6
f 1219/1357/1246 1222/1358/1247 1226/1360/1248 1216/1359/1249
f 1222/1358/1247 1201/1324/1250 1204/1327/1251 1226/1360/1248
f 1216/1359/1249 1226/1360/1248 1210/1362/1252 1213/1361/1253
f 1226/1360/1248 1204/1327/1251 1207/1330/1254 1210/1362/1252
